{"1696464000":{"newWeight":"14602111957881463881600","newPercentage":0.002345069138463241,"futureGaugeCrvApy":[176733.238141981,441833.0953549525],"inflation_rate":35635138240982670000},"1697068800":{"newWeight":"14602111957881463881600","newPercentage":0.002357784464099781,"futureGaugeCrvApy":[136.51369817077128,341.2842454269282],"inflation_rate":27377134818626190}}