{"1696464000":{"newWeight":"14602111957881463881600","newPercentage":0.002345069138463241,"futureGaugeCrvApy":[176733.238141981,441833.0953549525],"inflation_rate":35635138240982670000},"1697068800":{"newWeight":"14602111957881463881600","newPercentage":0.002357784464099781,"futureGaugeCrvApy":[135.31373354209148,338.2843338552287],"inflation_rate":27136487954193190}}