{"1696464000":{"newWeight":"14602111957881463881600","newPercentage":0.002345069138463241,"futureGaugeCrvApy":[176733.238141981,441833.0953549525],"inflation_rate":35635138240982670000},"1697068800":{"newWeight":"14602111957881463881600","newPercentage":0.002357826883399728,"futureGaugeCrvApy":[134.82952954848932,337.0738238712233],"inflation_rate":27038896819878330}}