{"1696464000":{"newWeight":"14602111957881463881600","newPercentage":0.002345069138463241,"futureGaugeCrvApy":[176733.238141981,441833.0953549525],"inflation_rate":35635138240982670000},"1697068800":{"newWeight":"14602111957881463881600","newPercentage":0.002357784464099781,"futureGaugeCrvApy":[136.85553306057977,342.13883265144943],"inflation_rate":27445688084630976}}