{"1696464000":{"newWeight":"14602111957881463881600","newPercentage":0.002344700160708271,"futureGaugeCrvApy":[41457.57347359572,103643.93368398931],"inflation_rate":8360503448817776000}}