{"1696464000":{"newWeight":"14602111957881463881600","newPercentage":0.002345069138463241,"futureGaugeCrvApy":[176733.238141981,441833.0953549525],"inflation_rate":35635138240982670000},"1697068800":{"newWeight":"14602111957881463881600","newPercentage":0.002357784464099781,"futureGaugeCrvApy":[135.9231312876002,339.8078282190005],"inflation_rate":27258699603723692}}