{"1696464000":{"newWeight":"14602111957881463881600","newPercentage":0.002345069138463241,"futureGaugeCrvApy":[176733.238141981,441833.0953549525],"inflation_rate":35635138240982670000,"gaugeCrvApy":[0,0]},"1697068800":{"newWeight":"14602111957881463881600","newPercentage":0.002358083552338375,"gaugeCrvApy":[0,0],"futureGaugeCrvApy":[0,0],"inflation_rate":"30476624747801020"}}