{"1696464000":{"newWeight":"305209876139777231481600","newPercentage":0.04901607817787354,"gaugeCrvApy":[6.45878760315189,16.146969007879726],"futureGaugeCrvApy":[0.3472846567661855,0.8682116419154636],"inflation_rate":2625440429275577},"1697068800":{"newWeight":"303594041042628152140800","newPercentage":0.049021825998526565,"gaugeCrvApy":[491.37779292295204,1228.44448230738],"futureGaugeCrvApy":[26.669932610841382,66.67483152710345],"inflation_rate":201598625391475520}}