{"1696464000":{"newWeight":"305209876139777231481600","newPercentage":0.04901607817787354,"gaugeCrvApy":[6.45878760315189,16.146969007879726],"futureGaugeCrvApy":[0.3472846567661855,0.8682116419154636],"inflation_rate":2625440429275577},"1697068800":{"newWeight":"303594041042628152140800","newPercentage":0.04902094405441284,"gaugeCrvApy":[6.460120438555235,16.150301096388088],"futureGaugeCrvApy":[0.35068785936598945,0.8767196484149736],"inflation_rate":"2650597957239186"}}