{"1696464000":{"newWeight":"305209876139777231481600","newPercentage":0.04901607817787354,"gaugeCrvApy":[6.45878760315189,16.146969007879726],"futureGaugeCrvApy":[0.3472846567661855,0.8682116419154636],"inflation_rate":2625440429275577},"1697068800":{"newWeight":"303594041042628152140800","newPercentage":0.04902094405441284,"gaugeCrvApy":[493.9733652764193,1234.9334131910482],"futureGaugeCrvApy":[26.973969725664496,67.43492431416124],"inflation_rate":203900517179751400}}