{"1696464000":{"newWeight":"305209876139777231481600","newPercentage":0.04901607817787354,"gaugeCrvApy":[6.45878760315189,16.146969007879726],"futureGaugeCrvApy":[0.3472846567661855,0.8682116419154636],"inflation_rate":2625440429275577},"1697068800":{"newWeight":"303594041042628152140800","newPercentage":0.04902094405441284,"gaugeCrvApy":[493.88561802586145,1234.7140450646536],"futureGaugeCrvApy":[26.944542003181585,67.36135500795396],"inflation_rate":203678068356136860}}