{"1696464000":{"newWeight":"305209876139777231481600","newPercentage":0.04901607817787354,"gaugeCrvApy":[6.45878760315189,16.146969007879726],"futureGaugeCrvApy":[0.3472846567661855,0.8682116419154636],"inflation_rate":2625440429275577},"1697068800":{"newWeight":"303594041042628152140800","newPercentage":0.04902330824587796,"gaugeCrvApy":[6.285779316624576,15.71444829156144],"futureGaugeCrvApy":[0.3418156936638464,0.854539234159616],"inflation_rate":"2650597957239186"}}