{"1696464000":{"newWeight":"305209876139777231481600","newPercentage":0.04903909691746616,"gaugeCrvApy":[6.454953618530132,16.13738404632533],"futureGaugeCrvApy":[0.34744774723314625,0.8686193680828656],"inflation_rate":2625440429275577}}