{"1696464000":{"newWeight":"305209876139777231481600","newPercentage":0.04901607817787354,"gaugeCrvApy":[6.45878760315189,16.146969007879726],"futureGaugeCrvApy":[0.3472846567661855,0.8682116419154636],"inflation_rate":2625440429275577},"1697068800":{"newWeight":"303594041042628152140800","newPercentage":0.04902094405441284,"gaugeCrvApy":[491.69691665851695,1229.2422916462924],"futureGaugeCrvApy":[26.795919957445086,66.98979989361271],"inflation_rate":202554610730203840}}