{"1696464000":{"newWeight":"305209876139777231481600","newPercentage":0.04913845164690149,"gaugeCrvApy":[6.450988136383072,16.12747034095768],"futureGaugeCrvApy":[0.3481516871319042,0.8703792178297605],"inflation_rate":2625440429275577}}