{"1696464000":{"newWeight":"305209876139777231481600","newPercentage":0.04901607817787354,"gaugeCrvApy":[6.45878760315189,16.146969007879726],"futureGaugeCrvApy":[0.3472846567661855,0.8682116419154636],"inflation_rate":2625440429275577},"1697068800":{"newWeight":"303594041042628152140800","newPercentage":0.049021825998526565,"gaugeCrvApy":[488.5521890626186,1221.3804726565465],"futureGaugeCrvApy":[26.595626706846783,66.48906676711695],"inflation_rate":201036945378167500}}