{"1696464000":{"newWeight":"8121917808186336000","newPercentage":0.000001304158059124,"gaugeCrvApy":[0.0017394275549606336,0.004348568887401584],"futureGaugeCrvApy":[5.240023425097081e-11,1.3100058562742702e-10],"inflation_rate":70620629520}}