{"1696464000":{"newWeight":"8121917808186336000","newPercentage":0.00000130436329019,"gaugeCrvApy":[0.0017437574577157198,0.0043593936442892995],"futureGaugeCrvApy":[5.24084772412398e-11,1.310211931030995e-10],"inflation_rate":70620629520},"1697068800":{"newWeight":"8069178082159152000","newPercentage":0.000001302982769536,"gaugeCrvApy":[0.0017073229071228214,0.004268307267807053],"futureGaugeCrvApy":[5.2476081902886776e-11,1.3119020475721693e-10],"inflation_rate":"73470691741"}}