{"1696464000":{"newWeight":"8121917808186336000","newPercentage":0.00000130436329019,"gaugeCrvApy":[0.0017437574577157198,0.0043593936442892995],"futureGaugeCrvApy":[5.24084772412398e-11,1.310211931030995e-10],"inflation_rate":70620629520},"1697068800":{"newWeight":"8069178082159152000","newPercentage":0.000001302919932065,"gaugeCrvApy":[0.001712978896303988,0.00428244724075997],"futureGaugeCrvApy":[5.247406134180275e-11,1.3118515335450686e-10],"inflation_rate":"73470691741"}}