{"1696464000":{"newWeight":"89321917808131142400","newPercentage":0.000014344916231596,"futureGaugeCrvApy":[0,0],"inflation_rate":0,"gaugeCrvApy":[0,0]},"1697068800":{"newWeight":"89321917808131142400","newPercentage":0.00001442269657424,"gaugeCrvApy":[0,0],"futureGaugeCrvApy":[0,0],"inflation_rate":"0"}}