{"1696464000":{"newWeight":"8121917808186336000","newPercentage":0.00000130436329019,"gaugeCrvApy":[0.0017437574577157198,0.0043593936442892995],"futureGaugeCrvApy":[5.24084772412398e-11,1.310211931030995e-10],"inflation_rate":70620629520},"1697068800":{"newWeight":"8069178082159152000","newPercentage":0.000001302982769536,"gaugeCrvApy":[0.0017086282008935616,0.004271570502233904],"futureGaugeCrvApy":[5.2476282368259014e-11,1.3119070592064753e-10],"inflation_rate":"73470691741"}}