{"1696464000":{"newWeight":"8121917808186336000","newPercentage":0.00000130436329019,"gaugeCrvApy":[0.0017437574577157198,0.0043593936442892995],"futureGaugeCrvApy":[5.24084772412398e-11,1.310211931030995e-10],"inflation_rate":70620629520,"lpTotalSupplys":[],"gaugeTotalSupplys":[]},"1697068800":{"newWeight":"8069178082159152000","newPercentage":0.000001302982769536,"gaugeCrvApy":[0.0017152777560518913,0.004288194390129728],"futureGaugeCrvApy":[5.247608010536086e-11,1.3119020026340215e-10],"inflation_rate":"73470691741","lpTotalSupplys":[],"gaugeTotalSupplys":[]}}