{"1696464000":{"newWeight":"8121917808186336000","newPercentage":0.00000130436329019,"gaugeCrvApy":[0.0017437574577157198,0.0043593936442892995],"futureGaugeCrvApy":[5.24084772412398e-11,1.310211931030995e-10],"inflation_rate":70620629520},"1697068800":{"newWeight":"8069178082159152000","newPercentage":0.000001302919932065,"gaugeCrvApy":[0.001712518295821974,0.004281295739554935],"futureGaugeCrvApy":[5.2474192981030465e-11,1.3118548245257616e-10],"inflation_rate":"73470691741"}}