{"1696464000":{"newWeight":"8121917808186336000","newPercentage":0.00000130436329019,"gaugeCrvApy":[0.0017437574577157198,0.0043593936442892995],"futureGaugeCrvApy":[5.24084772412398e-11,1.310211931030995e-10],"inflation_rate":70620629520},"1697068800":{"newWeight":"8069178082159152000","newPercentage":0.000001302919932065,"gaugeCrvApy":[0.14595642040819118,0.3648910510204779],"futureGaugeCrvApy":[4.431198580953241e-9,1.1077996452383104e-8],"inflation_rate":"5977709628739"}}