{"1696464000":{"newWeight":"93031492570849904803200","newPercentage":0.014938315512919098,"gaugeCrvApy":[1.6498700419915893,4.124675104978973],"futureGaugeCrvApy":[15.241664118035386,38.10416029508846],"inflation_rate":908894225458931}}