{"1696464000":{"newWeight":"93031492570849904803200","newPercentage":0.014977967152144854,"gaugeCrvApy":[1.653038287042867,4.132595717607168],"futureGaugeCrvApy":[15.28212096014313,38.20530240035782],"inflation_rate":908894225458931}}