{"1696464000":{"newWeight":"93031492570849904803200","newPercentage":0.014940666306514524,"gaugeCrvApy":[1.6528152919312231,4.132038229828058],"futureGaugeCrvApy":[15.244062648603396,38.11015662150849],"inflation_rate":908894225458931},"1697068800":{"newWeight":"92350391905490163984000","newPercentage":0.01491170043870023,"gaugeCrvApy":[150.4570718803706,376.14267970092646],"futureGaugeCrvApy":[1401.4073320320751,3503.5183300801878],"inflation_rate":83718184195796930}}