{"1696464000":{"newWeight":"93031492570849904803200","newPercentage":0.014940666306514524,"gaugeCrvApy":[1.6528152919312231,4.132038229828058],"futureGaugeCrvApy":[15.244062648603396,38.11015662150849],"inflation_rate":908894225458931},"1697068800":{"newWeight":"92350391905490163984000","newPercentage":0.01491170043870023,"gaugeCrvApy":[158.54301094676606,396.3575273669152],"futureGaugeCrvApy":[1492.9267106830828,3732.3167767077066],"inflation_rate":"89185428461088530"}}