{"1696464000":{"newWeight":"93031492570849904803200","newPercentage":0.014940666306514524,"gaugeCrvApy":[1.6528152919312231,4.132038229828058],"futureGaugeCrvApy":[15.244062648603396,38.11015662150849],"inflation_rate":908894225458931},"1697068800":{"newWeight":"92350391905490163984000","newPercentage":0.014911968717630413,"gaugeCrvApy":[145.55878805580724,363.8969701395181],"futureGaugeCrvApy":[1359.2951678055624,3398.2379195139056],"inflation_rate":81200999392876000}}