{"1696464000":{"newWeight":"93031492570849904803200","newPercentage":0.014940666306514524,"gaugeCrvApy":[1.6528152919312231,4.132038229828058],"futureGaugeCrvApy":[15.244062648603396,38.11015662150849],"inflation_rate":908894225458931},"1697068800":{"newWeight":"92350391905490163984000","newPercentage":0.014911968717630413,"gaugeCrvApy":[146.03297451203932,365.0824362800983],"futureGaugeCrvApy":[1362.8615511013127,3407.1538777532814],"inflation_rate":81414046488673820}}