{"1696464000":{"newWeight":"93031492570849904803200","newPercentage":0.014940666306514524,"gaugeCrvApy":[1.6528152919312231,4.132038229828058],"futureGaugeCrvApy":[15.244062648603396,38.11015662150849],"inflation_rate":908894225458931},"1697068800":{"newWeight":"92350391905490163984000","newPercentage":0.01491170043870023,"gaugeCrvApy":[152.68187184827602,381.70467962069006],"futureGaugeCrvApy":[1436.313557994554,3590.783894986385],"inflation_rate":"85803435063201440"}}