{"1696464000":{"newWeight":"93031492570849904803200","newPercentage":0.014940666306514524,"gaugeCrvApy":[1.6528152919312231,4.132038229828058],"futureGaugeCrvApy":[15.244062648603396,38.11015662150849],"inflation_rate":908894225458931},"1697068800":{"newWeight":"92350391905490163984000","newPercentage":0.014911968717630413,"gaugeCrvApy":[146.5808247097276,366.452061774319],"futureGaugeCrvApy":[1367.0435292878278,3417.6088232195693],"inflation_rate":81663867731496670}}