{"1696464000":{"newWeight":"27098528341072840243200","newPercentage":0.004351283152707006,"futureGaugeCrvApy":[2.4581921525361636,6.145480381340408],"inflation_rate":147521709501437200000}}