{"1696464000":{"newWeight":"27098528341072840243200","newPercentage":0.004351283152707006,"futureGaugeCrvApy":[4.278006813283861,10.695017033209652],"inflation_rate":256732931843149100000}}