{"1696464000":{"newWeight":"27098528341072840243200","newPercentage":0.004351967899829827,"futureGaugeCrvApy":[10.476270417524926,26.190676043812314],"inflation_rate":628605925366915500000},"1697068800":{"newWeight":"27098528341072840243200","newPercentage":0.004375564939293819,"futureGaugeCrvApy":[0.008059348987685832,0.020148372469214578],"inflation_rate":480975993927868300}}