{"1696464000":{"newWeight":"27098528341072840243200","newPercentage":0.004354011654033052,"futureGaugeCrvApy":[1.7730051720769557,4.432512930192389],"inflation_rate":106335399993206210000}}