{"1696464000":{"newWeight":"27098528341072840243200","newPercentage":0.004351967899829827,"futureGaugeCrvApy":[10.476270417524926,26.190676043812314],"inflation_rate":628605925366915500000},"1697068800":{"newWeight":"27098528341072840243200","newPercentage":0.004375643660824317,"futureGaugeCrvApy":[0.007938390603061209,0.01984597650765302],"inflation_rate":473748634105644540}}