{"1696464000":{"newWeight":"300489782827531232678400","newPercentage":0.048258040902913434,"gaugeCrvApy":[8.036144918347548,20.090362295868868],"futureGaugeCrvApy":[0.008929803623488662,0.022324509058721652],"inflation_rate":2580312830169075},"1697068800":{"newWeight":"298623386660900603904000","newPercentage":0.04821833880720947,"gaugeCrvApy":[8.776306648518966,21.940766621297417],"futureGaugeCrvApy":[0.009824803980412461,0.024562009951031152],"inflation_rate":"2576970356820007"}}