{"1696464000":{"newWeight":"300489782827531232678400","newPercentage":0.048258040902913434,"gaugeCrvApy":[8.036144918347548,20.090362295868868],"futureGaugeCrvApy":[0.008929803623488662,0.022324509058721652],"inflation_rate":2580312830169075},"1697068800":{"newWeight":"298623386660900603904000","newPercentage":0.04821833880720947,"gaugeCrvApy":[8.682640430404595,21.706601076011488],"futureGaugeCrvApy":[0.009824788229352302,0.024561970573380755],"inflation_rate":"2576970356820007"}}