{"1696464000":{"newWeight":"300489782827531232678400","newPercentage":0.048258040902913434,"gaugeCrvApy":[8.036144918347548,20.090362295868868],"futureGaugeCrvApy":[0.008929803623488662,0.022324509058721652],"inflation_rate":2580312830169075},"1697068800":{"newWeight":"298623386660900603904000","newPercentage":0.04822066429047523,"gaugeCrvApy":[8.6660869558581,21.66521738964525],"futureGaugeCrvApy":[0.009821933220308476,0.024554833050771187],"inflation_rate":"2576970356820007"}}