{"1696464000":{"newWeight":"300489782827531232678400","newPercentage":0.048258040902913434,"gaugeCrvApy":[8.036144918347548,20.090362295868868],"futureGaugeCrvApy":[0.008929803623488662,0.022324509058721652],"inflation_rate":2580312830169075},"1697068800":{"newWeight":"298623386660900603904000","newPercentage":0.04821833880720947,"gaugeCrvApy":[8.597412403504375,21.49353100876094],"futureGaugeCrvApy":[0.009824745266326568,0.024561863165816416],"inflation_rate":"2576970356820007"}}