{"1696464000":{"newWeight":"300489782827531232678400","newPercentage":0.0482504478885756,"gaugeCrvApy":[8.015328451488623,20.038321128721556],"futureGaugeCrvApy":[0.008928398867512777,0.022320997168781942],"inflation_rate":2580312830169075}}