{"1696464000":{"newWeight":"5788075597203567233059200","newPercentage":0.9295530326877162,"gaugeCrvApy":[10.781231750304046,26.953079375760115],"futureGaugeCrvApy":[10.085280851522725,25.213202128806813],"inflation_rate":54512896938296550},"1697068800":{"newWeight":"5731427794648841227555200","newPercentage":0.9254909961378679,"gaugeCrvApy":[9.582335660515401,23.9558391512885],"futureGaugeCrvApy":[9.01064049697902,22.526601242447548],"inflation_rate":"48988784804233230"}}