{"1696464000":{"newWeight":"5788075597203567233059200","newPercentage":0.9294067749994029,"gaugeCrvApy":[10.759016582298923,26.89754145574731],"futureGaugeCrvApy":[10.083694013750737,25.209235034376842],"inflation_rate":54512896938296550}}