{"1696464000":{"newWeight":"5788075597203567233059200","newPercentage":0.929989565759973,"gaugeCrvApy":[10.773009668300555,26.932524170751385],"futureGaugeCrvApy":[10.09001706180861,25.22504265452152],"inflation_rate":54512896938296550}}