{"1696464000":{"newWeight":"5788075597203567233059200","newPercentage":0.9295530326877162,"gaugeCrvApy":[10.781231750304046,26.953079375760115],"futureGaugeCrvApy":[10.085280851522725,25.213202128806813],"inflation_rate":54512896938296550},"1697068800":{"newWeight":"5761295068278694042022400","newPercentage":0.9302689942567048,"gaugeCrvApy":[9.617013161589206,24.042532903973015],"futureGaugeCrvApy":[9.055559633582652,22.63889908395663],"inflation_rate":"48988784804233230"}}