{"1696464000":{"newWeight":"5788075597203567233059200","newPercentage":0.9295530326877162,"gaugeCrvApy":[10.781231750304046,26.953079375760115],"futureGaugeCrvApy":[10.085280851522725,25.213202128806813],"inflation_rate":54512896938296550},"1697068800":{"newWeight":"5757246583277687504294400","newPercentage":0.9296320153939447,"gaugeCrvApy":[704.7182777674047,1761.7956944185119],"futureGaugeCrvApy":[663.8689476205035,1659.6723690512586],"inflation_rate":3594205347606531600}}