{"1696464000":{"newWeight":"5788075597203567233059200","newPercentage":0.9295530326877162,"gaugeCrvApy":[10.781231750304046,26.953079375760115],"futureGaugeCrvApy":[10.085280851522725,25.213202128806813],"inflation_rate":54512896938296550},"1697068800":{"newWeight":"5761295068278694042022400","newPercentage":0.9302689942567048,"gaugeCrvApy":[9.623184543766413,24.057961359416034],"futureGaugeCrvApy":[9.055062331611692,22.63765582902923],"inflation_rate":48988784804233230}}