{"1696464000":{"newWeight":"5788075597203567233059200","newPercentage":0.9295530326877162,"gaugeCrvApy":[10.781231750304046,26.953079375760115],"futureGaugeCrvApy":[10.085280851522725,25.213202128806813],"inflation_rate":54512896938296550},"1697068800":{"newWeight":"5761295068278694042022400","newPercentage":0.9302689942567048,"gaugeCrvApy":[9.595942804617332,23.98985701154333],"futureGaugeCrvApy":[9.055960086799727,22.639900216999315],"inflation_rate":"48988784804233230"}}