{"1696464000":{"newWeight":"5788075597203567233059200","newPercentage":0.9295530326877162,"gaugeCrvApy":[10.781231750304046,26.953079375760115],"futureGaugeCrvApy":[10.085280851522725,25.213202128806813],"inflation_rate":54512896938296550},"1697068800":{"newWeight":"5757246583277687504294400","newPercentage":0.9296320153939447,"gaugeCrvApy":[699.396599613281,1748.4914990332024],"futureGaugeCrvApy":[656.1836765296548,1640.4591913241368],"inflation_rate":3552591154731838000}}