{"1696464000":{"newWeight":"80483324030080360905600","newPercentage":0.012925456255114308,"gaugeCrvApy":[2.4446142333192755,6.111535583298188],"futureGaugeCrvApy":[0.0007275445605657413,0.001818861401414353],"inflation_rate":1273323363215761},"1697068800":{"newWeight":"79961460714419338252800","newPercentage":0.012911275460905034,"gaugeCrvApy":[40.59277341111627,101.48193352779067],"futureGaugeCrvApy":[0.012241877359164322,0.030604693397910804],"inflation_rate":21450019366713780}}