{"1696464000":{"newWeight":"80483324030080360905600","newPercentage":0.012925456255114308,"gaugeCrvApy":[2.4446142333192755,6.111535583298188],"futureGaugeCrvApy":[0.0007275445605657413,0.001818861401414353],"inflation_rate":1273323363215761},"1697068800":{"newWeight":"79961460714419338252800","newPercentage":0.012911898148367245,"gaugeCrvApy":[1.3195099877272858,3.2987749693182145],"futureGaugeCrvApy":[0.0003992770141946938,0.0009981925354867343],"inflation_rate":"699692656382434"}}