{"1696464000":{"newWeight":"80483324030080360905600","newPercentage":0.012931526257503578,"gaugeCrvApy":[2.4471446788765303,6.1178616971913256],"futureGaugeCrvApy":[0.0007278862272066529,0.001819715568016632],"inflation_rate":1273323363215761}}