{"1696464000":{"newWeight":"14703643755763200","newPercentage":2.361003392e-9,"futureGaugeCrvApy":[0.0000020148405252975768,0.000005037101313243942],"inflation_rate":73516472430271810000}}