{"1696464000":{"newWeight":"14703643755763200","newPercentage":2.362483876e-9,"futureGaugeCrvApy":[0.000001453232133810044,0.0000036330803345251096],"inflation_rate":52991546318044190000}}