{"1696464000":{"newWeight":"14703643755763200","newPercentage":2.361374936e-9,"futureGaugeCrvApy":[0.000008586798410670887,0.000021466996026677217],"inflation_rate":313261623241236400000},"1697068800":{"newWeight":"14703643755763200","newPercentage":2.374178674e-9,"futureGaugeCrvApy":[6.638981130090541e-9,1.659745282522635e-8],"inflation_rate":240897608857708580}}