{"1696464000":{"newWeight":"80483324030080360905600","newPercentage":0.012925456255114308,"gaugeCrvApy":[2.4446142333192755,6.111535583298188],"futureGaugeCrvApy":[0.0007275445605657413,0.001818861401414353],"inflation_rate":1273323363215761},"1697068800":{"newWeight":"79961460714419338252800","newPercentage":0.012911275460905034,"gaugeCrvApy":[40.632848602897056,101.58212150724265],"futureGaugeCrvApy":[0.012253835538435821,0.03063458884608955],"inflation_rate":21471034207076756}}