{"1696464000":{"newWeight":"80483324030080360905600","newPercentage":0.012925456255114308,"gaugeCrvApy":[2.4446142333192755,6.111535583298188],"futureGaugeCrvApy":[0.0007275445605657413,0.001818861401414353],"inflation_rate":1273323363215761},"1697068800":{"newWeight":"79961460714419338252800","newPercentage":0.012911507749850362,"gaugeCrvApy":[40.12968377437593,100.32420943593982],"futureGaugeCrvApy":[0.01209955644090401,0.030248891102260023],"inflation_rate":21200203621900172}}