{"1696464000":{"newWeight":"80483324030080360905600","newPercentage":0.012925456255114308,"gaugeCrvApy":[2.4446142333192755,6.111535583298188],"futureGaugeCrvApy":[0.0007275445605657413,0.001818861401414353],"inflation_rate":1273323363215761},"1697068800":{"newWeight":"79961460714419338252800","newPercentage":0.012911275460905034,"gaugeCrvApy":[40.484073894522,101.210184736305],"futureGaugeCrvApy":[0.012215052589130165,0.03053763147282541],"inflation_rate":21402966920262736}}