{"1696464000":{"newWeight":"80483324030080360905600","newPercentage":0.012925456255114308,"gaugeCrvApy":[2.4446142333192755,6.111535583298188],"futureGaugeCrvApy":[0.0007275445605657413,0.001818861401414353],"inflation_rate":1273323363215761},"1697068800":{"newWeight":"79961460714419338252800","newPercentage":0.012911507749850362,"gaugeCrvApy":[39.84053138677675,99.60132846694188],"futureGaugeCrvApy":[0.012032346432489445,0.03008086608122361],"inflation_rate":21081356071225644}}