{"1696464000":{"newWeight":"14703643755763200","newPercentage":2.361374936e-9,"futureGaugeCrvApy":[0.000008586798410670887,0.000021466996026677217],"inflation_rate":313261623241236400000,"gaugeCrvApy":[0,0]},"1697068800":{"newWeight":"14703643755763200","newPercentage":2.374178674e-9,"gaugeCrvApy":[0,0],"futureGaugeCrvApy":[0,0],"inflation_rate":"268793951337835780"}}