{"1696464000":{"newWeight":"66852198293565888000","newPercentage":0.000010736325506122,"gaugeCrvApy":[11.291434636600645,28.22858659150161],"futureGaugeCrvApy":[0.000002794750490214017,0.000006986876225535042],"inflation_rate":576113830928},"1697068800":{"newWeight":"66462479314237440000","newPercentage":0.000010731612086296,"gaugeCrvApy":[10.83796953280897,27.094923832022424],"futureGaugeCrvApy":[0.00000270912375148037,0.0000067728093787009245],"inflation_rate":"558722124107"}}