{"1696464000":{"newWeight":"66852198293565888000","newPercentage":0.000010736325506122,"gaugeCrvApy":[11.291434636600645,28.22858659150161],"futureGaugeCrvApy":[0.000002794750490214017,0.000006986876225535042],"inflation_rate":576113830928},"1697068800":{"newWeight":"66462479314237440000","newPercentage":0.000010731612086296,"gaugeCrvApy":[10.855114441288546,27.137786103221366],"futureGaugeCrvApy":[0.0000027091922158816233,0.000006772980539704058],"inflation_rate":"558722124107"}}