{"1696464000":{"newWeight":"66852198293565888000","newPercentage":0.000010736325506122,"gaugeCrvApy":[11.291434636600645,28.22858659150161],"futureGaugeCrvApy":[0.000002794750490214017,0.000006986876225535042],"inflation_rate":576113830928},"1697068800":{"newWeight":"66462479314237440000","newPercentage":0.000010731612086296,"gaugeCrvApy":[10.811321741823948,27.028304354559868],"futureGaugeCrvApy":[0.0000027091237514803705,0.000006772809378700925],"inflation_rate":"558722124107"}}