{"1696464000":{"newWeight":"66852198293565888000","newPercentage":0.000010734636231714,"gaugeCrvApy":[11.263414468305053,28.15853617076263],"futureGaugeCrvApy":[0.0000027943107587176897,0.000006985776896794224],"inflation_rate":576113830928}}