{"1696464000":{"newWeight":"66852198293565888000","newPercentage":0.000010736325506122,"gaugeCrvApy":[11.291434636600645,28.22858659150161],"futureGaugeCrvApy":[0.000002794750490214017,0.000006986876225535042],"inflation_rate":576113830928},"1697068800":{"newWeight":"66462479314237440000","newPercentage":0.000010732129652537,"gaugeCrvApy":[10.709611908362769,26.77402977090692],"futureGaugeCrvApy":[0.0000027091840662838973,0.000006772960165709743],"inflation_rate":"558722124107"}}