{"1696464000":{"newWeight":"10426921919375442768000","newPercentage":0.001678722867822927,"futureGaugeCrvApy":[28521.6286039923,71304.07150998074],"inflation_rate":1.7994139417041466e+21}}