{"1696464000":{"newWeight":"10426921919375442768000","newPercentage":0.001675328600182426,"futureGaugeCrvApy":[23564.117948608797,58910.29487152199],"inflation_rate":1.4896589366718214e+21}}