{"1696464000":{"newWeight":"10426921919375442768000","newPercentage":0.001674278732458042,"futureGaugeCrvApy":[57982.43347727569,144956.08369318923],"inflation_rate":3.6677900576521375e+21}}