{"1696464000":{"newWeight":"10426921919375442768000","newPercentage":0.001674542208197178,"futureGaugeCrvApy":[142040.99840683278,355102.4960170819],"inflation_rate":8.983664387994521e+21},"1697068800":{"newWeight":"10426921919375442768000","newPercentage":0.001683652123989069,"futureGaugeCrvApy":[108.15375136352951,270.38437840882375],"inflation_rate":6803002482623190000}}