{"1696464000":{"newWeight":"10426921919375442768000","newPercentage":0.001674542208197178,"futureGaugeCrvApy":[142040.99840683278,355102.4960170819],"inflation_rate":8.983664387994521e+21}}