{"1696464000":{"newWeight":"10426921919375442768000","newPercentage":0.001674542208197178,"futureGaugeCrvApy":[142040.99840683278,355102.4960170819],"inflation_rate":8.983664387994521e+21},"1697068800":{"newWeight":"10426921919375442768000","newPercentage":0.001683621833663279,"futureGaugeCrvApy":[109.77611071890156,274.4402767972539],"inflation_rate":6905103483495714000}}