{"1696464000":{"newWeight":"167371734148558732800","newPercentage":0.00002694666361894,"gaugeCrvApy":[0.6384482870804471,1.5961207177011176],"futureGaugeCrvApy":[3.212755410583563e-7,8.031888526458907e-7],"inflation_rate":2394354819816}}