{"1696464000":{"newWeight":"167371734148558732800","newPercentage":0.000026879556158382,"gaugeCrvApy":[0.6400342172745985,1.6000855431864962],"futureGaugeCrvApy":[3.204754425376374e-7,8.011886063440934e-7],"inflation_rate":2394354819816},"1697068800":{"newWeight":"166447028435030784000","newPercentage":0.000026876473720932,"gaugeCrvApy":[3386.84540606979,8467.113515174475],"futureGaugeCrvApy":[0.001702840908181645,0.004257102270454113],"inflation_rate":12723823436937492}}