{"1696464000":{"newWeight":"167371734148558732800","newPercentage":0.000026879556158382,"gaugeCrvApy":[0.6400342172745985,1.6000855431864962],"futureGaugeCrvApy":[3.204754425376374e-7,8.011886063440934e-7],"inflation_rate":2394354819816},"1697068800":{"newWeight":"166447028435030784000","newPercentage":0.000026876473720932,"gaugeCrvApy":[3395.540769980649,8488.851924951623],"futureGaugeCrvApy":[0.0017034496891815696,0.0042586242229539235],"inflation_rate":12728372318701828}}