{"1696464000":{"newWeight":"167371734148558732800","newPercentage":0.000026879556158382,"gaugeCrvApy":[0.6400342172745985,1.6000855431864962],"futureGaugeCrvApy":[3.204754425376374e-7,8.011886063440934e-7],"inflation_rate":2394354819816},"1697068800":{"newWeight":"166447028435030784000","newPercentage":0.000026875990190437,"gaugeCrvApy":[3452.495099035429,8631.237747588573],"futureGaugeCrvApy":[0.0017343055399314357,0.004335763849828589],"inflation_rate":12959163936486838}}