{"1696464000":{"newWeight":"167371734148558732800","newPercentage":0.000026875326876557,"gaugeCrvApy":[0.6384482870804471,1.5961207177011176],"futureGaugeCrvApy":[3.204250183060579e-7,8.010625457651447e-7],"inflation_rate":2394354819816}}