{"1696464000":{"newWeight":"167371734148558732800","newPercentage":0.000026879556158382,"gaugeCrvApy":[0.6400342172745985,1.6000855431864962],"futureGaugeCrvApy":[3.204754425376374e-7,8.011886063440934e-7],"inflation_rate":2394354819816},"1697068800":{"newWeight":"166447028435030784000","newPercentage":0.000026877286370832,"gaugeCrvApy":[4058.9621782355975,10147.405445588995],"futureGaugeCrvApy":[0.002037264686694106,0.0050931617167352655],"inflation_rate":"15222216170134018"}}