{"1696464000":{"newWeight":"167371734148558732800","newPercentage":0.000026879556158382,"gaugeCrvApy":[0.6400342172745985,1.6000855431864962],"futureGaugeCrvApy":[3.204754425376374e-7,8.011886063440934e-7],"inflation_rate":2394354819816},"1697068800":{"newWeight":"166447028435030784000","newPercentage":0.000026879399447173,"gaugeCrvApy":[3832.3806144935033,9580.951536233759],"futureGaugeCrvApy":[0.0019229690330056623,0.004807422582514155],"inflation_rate":"14367082169257640"}}