{"1696464000":{"newWeight":"167371734148558732800","newPercentage":0.000026879556158382,"gaugeCrvApy":[0.6400342172745985,1.6000855431864962],"futureGaugeCrvApy":[3.204754425376374e-7,8.011886063440934e-7],"inflation_rate":2394354819816},"1697068800":{"newWeight":"166447028435030784000","newPercentage":0.000026875990190437,"gaugeCrvApy":[3742.736971871146,9356.842429677865],"futureGaugeCrvApy":[0.0018775017221319091,0.004693754305329772],"inflation_rate":"14029161556564984"}}