{"1696464000":{"newWeight":"167371734148558732800","newPercentage":0.000026879556158382,"gaugeCrvApy":[0.6400342172745985,1.6000855431864962],"futureGaugeCrvApy":[3.204754425376374e-7,8.011886063440934e-7],"inflation_rate":2394354819816},"1697068800":{"newWeight":"166447028435030784000","newPercentage":0.000026877286370832,"gaugeCrvApy":[4006.283587078301,10015.708967695753],"futureGaugeCrvApy":[0.0020124139287379292,0.005031034821844822],"inflation_rate":"15036534058196732"}}