{"1696464000":{"newWeight":"167371734148558732800","newPercentage":0.000026892179230781,"gaugeCrvApy":[0.6395007311390981,1.5987518278477453],"futureGaugeCrvApy":[3.2062594296589653e-7,8.015648574147413e-7],"inflation_rate":2394354819816}}