{"1696464000":{"newWeight":"199170997602684307200","newPercentage":0.000031986452446208,"gaugeCrvApy":[0.008434491073764148,0.02108622768441037],"futureGaugeCrvApy":[6.252819309772876e-9,1.563204827443219e-8],"inflation_rate":1861156761092},"1697068800":{"newWeight":"198100185787616112000","newPercentage":0.000031986985289016,"gaugeCrvApy":[0.009638248897849942,0.024095622244624856],"futureGaugeCrvApy":[7.284211626910183e-9,1.8210529067275455e-8],"inflation_rate":"1697481572806"}}