{"1696464000":{"newWeight":"199170997602684307200","newPercentage":0.000031986452446208,"gaugeCrvApy":[0.008434491073764148,0.02108622768441037],"futureGaugeCrvApy":[6.252819309772876e-9,1.563204827443219e-8],"inflation_rate":1861156761092},"1697068800":{"newWeight":"198100185787616112000","newPercentage":0.00003198852796346,"gaugeCrvApy":[0.009748488765768839,0.024371221914422096],"futureGaugeCrvApy":[7.324071347112623e-9,1.8310178367781557e-8],"inflation_rate":"1697481572806"}}