{"1696464000":{"newWeight":"199170997602684307200","newPercentage":0.000031986452446208,"gaugeCrvApy":[0.008434491073764148,0.02108622768441037],"futureGaugeCrvApy":[6.252819309772876e-9,1.563204827443219e-8],"inflation_rate":1861156761092},"1697068800":{"newWeight":"198100185787616112000","newPercentage":0.00003198756077229,"gaugeCrvApy":[13766.057305293734,34415.143263234335],"futureGaugeCrvApy":[0.010315285430464567,0.025788213576161418],"inflation_rate":3070259814593601000}}