{"1696464000":{"newWeight":"199170997602684307200","newPercentage":0.000031981419635354,"gaugeCrvApy":[0.008412717368805209,0.021031793422013022],"futureGaugeCrvApy":[6.211131596289137e-9,1.5527828990722842e-8],"inflation_rate":1861156761092}}