{"1696464000":{"newWeight":"199170997602684307200","newPercentage":0.000032001473799338,"gaugeCrvApy":[0.008434814700297912,0.021087036750744782],"futureGaugeCrvApy":[6.215028214989524e-9,1.553757053747381e-8],"inflation_rate":1861156761092}}