{"1696464000":{"newWeight":"199170997602684307200","newPercentage":0.000031986452446208,"gaugeCrvApy":[0.008434491073764148,0.02108622768441037],"futureGaugeCrvApy":[6.252819309772876e-9,1.563204827443219e-8],"inflation_rate":1861156761092},"1697068800":{"newWeight":"198100185787616112000","newPercentage":0.00003198756077229,"gaugeCrvApy":[13721.288937946807,34303.22234486702],"futureGaugeCrvApy":[0.010261141050725758,0.025652852626814392],"inflation_rate":3054140734127908000}}