{"1696464000":{"newWeight":"51562030110163053667200","newPercentage":0.008280755953428455,"gaugeCrvApy":[0.12305500618496198,0.307637515462405],"futureGaugeCrvApy":[0.000050487312100606555,0.00012621828025151637],"inflation_rate":464448454384789},"1697068800":{"newWeight":"51185664926877191961600","newPercentage":0.00826488427819982,"gaugeCrvApy":[120.18643067821355,300.4660766955339],"futureGaugeCrvApy":[0.04999180322829444,0.12497950807073609],"inflation_rate":460773395419839100}}