{"1696464000":{"newWeight":"51562030110163053667200","newPercentage":0.008280755953428455,"gaugeCrvApy":[0.12305500618496198,0.307637515462405],"futureGaugeCrvApy":[0.000050487312100606555,0.00012621828025151637],"inflation_rate":464448454384789},"1697068800":{"newWeight":"51185664926877191961600","newPercentage":0.00826593269026572,"gaugeCrvApy":[0.12331047527491612,0.3082761881872903],"futureGaugeCrvApy":[0.00005139223622527149,0.00012848059056317873],"inflation_rate":"473516834521152"}}