{"1696464000":{"newWeight":"51562030110163053667200","newPercentage":0.00828464472976487,"gaugeCrvApy":[0.1227875824403795,0.30696895610094876],"futureGaugeCrvApy":[0.000050511021755339797,0.0001262775543883495],"inflation_rate":464448454384789}}