{"1696464000":{"newWeight":"51562030110163053667200","newPercentage":0.008280755953428455,"gaugeCrvApy":[0.12305500618496198,0.307637515462405],"futureGaugeCrvApy":[0.000050487312100606555,0.00012621828025151637],"inflation_rate":464448454384789},"1697068800":{"newWeight":"51185664926877191961600","newPercentage":0.008265282878619449,"gaugeCrvApy":[0.12323770129054135,0.30809425322635337],"futureGaugeCrvApy":[0.0000513881961157184,0.000128470490289296],"inflation_rate":"473516834521152"}}