{"1696464000":{"newWeight":"51562030110163053667200","newPercentage":0.008279453043125712,"gaugeCrvApy":[0.12267173258316065,0.3066793314579016],"futureGaugeCrvApy":[0.00005047936832838773,0.00012619842082096933],"inflation_rate":464448454384789}}