{"1696464000":{"newWeight":"51562030110163053667200","newPercentage":0.008280755953428455,"gaugeCrvApy":[0.12305500618496198,0.307637515462405],"futureGaugeCrvApy":[0.000050487312100606555,0.00012621828025151637],"inflation_rate":464448454384789},"1697068800":{"newWeight":"51185664926877191961600","newPercentage":0.00826488427819982,"gaugeCrvApy":[118.72353686658472,296.80884216646183],"futureGaugeCrvApy":[0.049480919735119006,0.12370229933779751],"inflation_rate":456064593043989570}}