{"1696464000":{"newWeight":"51562030110163053667200","newPercentage":0.008280755953428455,"gaugeCrvApy":[0.12305500618496198,0.307637515462405],"futureGaugeCrvApy":[0.000050487312100606555,0.00012621828025151637],"inflation_rate":464448454384789},"1697068800":{"newWeight":"51185664926877191961600","newPercentage":0.0082650329731338,"gaugeCrvApy":[118.2942460282199,295.7356150705498],"futureGaugeCrvApy":[0.04906961271133847,0.12267403177834618],"inflation_rate":452265448100936000}}