{"1696464000":{"newWeight":"51562030110163053667200","newPercentage":0.008280755953428455,"gaugeCrvApy":[0.12305500618496198,0.307637515462405],"futureGaugeCrvApy":[0.000050487312100606555,0.00012621828025151637],"inflation_rate":464448454384789},"1697068800":{"newWeight":"51185664926877191961600","newPercentage":0.0082650329731338,"gaugeCrvApy":[117.30024344112739,293.2506086028185],"futureGaugeCrvApy":[0.04879454929347689,0.12198637323369221],"inflation_rate":449730239994298600}}