{"1696464000":{"newWeight":"1330377933826680344726400","newPercentage":0.21365595909059706,"gaugeCrvApy":[0.880727075593149,2.2018176889828727],"futureGaugeCrvApy":[0.004334724359159204,0.01083681089789801],"inflation_rate":924358978544047},"1697068800":{"newWeight":"1317664030825100548598400","newPercentage":0.21276536463558396,"gaugeCrvApy":[170.7978423849027,426.99460596225674],"futureGaugeCrvApy":[0.8495333689355272,2.123833422338818],"inflation_rate":181935237868767650}}