{"1696464000":{"newWeight":"1330377933826680344726400","newPercentage":0.21365595909059706,"gaugeCrvApy":[0.880727075593149,2.2018176889828727],"futureGaugeCrvApy":[0.004334724359159204,0.01083681089789801],"inflation_rate":924358978544047},"1697068800":{"newWeight":"1317664030825100548598400","newPercentage":0.21277179791079914,"gaugeCrvApy":[5.3515418201311205,13.378854550327802],"futureGaugeCrvApy":[0.026739736444854136,0.06684934111213534],"inflation_rate":"11761455554280980"}}