{"1696464000":{"newWeight":"1330377933826680344726400","newPercentage":0.21365595909059706,"gaugeCrvApy":[0.880727075593149,2.2018176889828727],"futureGaugeCrvApy":[0.004334724359159204,0.01083681089789801],"inflation_rate":924358978544047},"1697068800":{"newWeight":"1317664030825100548598400","newPercentage":0.21276153680671137,"gaugeCrvApy":[6.83340816261334,17.08352040653335],"futureGaugeCrvApy":[0.03444252649517234,0.08610631623793084],"inflation_rate":"11761455554280980"}}