{"1696464000":{"newWeight":"1330377933826680344726400","newPercentage":0.21365595909059706,"gaugeCrvApy":[0.880727075593149,2.2018176889828727],"futureGaugeCrvApy":[0.004334724359159204,0.01083681089789801],"inflation_rate":924358978544047},"1697068800":{"newWeight":"1317664030825100548598400","newPercentage":0.21276153680671137,"gaugeCrvApy":[8.814119615258646,22.035299038146615],"futureGaugeCrvApy":[0.04405849514651413,0.11014623786628532],"inflation_rate":"11761455554280980"}}