{"1696464000":{"newWeight":"1330377933826680344726400","newPercentage":0.21365595909059706,"gaugeCrvApy":[0.880727075593149,2.2018176889828727],"futureGaugeCrvApy":[0.004334724359159204,0.01083681089789801],"inflation_rate":924358978544047},"1697068800":{"newWeight":"1317664030825100548598400","newPercentage":0.21276153680671137,"gaugeCrvApy":[5.731248294192901,14.328120735482253],"futureGaugeCrvApy":[0.02871220360864676,0.0717805090216169],"inflation_rate":"11761455554280980"}}