{"1696464000":{"newWeight":"107913531509192472537600","newPercentage":0.01733069114212596,"gaugeCrvApy":[1.737651559106167,4.344128897765417],"futureGaugeCrvApy":[0.0006937643884790534,0.0017344109711976334],"inflation_rate":1052011898763626},"1697068800":{"newWeight":"107095286947327836998400","newPercentage":0.017293373893865125,"gaugeCrvApy":[1.6282772406993187,4.070693101748296],"futureGaugeCrvApy":[0.000661047422955411,0.0016526185573885275],"inflation_rate":"1004782407812504"}}