{"1696464000":{"newWeight":"107913531509192472537600","newPercentage":0.0173739589202623,"gaugeCrvApy":[1.7333615669626792,4.333403917406698],"futureGaugeCrvApy":[0.000695496459259807,0.0017387411481495174],"inflation_rate":1052011898763626}}