{"1696464000":{"newWeight":"107913531509192472537600","newPercentage":0.01733882991375336,"gaugeCrvApy":[1.7323602720975266,4.330900680243817],"futureGaugeCrvApy":[0.000694090210991556,0.00173522552747889],"inflation_rate":1052011898763626}}