{"1696464000":{"newWeight":"107913531509192472537600","newPercentage":0.01733069114212596,"gaugeCrvApy":[1.737651559106167,4.344128897765417],"futureGaugeCrvApy":[0.0006937643884790534,0.0017344109711976334],"inflation_rate":1052011898763626,"lpTotalSupplys":[],"gaugeTotalSupplys":[]},"1697068800":{"newWeight":"107095286947327836998400","newPercentage":0.017293373893865125,"gaugeCrvApy":[1.628477547574089,4.0711938689352225],"futureGaugeCrvApy":[0.0006610474178152592,0.0016526185445381479],"inflation_rate":"1004782407812504","lpTotalSupplys":[],"gaugeTotalSupplys":[]}}