{"1696464000":{"newWeight":"107913531509192472537600","newPercentage":0.01733069114212596,"gaugeCrvApy":[1.737651559106167,4.344128897765417],"futureGaugeCrvApy":[0.0006937643884790534,0.0017344109711976334],"inflation_rate":1052011898763626},"1697068800":{"newWeight":"107095286947327836998400","newPercentage":0.01729253990594334,"gaugeCrvApy":[1.628623748315419,4.071559370788547],"futureGaugeCrvApy":[0.0006611387055221445,0.0016528467638053613],"inflation_rate":"1004782407812504"}}