{"1696464000":{"newWeight":"107913531509192472537600","newPercentage":0.01733069114212596,"gaugeCrvApy":[1.737651559106167,4.344128897765417],"futureGaugeCrvApy":[0.0006937643884790534,0.0017344109711976334],"inflation_rate":1052011898763626},"1697068800":{"newWeight":"107095286947327836998400","newPercentage":0.01729253990594334,"gaugeCrvApy":[3710.3053063743628,9275.763265935908],"futureGaugeCrvApy":[1.5006867201380705,3.751716800345176],"inflation_rate":"2280636714569447700"}}