{"1696464000":{"newWeight":"107913531509192472537600","newPercentage":0.01733069114212596,"gaugeCrvApy":[1.737651559106167,4.344128897765417],"futureGaugeCrvApy":[0.0006937643884790534,0.0017344109711976334],"inflation_rate":1052011898763626},"1697068800":{"newWeight":"107095286947327836998400","newPercentage":0.01729253990594334,"gaugeCrvApy":[3682.0205717270896,9205.051429317724],"futureGaugeCrvApy":[1.4799992586237962,3.69999814655949],"inflation_rate":"2249197284718344200"}}