{"1696464000":{"newWeight":"1005731450513342935603200","newPercentage":0.1615184017889761,"gaugeCrvApy":[1.2000430679004597,3.000107669751149],"futureGaugeCrvApy":[4.787682563081803,11.969206407704506],"inflation_rate":8670970984789932},"1697068800":{"newWeight":"1000409677582526524051200","newPercentage":0.16153487949844275,"gaugeCrvApy":[1.1729590834524013,2.932397708631003],"futureGaugeCrvApy":[4.765533727775779,11.913834319439447],"inflation_rate":"8629992535583928"}}