{"1696464000":{"newWeight":"1005731450513342935603200","newPercentage":0.1615184017889761,"gaugeCrvApy":[1.2000430679004597,3.000107669751149],"futureGaugeCrvApy":[4.787682563081803,11.969206407704506],"inflation_rate":8670970984789932},"1697068800":{"newWeight":"1000409677582526524051200","newPercentage":0.1615377856998406,"gaugeCrvApy":[547.7511072872411,1369.3777682181028],"futureGaugeCrvApy":[2191.9837594475744,5479.959398618936],"inflation_rate":3969440826963218400}}