{"1696464000":{"newWeight":"1005731450513342935603200","newPercentage":0.1615184017889761,"gaugeCrvApy":[1.2000430679004597,3.000107669751149],"futureGaugeCrvApy":[4.787682563081803,11.969206407704506],"inflation_rate":8670970984789932},"1697068800":{"newWeight":"1000409677582526524051200","newPercentage":0.1615377856998406,"gaugeCrvApy":[547.4530108743155,1368.6325271857888],"futureGaugeCrvApy":[2216.866987483949,5542.167468709872],"inflation_rate":4014502675045153000}}