{"1696464000":{"newWeight":"1005731450513342935603200","newPercentage":0.1615184017889761,"gaugeCrvApy":[1.2000430679004597,3.000107669751149],"futureGaugeCrvApy":[4.787682563081803,11.969206407704506],"inflation_rate":8670970984789932},"1697068800":{"newWeight":"1000409677582526524051200","newPercentage":0.16153487949844275,"gaugeCrvApy":[553.692964613033,1384.2324115325825],"futureGaugeCrvApy":[2238.8293793530142,5597.073448382535],"inflation_rate":4054347770351460000}}