{"1696464000":{"newWeight":"1005731450513342935603200","newPercentage":0.1615184017889761,"gaugeCrvApy":[1.2000430679004597,3.000107669751149],"futureGaugeCrvApy":[4.787682563081803,11.969206407704506],"inflation_rate":8670970984789932},"1697068800":{"newWeight":"1000409677582526524051200","newPercentage":0.1615377856998406,"gaugeCrvApy":[551.6369489066021,1379.0923722665052],"futureGaugeCrvApy":[2223.0606809077717,5557.651702269429],"inflation_rate":4025718851811582000}}