{"1696464000":{"newWeight":"398754316787812070400","newPercentage":0.000064029046849682,"futureGaugeCrvApy":[0.21743986423196585,0.5435996605799146],"inflation_rate":32386752630863250000}}