{"1696464000":{"newWeight":"398754316787812070400","newPercentage":0.000064069196693556,"futureGaugeCrvApy":[0.1568323338004773,0.39208083450119324],"inflation_rate":23344877491824288000}}