{"1696464000":{"newWeight":"398754316787812070400","newPercentage":0.000064039122890259,"futureGaugeCrvApy":[0.9269440559839691,2.3173601399599226],"inflation_rate":138042692553463200000,"gaugeCrvApy":[0,0]},"1697068800":{"newWeight":"398754316787812070400","newPercentage":0.000064389458103753,"gaugeCrvApy":[0,0],"futureGaugeCrvApy":[0,0],"inflation_rate":"125086711338911060"}}