{"1696464000":{"newWeight":"398754316787812070400","newPercentage":0.000064199002870724,"futureGaugeCrvApy":[0.18615162985796363,0.465379074644909],"inflation_rate":27653100572387025000}}