{"1696464000":{"newWeight":"398754316787812070400","newPercentage":0.000064039122890259,"futureGaugeCrvApy":[0.9269440559839691,2.3173601399599226],"inflation_rate":138042692553463200000},"1697068800":{"newWeight":"398754316787812070400","newPercentage":0.000064387511252201,"futureGaugeCrvApy":[0.000703998419623124,0.00175999604905781],"inflation_rate":104273828242842640}}