{"1696464000":{"newWeight":"398754316787812070400","newPercentage":0.000064039122890259,"futureGaugeCrvApy":[0.9269440559839691,2.3173601399599226],"inflation_rate":138042692553463200000},"1697068800":{"newWeight":"398754316787812070400","newPercentage":0.000064386352866413,"futureGaugeCrvApy":[0.0007194298914703088,0.0017985747286757717],"inflation_rate":106561401987833120}}