{"1696464000":{"newWeight":"605854307841643143964800","newPercentage":0.0972989553718349,"gaugeCrvApy":[3.2949260079173106,8.237315019793277],"futureGaugeCrvApy":[0.007373709834933144,0.01843427458733286],"inflation_rate":5239060278976113},"1697068800":{"newWeight":"600571087282628798112000","newPercentage":0.09698575158278747,"gaugeCrvApy":[3.1418434483744213,7.8546086209360535],"futureGaugeCrvApy":[0.007174326219594892,0.017935815548987228],"inflation_rate":"5111677755292603"}}