{"1696464000":{"newWeight":"605854307841643143964800","newPercentage":0.09728364616430446,"gaugeCrvApy":[3.286417327710267,8.216043319275668],"futureGaugeCrvApy":[0.0073725114030045785,0.018431278507511445],"inflation_rate":5239060278976113}}