{"1696464000":{"newWeight":"605854307841643143964800","newPercentage":0.0972989553718349,"gaugeCrvApy":[3.2949260079173106,8.237315019793277],"futureGaugeCrvApy":[0.007373709834933144,0.01843427458733286],"inflation_rate":5239060278976113},"1697068800":{"newWeight":"600571087282628798112000","newPercentage":0.0969734503657331,"gaugeCrvApy":[3.187437844577412,7.96859461144353],"futureGaugeCrvApy":[0.007171462512828019,0.017928656282070046],"inflation_rate":"5111677755292603"}}