{"1696464000":{"newWeight":"605854307841643143964800","newPercentage":0.0972989553718349,"gaugeCrvApy":[3.2949260079173106,8.237315019793277],"futureGaugeCrvApy":[0.007373709834933144,0.01843427458733286],"inflation_rate":5239060278976113},"1697068800":{"newWeight":"600571087282628798112000","newPercentage":0.09697812721984352,"gaugeCrvApy":[3.1507645035592238,7.876911258898059],"futureGaugeCrvApy":[0.007175951723056479,0.017939879307641196],"inflation_rate":"5111677755292603"}}