{"1696464000":{"newWeight":"605854307841643143964800","newPercentage":0.0972989553718349,"gaugeCrvApy":[3.2949260079173106,8.237315019793277],"futureGaugeCrvApy":[0.007373709834933144,0.01843427458733286],"inflation_rate":5239060278976113},"1697068800":{"newWeight":"600571087282628798112000","newPercentage":0.0969734503657331,"gaugeCrvApy":[3.1715310352332806,7.928827588083202],"futureGaugeCrvApy":[0.007171354456587846,0.017928386141469615],"inflation_rate":5111677755292603}}