{"1696464000":{"newWeight":"605854307841643143964800","newPercentage":0.09728364616430446,"gaugeCrvApy":[3.2867838099553603,8.2169595248884],"futureGaugeCrvApy":[0.007372550886167254,0.018431377215418134],"inflation_rate":5239060278976113}}