{"1696464000":{"newWeight":"3711444572501189798400","newPercentage":0.000596050362522504,"gaugeCrvApy":[0.08503939428246993,0.21259848570617482],"futureGaugeCrvApy":[0.0018272060037227969,0.004568015009306992],"inflation_rate":32504797442180},"1697068800":{"newWeight":"3682476125213290473600","newPercentage":0.000594615438544088,"gaugeCrvApy":[14.804223811190392,37.01055952797598],"futureGaugeCrvApy":[0.32094272657165757,0.8023568164291439],"inflation_rate":5723138602933333}}