{"1696464000":{"newWeight":"3711444572501189798400","newPercentage":0.000596050362522504,"gaugeCrvApy":[0.08503939428246993,0.21259848570617482],"futureGaugeCrvApy":[0.0018272060037227969,0.004568015009306992],"inflation_rate":32504797442180},"1697068800":{"newWeight":"3682476125213290473600","newPercentage":0.000594615438544088,"gaugeCrvApy":[14.932777985719905,37.331944964299765],"futureGaugeCrvApy":[0.3227116567886841,0.8067791419717101],"inflation_rate":5754682651392402}}