{"1696464000":{"newWeight":"3711444572501189798400","newPercentage":0.000596330277370632,"gaugeCrvApy":[0.08490064295837703,0.21225160739594257],"futureGaugeCrvApy":[0.0018280640890846883,0.004570160222711721],"inflation_rate":32504797442180}}