{"1696464000":{"newWeight":"3711444572501189798400","newPercentage":0.000596050362522504,"gaugeCrvApy":[0.08503939428246993,0.21259848570617482],"futureGaugeCrvApy":[0.0018272060037227969,0.004568015009306992],"inflation_rate":32504797442180},"1697068800":{"newWeight":"3682476125213290473600","newPercentage":0.000594604740909406,"gaugeCrvApy":[0.08468357167510367,0.21170892918775916],"futureGaugeCrvApy":[0.0018300827877764663,0.004575206969441165],"inflation_rate":"32635118375015"}}