{"1696464000":{"newWeight":"3711444572501189798400","newPercentage":0.000597538460985064,"gaugeCrvApy":[0.08492147922456185,0.21230369806140462],"futureGaugeCrvApy":[0.001831767803556981,0.004579419508892452],"inflation_rate":32504797442180}}