{"1696464000":{"newWeight":"3711444572501189798400","newPercentage":0.000596050362522504,"gaugeCrvApy":[0.08503939428246993,0.21259848570617482],"futureGaugeCrvApy":[0.0018272060037227969,0.004568015009306992],"inflation_rate":32504797442180},"1697068800":{"newWeight":"3682476125213290473600","newPercentage":0.000594633417620569,"gaugeCrvApy":[0.0852766116528471,0.21319152913211775],"futureGaugeCrvApy":[0.0018301315460732546,0.004575328865183136],"inflation_rate":"32635118375015"}}