{"1696464000":{"newWeight":"3711444572501189798400","newPercentage":0.000596050362522504,"gaugeCrvApy":[0.08503939428246993,0.21259848570617482],"futureGaugeCrvApy":[0.0018272060037227969,0.004568015009306992],"inflation_rate":32504797442180},"1697068800":{"newWeight":"3682476125213290473600","newPercentage":0.000594615438544088,"gaugeCrvApy":[14.775547331126601,36.9388683278165],"futureGaugeCrvApy":[0.3201028725321826,0.8002571813304564],"inflation_rate":5708162095674565}}