{"1696464000":{"newWeight":"1919410967527460546630400","newPercentage":0.30825345244302343,"gaugeCrvApy":[1.7597520762163186,4.399380190540796],"futureGaugeCrvApy":[0.012503007655143134,0.031257519137857834],"inflation_rate":16499626595595944},"1697068800":{"newWeight":"1907820209066573538979200","newPercentage":0.30806816189667435,"gaugeCrvApy":[1.7476252180709928,4.369063045177482],"futureGaugeCrvApy":[0.012649310015198282,0.0316232750379957],"inflation_rate":"16050379992253574"}}