{"1696464000":{"newWeight":"93655430187210771667200","newPercentage":0.015040869404030457,"gaugeCrvApy":[5.2781933053231676,13.195483263307919],"futureGaugeCrvApy":[49.07140363991891,122.67850909979728],"inflation_rate":2023651083276068},"1697068800":{"newWeight":"93087981236449792051200","newPercentage":0.01503079805077433,"gaugeCrvApy":[4.923141384870727,12.307853462176816],"futureGaugeCrvApy":[46.34275173822482,115.85687934556205],"inflation_rate":"1956288102708786"}}