{"1696464000":{"newWeight":"93655430187210771667200","newPercentage":0.015040869404030457,"gaugeCrvApy":[5.2781933053231676,13.195483263307919],"futureGaugeCrvApy":[49.07140363991891,122.67850909979728],"inflation_rate":2023651083276068},"1697068800":{"newWeight":"93087981236449792051200","newPercentage":0.01503079805077433,"gaugeCrvApy":[4.89562531213764,12.2390632803441],"futureGaugeCrvApy":[46.3427413869599,115.85685346739974],"inflation_rate":"1956288102708786"}}