{"1696464000":{"newWeight":"93655430187210771667200","newPercentage":0.015040869404030457,"gaugeCrvApy":[5.2781933053231676,13.195483263307919],"futureGaugeCrvApy":[49.07140363991891,122.67850909979728],"inflation_rate":2023651083276068},"1697068800":{"newWeight":"93087981236449792051200","newPercentage":0.01503079805077433,"gaugeCrvApy":[5.377828400181276,13.44457100045319],"futureGaugeCrvApy":[50.83666968721056,127.0916742180264],"inflation_rate":"1956288102708786"}}