{"1696464000":{"newWeight":"1919410967527460546630400","newPercentage":0.30825345244302343,"gaugeCrvApy":[1.7597520762163186,4.399380190540796],"futureGaugeCrvApy":[0.012503007655143134,0.031257519137857834],"inflation_rate":16499626595595944},"1697068800":{"newWeight":"1907820209066573538979200","newPercentage":0.30805884728219074,"gaugeCrvApy":[1.68726806929217,4.218170173230425],"futureGaugeCrvApy":[0.01215539331343396,0.0303884832835849],"inflation_rate":16050379992253574}}