{"1696464000":{"newWeight":"1919410967527460546630400","newPercentage":0.30825345244302343,"gaugeCrvApy":[1.7597520762163186,4.399380190540796],"futureGaugeCrvApy":[0.012503007655143134,0.031257519137857834],"inflation_rate":16499626595595944},"1697068800":{"newWeight":"1907820209066573538979200","newPercentage":0.30806816189667435,"gaugeCrvApy":[1.7486614765436364,4.371653691359091],"futureGaugeCrvApy":[0.012649310051919944,0.03162327512979986],"inflation_rate":"16050379992253574"}}