{"1696464000":{"newWeight":"1919410967527460546630400","newPercentage":0.3083982132279349,"gaugeCrvApy":[1.7552317068895553,4.388079267223889],"futureGaugeCrvApy":[0.012508879280458947,0.031272198201147364],"inflation_rate":16499626595595944}}