{"1696464000":{"newWeight":"1919410967527460546630400","newPercentage":0.30825345244302343,"gaugeCrvApy":[1.7597520762163186,4.399380190540796],"futureGaugeCrvApy":[0.012503007655143134,0.031257519137857834],"inflation_rate":16499626595595944},"1697068800":{"newWeight":"1907820209066573538979200","newPercentage":0.3080533050429635,"gaugeCrvApy":[1.7274554310427002,4.31863857760675],"futureGaugeCrvApy":[0.012647413763651735,0.03161853440912934],"inflation_rate":"16050379992253574"}}