{"1696464000":{"newWeight":"93655430187210771667200","newPercentage":0.015040869404030457,"gaugeCrvApy":[5.2781933053231676,13.195483263307919],"futureGaugeCrvApy":[49.07140363991891,122.67850909979728],"inflation_rate":2023651083276068},"1697068800":{"newWeight":"93087981236449792051200","newPercentage":0.015031522958977365,"gaugeCrvApy":[5.380685699742257,13.451714249355643],"futureGaugeCrvApy":[50.8391176652524,127.097794163131],"inflation_rate":"1956288102708786"}}