{"1696464000":{"newWeight":"93655430187210771667200","newPercentage":0.01503850284428411,"gaugeCrvApy":[5.2759426995793905,13.189856748948475],"futureGaugeCrvApy":[49.063682649500635,122.65920662375159],"inflation_rate":2023651083276068}}