{"1696464000":{"newWeight":"1919410967527460546630400","newPercentage":0.30825345244302343,"gaugeCrvApy":[1.7597520762163186,4.399380190540796],"futureGaugeCrvApy":[0.012503007655143134,0.031257519137857834],"inflation_rate":16499626595595944},"1697068800":{"newWeight":"1907820209066573538979200","newPercentage":0.30805884728219074,"gaugeCrvApy":[1.6924400833994464,4.231100208498616],"futureGaugeCrvApy":[0.012155384930217903,0.030388462325544756],"inflation_rate":16050379992253574}}