{"1696464000":{"newWeight":"32756896084383677001600","newPercentage":0.005259862390789514,"futureGaugeCrvApy":[300.1162955589814,750.2907388974535],"inflation_rate":99339843029532260000}}