{"1696464000":{"newWeight":"32756896084383677001600","newPercentage":0.005260690118039644,"futureGaugeCrvApy":[1279.3928898683866,3198.4822246709664],"inflation_rate":423418166246373100000},"1697068800":{"newWeight":"32756896084383677001600","newPercentage":0.005289309548322126,"futureGaugeCrvApy":[0.9770333456557359,2.4425833641393395],"inflation_rate":321602004663418700}}