{"1696464000":{"newWeight":"32756896084383677001600","newPercentage":0.005260690118039644,"futureGaugeCrvApy":[1279.3928898683866,3198.4822246709664],"inflation_rate":423418166246373100000},"1697068800":{"newWeight":"32756896084383677001600","newPercentage":0.005289309548322126,"futureGaugeCrvApy":[0.9746593416092507,2.4366483540231267],"inflation_rate":320820573339888700}}