{"1696464000":{"newWeight":"32756896084383677001600","newPercentage":0.005273823949287615,"futureGaugeCrvApy":[256.93144061955354,642.3286015488839],"inflation_rate":84820318401511030000}}