{"1696464000":{"newWeight":"32756896084383677001600","newPercentage":0.005260690118039644,"futureGaugeCrvApy":[1279.3928898683866,3198.4822246709664],"inflation_rate":423418166246373100000},"1697068800":{"newWeight":"32756896084383677001600","newPercentage":0.005289309548322126,"futureGaugeCrvApy":[0.9691715717534685,2.422928929383671],"inflation_rate":319014157528701250}}