{"1696464000":{"newWeight":"32756896084383677001600","newPercentage":0.005260690118039644,"futureGaugeCrvApy":[1279.3928898683866,3198.4822246709664],"inflation_rate":423418166246373100000},"1697068800":{"newWeight":"32756896084383677001600","newPercentage":0.005289309548322126,"futureGaugeCrvApy":[0.9743108060089778,2.4357770150224445],"inflation_rate":320705848752193900}}