{"1696464000":{"newWeight":"32756896084383677001600","newPercentage":0.005260690118039644,"futureGaugeCrvApy":[1279.3928898683866,3198.4822246709664],"inflation_rate":423418166246373100000},"1697068800":{"newWeight":"32756896084383677001600","newPercentage":0.005289309548322126,"futureGaugeCrvApy":[0.9633731834485583,2.4084329586213955],"inflation_rate":317105550204645570}}