{"1696464000":{"newWeight":"32756896084383677001600","newPercentage":0.005260690118039644,"futureGaugeCrvApy":[1279.3928898683866,3198.4822246709664],"inflation_rate":423418166246373100000},"1697068800":{"newWeight":"32756896084383677001600","newPercentage":0.005289214389169509,"futureGaugeCrvApy":[0.9795520200780308,2.448880050195077],"inflation_rate":322436856852626200}}