{"1696464000":{"newWeight":"56210395712389238073600","newPercentage":0.009027273905729941,"gaugeCrvApy":[2.953886158760798,7.384715396901996],"futureGaugeCrvApy":[16.476051482893844,41.19012870723461],"inflation_rate":1712799566466766},"1697068800":{"newWeight":"55783219301465631494400","newPercentage":0.009007407592200162,"gaugeCrvApy":[42.88825164238247,107.22062910595618],"futureGaugeCrvApy":[242.3222391611811,605.8055979029527],"inflation_rate":25246635002588904}}