{"1696464000":{"newWeight":"56210395712389238073600","newPercentage":0.009049811384548643,"gaugeCrvApy":[2.951918514741726,7.379796286854315],"futureGaugeCrvApy":[16.517185568907987,41.29296392226997],"inflation_rate":1712799566466766}}