{"1696464000":{"newWeight":"56210395712389238073600","newPercentage":0.009027273905729941,"gaugeCrvApy":[2.953886158760798,7.384715396901996],"futureGaugeCrvApy":[16.476051482893844,41.19012870723461],"inflation_rate":1712799566466766},"1697068800":{"newWeight":"55783219301465631494400","newPercentage":0.009007245541318865,"gaugeCrvApy":[45.019638554665946,112.54909638666487],"futureGaugeCrvApy":[256.3524983290412,640.881245822603],"inflation_rate":"26708875005657424"}}