{"1696464000":{"newWeight":"56210395712389238073600","newPercentage":0.009027273905729941,"gaugeCrvApy":[2.953886158760798,7.384715396901996],"futureGaugeCrvApy":[16.476051482893844,41.19012870723461],"inflation_rate":1712799566466766},"1697068800":{"newWeight":"55783219301465631494400","newPercentage":0.009007407592200162,"gaugeCrvApy":[42.67567217033958,106.68918042584895],"futureGaugeCrvApy":[241.04994814259473,602.6248703564868],"inflation_rate":25114079826990852}}