{"1696464000":{"newWeight":"56210395712389238073600","newPercentage":0.009027273905729941,"gaugeCrvApy":[2.953886158760798,7.384715396901996],"futureGaugeCrvApy":[16.476051482893844,41.19012870723461],"inflation_rate":1712799566466766},"1697068800":{"newWeight":"55783219301465631494400","newPercentage":0.009007245541318865,"gaugeCrvApy":[43.41222337140944,108.53055842852359],"futureGaugeCrvApy":[245.5012168774023,613.7530421935057],"inflation_rate":25578300808674068}}