{"1696464000":{"newWeight":"56210395712389238073600","newPercentage":0.009027273905729941,"gaugeCrvApy":[2.953886158760798,7.384715396901996],"futureGaugeCrvApy":[16.476051482893844,41.19012870723461],"inflation_rate":1712799566466766},"1697068800":{"newWeight":"55783219301465631494400","newPercentage":0.009007245541318865,"gaugeCrvApy":[43.51448679070592,108.78621697676479],"futureGaugeCrvApy":[246.40154882313368,616.0038720578342],"inflation_rate":25672104666872772}}