{"1696464000":{"newWeight":"1816438806824369817600","newPercentage":0.00029171633528612,"futureGaugeCrvApy":[100.69823042454792,251.74557606136977],"inflation_rate":141031663468848900000},"1697068800":{"newWeight":"1816438806824369817600","newPercentage":0.000293298066133976,"futureGaugeCrvApy":[0.07809942505552728,0.19524856263881818],"inflation_rate":108791302420547140}}