{"1696464000":{"newWeight":"1816438806824369817600","newPercentage":0.000292444633861774,"futureGaugeCrvApy":[20.22260499295153,50.55651248237882],"inflation_rate":28251985901627280000}}