{"1696464000":{"newWeight":"1816438806824369817600","newPercentage":0.00029171633528612,"futureGaugeCrvApy":[100.69823042454792,251.74557606136977],"inflation_rate":141031663468848900000},"1697068800":{"newWeight":"1816438806824369817600","newPercentage":0.000293303342909199,"futureGaugeCrvApy":[0.0766844295179798,0.19171107379494948],"inflation_rate":106818313531688660}}