{"1696464000":{"newWeight":"1816438806824369817600","newPercentage":0.000291670436068602,"futureGaugeCrvApy":[23.620833358120922,59.052083395302304],"inflation_rate":33087072537449095000}}