{"1696464000":{"newWeight":"1816438806824369817600","newPercentage":0.00029171633528612,"futureGaugeCrvApy":[100.69823042454792,251.74557606136977],"inflation_rate":141031663468848900000,"gaugeCrvApy":[0,0]},"1697068800":{"newWeight":"1816438806824369817600","newPercentage":0.000293298066133976,"futureGaugeCrvApy":[0.07848025994169554,0.19620064985423882],"inflation_rate":109321799581620560,"gaugeCrvApy":[0,0]}}