{"1696464000":{"newWeight":"1816438806824369817600","newPercentage":0.00029171633528612,"futureGaugeCrvApy":[100.69823042454792,251.74557606136977],"inflation_rate":141031663468848900000},"1697068800":{"newWeight":"1816438806824369817600","newPercentage":0.000293303342909199,"futureGaugeCrvApy":[0.07682100297876429,0.19205250744691071],"inflation_rate":107008554847244940}}