{"1696464000":{"newWeight":"1816438806824369817600","newPercentage":0.000291853329974526,"futureGaugeCrvApy":[17.03703289991904,42.5925822497976],"inflation_rate":23849805847428490000}}