{"1696464000":{"newWeight":"1816438806824369817600","newPercentage":0.00029171633528612,"futureGaugeCrvApy":[100.69823042454792,251.74557606136977],"inflation_rate":141031663468848900000},"1697068800":{"newWeight":"1816438806824369817600","newPercentage":0.000293303342909199,"futureGaugeCrvApy":[0.0758234930847681,0.18955873271192022],"inflation_rate":105619063847864620}}