{"stakedao":46.35021770036063,"convex":28.3945333277808,"yearn":29.89899}