{"stakedao":46.11075350152742,"convex":21.561631635744,"yearn":42.19701}