{"stakedao":52.5629137510079,"convex":28.115131696747202,"yearn":29.90665}