{"stakedao":48.22362770533941,"convex":31.4162773823952,"yearn":28.63921}