{"stakedao":47.65103881417472,"convex":22.98080898396,"yearn":50.20835}