{"stakedao":44.017483900929626,"convex":23.7706183151856,"yearn":33.15373}