{"stakedao":40.306135010114716,"convex":18.8961788367072,"yearn":27.60543}