{"stakedao":44.92018123671064,"convex":23.1158371103568,"yearn":37.04121}