{"stakedao":50.76967188364049,"convex":10.9646903857968,"yearn":17.91315}