{"stakedao":43.64156164883621,"convex":19.5362900399088,"yearn":44.51267}