{"stakedao":72.718814468312,"convex":20.252807597376,"yearn":32.75128}