{"stakedao":55.976694509918204,"convex":10.533436282742398,"yearn":16.1683}