{"stakedao":66.84583978456158,"convex":19.5751117988352,"yearn":40.68387}