{"stakedao":40.56639071340409,"convex":20.2090093031232,"yearn":28.52965}