{"stakedao":45.67518097312615,"convex":22.950650318759998,"yearn":33.32808}