{"stakedao":56.437614305784194,"convex":30.9695214305664,"yearn":44.41766}