{"stakedao":44.97331740697859,"convex":21.7541581809552,"yearn":50.20835}