{"stakedao":63.77188878068068,"convex":20.345778178876802,"yearn":37.94986}