{"stakedao":42.62295173606262,"convex":21.088381016260797,"yearn":32.98287}