{"stakedao":45.679241076594735,"convex":20.5197559962912,"yearn":45.44584}