{"stakedao":45.42883932131909,"convex":20.5313053057344,"yearn":44.06762}