{"stakedao":40.70139706574857,"convex":16.4567849094432,"yearn":33.27681}