{"stakedao":47.326636373007084,"convex":8.991626947473602,"yearn":28.02596}