{"stakedao":53.931989750388006,"convex":12.346129410134399,"yearn":16.28131}