{"stakedao":47.447485681248686,"convex":29.2872970461456,"yearn":34.9844}