{"stakedao":38.997168473771474,"convex":16.059234026534398,"yearn":27.64107}