{"stakedao":49.36162839729534,"convex":29.2946798444976,"yearn":34.69403}