{"stakedao":43.683535053230855,"convex":14.872289207745602,"yearn":18.36063}