{"stakedao":48.189458104343956,"convex":26.040379369968,"yearn":27.334}