{"stakedao":45.72861561222052,"convex":20.573915241513603,"yearn":45.73563}