{"stakedao":53.0252388005991,"convex":27.922432214419196,"yearn":31.42527}