{"stakedao":51.886284969062594,"convex":14.730589807689599,"yearn":17.9153}