{"stakedao":40.52078124273357,"convex":16.2795100505328,"yearn":34.88065}