{"stakedao":45.855582561534014,"convex":22.0675303218096,"yearn":39.49643}