{"stakedao":72.36086777221682,"convex":20.242884388161603,"yearn":32.51147}