{"stakedao":41.58818453052758,"convex":18.274650946833603,"yearn":31.77792}