{"stakedao":49.3589094477879,"convex":22.9547076711408,"yearn":32.79878}