{"stakedao":66.92267154009676,"convex":19.6075301445792,"yearn":40.75038}