{"stakedao":63.397110754732125,"convex":19.057915589904,"yearn":47.32306}