{"stakedao":38.971489407968335,"convex":18.06281109612,"yearn":29.43448}