{"stakedao":56.77476997890092,"convex":30.4692658247232,"yearn":41.49712}