{"stakedao":43.15561133366954,"convex":28.587713882328003,"yearn":27.91809}