{"stakedao":46.4125357884396,"convex":28.3945333277808,"yearn":29.85038}