{"stakedao":62.24933949306582,"convex":19.133714415744,"yearn":50.57924}