{"stakedao":43.386579643011785,"convex":23.661686525227196,"yearn":30.80933}