{"stakedao":55.81192488496535,"convex":11.3494530738096,"yearn":23.00894}