{"stakedao":56.7056933341037,"convex":30.997577562264,"yearn":46.42375}