{"stakedao":46.30041629973515,"convex":12.1923487703088,"yearn":22.41205}