{"stakedao":44.45643964594536,"convex":22.522054681584,"yearn":30.51509}