{"stakedao":52.471151293237185,"convex":15.7702099892688,"yearn":26.00493}