{"stakedao":48.05799315039323,"convex":11.3729318213328,"yearn":31.52919}