{"stakedao":65.19420025974317,"convex":18.9511654478112,"yearn":41.94741}