{"stakedao":61.327145500909964,"convex":18.831998727892802,"yearn":48.69066}