{"stakedao":46.32609561314054,"convex":28.3945333277808,"yearn":29.94777}