{"stakedao":48.38767569272993,"convex":14.308568284910399,"yearn":17.74418}