{"stakedao":45.51627477688975,"convex":22.077030021465603,"yearn":40.69485}