{"stakedao":40.6733005818196,"convex":18.8614689653664,"yearn":29.24838}