{"stakedao":45.38903077550138,"convex":20.531842603488,"yearn":44.02813}