{"stakedao":52.88840166852982,"convex":17.190857615184,"yearn":36.90972}