{"stakedao":42.75676252216531,"convex":13.2052696155936,"yearn":16.23722}