{"stakedao":43.32101536705716,"convex":13.7251681002144,"yearn":17.19297}