{"stakedao":48.39571286758681,"convex":11.070571070908802,"yearn":19.40043}