{"stakedao":53.871065419013405,"convex":10.774955413612801,"yearn":23.86605}