{"stakedao":41.630470466865745,"convex":15.032725097788802,"yearn":14.84093}