{"stakedao":38.960316014515385,"convex":16.3038661579584,"yearn":27.95499}