{"stakedao":40.8434717934648,"convex":19.8381561355584,"yearn":26.9291}