{"stakedao":41.21130912977428,"convex":21.5168014078848,"yearn":25.6502}