{"stakedao":62.89901888590771,"convex":20.0232544894992,"yearn":39.78236}