{"stakedao":40.67899417958692,"convex":19.9834064734464,"yearn":29.44037}