{"stakedao":50.07008859656122,"convex":11.1553332920352,"yearn":32.99185}