{"stakedao":45.52993296289332,"convex":20.950979178297597,"yearn":43.4949}