{"stakedao":55.66628099120595,"convex":11.407518431064,"yearn":15.45553}