{"stakedao":56.855341703190646,"convex":12.292774749187199,"yearn":23.65881}