{"stakedao":47.2919602129041,"convex":8.9788930291872,"yearn":29.60776}