{"stakedao":39.43657697683658,"convex":15.697922236603201,"yearn":25.60773}