{"stakedao":40.64153854414757,"convex":17.059651815974398,"yearn":30.42129}