{"stakedao":41.03607575521028,"convex":19.8415225152576,"yearn":27.31544}