{"stakedao":40.79456124173745,"convex":16.5266679191184,"yearn":33.56983}