{"stakedao":47.45018073361539,"convex":10.1886950556288,"yearn":18.51811}