{"stakedao":44.594851437559456,"convex":22.662971777548798,"yearn":46.8227}