{"stakedao":53.161928068062785,"convex":26.9710872760656,"yearn":28.52423}