{"stakedao":79.72354079437955,"convex":21.114095849092802,"yearn":33.63023}