{"stakedao":50.42246587747548,"convex":22.6281740847552,"yearn":29.97243}