{"stakedao":40.878987861411034,"convex":19.094488538745598,"yearn":29.60422}