{"stakedao":44.61770409285795,"convex":22.611822611990398,"yearn":45.07484}