{"stakedao":39.350685488423096,"convex":16.898556457713603,"yearn":26.38045}