{"stakedao":52.735560977275625,"convex":14.2629910638192,"yearn":22.15882}