{"stakedao":69.11191711796351,"convex":20.5750604808144,"yearn":37.80158}