{"stakedao":54.06418252744891,"convex":10.5905244907296,"yearn":15.57087}