{"stakedao":51.77900530697464,"convex":13.8822654536928,"yearn":27.0308}