{"stakedao":41.742832951949936,"convex":18.4020345008496,"yearn":30.95067}