{"stakedao":57.96871969678379,"convex":30.7420213667472,"yearn":40.62272}