{"stakedao":47.17960004129448,"convex":28.373094924767997,"yearn":29.55207}