{"stakedao":40.522976964640705,"convex":19.145584531454404,"yearn":28.47787}