{"stakedao":44.4021697913514,"convex":9.3250482517008,"yearn":26.05687}