{"stakedao":65.99604255404935,"convex":20.5249978345248,"yearn":44.24938}