{"stakedao":47.48110137985337,"convex":22.985133058368,"yearn":48.70683}