{"stakedao":43.6631316262019,"convex":27.4513684304736,"yearn":26.00864}