{"stakedao":56.95063265056661,"convex":12.2699096102304,"yearn":23.35136}