{"stakedao":48.98451304026604,"convex":21.8324532451824,"yearn":39.52458}