{"stakedao":40.055795365852255,"convex":13.1301827937936,"yearn":17.39635}