{"stakedao":53.50418847933394,"convex":10.7594389289808,"yearn":24.00609}