{"stakedao":43.12432886832256,"convex":25.4765907677232,"yearn":30.65501}