{"stakedao":52.29815029988052,"convex":25.0960019134608,"yearn":34.17282}