{"stakedao":47.57055480428423,"convex":22.9819516183872,"yearn":50.20835}