{"stakedao":45.074438762867125,"convex":9.017315561275199,"yearn":25.68475}