{"stakedao":39.00543474711181,"convex":16.3222610342256,"yearn":27.95499}