{"stakedao":39.27226434474604,"convex":16.2644848368624,"yearn":27.95499}