{"stakedao":73.46851325713286,"convex":20.3146857453312,"yearn":32.51147}