{"stakedao":42.75303140572195,"convex":24.9109869186288,"yearn":28.46404}