{"stakedao":40.83661738307874,"convex":13.2670776211776,"yearn":15.49553}