{"stakedao":48.40338524442829,"convex":26.0301028219488,"yearn":27.90882}