{"stakedao":39.555744941238835,"convex":15.683991861398399,"yearn":25.60773}