{"stakedao":42.606514188931385,"convex":12.2055473431728,"yearn":17.66384}