{"stakedao":51.46373759781076,"convex":25.317048207412803,"yearn":30.24929}