{"stakedao":61.224349582786616,"convex":18.831063742257598,"yearn":48.43834}