{"stakedao":47.70300440165026,"convex":29.2807722035952,"yearn":35.63259}