{"stakedao":41.66949190963668,"convex":17.5197304474416,"yearn":32.82841}