{"stakedao":41.43301149900589,"convex":21.5167866458832,"yearn":25.76625}