{"stakedao":55.10714759277822,"convex":10.5340250188656,"yearn":21.85893}