{"stakedao":43.82293314743865,"convex":27.433935052156798,"yearn":26.36045}