{"stakedao":49.329840482696866,"convex":21.7893766932864,"yearn":38.58547}