{"stakedao":66.4310741191745,"convex":20.5358975118288,"yearn":43.48337}