{"stakedao":45.904359025688706,"convex":21.814006981003203,"yearn":39.81253}