{"stakedao":42.33426441114596,"convex":12.415009130352,"yearn":17.46297}