{"stakedao":47.490416944011486,"convex":22.985133058368,"yearn":48.70683}