{"stakedao":39.6690772770132,"convex":15.605797611455998,"yearn":34.43876}