{"stakedao":48.046836548268885,"convex":11.37502952352,"yearn":30.97966}