{"stakedao":37.60807635813067,"convex":14.1595774399872,"yearn":24.78796}