{"stakedao":52.658333634726986,"convex":13.579741409860802,"yearn":32.18949}