{"stakedao":57.96044523433011,"convex":12.195935094686398,"yearn":14.83828}