{"stakedao":41.25860402605407,"convex":21.5221776304752,"yearn":26.00616}