{"stakedao":45.076941719613984,"convex":9.013334976979198,"yearn":25.68475}