{"stakedao":56.63576299936502,"convex":30.9844822130352,"yearn":45.16114}