{"stakedao":44.388239500677635,"convex":22.6056149553744,"yearn":49.41251}