{"stakedao":48.35589055882765,"convex":11.1610172807568,"yearn":32.36922}