{"stakedao":42.77787481990077,"convex":15.5397266040816,"yearn":17.72176}