{"stakedao":67.03502677636465,"convex":20.5798015841328,"yearn":41.22645}