{"stakedao":45.95013577379425,"convex":20.115838140047998,"yearn":42.49517}