{"stakedao":39.065517673800095,"convex":17.665294357238402,"yearn":29.43448}