{"stakedao":49.84781352175714,"convex":22.745635271568,"yearn":34.56538}