{"stakedao":53.43273740207809,"convex":10.76345447724,"yearn":23.78182}