{"stakedao":42.32433114817087,"convex":12.4138844745984,"yearn":17.46297}