{"stakedao":55.421492431251664,"convex":12.114009284471999,"yearn":17.18868}