{"stakedao":55.65672897002375,"convex":11.313933641812799,"yearn":15.45494}