{"stakedao":52.62939782351577,"convex":24.2476973073072,"yearn":37.44467}