{"stakedao":42.525563686285,"convex":21.087164152396802,"yearn":32.84673}