{"stakedao":43.089782368162886,"convex":15.276840373094402,"yearn":18.39044}