{"stakedao":42.57207006798168,"convex":25.3983350698848,"yearn":29.68308}