{"stakedao":40.832972700835,"convex":17.2350132438528,"yearn":31.1214}