{"stakedao":70.0242629640187,"convex":21.2065561055808,"yearn":31.68482}