{"stakedao":47.43058707911885,"convex":8.982104258073601,"yearn":29.66383}