{"stakedao":39.70339729050977,"convex":15.60452360436,"yearn":35.03423}