{"stakedao":55.506231200131445,"convex":10.6626345254208,"yearn":16.18109}