{"stakedao":42.53025429301535,"convex":22.9950618715296,"yearn":29.43448}