{"stakedao":27.923628843447013,"convex":13.690624120848,"yearn":25.62312}