{"stakedao":42.69942296934683,"convex":24.9105940242192,"yearn":29.1218}