{"stakedao":39.392918782697244,"convex":15.739438989556799,"yearn":24.88447}