{"stakedao":38.982654019463524,"convex":15.9687993399408,"yearn":27.8517}