{"stakedao":44.73280301223803,"convex":23.223300990969598,"yearn":36.37369}