{"stakedao":40.46517677130927,"convex":16.2319223022192,"yearn":34.36446}