{"stakedao":42.71137507857787,"convex":24.9295818876624,"yearn":0}