{"stakedao":46.1649073502472,"convex":21.4974349547616,"yearn":42.19701}