{"stakedao":58.94932379710052,"convex":16.9052961361104,"yearn":36.75259}