{"stakedao":39.055869863384636,"convex":16.3175010566112,"yearn":27.95499}