{"stakedao":61.89896187307871,"convex":19.132612327152,"yearn":49.83925}