{"stakedao":47.39978684506794,"convex":22.9815088529472,"yearn":38.68826}