{"stakedao":43.58914549519346,"convex":14.767082680320001,"yearn":18.6019}