{"stakedao":47.37878498726413,"convex":19.805452972430402,"yearn":26.60854}