{"stakedao":45.47253266483344,"convex":20.468239969291197,"yearn":47.25977}