{"stakedao":46.439029230708044,"convex":12.208301419896,"yearn":23.06613}