{"stakedao":45.400039882568706,"convex":22.058732206699197,"yearn":40.3349}