{"stakedao":40.19694456146028,"convex":13.062265823505602,"yearn":16.83522}