{"stakedao":41.21259112180415,"convex":21.522270595449598,"yearn":26.06608}