{"stakedao":27.99161772686486,"convex":13.740621847128,"yearn":25.81229}