{"stakedao":42.71178235068981,"convex":12.197983414651198,"yearn":18.13853}