{"stakedao":42.99669684027258,"convex":28.587713882328003,"yearn":27.91809}