{"stakedao":55.013132899697325,"convex":10.5820001680176,"yearn":16.95419}