{"stakedao":75.71293533342832,"convex":20.796306839150404,"yearn":34.02151}