{"stakedao":52.54329044327775,"convex":13.708947937046402,"yearn":18.83071}