{"stakedao":43.97273898865519,"convex":12.341244064305599,"yearn":19.13603}