{"stakedao":39.335823893728325,"convex":15.519626970494402,"yearn":31.08742}