{"stakedao":53.91190276731347,"convex":15.9431473394352,"yearn":23.68199}