{"stakedao":67.81039721884417,"convex":20.506512475166403,"yearn":42.87534}