{"stakedao":55.198066013011555,"convex":10.5809356482624,"yearn":17.04674}