{"stakedao":37.56926852860465,"convex":23.7264821883792,"yearn":30.48374}