{"stakedao":56.81664153170705,"convex":12.453031779652799,"yearn":14.19385}