{"stakedao":53.23224116166398,"convex":13.621277100182402,"yearn":32.78033}