{"stakedao":56.227815840821556,"convex":12.382025599569602,"yearn":14.21103}