{"stakedao":55.46861839963856,"convex":10.180560571488,"yearn":20.92611}