{"stakedao":57.08457163150654,"convex":12.188153457388799,"yearn":17.67282}