{"stakedao":41.47284861728867,"convex":20.688150670804802,"yearn":25.52713}