{"stakedao":41.14492497121346,"convex":21.5189677040256,"yearn":25.91608}