{"stakedao":53.064969965826435,"convex":27.994234202308796,"yearn":30.53012}