{"stakedao":52.205822137238584,"convex":25.433546871355198,"yearn":28.58597}