{"stakedao":45.65752733659026,"convex":20.516361070204802,"yearn":44.5491}