{"stakedao":42.47326752412519,"convex":20.686033586592,"yearn":29.5592}