{"stakedao":41.05475497580181,"convex":19.816413955718403,"yearn":26.46383}