{"stakedao":54.3460249436913,"convex":11.7223621457472,"yearn":16.47137}