{"stakedao":55.59955015958273,"convex":10.5340250188656,"yearn":21.81223}