{"stakedao":41.48071704542283,"convex":20.6905412730528,"yearn":23.50784}