{"stakedao":52.36328645364339,"convex":9.6006672183744,"yearn":19.18749}