{"stakedao":42.402802321080124,"convex":25.296721785835203,"yearn":29.30884}