{"stakedao":48.234552863487366,"convex":10.987180369344,"yearn":35.37354}