{"stakedao":61.110920452069294,"convex":17.4133704687408,"yearn":35.36536}