{"stakedao":42.43763863860299,"convex":23.2635807569376,"yearn":29.43448}