{"stakedao":52.241180128753406,"convex":13.893687420768003,"yearn":27.14212}