{"stakedao":49.271388379243184,"convex":29.152308992544,"yearn":34.06119}