{"stakedao":40.716147886507,"convex":13.2261143344848,"yearn":15.89505}