{"stakedao":55.533236082554936,"convex":10.5340250188656,"yearn":21.78918}