{"stakedao":46.038484278006415,"convex":8.994088590868799,"yearn":27.67106}