{"stakedao":47.25087165096634,"convex":21.5049873348,"yearn":42.19701}