{"stakedao":42.46961392233803,"convex":15.276840373094402,"yearn":18.4423}