{"stakedao":60.00733861047843,"convex":17.210113638696,"yearn":35.69022}