{"stakedao":50.78641470208496,"convex":24.9106989413376,"yearn":37.79922}