{"stakedao":42.552443648679095,"convex":13.1779518804144,"yearn":15.95773}