{"stakedao":42.546584725749184,"convex":12.1314002657904,"yearn":21.58143}