{"stakedao":54.98606395105245,"convex":10.5944324160816,"yearn":14.62723}