{"stakedao":54.77090285906322,"convex":10.581604088472,"yearn":16.65817}