{"stakedao":39.56750385995227,"convex":15.6925643017392,"yearn":25.60773}