{"stakedao":41.16921554946575,"convex":20.666329729804797,"yearn":23.58703}