{"stakedao":46.797723414321055,"convex":10.167700960166401,"yearn":19.05876}