{"stakedao":40.35413040398626,"convex":16.6110231839328,"yearn":33.58414}