{"stakedao":42.157948639720026,"convex":15.5362404758832,"yearn":17.36443}