{"stakedao":44.94809665489291,"convex":22.118972851008003,"yearn":43.47423}