{"stakedao":47.15508497473483,"convex":14.322179733393599,"yearn":18.09478}