{"stakedao":43.48379614612881,"convex":27.1238858407008,"yearn":26.57646}