{"stakedao":39.66023322391371,"convex":15.607036897416,"yearn":35.66897}