{"stakedao":42.952292347015785,"convex":15.7013996293296,"yearn":16.95581}