{"stakedao":43.17632710693907,"convex":14.177082398716799,"yearn":16.74948}