{"stakedao":39.06675183925093,"convex":16.3732224060576,"yearn":27.21494}