{"stakedao":47.738029105163186,"convex":22.4004280022928,"yearn":38.21202}