{"stakedao":39.34157374820112,"convex":16.313135723654398,"yearn":27.95499}