{"stakedao":44.45029133812473,"convex":19.5845151307824,"yearn":41.17391}