{"stakedao":37.618003881543146,"convex":24.3205438968144,"yearn":30.00156}