{"stakedao":49.42358088878174,"convex":28.0112306115024,"yearn":26.94956}