{"stakedao":40.14880217366321,"convex":13.1431137868512,"yearn":17.43112}