{"stakedao":49.02849052425461,"convex":29.322146353910398,"yearn":33.8976}