{"stakedao":78.56615534159488,"convex":21.041550056260803,"yearn":33.63023}