{"stakedao":41.2761038542733,"convex":20.9977040984976,"yearn":24.8863}