{"stakedao":39.40025706921395,"convex":15.723048869424002,"yearn":26.79239}