{"stakedao":47.429917639449435,"convex":10.188524281881602,"yearn":17.5363}