{"stakedao":40.80840844494488,"convex":17.2284470260704,"yearn":31.34463}