{"stakedao":43.300284484599295,"convex":28.5641659101312,"yearn":26.54277}