{"stakedao":48.38604609807557,"convex":12.203837688312,"yearn":22.63036}