{"stakedao":40.37581486240814,"convex":15.131647150056,"yearn":20.47177}