{"stakedao":44.5626271717354,"convex":22.127176859414398,"yearn":46.6034}