{"stakedao":45.736271104977945,"convex":32.2994651533632,"yearn":26.95145}