{"stakedao":49.024213900573045,"convex":21.834899968896,"yearn":38.80241}