{"stakedao":55.321949797469856,"convex":11.8233045991584,"yearn":17.54173}