{"stakedao":40.524490572378724,"convex":16.2795100505328,"yearn":34.88065}