{"stakedao":41.460595569577116,"convex":20.700552209112,"yearn":25.67154}