{"stakedao":47.1277019551256,"convex":14.332126370702401,"yearn":18.27393}