{"stakedao":42.25443431666585,"convex":22.17509745444,"yearn":26.03128}