{"stakedao":54.63447307025096,"convex":12.219407579159999,"yearn":16.03979}