{"stakedao":53.2303251646472,"convex":26.968199190264,"yearn":28.6015}