{"stakedao":45.527510168437246,"convex":22.0406556831984,"yearn":42.12028}