{"stakedao":52.16490576963385,"convex":22.817766413304,"yearn":34.56538}