{"stakedao":47.78733033596235,"convex":31.412313401803196,"yearn":28.10801}