{"stakedao":38.70630649969415,"convex":16.421454948888,"yearn":27.95499}