{"stakedao":39.10864720881125,"convex":18.0549695782656,"yearn":29.43448}