{"stakedao":47.79558285842279,"convex":10.643403894696,"yearn":20.06776}