{"stakedao":44.05588278808406,"convex":22.4985872491776,"yearn":32.25947}