{"stakedao":64.69961692279195,"convex":19.026712979035196,"yearn":41.94741}