{"stakedao":55.26138487714779,"convex":12.1758834588912,"yearn":15.8454}