{"stakedao":47.655113019939,"convex":22.385176571433597,"yearn":38.57332}