{"stakedao":48.24102567100838,"convex":10.8536463145584,"yearn":29.97511}