{"stakedao":55.776371583279996,"convex":11.408207461128,"yearn":15.40302}