{"stakedao":43.516015584836126,"convex":19.547676229392,"yearn":44.25226}