{"stakedao":40.684057887001266,"convex":19.096791316387197,"yearn":29.08552}