{"stakedao":54.30808638657218,"convex":10.441122145156799,"yearn":15.65227}