{"stakedao":54.95216563461696,"convex":10.6449273610128,"yearn":14.79221}