{"stakedao":39.083322150469556,"convex":18.065504333592003,"yearn":29.43448}