{"stakedao":45.54672888416156,"convex":10.607127220267202,"yearn":27.75412}