{"stakedao":46.929421560748104,"convex":10.164522191284801,"yearn":19.44103}