{"stakedao":75.81729623669452,"convex":20.6960440811472,"yearn":34.36921}