{"stakedao":43.15018856171757,"convex":26.481558839299204,"yearn":26.39768}