{"stakedao":39.090182096925375,"convex":16.435889654112,"yearn":19.2224}