{"stakedao":39.44774022246936,"convex":15.701150551694399,"yearn":25.60773}