{"stakedao":40.719783186230174,"convex":19.1061931472208,"yearn":28.76108}