{"stakedao":28.976942548325997,"convex":15.7773917014704,"yearn":24.41463}