{"stakedao":42.541451945882976,"convex":21.135286956254397,"yearn":29.26042}