{"stakedao":52.21496268488185,"convex":28.2419693279136,"yearn":28.97193}