{"stakedao":47.26964740960632,"convex":26.0117048551536,"yearn":27.26474}