{"stakedao":57.73073063772209,"convex":24.3125681428224,"yearn":39.15501}