{"stakedao":67.95286766820396,"convex":23.5466191257984,"yearn":36.53848}