{"stakedao":42.60503420577994,"convex":12.071208104928001,"yearn":21.9835}