{"stakedao":47.50488236636743,"convex":22.9814997012,"yearn":38.65228}