{"stakedao":45.756882397065965,"convex":23.3490870889056,"yearn":32.54393}