{"stakedao":39.16950818853797,"convex":16.3897969644864,"yearn":27.53514}