{"stakedao":52.095347283594656,"convex":17.571249609120002,"yearn":18.5252}