{"stakedao":43.554485439802846,"convex":26.4910241394864,"yearn":26.80094}