{"stakedao":68.32980801202015,"convex":23.564179389211205,"yearn":36.18087}