{"stakedao":57.177031828101676,"convex":30.3990173159616,"yearn":42.44749}