{"stakedao":42.419028932946745,"convex":20.6831869769376,"yearn":31.08738}