{"stakedao":45.19685735647653,"convex":20.4686661436416,"yearn":47.99734}