{"stakedao":44.0460025079904,"convex":27.4771639166256,"yearn":26.6185}