{"stakedao":55.424778121591544,"convex":10.4435796005712,"yearn":14.07466}