{"stakedao":47.6815070095157,"convex":29.2231329292368,"yearn":36.45411}