{"stakedao":39.04575961456829,"convex":16.0594489412208,"yearn":27.64107}