{"stakedao":27.940664642207466,"convex":13.716688479782398,"yearn":25.74909}