{"stakedao":39.319066640321836,"convex":16.9078327815744,"yearn":27.15307}