{"stakedao":51.29904526416931,"convex":25.3169020727424,"yearn":30.45547}