{"stakedao":73.90254316062325,"convex":24.449214267849598,"yearn":43.18639}