{"stakedao":47.37780164740413,"convex":10.1791077300432,"yearn":18.45925}