{"stakedao":54.51763131189788,"convex":26.8129304139024,"yearn":29.21127}