{"stakedao":67.02421998494162,"convex":24.341926474799997,"yearn":35.63482}