{"stakedao":45.252525052688306,"convex":22.93621116696,"yearn":33.82799}