{"stakedao":48.576536091851274,"convex":17.5262057090928,"yearn":18.15301}