{"stakedao":46.959824889059874,"convex":32.3250826251024,"yearn":27.33079}