{"stakedao":72.69701619460005,"convex":20.2559312034864,"yearn":32.66584}