{"stakedao":39.329677944655025,"convex":15.7219275974832,"yearn":24.59256}