{"stakedao":57.64713247656802,"convex":24.261851461968,"yearn":39.05085}