{"stakedao":40.93781151011033,"convex":19.8166609772064,"yearn":26.52929}