{"stakedao":53.060045539971824,"convex":28.10510024652,"yearn":30.04}