{"stakedao":45.51936431604747,"convex":31.0828986769968,"yearn":48.69945}