{"stakedao":43.76163453609774,"convex":12.0748324774896,"yearn":22.72018}