{"stakedao":41.03879502637503,"convex":20.844124119086402,"yearn":26.58785}