{"stakedao":39.377667801721856,"convex":15.7194084923424,"yearn":26.79239}