{"stakedao":74.79427046378177,"convex":24.5793506844528,"yearn":41.67961}