{"stakedao":51.56297648013924,"convex":13.8172254149232,"yearn":18.01888}