{"stakedao":53.77202775816496,"convex":11.401150171060799,"yearn":16.39703}