{"stakedao":71.3442404401491,"convex":20.2641085292832,"yearn":32.51147}