{"stakedao":41.674347612617964,"convex":13.800085182648,"yearn":15.66792}