{"stakedao":52.140176368538384,"convex":17.5830882739776,"yearn":18.2975}