{"stakedao":38.65989078766056,"convex":16.4296363270608,"yearn":29.43448}