{"stakedao":47.33163690546857,"convex":19.8166162339296,"yearn":26.5923}