{"stakedao":48.60599100820876,"convex":22.943117424816002,"yearn":29.97243}