{"stakedao":51.72391837692654,"convex":17.571233746512,"yearn":18.75216}