{"stakedao":54.5375274254175,"convex":12.266984658844802,"yearn":26.37956}