{"stakedao":52.9600433126013,"convex":14.6058717615408,"yearn":21.80339}