{"stakedao":42.68991446616392,"convex":24.910285296239998,"yearn":27.03707}