{"stakedao":51.7943559673531,"convex":25.717066164216,"yearn":33.83564}