{"stakedao":44.26764504310869,"convex":22.5566757002448,"yearn":30.23866}