{"stakedao":46.14404786886873,"convex":10.619940290759999,"yearn":25.39785}