{"stakedao":40.53444717614459,"convex":16.2414144080064,"yearn":34.69793}