{"stakedao":39.255118566306656,"convex":16.265954054952,"yearn":27.95499}