{"stakedao":46.24274136687434,"convex":11.378202770448,"yearn":31.82989}