{"stakedao":42.422309739492924,"convex":21.0541505047344,"yearn":33.30111}