{"stakedao":45.30129902106809,"convex":22.864176724060798,"yearn":33.95685}