{"stakedao":48.7231599477302,"convex":22.8967180570512,"yearn":30.21177}