{"stakedao":54.0276438701857,"convex":11.840726898878401,"yearn":27.46399}