{"stakedao":47.43377379792575,"convex":22.39525200492,"yearn":37.64123}