{"stakedao":38.950613249848594,"convex":16.3734057469008,"yearn":27.95499}