{"stakedao":40.93553843349199,"convex":19.836837728928,"yearn":27.01038}