{"stakedao":39.15788940319696,"convex":18.0394509523392,"yearn":29.43448}