{"stakedao":42.60502049883514,"convex":15.5360242871424,"yearn":17.42087}