{"stakedao":46.175576105249675,"convex":12.2165270714592,"yearn":22.84976}