{"stakedao":64.07633083950297,"convex":20.365732504036803,"yearn":37.94986}