{"stakedao":50.48211365770929,"convex":10.840599906048002,"yearn":37.26578}