{"stakedao":58.98740988983101,"convex":17.073163840910404,"yearn":35.79244}