{"stakedao":56.50731348888539,"convex":30.9695214305664,"yearn":44.47344}