{"stakedao":52.87701352307639,"convex":14.1411694983552,"yearn":22.32179}