{"stakedao":46.54501171022582,"convex":21.658555437753602,"yearn":42.19701}