{"stakedao":49.38338310851344,"convex":10.8373907743056,"yearn":36.8255}