{"stakedao":40.637525481215164,"convex":19.9834064734464,"yearn":29.44037}