{"stakedao":57.789467018754415,"convex":11.0029677103728,"yearn":17.47709}