{"stakedao":56.708728627237136,"convex":30.4644890951856,"yearn":41.9361}