{"stakedao":43.28012488456196,"convex":23.6616397920288,"yearn":31.07874}