{"stakedao":40.60669386805718,"convex":17.192502176587197,"yearn":30.88473}