{"stakedao":75.13908300967259,"convex":24.582301025472,"yearn":41.67961}