{"stakedao":44.80882886876208,"convex":9.0120789201744,"yearn":26.58161}