{"stakedao":65.051870458526,"convex":18.7415133976368,"yearn":41.84434}