{"stakedao":65.52288612136657,"convex":19.574331531969598,"yearn":41.55229}