{"stakedao":39.35581884566864,"convex":15.7197024141696,"yearn":26.79239}