{"stakedao":52.31582432623943,"convex":13.713054513969603,"yearn":18.76979}