{"stakedao":56.948334660042164,"convex":12.2678185968288,"yearn":23.50012}