{"stakedao":38.96811044549783,"convex":15.985294304659199,"yearn":27.75547}