{"stakedao":54.93868118790509,"convex":10.5944324160816,"yearn":14.66392}