{"stakedao":46.69993431712554,"convex":28.3749270276096,"yearn":30.38922}