{"stakedao":42.384715228735374,"convex":13.2622546472496,"yearn":17.74666}