{"stakedao":47.54685307557568,"convex":22.3564032259488,"yearn":37.84879}