{"stakedao":42.39412887748577,"convex":23.109257306865597,"yearn":29.43448}