{"stakedao":48.39116119669757,"convex":22.9504396645872,"yearn":29.97243}