{"stakedao":52.01160752920433,"convex":13.716614799072001,"yearn":16.70344}