{"stakedao":39.255459976609394,"convex":16.312789187164796,"yearn":27.95499}