{"stakedao":45.62298147295761,"convex":22.9665293002512,"yearn":32.46215}