{"stakedao":39.27294519913265,"convex":16.4599394397552,"yearn":26.46188}