{"stakedao":48.96220563807528,"convex":22.939747532006397,"yearn":29.97243}