{"stakedao":56.146420020836835,"convex":10.533436282742398,"yearn":16.1683}