{"stakedao":56.07397533753537,"convex":11.3854387182624,"yearn":14.29266}