{"stakedao":48.36741983699598,"convex":17.4081969059472,"yearn":18.6743}