{"stakedao":41.76409284310804,"convex":13.2636809353824,"yearn":18.5065}