{"stakedao":52.7417781100716,"convex":14.144625654739201,"yearn":22.26744}