{"stakedao":66.94138974772781,"convex":21.2016698042112,"yearn":31.68482}