{"stakedao":49.83956379337738,"convex":22.6955371315104,"yearn":34.56538}