{"stakedao":55.38986712662717,"convex":10.5339713666688,"yearn":21.97515}