{"stakedao":42.2313153438555,"convex":15.369297226848001,"yearn":19.31749}