{"stakedao":42.38755392310472,"convex":25.392141875678398,"yearn":29.36745}