{"stakedao":54.31896763034243,"convex":26.8148243209968,"yearn":29.02884}