{"stakedao":63.27594030191606,"convex":20.268683119368,"yearn":43.32019}