{"stakedao":47.64625804182215,"convex":22.4003266739712,"yearn":38.39249}