{"stakedao":85.20268586085619,"convex":25.8941182812048,"yearn":41.64514}