{"stakedao":41.07390137875653,"convex":20.673023327798397,"yearn":23.34124}