{"stakedao":38.84241399299282,"convex":17.9680233283056,"yearn":29.43448}