{"stakedao":73.23370397536655,"convex":24.549584878972798,"yearn":42.37102}