{"stakedao":27.891875439310542,"convex":13.6857334927392,"yearn":23.66499}