{"stakedao":44.93294126120709,"convex":22.6596102228576,"yearn":48.39901}