{"stakedao":42.563974469892784,"convex":20.708234621539198,"yearn":32.14243}