{"stakedao":54.079162043854396,"convex":11.840726898878401,"yearn":27.43893}