{"stakedao":43.014874587997056,"convex":13.245370480987201,"yearn":18.25344}