{"stakedao":57.78282418463119,"convex":11.006577579528,"yearn":15.30387}