{"stakedao":40.58422355345156,"convex":13.1800775960304,"yearn":18.17398}