{"stakedao":47.124244856982045,"convex":26.0336613252672,"yearn":27.41089}