{"stakedao":54.88643942444623,"convex":12.2234720460624,"yearn":16.05988}