{"stakedao":47.41530339933224,"convex":11.375261581176,"yearn":30.51504}