{"stakedao":47.471262450689416,"convex":10.188691224004799,"yearn":18.57707}