{"stakedao":52.5611062377135,"convex":28.115131696747202,"yearn":29.95115}