{"stakedao":58.56029429880652,"convex":17.043874024046403,"yearn":35.79244}