{"stakedao":46.11938183520663,"convex":22.1902802976528,"yearn":40.4582}