{"stakedao":40.76292645048495,"convex":13.6958266273824,"yearn":16.3816}