{"stakedao":44.48236488297711,"convex":22.103029104033602,"yearn":45.63562}