{"stakedao":58.014156956654205,"convex":12.194290839182399,"yearn":14.67068}