{"stakedao":40.896045528078005,"convex":16.751830667068802,"yearn":33.80732}