{"stakedao":41.12856788218414,"convex":19.8154556996688,"yearn":25.89537}