{"stakedao":64.68172192729972,"convex":20.422815965856003,"yearn":37.94986}