{"stakedao":38.75192972909007,"convex":16.404157563264,"yearn":27.95499}