{"stakedao":44.4744826972275,"convex":22.1885296049952,"yearn":48.18257}