{"stakedao":39.63988557048534,"convex":14.791307724129599,"yearn":21.86}