{"stakedao":57.676361500640745,"convex":11.038701082593601,"yearn":17.13204}