{"stakedao":55.35062555568263,"convex":11.3497264625472,"yearn":22.65134}