{"stakedao":40.53349825803802,"convex":18.877817278224,"yearn":29.24838}