{"stakedao":44.1525077314061,"convex":19.563454163232002,"yearn":43.76179}