{"stakedao":73.3159464536493,"convex":20.3157557176608,"yearn":32.51147}