{"stakedao":55.292534559050544,"convex":10.1825625934512,"yearn":21.14963}