{"stakedao":42.4546936634124,"convex":16.4391256955232,"yearn":18.97025}