{"stakedao":44.02579025641636,"convex":23.2992717700032,"yearn":31.87226}