{"stakedao":43.73816507633186,"convex":19.6145167214736,"yearn":41.48967}