{"stakedao":43.733568028440956,"convex":27.401816872368,"yearn":26.29754}