{"stakedao":46.70872329960384,"convex":13.2581962731024,"yearn":25.5793}