{"stakedao":58.05520229615146,"convex":12.084361101964799,"yearn":14.17518}