{"stakedao":42.23961555678582,"convex":15.369297226848001,"yearn":19.28117}