{"stakedao":46.1851051147611,"convex":20.27249525412,"yearn":42.67362}