{"stakedao":41.100635602037784,"convex":20.9833139221056,"yearn":24.29322}