{"stakedao":48.575438782180704,"convex":28.000942379395198,"yearn":27.43541}