{"stakedao":54.49551738026662,"convex":10.5983869295664,"yearn":15.65496}