{"stakedao":46.83410925166801,"convex":20.0423161534896,"yearn":43.8281}