{"stakedao":45.08047003689464,"convex":9.0180075304944,"yearn":25.44211}