{"stakedao":54.567002920183754,"convex":11.4177616739136,"yearn":18.36915}