{"stakedao":41.599579565975944,"convex":13.8504580548768,"yearn":21.48847}