{"stakedao":46.68078041869555,"convex":28.3749270276096,"yearn":30.22229}