{"stakedao":65.6535348404486,"convex":19.6381779457536,"yearn":39.32607}