{"stakedao":52.57021593520823,"convex":14.6606157756576,"yearn":30.95609}