{"stakedao":55.8699676103299,"convex":11.0115806933952,"yearn":15.71723}