{"stakedao":38.68397140903929,"convex":16.4088606089376,"yearn":27.95499}