{"stakedao":50.1878421664394,"convex":22.6577893373712,"yearn":29.97243}