{"stakedao":41.83631361967689,"convex":17.4976683758784,"yearn":33.67132}