{"stakedao":46.69227657922342,"convex":32.386666822848,"yearn":27.04715}