{"stakedao":54.22993635223628,"convex":10.4410871748864,"yearn":15.96039}