{"stakedao":45.78289133806072,"convex":20.1820224215808,"yearn":42.67403}