{"stakedao":41.61658788802896,"convex":13.8545202669552,"yearn":15.38247}