{"stakedao":41.13907824564177,"convex":21.519832414838397,"yearn":26.15595}