{"stakedao":46.69837679118771,"convex":10.1643588474192,"yearn":19.32862}