{"stakedao":54.54570127306915,"convex":11.4195458262672,"yearn":18.27048}