{"stakedao":39.539757255568865,"convex":15.695396102088,"yearn":25.60773}