{"stakedao":43.41821638942054,"convex":12.3563129584896,"yearn":18.66985}