{"stakedao":56.792191099694335,"convex":11.6374259089728,"yearn":14.42149}