{"stakedao":39.01830194447072,"convex":16.0911423153216,"yearn":27.64107}