{"stakedao":43.57713006405085,"convex":25.1083640664576,"yearn":27.9724}