{"stakedao":37.36681081689327,"convex":15.4056198334608,"yearn":28.73417}