{"stakedao":63.94750903095718,"convex":12.6308362699152,"yearn":46.79803}