{"stakedao":39.57478988459133,"convex":15.772190560444798,"yearn":32.62094}