{"stakedao":50.91681789438367,"convex":22.8357133837632,"yearn":34.56538}