{"stakedao":41.037633250577144,"convex":19.816413955718403,"yearn":26.49661}