{"stakedao":67.34952749068995,"convex":20.4637933775232,"yearn":41.26158}