{"stakedao":42.43919883296666,"convex":12.3817822709472,"yearn":20.72892}