{"stakedao":44.19586763193165,"convex":19.5860563518672,"yearn":43.82425}