{"stakedao":41.415324723805114,"convex":20.6845776861552,"yearn":23.84758}