{"stakedao":54.78715415634153,"convex":11.2460010422832,"yearn":21.75975}