{"stakedao":41.05238341690211,"convex":19.8361382509872,"yearn":27.1531}