{"stakedao":47.80253544641131,"convex":21.1225639904208,"yearn":42.19701}