{"stakedao":48.25415203042181,"convex":10.995099342768,"yearn":35.97593}