{"stakedao":44.888850407399545,"convex":9.2456884532736,"yearn":26.46296}