{"stakedao":53.07839632137988,"convex":24.2328678817392,"yearn":0}