{"stakedao":44.634354555223,"convex":10.644173820907199,"yearn":25.82118}