{"stakedao":40.51369653515083,"convex":16.2641973168432,"yearn":34.33323}