{"stakedao":28.948058047749907,"convex":15.8646584675664,"yearn":25.81229}