{"stakedao":47.48649510279765,"convex":22.840933862664002,"yearn":38.86202}