{"stakedao":47.39368589560269,"convex":29.329086986006402,"yearn":34.71958}