{"stakedao":40.788481601044296,"convex":19.142448298329597,"yearn":29.18756}