{"stakedao":63.206832628176585,"convex":19.1119547428848,"yearn":46.43031}