{"stakedao":50.68721748725697,"convex":12.1706400028608,"yearn":25.27914}