{"stakedao":56.42150748979532,"convex":12.2539029520896,"yearn":25.97828}