{"stakedao":41.720372756388166,"convex":17.519659929792,"yearn":32.86668}