{"stakedao":56.65973481632689,"convex":12.189976140427198,"yearn":17.67282}