{"stakedao":47.35538010730683,"convex":19.8057766232448,"yearn":26.64095}