{"stakedao":41.41097970631771,"convex":17.582734395907202,"yearn":33.17513}