{"stakedao":42.73122241651475,"convex":22.1204117093904,"yearn":28.1515}