{"stakedao":54.65867792689114,"convex":10.4929878559392,"yearn":16.41629}