{"stakedao":52.7250131343357,"convex":11.291583602419202,"yearn":16.59383}