{"stakedao":40.68517344599254,"convex":17.200461399408,"yearn":31.05133}