{"stakedao":39.41720867115281,"convex":15.7233652007328,"yearn":26.79239}