{"stakedao":49.62464585837249,"convex":13.506208940736,"yearn":17.36755}