{"stakedao":45.356882418319266,"convex":20.531380206888002,"yearn":44.34315}