{"stakedao":49.58007734353063,"convex":10.746418086705601,"yearn":36.45994}