{"stakedao":52.52908138565223,"convex":11.9450178920736,"yearn":24.91907}