{"stakedao":52.084129976385256,"convex":10.9682216451648,"yearn":17.52629}