{"stakedao":58.183328201261205,"convex":12.084361101964799,"yearn":14.23334}