{"stakedao":54.05556763283148,"convex":10.7900184610224,"yearn":23.64141}