{"stakedao":40.89723050384247,"convex":16.7683570164144,"yearn":34.36128}