{"stakedao":48.48804902954821,"convex":28.000942379395198,"yearn":27.43541}