{"stakedao":43.47585048611039,"convex":26.491061528567997,"yearn":26.84575}