{"stakedao":37.55355856646761,"convex":24.3158366253168,"yearn":29.5625}