{"stakedao":43.51239356199841,"convex":26.8548034227408,"yearn":26.6592}