{"stakedao":40.462742005951306,"convex":16.2319223022192,"yearn":34.36446}