{"stakedao":42.773753801477675,"convex":24.9124700977056,"yearn":28.79458}