{"stakedao":67.13010948033576,"convex":20.4623792591328,"yearn":43.29849}