{"stakedao":45.9229375027722,"convex":22.955382131572797,"yearn":32.82679}