{"stakedao":65.03781664943762,"convex":18.9737979110064,"yearn":42.24348}