{"stakedao":44.92249498464594,"convex":22.114802688048,"yearn":43.16585}