{"stakedao":55.12795819853693,"convex":9.7993722809376,"yearn":19.98553}