{"stakedao":40.53735657394661,"convex":20.2090093031232,"yearn":28.52965}