{"stakedao":47.60161691543155,"convex":10.1873638516896,"yearn":17.5363}