{"stakedao":45.594004873099905,"convex":30.979639749859196,"yearn":41.32564}