{"stakedao":47.95718932440487,"convex":31.4097764599008,"yearn":28.72817}