{"stakedao":42.115251237174036,"convex":14.2407084988512,"yearn":17.20916}