{"stakedao":39.25386921058927,"convex":16.2631136894256,"yearn":27.95499}