{"stakedao":45.74418773909279,"convex":31.022824785595198,"yearn":41.00085}