{"stakedao":47.61427914496965,"convex":31.390725048263995,"yearn":29.17068}