{"stakedao":46.55279177152001,"convex":28.341711215265597,"yearn":30.9181}