{"stakedao":40.6008604516168,"convex":16.4649839761584,"yearn":33.78796}