{"stakedao":63.38002938100775,"convex":18.53747236188,"yearn":30.01492}