{"stakedao":40.69822873222132,"convex":17.0822167826688,"yearn":30.61046}