{"stakedao":49.05540636120071,"convex":29.406565173225598,"yearn":35.30775}