{"stakedao":42.70392244175258,"convex":13.2190201567584,"yearn":16.21194}