{"stakedao":53.38408228258418,"convex":13.593019781419201,"yearn":32.53125}