{"stakedao":38.78990362010887,"convex":16.4055249263808,"yearn":27.95499}