{"stakedao":37.55944224001329,"convex":15.3566479448784,"yearn":26.06825}