{"stakedao":40.83847772940108,"convex":19.8381561355584,"yearn":26.9291}