{"stakedao":41.73093275686847,"convex":21.5167866458832,"yearn":25.73612}