{"stakedao":44.89361817996132,"convex":22.117198395974402,"yearn":44.03309}