{"stakedao":47.47078127623409,"convex":29.2872970461456,"yearn":34.9844}