{"stakedao":65.44145717202994,"convex":18.563105778220798,"yearn":30.01492}