{"stakedao":40.659962925197654,"convex":19.9834064734464,"yearn":29.43199}