{"stakedao":54.60520037831344,"convex":11.4177616739136,"yearn":18.34499}