{"stakedao":45.5741478468888,"convex":23.278866461121602,"yearn":32.15237}