{"stakedao":65.92809978160057,"convex":20.3552903194848,"yearn":42.42153}