{"stakedao":47.31345643527079,"convex":31.413520842710398,"yearn":27.97521}