{"stakedao":54.82482844134531,"convex":10.3438449791136,"yearn":15.88764}