{"stakedao":39.30307443552972,"convex":16.062683374296,"yearn":26.79239}