{"stakedao":79.5395502513303,"convex":21.114418626360003,"yearn":33.63023}