{"stakedao":45.574525861523306,"convex":10.7226380536992,"yearn":26.46029}