{"stakedao":52.955301264031704,"convex":17.2096650832464,"yearn":37.72533}