{"stakedao":40.61574728006636,"convex":13.1796717844752,"yearn":18.19088}