{"stakedao":48.095326616850016,"convex":31.343053133519998,"yearn":26.97879}