{"stakedao":53.626232634703356,"convex":14.1916468398912,"yearn":22.89125}