{"stakedao":45.68684903956024,"convex":21.786886090382403,"yearn":42.81137}