{"stakedao":42.5469349400433,"convex":21.0861767791584,"yearn":32.51197}