{"stakedao":42.818271459953465,"convex":24.911751341808,"yearn":28.74757}