{"stakedao":54.38462649625443,"convex":15.890550873307202,"yearn":23.45514}