{"stakedao":47.04253656213048,"convex":13.2583250913552,"yearn":26.66259}