{"stakedao":40.47634152105881,"convex":13.2039333280512,"yearn":18.27489}