{"stakedao":38.69206837351594,"convex":17.602160439456,"yearn":29.43448}