{"stakedao":54.28178943647538,"convex":11.4011751570336,"yearn":16.39044}