{"stakedao":57.58984061858826,"convex":12.470751214718398,"yearn":14.16957}