{"stakedao":42.641592083495965,"convex":12.07320029712,"yearn":22.1681}