{"stakedao":42.93684752008941,"convex":15.2869791434832,"yearn":17.84256}