{"stakedao":66.24181447818592,"convex":20.477447421681603,"yearn":44.68348}