{"stakedao":47.66572022682497,"convex":31.344635569003202,"yearn":29.30312}