{"stakedao":40.527080827949945,"convex":16.2519079016304,"yearn":34.21859}