{"stakedao":40.72348060966133,"convex":17.2298892588048,"yearn":31.20889}