{"stakedao":57.252453865619614,"convex":12.285706080931199,"yearn":23.95008}