{"stakedao":62.15909377398842,"convex":19.1013486657408,"yearn":46.666}