{"stakedao":57.33195787844589,"convex":31.1125709593152,"yearn":47.41314}