{"stakedao":63.7874385848115,"convex":18.611464269528,"yearn":31.73299}