{"stakedao":52.89240438941099,"convex":14.605851118075199,"yearn":21.88502}