{"stakedao":57.04576418823922,"convex":11.6351322736176,"yearn":14.58068}