{"stakedao":45.80075488372949,"convex":10.707579169041601,"yearn":27.41637}