{"stakedao":55.43753281965362,"convex":10.182237507748802,"yearn":21.0828}