{"stakedao":53.03575205204579,"convex":14.1417401769648,"yearn":22.56667}