{"stakedao":52.05524874843128,"convex":13.927051231559997,"yearn":18.04416}