{"stakedao":42.21228142316277,"convex":24.7005382659408,"yearn":29.43448}