{"stakedao":37.45836666050448,"convex":15.34919663772,"yearn":27.40141}