{"stakedao":38.743133133611266,"convex":16.437137776459203,"yearn":29.43448}