{"stakedao":40.782790638664935,"convex":13.2639524445744,"yearn":15.4513}