{"stakedao":45.726338806247625,"convex":22.9547810806416,"yearn":33.00905}