{"stakedao":44.060908033258514,"convex":23.7706183151856,"yearn":33.15373}