{"stakedao":46.92699481225577,"convex":28.356034481726404,"yearn":30.11081}