{"stakedao":51.64427245219182,"convex":25.070893845883198,"yearn":32.85574}