{"stakedao":44.50078554066179,"convex":22.606310803521602,"yearn":48.35838}