{"stakedao":66.75444326665723,"convex":20.5010244290736,"yearn":42.87534}