{"stakedao":52.98969925707669,"convex":14.141050806312002,"yearn":22.43041}