{"stakedao":44.310660368882964,"convex":23.2208070830928,"yearn":35.63773}