{"stakedao":42.14109577382836,"convex":22.1619730006368,"yearn":26.03128}