{"stakedao":46.01934698078751,"convex":21.574586198808,"yearn":42.19701}