{"stakedao":42.32950614853178,"convex":13.274636822452802,"yearn":18.91444}