{"stakedao":43.04046029895345,"convex":12.074296696617601,"yearn":22.47568}