{"stakedao":42.954555936055726,"convex":26.5461708052512,"yearn":26.26909}