{"stakedao":34.12526495082819,"convex":19.9980028227456,"yearn":29.46552}