{"stakedao":45.387313647756805,"convex":20.1712265324064,"yearn":42.13458}