{"stakedao":40.67438883438868,"convex":19.1283719839776,"yearn":28.76108}