{"stakedao":45.496502531659445,"convex":20.5324906966704,"yearn":43.87068}