{"stakedao":46.86437103046298,"convex":32.391263907561594,"yearn":26.90238}