{"stakedao":64.01629546368156,"convex":17.3965047636528,"yearn":33.85036}