{"stakedao":56.30022046576586,"convex":11.011233601872,"yearn":16.11662}