{"stakedao":56.52822424668941,"convex":30.9830121844704,"yearn":45.66653}