{"stakedao":39.4693944089024,"convex":16.8989362016112,"yearn":26.57646}