{"stakedao":38.98123807554937,"convex":18.0629141368464,"yearn":29.43448}