{"stakedao":42.30516127259363,"convex":13.7947412560752,"yearn":16.25377}