{"stakedao":38.70516985818365,"convex":16.4473195241088,"yearn":29.43448}