{"stakedao":39.454585540234746,"convex":15.567730956820801,"yearn":30.79709}