{"stakedao":45.66101626848351,"convex":13.2217442364384,"yearn":24.91397}