{"stakedao":40.605643390290076,"convex":16.4659681327248,"yearn":33.86051}