{"stakedao":65.0303944466617,"convex":19.065917471471998,"yearn":32.46626}