{"stakedao":48.86858974959246,"convex":31.3354808479584,"yearn":27.26012}