{"stakedao":63.14736714491245,"convex":20.023301771424002,"yearn":39.69656}