{"stakedao":37.57939344800018,"convex":24.3205623611424,"yearn":29.96496}