{"stakedao":39.20706831083977,"convex":16.0645245437376,"yearn":26.79239}