{"stakedao":41.36999644716293,"convex":17.5354509479184,"yearn":32.25455}