{"stakedao":50.1820319407408,"convex":10.8421079354928,"yearn":37.26578}