{"stakedao":42.89249449335205,"convex":28.5890923965744,"yearn":26.57929}