{"stakedao":52.10760684901733,"convex":28.2065937599952,"yearn":29.00872}