{"stakedao":39.741745313017354,"convex":15.679583630020797,"yearn":36.23088}