{"stakedao":28.94912213108784,"convex":15.8646584675664,"yearn":25.81229}