{"stakedao":49.17074627704676,"convex":31.178741699289603,"yearn":27.09317}