{"stakedao":37.38448432713318,"convex":15.4066043432304,"yearn":28.52947}