{"stakedao":44.53181360016406,"convex":22.1254789107168,"yearn":44.36478}