{"stakedao":43.77901763050021,"convex":23.3143754547024,"yearn":32.1475}