{"stakedao":54.28882695428295,"convex":12.209870301206397,"yearn":15.57854}