{"stakedao":46.25114003534149,"convex":21.5732378834352,"yearn":42.19701}