{"stakedao":54.52376983528863,"convex":12.2111817541488,"yearn":15.72413}