{"stakedao":43.2617710344805,"convex":19.5329102511024,"yearn":42.48555}