{"stakedao":56.34584285822835,"convex":12.378833342740798,"yearn":14.11754}