{"stakedao":39.22294447985148,"convex":16.466926820817598,"yearn":26.50087}