{"stakedao":43.06759704001,"convex":16.4572448210064,"yearn":17.99296}