{"stakedao":40.68491433371601,"convex":18.8775780871248,"yearn":29.24838}