{"stakedao":66.45131558268868,"convex":18.3207875661072,"yearn":31.05033}