{"stakedao":46.99418149671173,"convex":10.1644935124464,"yearn":19.608}