{"stakedao":51.04758766992135,"convex":14.730481954569598,"yearn":17.89293}