{"stakedao":44.549450317944775,"convex":19.5453479927376,"yearn":43.14324}