{"stakedao":40.799133751444835,"convex":18.877300781616,"yearn":29.24838}