{"stakedao":45.66378186792629,"convex":10.618103211537601,"yearn":25.16257}