{"stakedao":48.14255368683825,"convex":26.0678132206992,"yearn":27.29027}