{"stakedao":55.78272410160264,"convex":12.2827384707984,"yearn":25.37511}