{"stakedao":54.4893781825604,"convex":10.618385439816,"yearn":15.24894}