{"stakedao":53.79165517935587,"convex":15.776416047009597,"yearn":23.89909}