{"stakedao":54.018817845721614,"convex":15.807226110364802,"yearn":23.9481}