{"stakedao":41.733680510373205,"convex":21.521691323280002,"yearn":25.86536}