{"stakedao":56.03656699334017,"convex":11.3854387182624,"yearn":14.29266}