{"stakedao":42.23867751354769,"convex":22.7503150594416,"yearn":29.1952}