{"stakedao":28.866012105545764,"convex":15.724101209976,"yearn":24.15503}