{"stakedao":41.63727276791634,"convex":17.5194834511824,"yearn":32.71361}