{"stakedao":41.52736461528998,"convex":17.531376386342398,"yearn":34.01752}