{"stakedao":65.41457216958611,"convex":20.2450385397888,"yearn":41.55229}