{"stakedao":37.58005809477682,"convex":15.363817906766402,"yearn":27.14463}