{"stakedao":44.03975171091862,"convex":22.497232251326402,"yearn":31.64064}