{"stakedao":54.69422379963497,"convex":11.342018767708801,"yearn":22.21902}