{"stakedao":42.40896609285368,"convex":25.296721785835203,"yearn":29.36745}