{"stakedao":44.2197900543248,"convex":19.571658770822403,"yearn":43.43116}