{"stakedao":57.958120482599526,"convex":12.0753932096448,"yearn":14.38431}