{"stakedao":41.28957506644052,"convex":17.5299059162736,"yearn":33.78768}