{"stakedao":39.95511617041669,"convex":16.435926374630398,"yearn":19.32371}