{"stakedao":43.65513815798807,"convex":14.8773748481712,"yearn":18.36063}