{"stakedao":56.426142776073185,"convex":31.024870793971196,"yearn":43.69033}