{"stakedao":40.45004554181646,"convex":18.8663017123008,"yearn":29.24838}