{"stakedao":66.28413408187942,"convex":20.5480424827008,"yearn":43.48337}