{"stakedao":45.46321593998203,"convex":22.956828555441604,"yearn":32.41659}