{"stakedao":39.70877408077479,"convex":15.605390434392,"yearn":35.14614}