{"stakedao":41.872425057412876,"convex":20.690938018007998,"yearn":25.32987}