{"stakedao":42.4522497053791,"convex":21.535776464558403,"yearn":26.30543}