{"stakedao":47.24866372290398,"convex":26.029182809606404,"yearn":27.55704}