{"stakedao":40.59825340035817,"convex":20.2073026410288,"yearn":28.41625}