{"stakedao":55.866538640880094,"convex":10.1863476198576,"yearn":21.39577}