{"stakedao":52.140953729672724,"convex":24.3019283347728,"yearn":41.22946}