{"stakedao":37.493268243569865,"convex":24.4494051867936,"yearn":29.08754}