{"stakedao":49.61878732196051,"convex":10.836939437380801,"yearn":36.92729}