{"stakedao":54.193207531942306,"convex":15.918060880324798,"yearn":23.43273}