{"stakedao":40.88309784230039,"convex":17.129967278817603,"yearn":31.33036}