{"stakedao":45.35530103099795,"convex":8.991264248783999,"yearn":27.36726}