{"stakedao":40.55314506685802,"convex":16.2534003995952,"yearn":34.21859}