{"stakedao":54.293540227631055,"convex":12.210433395408,"yearn":15.55376}