{"stakedao":41.41524883060316,"convex":13.8504580548768,"yearn":21.46221}