{"stakedao":53.141185714419336,"convex":17.2024191637488,"yearn":37.22343}