{"stakedao":54.90535465461669,"convex":11.821275030499201,"yearn":17.99859}