{"stakedao":48.34081304748846,"convex":22.615925496048,"yearn":34.56538}