{"stakedao":37.526151494621274,"convex":15.3656881870896,"yearn":26.42021}