{"stakedao":51.65228914536268,"convex":25.0811669690928,"yearn":33.03184}