{"stakedao":43.99576861402815,"convex":22.4970678699264,"yearn":31.19057}