{"stakedao":37.49000990355707,"convex":24.4494051867936,"yearn":29.08754}