{"stakedao":27.91455576430133,"convex":13.690624120848,"yearn":25.62312}