{"stakedao":43.95728019017605,"convex":12.3747789169008,"yearn":19.82012}