{"stakedao":41.78537018591523,"convex":21.5180097917184,"yearn":26.58333}