{"stakedao":43.146121357806564,"convex":26.5450306590144,"yearn":26.1922}