{"stakedao":38.726348707702655,"convex":16.4217427684992,"yearn":27.95499}