{"stakedao":42.3537727573394,"convex":15.332469322060803,"yearn":14.43443}