{"stakedao":51.563386020249204,"convex":13.7517687729792,"yearn":16.9933}