{"stakedao":40.897599958814055,"convex":20.859188900976,"yearn":26.7727}