{"stakedao":49.105456215703256,"convex":17.521211087870398,"yearn":18.19865}