{"stakedao":64.34490473476085,"convex":18.62390165796,"yearn":47.52944}