{"stakedao":55.60810343267509,"convex":11.3498377278624,"yearn":22.72096}