{"stakedao":38.80082455133049,"convex":16.4296366991856,"yearn":29.43448}