{"stakedao":50.38240220909708,"convex":9.981571060512,"yearn":17.25338}