{"stakedao":47.008196263454735,"convex":13.2332049864864,"yearn":24.46054}