{"stakedao":43.490558958729565,"convex":26.4910241394864,"yearn":26.80094}