{"stakedao":57.99149659235333,"convex":30.7415422718352,"yearn":40.5586}