{"stakedao":43.04426637694492,"convex":22.492599363792,"yearn":28.05114}