{"stakedao":51.4079721500669,"convex":25.146507823459203,"yearn":32.67995}