{"stakedao":39.329208026058055,"convex":16.384933391112,"yearn":27.95499}