{"stakedao":44.40248253364837,"convex":22.5337574798928,"yearn":29.71217}