{"stakedao":55.58393415966586,"convex":12.173299960392,"yearn":15.57712}