{"stakedao":47.698153716026326,"convex":21.118580760254403,"yearn":42.19701}