{"stakedao":45.665728815532646,"convex":31.0040481849696,"yearn":49.22917}