{"stakedao":48.7401083252724,"convex":29.331578475072,"yearn":36.94755}