{"stakedao":49.371974403704925,"convex":11.0943148185936,"yearn":37.64962}