{"stakedao":47.041492597624234,"convex":26.024045942102397,"yearn":29.21627}