{"stakedao":43.095170759373275,"convex":16.459823018304,"yearn":18.34641}