{"stakedao":54.9764353102486,"convex":10.533427632417599,"yearn":22.22427}