{"stakedao":61.04459035382867,"convex":19.1224113046992,"yearn":47.32306}