{"stakedao":38.80969929753571,"convex":15.962764973644802,"yearn":27.8517}