{"stakedao":39.61725289925856,"convex":14.791307724129599,"yearn":21.86}