{"stakedao":55.093626552800814,"convex":10.4336891887968,"yearn":16.11264}