{"stakedao":67.46135305842876,"convex":20.4595210663056,"yearn":41.70612}