{"stakedao":56.75725650390322,"convex":30.461608978531203,"yearn":42.00898}