{"stakedao":65.31480021743732,"convex":18.583551812692797,"yearn":42.07122}