{"stakedao":67.39045376573824,"convex":23.4638422882416,"yearn":36.18087}