{"stakedao":49.81951761982933,"convex":22.690182009657597,"yearn":34.56538}