{"stakedao":66.0486872341971,"convex":19.5926916555648,"yearn":41.55229}