{"stakedao":48.20219870674953,"convex":26.042164351718398,"yearn":27.334}