{"stakedao":42.90273467321286,"convex":28.587773535825598,"yearn":26.53462}