{"stakedao":37.63135200511373,"convex":14.101956898012801,"yearn":25.99474}