{"stakedao":41.12201585900789,"convex":14.805555111820798,"yearn":21.19135}