{"stakedao":45.75826374894103,"convex":8.977680211392,"yearn":29.43831}