{"stakedao":42.26405268111732,"convex":13.1892903559296,"yearn":16.51586}