{"stakedao":42.7752097731296,"convex":15.7013996293296,"yearn":17.01509}