{"stakedao":46.973630563726374,"convex":13.2332049864864,"yearn":24.46054}