{"stakedao":40.94267020989386,"convex":15.120248838134401,"yearn":20.14902}