{"stakedao":51.1223371384866,"convex":9.5977751401152,"yearn":18.35687}