{"stakedao":68.01693161810229,"convex":23.650443682632,"yearn":36.18087}