{"stakedao":48.05658334662484,"convex":11.3752414391328,"yearn":31.37521}