{"stakedao":62.15905278535523,"convex":19.1122562995776,"yearn":47.32306}