{"stakedao":49.30054367104314,"convex":29.152308992544,"yearn":34.06119}