{"stakedao":43.36706623336906,"convex":19.5615745482528,"yearn":43.57685}