{"stakedao":46.98109754432493,"convex":13.3778325829824,"yearn":25.17158}