{"stakedao":42.20901870731847,"convex":22.8098009778912,"yearn":29.43448}