{"stakedao":42.75581525287251,"convex":24.9368649786432,"yearn":26.83163}