{"stakedao":39.74195848895467,"convex":15.605602873502399,"yearn":34.2928}