{"stakedao":52.69553400781702,"convex":13.5779770463472,"yearn":32.51705}