{"stakedao":40.98213006114975,"convex":13.7637429953328,"yearn":16.43679}