{"stakedao":39.41708002709017,"convex":14.788953744638398,"yearn":21.82484}