{"stakedao":38.66390336768406,"convex":16.4449620598896,"yearn":29.43448}