{"stakedao":45.367291922230535,"convex":10.719013513996801,"yearn":26.11073}