{"stakedao":27.940926089343463,"convex":13.7165715190656,"yearn":25.68304}