{"stakedao":41.363910386845795,"convex":13.261707986457601,"yearn":15.22611}