{"stakedao":41.166103150594864,"convex":20.983229386704,"yearn":24.14219}