{"stakedao":49.26257117926501,"convex":22.7381314254336,"yearn":34.56538}