{"stakedao":67.6868557511904,"convex":24.328140323184,"yearn":35.16891}