{"stakedao":41.70858573518135,"convex":13.176048187699198,"yearn":15.81671}