{"stakedao":39.06345722181348,"convex":15.9672427513632,"yearn":27.33262}