{"stakedao":52.71427876262217,"convex":14.141287982260799,"yearn":22.29468}