{"stakedao":37.662953145246895,"convex":14.107176544363199,"yearn":25.84056}