{"stakedao":43.37264436425101,"convex":25.133007911500798,"yearn":28.72114}