{"stakedao":54.072554074665746,"convex":11.722698139752001,"yearn":16.29656}