{"stakedao":39.37998669578151,"convex":14.788947043238402,"yearn":21.75448}