{"stakedao":41.74882229720106,"convex":13.8025662995232,"yearn":15.9858}