{"stakedao":52.35937767423604,"convex":22.878640357257602,"yearn":34.56538}