{"stakedao":43.01019048959631,"convex":25.2451428918192,"yearn":27.39961}