{"stakedao":39.249397577726796,"convex":16.3827370758528,"yearn":27.95499}