{"stakedao":45.05923034428271,"convex":9.0132603974928,"yearn":25.81002}