{"stakedao":46.33777452619306,"convex":8.9922224165328,"yearn":28.34925}