{"stakedao":56.175274532205904,"convex":11.4063467803632,"yearn":15.00456}