{"stakedao":37.50158050374713,"convex":15.3655558620336,"yearn":26.26615}