{"stakedao":41.32657187512323,"convex":17.5299059162736,"yearn":33.71108}