{"stakedao":43.55951389647725,"convex":25.125424093224,"yearn":27.76781}