{"stakedao":48.79451445508252,"convex":11.0791126280448,"yearn":19.96593}