{"stakedao":43.33583237814966,"convex":13.2724415541888,"yearn":16.90584}