{"stakedao":40.60445155608714,"convex":20.211569253691202,"yearn":27.57232}