{"stakedao":43.16194116014981,"convex":26.5450306590144,"yearn":26.1922}