{"stakedao":55.20754856724811,"convex":10.5337879469856,"yearn":0}