{"stakedao":41.10172663672222,"convex":13.2271605097488,"yearn":15.98674}