{"stakedao":50.13544336733811,"convex":13.491237987907201,"yearn":17.53221}