{"stakedao":45.34041083020969,"convex":13.2175789079472,"yearn":25.23651}