{"stakedao":40.84929277857157,"convex":17.259110421796798,"yearn":30.89588}