{"stakedao":44.149448959809966,"convex":23.771661475608,"yearn":33.76103}