{"stakedao":41.53738254125539,"convex":13.2703440475248,"yearn":15.05502}