{"stakedao":47.69792360296453,"convex":14.322907789257599,"yearn":17.93329}