{"stakedao":41.83125467591913,"convex":20.697398851939198,"yearn":25.78388}