{"stakedao":41.28639244488935,"convex":21.0239400101184,"yearn":23.90504}