{"stakedao":37.571112799287995,"convex":14.0879237217552,"yearn":26.40624}