{"stakedao":42.50472166665308,"convex":22.8098213217648,"yearn":29.43448}