{"stakedao":47.57727114637498,"convex":22.3562903459904,"yearn":37.77656}