{"stakedao":39.03429030929271,"convex":16.2983634791616,"yearn":27.95499}