{"stakedao":54.7245251187553,"convex":10.4416849460736,"yearn":16.22757}