{"stakedao":41.40486415278828,"convex":17.380385042644797,"yearn":33.21343}