{"stakedao":40.65616807473256,"convex":16.689144103214403,"yearn":34.74156}