{"stakedao":41.16163306927022,"convex":21.7309672498896,"yearn":27.64119}