{"stakedao":41.18542777775425,"convex":14.745267037367999,"yearn":20.51419}