{"stakedao":52.549557361925594,"convex":21.2170212262656,"yearn":42.19701}