{"stakedao":43.93471137665952,"convex":23.3083244973168,"yearn":31.97545}