{"stakedao":53.078125029610206,"convex":14.835616642987201,"yearn":30.95609}