{"stakedao":42.562794216215096,"convex":12.073124847239999,"yearn":22.26029}