{"stakedao":40.63644629973054,"convex":19.116352286712,"yearn":28.76108}