{"stakedao":49.59984439586458,"convex":17.511480711835198,"yearn":18.35746}