{"stakedao":41.673070446396586,"convex":15.345570202704,"yearn":14.94948}