{"stakedao":40.58502020468504,"convex":20.2069629068544,"yearn":28.44863}