{"stakedao":42.3880880446921,"convex":13.2641284911408,"yearn":17.57438}