{"stakedao":41.16152163228703,"convex":21.7293535306944,"yearn":27.8876}