{"stakedao":42.004110421817536,"convex":13.181656029595201,"yearn":15.73313}