{"stakedao":47.65851218741274,"convex":22.375782198864,"yearn":38.64616}