{"stakedao":53.565273418688186,"convex":11.3979611592864,"yearn":17.04415}