{"stakedao":49.35139795351358,"convex":29.245954983710398,"yearn":33.66322}