{"stakedao":48.85012443925028,"convex":23.2884389143296,"yearn":29.97243}