{"stakedao":66.88701350443667,"convex":21.200776449249602,"yearn":31.68482}