{"stakedao":48.15650243092035,"convex":12.2006219056272,"yearn":22.89811}