{"stakedao":43.27534936943454,"convex":27.8832332880864,"yearn":27.33787}