{"stakedao":46.34952080495034,"convex":20.2803242048784,"yearn":41.56617}