{"stakedao":52.424810947643095,"convex":22.779604564099202,"yearn":34.56538}