{"stakedao":43.74186112338129,"convex":12.3752620105776,"yearn":19.7472}