{"stakedao":43.93889160839865,"convex":23.3088397041024,"yearn":28.80099}