{"stakedao":56.77090334654716,"convex":12.272930002166401,"yearn":23.27761}