{"stakedao":41.28652149269763,"convex":21.6960154185888,"yearn":26.09645}