{"stakedao":44.656899310705185,"convex":22.6623451856112,"yearn":46.91027}