{"stakedao":39.600114818450194,"convex":15.6931255447776,"yearn":25.60773}