{"stakedao":65.55977066223176,"convex":20.4419090239344,"yearn":41.97713}