{"stakedao":43.71595694496841,"convex":12.0752785415952,"yearn":22.72018}