{"stakedao":54.91706671917271,"convex":12.174597852854397,"yearn":15.76703}