{"stakedao":39.34850615907425,"convex":16.379960211216,"yearn":27.95499}