{"stakedao":39.67439505524143,"convex":14.7894773620752,"yearn":21.6486}