{"stakedao":43.30034765902474,"convex":13.725615536136,"yearn":17.45311}