{"stakedao":46.272248974764324,"convex":11.381806676145601,"yearn":31.52919}