{"stakedao":41.77743250563025,"convex":21.521691323280002,"yearn":25.86536}