{"stakedao":44.15272143457531,"convex":22.5225655868592,"yearn":30.68399}