{"stakedao":39.17228471335807,"convex":16.0603691301648,"yearn":27.64107}