{"stakedao":51.091708582675636,"convex":25.2029480044896,"yearn":31.71909}