{"stakedao":51.74687587929402,"convex":12.209375094552,"yearn":25.16539}