{"stakedao":40.54870118899623,"convex":17.1925021166688,"yearn":29.66956}