{"stakedao":43.173643594711166,"convex":13.7253000846816,"yearn":17.32212}