{"stakedao":40.49916937703616,"convex":17.176322007374402,"yearn":30.40934}