{"stakedao":47.628511121183806,"convex":22.4072344266336,"yearn":38.06755}