{"stakedao":42.426393219258394,"convex":22.8098009778912,"yearn":29.43448}