{"stakedao":52.27652947712444,"convex":26.7110843815584,"yearn":28.45672}