{"stakedao":50.814343901543126,"convex":14.704001333049598,"yearn":17.84209}