{"stakedao":51.17283026911584,"convex":17.519835676766398,"yearn":17.30234}