{"stakedao":41.69148828739663,"convex":20.693449081468803,"yearn":26.26841}