{"stakedao":52.49100221404283,"convex":11.7447142948992,"yearn":16.96752}