{"stakedao":54.95525806670486,"convex":10.2075636436128,"yearn":20.81363}