{"stakedao":55.29836836403007,"convex":10.428180064041602,"yearn":16.03918}