{"stakedao":39.65353768157611,"convex":15.6050913248928,"yearn":35.74387}