{"stakedao":56.53335062282357,"convex":30.949497281548798,"yearn":44.25146}