{"stakedao":46.036164019189094,"convex":10.6186162707216,"yearn":26.00532}