{"stakedao":54.69091556589085,"convex":13.715249816923201,"yearn":18.7081}