{"stakedao":51.13596884340787,"convex":13.8471103539504,"yearn":26.87601}