{"stakedao":55.303785247699835,"convex":11.8233045991584,"yearn":17.59407}