{"stakedao":55.081157016722074,"convex":9.7993722809376,"yearn":19.9633}