{"stakedao":62.64374146225976,"convex":19.7952163048368,"yearn":40.12812}