{"stakedao":62.43500759285955,"convex":19.132112440555197,"yearn":49.05331}