{"stakedao":42.49235419966776,"convex":16.4393064756432,"yearn":17.81843}