{"stakedao":73.09458990200073,"convex":20.314097043897604,"yearn":32.51147}