{"stakedao":47.33437087591501,"convex":10.1825050875552,"yearn":18.57707}