{"stakedao":40.809458286998506,"convex":17.26188822936,"yearn":30.71563}