{"stakedao":39.396954485035856,"convex":15.698350284192,"yearn":25.39224}