{"stakedao":48.97603516298456,"convex":21.8324532451824,"yearn":39.52458}