{"stakedao":40.69008022936837,"convex":18.8775780871248,"yearn":29.24838}