{"stakedao":64.14558690080962,"convex":12.6308362699152,"yearn":46.68695}