{"stakedao":76.3745197478672,"convex":20.790249379041597,"yearn":34.31081}