{"stakedao":42.46992923170177,"convex":20.677509957672,"yearn":29.98062}