{"stakedao":42.71762589681176,"convex":24.928403037292803,"yearn":26.68536}