{"stakedao":41.25220534001895,"convex":20.9311142419296,"yearn":23.75308}