{"stakedao":44.07166416221668,"convex":22.4980493396256,"yearn":32.37199}