{"stakedao":57.948826427673765,"convex":17.001973452744,"yearn":36.80016}