{"stakedao":55.539940767337676,"convex":11.404290595320001,"yearn":15.40302}