{"stakedao":55.99811452884957,"convex":12.2735794860864,"yearn":23.05648}