{"stakedao":38.841303597170565,"convex":18.118741526092798,"yearn":29.43448}