{"stakedao":45.86837908122297,"convex":23.315448154896004,"yearn":30.34804}