{"stakedao":38.97896252900797,"convex":15.968765687875202,"yearn":27.80288}