{"stakedao":70.24124763173944,"convex":21.213895832064,"yearn":32.62506}