{"stakedao":40.91267571775028,"convex":16.751830667068802,"yearn":33.78022}