{"stakedao":38.71572193976996,"convex":16.4217427684992,"yearn":27.95499}