{"stakedao":53.26994776537058,"convex":25.758253457423997,"yearn":33.31772}