{"stakedao":28.963358280457694,"convex":15.7430972002464,"yearn":25.81229}