{"stakedao":57.93928280144635,"convex":12.195935094686398,"yearn":14.83828}