{"stakedao":44.64810632469874,"convex":9.009475027344,"yearn":26.58161}