{"stakedao":45.21203311298831,"convex":11.6174768787072,"yearn":25.52931}