{"stakedao":40.67451591133023,"convex":16.4540522898144,"yearn":33.40494}