{"stakedao":52.57746566809023,"convex":11.745199974528,"yearn":17.02752}