{"stakedao":54.9409396616996,"convex":10.1802788793216,"yearn":20.83621}