{"stakedao":44.40412152369501,"convex":10.6214785663824,"yearn":26.05687}