{"stakedao":45.575856967744755,"convex":13.2217442364384,"yearn":24.75255}