{"stakedao":54.840039064106136,"convex":10.5333762318912,"yearn":22.13372}