{"stakedao":28.942482808787677,"convex":15.864740744990401,"yearn":25.81229}