{"stakedao":44.207275786659956,"convex":23.300577830289598,"yearn":31.5965}