{"stakedao":41.2513064518925,"convex":21.522270595449598,"yearn":26.00616}