{"stakedao":45.832179897418136,"convex":22.089751199208,"yearn":39.22661}