{"stakedao":37.62730772866388,"convex":23.7487717606464,"yearn":30.35012}