{"stakedao":63.09016059078048,"convex":20.184559190035202,"yearn":45.12241}