{"stakedao":52.01303686436519,"convex":26.687242995264,"yearn":27.96305}