{"stakedao":47.38971081464629,"convex":11.387222917919999,"yearn":30.428}