{"stakedao":61.904420014219404,"convex":19.132612327152,"yearn":49.83925}