{"stakedao":52.304323185038086,"convex":14.767035045192,"yearn":30.95609}