{"stakedao":57.95672492015555,"convex":12.519759514766399,"yearn":15.19699}