{"stakedao":64.99276532311538,"convex":18.659848005403198,"yearn":43.244}