{"stakedao":42.72204198560069,"convex":12.217984069348798,"yearn":18.10453}