{"stakedao":42.873326375089086,"convex":25.242315367752,"yearn":27.50102}