{"stakedao":43.55023516281868,"convex":19.5474638565072,"yearn":44.09649}