{"stakedao":79.99166651135742,"convex":24.8654693352672,"yearn":40.18873}