{"stakedao":43.636598667492116,"convex":26.8690754652768,"yearn":26.36793}