{"stakedao":56.506670266802566,"convex":11.3853647758032,"yearn":14.53729}