{"stakedao":53.83862683578634,"convex":11.3977681274304,"yearn":15.60001}