{"stakedao":42.70977475651672,"convex":24.9627432278736,"yearn":0}