{"stakedao":49.19788270705436,"convex":13.4802680610096,"yearn":17.17808}