{"stakedao":39.096860604959566,"convex":16.472113701264,"yearn":26.58268}