{"stakedao":39.49870005693839,"convex":15.726066126681598,"yearn":33.06788}