{"stakedao":44.09675455239438,"convex":22.5048618945648,"yearn":31.4497}