{"stakedao":41.0852069754785,"convex":20.673023327798397,"yearn":23.27149}