{"stakedao":40.45717858639842,"convex":16.241616288863998,"yearn":34.54704}