{"stakedao":64.3976010022069,"convex":18.622154563559995,"yearn":47.52944}