{"stakedao":40.86136950482518,"convex":17.129967278817603,"yearn":31.2259}