{"stakedao":54.589628861538486,"convex":12.266780217264,"yearn":26.37956}