{"stakedao":41.03930248684881,"convex":20.8573697531232,"yearn":26.6347}