{"stakedao":61.90916176008409,"convex":19.758368765736,"yearn":40.90428}