{"stakedao":45.57321274764213,"convex":31.0824982644048,"yearn":48.75502}