{"stakedao":54.50453832252706,"convex":11.3424914450448,"yearn":22.13758}