{"stakedao":77.21603701025043,"convex":24.7827754531584,"yearn":41.20112}