{"stakedao":41.56221969696393,"convex":18.0722068815024,"yearn":32.73858}