{"stakedao":63.70547740632805,"convex":20.1768823310976,"yearn":38.52391}