{"stakedao":54.83449915840652,"convex":10.4929878559392,"yearn":16.3791}