{"stakedao":40.91508735457609,"convex":17.2478182442832,"yearn":32.47282}