{"stakedao":67.84277779102354,"convex":24.363833105419197,"yearn":35.68707}