{"stakedao":42.52772204755833,"convex":21.134029713696,"yearn":29.30264}