{"stakedao":53.7187144088175,"convex":13.8481217702352,"yearn":18.98477}