{"stakedao":49.12305416182093,"convex":22.4708087320416,"yearn":34.56538}