{"stakedao":78.85182823537977,"convex":24.808722226963198,"yearn":40.6488}