{"stakedao":40.686313684351646,"convex":17.0822167826688,"yearn":30.61046}