{"stakedao":39.18984871581929,"convex":16.0645452092784,"yearn":26.79239}