{"stakedao":39.45467783509049,"convex":15.7008109783536,"yearn":25.60773}