{"stakedao":68.70930668635143,"convex":23.5225394408736,"yearn":36.18087}