{"stakedao":55.88111731125881,"convex":12.2660705910384,"yearn":26.16101}