{"stakedao":40.68416153506203,"convex":17.200499466513598,"yearn":31.08622}