{"stakedao":41.364296159199114,"convex":17.536925700576,"yearn":34.24767}