{"stakedao":28.973678552105863,"convex":15.8553652877136,"yearn":25.81229}