{"stakedao":52.55994451721044,"convex":14.6460414006432,"yearn":31.07264}