{"stakedao":54.48779098311681,"convex":26.815176978624002,"yearn":29.12006}