{"stakedao":47.579969229608096,"convex":31.390725048263995,"yearn":29.21478}