{"stakedao":46.06123893502702,"convex":28.3778908534224,"yearn":29.23891}