{"stakedao":53.301814237756986,"convex":13.633188796108803,"yearn":32.82391}