{"stakedao":41.970348707235836,"convex":20.656166045976,"yearn":28.45137}