{"stakedao":51.80536278523148,"convex":13.8912402050928,"yearn":26.88976}