{"stakedao":45.90357749941682,"convex":10.619940290759999,"yearn":25.43157}