{"stakedao":57.7278436762097,"convex":11.0103588216144,"yearn":15.56249}