{"stakedao":49.646608972941785,"convex":11.154191244177602,"yearn":32.93167}