{"stakedao":43.233033977013434,"convex":13.2725197508544,"yearn":16.90584}