{"stakedao":40.47030110923489,"convex":16.2319223022192,"yearn":34.36446}