{"stakedao":54.07082501236112,"convex":10.6091077283712,"yearn":15.50172}