{"stakedao":29.131584751639675,"convex":15.859470518049601,"yearn":25.81229}