{"stakedao":53.53620067398603,"convex":10.7594239462272,"yearn":23.92214}