{"stakedao":44.008450655006044,"convex":22.4973129172608,"yearn":31.52813}