{"stakedao":43.28622538616719,"convex":23.663006420356798,"yearn":30.97517}