{"stakedao":64.47693650381115,"convex":17.4327692336496,"yearn":32.10867}