{"stakedao":61.41838467736147,"convex":19.758150631223998,"yearn":41.24927}