{"stakedao":41.336792587948246,"convex":20.627829120888,"yearn":24.19908}