{"stakedao":41.05699242878584,"convex":14.804272839139198,"yearn":20.89144}