{"stakedao":41.454925802710804,"convex":13.2286029380064,"yearn":16.14924}