{"stakedao":46.55566791108619,"convex":21.4947124991856,"yearn":42.19701}