{"stakedao":42.72097944330899,"convex":21.033391812897598,"yearn":30.27368}