{"stakedao":63.71724919119249,"convex":17.4312120269664,"yearn":33.85036}