{"stakedao":38.82586076332416,"convex":18.1040239618704,"yearn":29.43448}