{"stakedao":53.864081778112244,"convex":12.2665613542704,"yearn":26.93209}