{"stakedao":39.13936823860084,"convex":17.662294747526403,"yearn":29.43448}