{"stakedao":56.50252396107227,"convex":30.946418182195202,"yearn":43.8368}