{"stakedao":39.022415668948504,"convex":15.9690189377232,"yearn":27.78831}