{"stakedao":44.36133664229595,"convex":22.6056149553744,"yearn":49.50106}