{"stakedao":55.08569353410784,"convex":10.2075636436128,"yearn":20.79096}