{"stakedao":41.58802791000596,"convex":13.263520987943998,"yearn":18.50913}