{"stakedao":44.04904336663359,"convex":22.497518642356802,"yearn":31.6969}