{"stakedao":55.252458144110705,"convex":10.4267073959136,"yearn":16.1858}