{"stakedao":42.48689142627267,"convex":22.1201278380864,"yearn":26.00408}