{"stakedao":45.56428206194652,"convex":20.5315536485808,"yearn":43.71334}