{"stakedao":56.82972377719926,"convex":30.559372341393598,"yearn":41.05862}