{"stakedao":49.372948190177866,"convex":29.294502309432,"yearn":34.25004}