{"stakedao":55.86844790889435,"convex":13.7141252620848,"yearn":18.45373}