{"stakedao":73.49047167912158,"convex":24.4859044202352,"yearn":42.779}