{"stakedao":54.655317002201116,"convex":11.3971997982528,"yearn":18.6125}