{"stakedao":47.02693386530335,"convex":14.3224472911248,"yearn":17.96013}