{"stakedao":40.819304504062906,"convex":16.526589794985604,"yearn":33.65517}