{"stakedao":64.3494277345311,"convex":18.5471877583152,"yearn":30.01492}