{"stakedao":45.86590292074478,"convex":20.147570057448,"yearn":42.94479}