{"stakedao":48.977736140011785,"convex":21.832522838827202,"yearn":39.6916}