{"stakedao":42.42914138723796,"convex":21.0541505047344,"yearn":33.43736}