{"stakedao":45.96816035596764,"convex":21.497284423972797,"yearn":42.19701}