{"stakedao":43.512798601104905,"convex":12.374748011620799,"yearn":20.07543}