{"stakedao":48.162045228179004,"convex":27.9482856984288,"yearn":27.5609}