{"stakedao":40.70815921703988,"convex":17.0621484958656,"yearn":31.3413}