{"stakedao":43.59471948465243,"convex":26.819425398168,"yearn":26.98885}