{"stakedao":71.07807800479353,"convex":24.3437493470544,"yearn":43.81241}