{"stakedao":41.20623147474467,"convex":21.509664858388803,"yearn":26.99819}