{"stakedao":48.80084157453736,"convex":31.310896697409603,"yearn":27.38597}