{"stakedao":45.82431378708367,"convex":8.99047114992,"yearn":27.67106}