{"stakedao":54.7146058008111,"convex":12.219976526443197,"yearn":16.05988}