{"stakedao":52.72674684937166,"convex":24.3454267563552,"yearn":37.92392}