{"stakedao":42.63976197714648,"convex":24.8886117923472,"yearn":27.27709}