{"stakedao":41.187744843468785,"convex":20.6672562133344,"yearn":23.06968}