{"stakedao":48.88547726993362,"convex":21.820404358195198,"yearn":39.74696}