{"stakedao":47.51128446960753,"convex":10.184919713928,"yearn":17.87671}