{"stakedao":45.61029055829357,"convex":21.8124847603584,"yearn":43.49762}