{"stakedao":38.84845373354066,"convex":18.063375007104,"yearn":29.43448}