{"stakedao":40.73442945050985,"convex":16.687378894536,"yearn":35.04086}