{"stakedao":42.970926641647395,"convex":14.8130907998544,"yearn":18.87173}