{"stakedao":47.67270374514736,"convex":22.3995932254512,"yearn":38.42873}