{"stakedao":41.40824939467928,"convex":18.085267049169598,"yearn":31.20912}