{"stakedao":44.62707727781469,"convex":22.6119425560128,"yearn":45.33419}