{"stakedao":48.77730996181195,"convex":22.942505547576,"yearn":29.97243}