{"stakedao":49.256780392238404,"convex":29.3414459759424,"yearn":34.34857}