{"stakedao":40.82154967536748,"convex":17.259110421796798,"yearn":30.89588}