{"stakedao":43.654756634259634,"convex":26.8697035614816,"yearn":26.53348}