{"stakedao":42.82291245195448,"convex":28.5631464174768,"yearn":26.41692}