{"stakedao":41.14164850106889,"convex":21.7309672498896,"yearn":27.57071}