{"stakedao":53.97220994652029,"convex":15.7825172853936,"yearn":23.931}