{"stakedao":66.05609683645261,"convex":19.554073001092803,"yearn":40.68387}