{"stakedao":42.17668063592903,"convex":23.6374389016416,"yearn":29.43448}