{"stakedao":40.67212215633052,"convex":20.207871222494397,"yearn":27.11835}