{"stakedao":49.63155283087174,"convex":10.6425094580496,"yearn":20.30895}