{"stakedao":46.34719409884056,"convex":28.3408741804464,"yearn":31.80157}