{"stakedao":52.66886359751987,"convex":14.649293575871997,"yearn":31.27046}