{"stakedao":42.4685536278352,"convex":20.6854070577264,"yearn":29.66441}