{"stakedao":40.7095084413396,"convex":16.5266727504336,"yearn":33.87009}