{"stakedao":47.6724031937083,"convex":22.4057848050144,"yearn":38.03143}