{"stakedao":41.29374948963323,"convex":17.5305259487232,"yearn":33.82611}