{"stakedao":55.57059110410006,"convex":10.1870085229632,"yearn":21.28373}