{"stakedao":43.087954446733946,"convex":28.587713882328003,"yearn":26.36006}