{"stakedao":41.01269880680366,"convex":13.758996076776,"yearn":16.40924}