{"stakedao":44.94119452894638,"convex":9.0129336372288,"yearn":25.96647}