{"stakedao":44.80605275294594,"convex":23.2321733165952,"yearn":36.58427}