{"stakedao":56.287583214910875,"convex":11.3856112201824,"yearn":14.49075}