{"stakedao":54.880222414444944,"convex":10.5819996003696,"yearn":16.91716}