{"stakedao":42.911092346097874,"convex":28.5890923965744,"yearn":26.61982}