{"stakedao":45.48603760190775,"convex":20.490991026768,"yearn":49.08411}