{"stakedao":42.47861141115542,"convex":13.2211235101968,"yearn":17.72875}