{"stakedao":46.51032465328285,"convex":21.575112711249602,"yearn":42.19701}