{"stakedao":57.957104727013515,"convex":24.311364520924798,"yearn":39.59054}