{"stakedao":78.69778096007022,"convex":24.759365368967998,"yearn":40.92512}