{"stakedao":43.70969665886584,"convex":14.76233162424,"yearn":18.15976}