{"stakedao":68.00950109472197,"convex":23.5466191257984,"yearn":36.38978}