{"stakedao":48.15035499680837,"convex":10.988185800096,"yearn":35.61219}