{"stakedao":54.26970890934499,"convex":15.928618518172799,"yearn":23.51468}