{"stakedao":65.70185454028248,"convex":20.3683391688816,"yearn":42.42153}