{"stakedao":46.466143215262534,"convex":22.0931440502256,"yearn":44.7232}