{"stakedao":40.86855366096965,"convex":17.215310471903997,"yearn":31.79616}