{"stakedao":40.6101225262726,"convex":16.253082147744003,"yearn":34.07281}