{"stakedao":54.49089556829304,"convex":11.401208635651198,"yearn":16.38935}