{"stakedao":42.46962906961126,"convex":13.2211037371248,"yearn":17.72875}