{"stakedao":53.76925760874069,"convex":15.7825172853936,"yearn":23.91461}