{"stakedao":48.528911971342126,"convex":29.3370158365056,"yearn":36.15603}