{"stakedao":55.729738417666994,"convex":10.4282529752736,"yearn":16.36733}