{"stakedao":52.18425109164396,"convex":25.6411277001216,"yearn":34.18604}