{"stakedao":62.48949459860068,"convex":20.1709458872352,"yearn":44.05977}