{"stakedao":52.631016970692016,"convex":28.1215393262928,"yearn":29.60799}