{"stakedao":55.75208406347727,"convex":11.349944568676799,"yearn":22.7442}