{"stakedao":43.6622311943291,"convex":14.7978725574816,"yearn":18.29612}