{"stakedao":51.79449034826461,"convex":22.8432067473312,"yearn":34.56538}