{"stakedao":43.98310598873762,"convex":12.355659917308799,"yearn":18.37677}