{"stakedao":43.410195415015885,"convex":25.133007911500798,"yearn":28.58479}