{"stakedao":45.9846433396124,"convex":21.4974165850416,"yearn":42.19701}