{"stakedao":47.603738453038446,"convex":13.047965695008,"yearn":24.31697}