{"stakedao":44.854936069507104,"convex":9.0129336372288,"yearn":26.12301}