{"stakedao":47.73670522947684,"convex":29.28181050432,"yearn":35.40916}