{"stakedao":44.478859593517754,"convex":22.611822611990398,"yearn":45.15974}