{"stakedao":39.154021134452094,"convex":16.469778331166403,"yearn":26.50087}