{"stakedao":41.48684969385389,"convex":18.0765184171968,"yearn":32.08276}