{"stakedao":45.410111710607026,"convex":20.4676133205888,"yearn":47.41498}