{"stakedao":47.46546232326712,"convex":22.826504364033596,"yearn":39.22347}