{"stakedao":37.612724270832686,"convex":14.101956898012801,"yearn":26.04613}