{"stakedao":40.58418708373178,"convex":16.253082147744003,"yearn":34.07281}