{"stakedao":48.249548317853154,"convex":10.9885962821328,"yearn":35.37354}