{"stakedao":42.88193542277278,"convex":13.2295901945616,"yearn":16.27574}