{"stakedao":44.62382042728625,"convex":13.913689740566399,"yearn":19.09829}