{"stakedao":41.374686686284065,"convex":17.5443303722976,"yearn":33.4048}