{"stakedao":55.86533411726879,"convex":12.6158889596256,"yearn":25.66958}