{"stakedao":47.596059756282365,"convex":22.3570570776048,"yearn":37.77656}