{"stakedao":47.0296584801903,"convex":8.991961348910399,"yearn":28.12309}