{"stakedao":39.480885779845146,"convex":16.8934050868032,"yearn":26.51287}