{"stakedao":55.496386829695865,"convex":9.8102777955552,"yearn":20.29704}