{"stakedao":42.62625988894707,"convex":12.1857509534544,"yearn":18.5713}