{"stakedao":39.5733837273781,"convex":15.467557224945601,"yearn":25.60773}