{"stakedao":37.537920309938,"convex":15.3659151579888,"yearn":26.42021}