{"stakedao":58.17764621575237,"convex":17.020140096672,"yearn":36.80016}