{"stakedao":52.005690453399694,"convex":25.1019118260864,"yearn":34.08531}