{"stakedao":53.92129931495196,"convex":15.943018713552,"yearn":23.74706}