{"stakedao":42.86870208917834,"convex":28.557214918459202,"yearn":26.41692}