{"stakedao":41.30334448108227,"convex":20.7583986529152,"yearn":27.8876}