{"stakedao":44.94329915757911,"convex":22.122602609918403,"yearn":42.92012}