{"stakedao":54.01390110677709,"convex":10.6092194730336,"yearn":15.50172}