{"stakedao":49.2929213559767,"convex":29.152308992544,"yearn":34.06119}