{"stakedao":44.374632566041186,"convex":22.5566758043136,"yearn":30.15767}