{"stakedao":51.42441688544943,"convex":25.1621767215792,"yearn":32.24317}