{"stakedao":52.13366526323453,"convex":14.762487270167998,"yearn":30.95609}