{"stakedao":42.554847600675146,"convex":21.0256634052144,"yearn":29.13377}