{"stakedao":39.246141393905255,"convex":16.457884746364797,"yearn":26.45148}