{"stakedao":45.868787957428886,"convex":21.822896515824,"yearn":39.96147}