{"stakedao":54.38647076428954,"convex":10.4409915703488,"yearn":15.85341}