{"stakedao":45.965148606635424,"convex":10.618574406681601,"yearn":26.00532}