{"stakedao":44.11372084466049,"convex":22.5250688199312,"yearn":30.74028}