{"stakedao":39.07461422248904,"convex":18.066796555881602,"yearn":29.43448}