{"stakedao":43.64526994765467,"convex":27.460494620899205,"yearn":26.24516}