{"stakedao":41.4343246495688,"convex":13.1815423233936,"yearn":14.82744}