{"stakedao":46.65867619424248,"convex":20.1542038474176,"yearn":43.95054}