{"stakedao":67.27777672284213,"convex":20.0871772393248,"yearn":31.68482}