{"stakedao":42.695124725387394,"convex":13.2647753260368,"yearn":17.43579}