{"stakedao":63.995867284910915,"convex":18.611464269528,"yearn":31.73299}