{"stakedao":64.23772188971998,"convex":20.3704980162192,"yearn":37.94986}