{"stakedao":40.52253092150391,"convex":16.6843486980576,"yearn":33.49853}