{"stakedao":67.29083745094849,"convex":20.625261671059203,"yearn":41.91416}