{"stakedao":61.775947863672215,"convex":19.758368765736,"yearn":40.94821}