{"stakedao":47.70783349213829,"convex":31.414124441750396,"yearn":28.15243}