{"stakedao":47.20902222684779,"convex":27.1374974184816,"yearn":29.3282}