{"stakedao":43.14063725218237,"convex":14.813084981462401,"yearn":18.90399}