{"stakedao":48.12093424223774,"convex":11.05984990944,"yearn":19.43104}