{"stakedao":54.738047351161065,"convex":11.720493344462401,"yearn":16.80652}