{"stakedao":34.12526495082819,"convex":20.2145359461264,"yearn":27.52382}