{"stakedao":48.163547591728864,"convex":31.343053133519998,"yearn":26.97879}