{"stakedao":45.99778924718579,"convex":13.2594211881072,"yearn":25.95797}