{"stakedao":45.69855148343233,"convex":23.0731229197152,"yearn":37.76442}