{"stakedao":37.53147140384689,"convex":15.3655875620208,"yearn":26.42021}