{"stakedao":67.00799162853326,"convex":20.549151963331198,"yearn":42.77545}