{"stakedao":43.148329827371896,"convex":28.5805477899072,"yearn":27.51651}