{"stakedao":49.310222152989724,"convex":16.8091300905696,"yearn":19.9304}