{"stakedao":43.30884708620244,"convex":25.1139456136368,"yearn":28.31254}