{"stakedao":44.85093979089625,"convex":22.1172033755088,"yearn":43.95104}