{"stakedao":72.55536142174714,"convex":24.4230161836608,"yearn":43.63658}