{"stakedao":44.10464262223127,"convex":19.585689159297598,"yearn":42.54185}