{"stakedao":39.70861010082468,"convex":15.60452360436,"yearn":35.07145}