{"stakedao":44.53956849684333,"convex":22.1238734539536,"yearn":44.57917}