{"stakedao":43.193838131201744,"convex":19.5330010274784,"yearn":42.2382}