{"stakedao":40.752102377647724,"convex":13.169355712387201,"yearn":18.82238}