{"stakedao":40.91320708215862,"convex":21.7289667385008,"yearn":27.8876}