{"stakedao":39.331959686169036,"convex":15.7219275974832,"yearn":24.59256}