{"stakedao":39.298996238860845,"convex":16.0592003429328,"yearn":26.79239}