{"stakedao":63.750607476980946,"convex":18.6187067705232,"yearn":43.244}