{"stakedao":38.86983374373115,"convex":15.9687733385088,"yearn":27.82311}