{"stakedao":47.62690410823339,"convex":22.985097242932802,"yearn":39.30239}