{"stakedao":46.77844998155615,"convex":13.247052172876801,"yearn":25.29393}