{"stakedao":42.49220872013144,"convex":22.991017962945598,"yearn":29.43448}