{"stakedao":62.85338710003301,"convex":20.0232544894992,"yearn":39.87016}