{"stakedao":56.74009337673884,"convex":30.4407348554736,"yearn":41.64336}