{"stakedao":44.3581041371398,"convex":22.557155857919998,"yearn":30.11724}