{"stakedao":44.39024187817205,"convex":14.190068204496,"yearn":19.41502}