{"stakedao":52.82084483555863,"convex":11.7447142948992,"yearn":17.02752}