{"stakedao":50.95994331529893,"convex":29.4304157554176,"yearn":36.99654}