{"stakedao":54.392590204058024,"convex":12.2603350851072,"yearn":27.10968}