{"stakedao":40.166627891466916,"convex":13.2083071504992,"yearn":18.49255}