{"stakedao":49.102019409327994,"convex":28.000612440302405,"yearn":0}