{"stakedao":48.446986688168494,"convex":13.0617624364128,"yearn":23.54974}