{"stakedao":72.71244503891688,"convex":20.344998344054403,"yearn":32.51147}