{"stakedao":38.99517966057023,"convex":18.0627220006128,"yearn":29.43448}