{"stakedao":43.27652507476277,"convex":19.533448826064,"yearn":42.58914}