{"stakedao":54.56356246681277,"convex":12.2700046408128,"yearn":26.71091}