{"stakedao":50.30149354429808,"convex":10.8397574880336,"yearn":37.26578}