{"stakedao":41.44909677882394,"convex":21.5213469280848,"yearn":26.06025}