{"stakedao":53.9875996638891,"convex":11.3956826265216,"yearn":16.77968}