{"stakedao":38.787521446867245,"convex":16.412409588384,"yearn":27.95499}