{"stakedao":48.387192291941474,"convex":22.5983440120608,"yearn":34.56538}