{"stakedao":38.95319461168359,"convex":15.9655331721888,"yearn":27.77921}