{"stakedao":45.37274993283186,"convex":23.1158203205904,"yearn":37.44835}