{"stakedao":62.62769431968735,"convex":19.7952163048368,"yearn":40.12812}