{"stakedao":40.653894878569865,"convex":19.1304933192432,"yearn":28.76108}