{"stakedao":59.25649562912754,"convex":17.1097039670832,"yearn":35.79244}