{"stakedao":39.338800979140935,"convex":16.3134550824192,"yearn":27.95499}