{"stakedao":54.94861187447009,"convex":10.1804757932592,"yearn":20.83621}