{"stakedao":47.659869234293566,"convex":22.3995932254512,"yearn":38.46508}