{"stakedao":41.3555974727825,"convex":17.531488563047997,"yearn":34.20933}