{"stakedao":52.25252557551324,"convex":17.580902573736,"yearn":18.5252}