{"stakedao":47.726746903956865,"convex":31.4204503394448,"yearn":28.46215}