{"stakedao":40.44807657882404,"convex":18.8617853439792,"yearn":29.24838}