{"stakedao":56.68449838679021,"convex":31.148571782044804,"yearn":43.39853}