{"stakedao":53.42363258342993,"convex":26.924607664948798,"yearn":28.71742}