{"stakedao":48.5140728785222,"convex":13.0631907050064,"yearn":23.54974}