{"stakedao":40.87965407377575,"convex":17.130857221584,"yearn":30.07962}