{"stakedao":45.375610553464405,"convex":20.5325235161856,"yearn":43.9494}