{"stakedao":48.78028952090626,"convex":11.0735433483696,"yearn":20.51352}