{"stakedao":55.18811907953193,"convex":11.40688033164,"yearn":14.68772}