{"stakedao":55.1023288263647,"convex":12.283292848449598,"yearn":25.15033}