{"stakedao":40.924471284450576,"convex":17.1316375136784,"yearn":30.11449}