{"stakedao":42.20287324567464,"convex":22.8098009778912,"yearn":29.43448}