{"stakedao":39.33412876181938,"convex":15.5205627697584,"yearn":31.06116}