{"stakedao":48.86764301028775,"convex":29.3356007846496,"yearn":35.75675}