{"stakedao":42.64039540940858,"convex":20.6923216537008,"yearn":31.6677}