{"stakedao":66.99278153668794,"convex":19.610058284784003,"yearn":40.68387}