{"stakedao":45.685235574123276,"convex":31.020769757923198,"yearn":49.34974}