{"stakedao":43.66835357569035,"convex":12.0753360033408,"yearn":22.72018}