{"stakedao":39.70541796001794,"convex":15.605602873502399,"yearn":34.32929}