{"stakedao":41.03881727646922,"convex":21.7361407969152,"yearn":27.11244}