{"stakedao":52.19116554005771,"convex":14.7645709987536,"yearn":30.95609}