{"stakedao":56.68064107910868,"convex":11.637534796473599,"yearn":14.35557}