{"stakedao":42.735385143469244,"convex":13.7069864041536,"yearn":16.83404}