{"stakedao":65.08806488063405,"convex":18.7415133976368,"yearn":41.7575}