{"stakedao":53.699706931148484,"convex":9.7152833754864,"yearn":19.40697}