{"stakedao":38.637150670118984,"convex":16.4484058163184,"yearn":29.43448}