{"stakedao":49.26383380076026,"convex":29.3206719481488,"yearn":33.4639}