{"stakedao":42.521711366566265,"convex":12.1314035518416,"yearn":21.58143}