{"stakedao":49.20682009107108,"convex":22.892671461600003,"yearn":34.2945}