{"stakedao":40.15743988176247,"convex":13.036997139926399,"yearn":19.31719}