{"stakedao":42.547467036989715,"convex":16.4392460810496,"yearn":18.97025}