{"stakedao":40.94871245564427,"convex":20.9142722992176,"yearn":25.98217}