{"stakedao":47.370206507503894,"convex":31.4136704589552,"yearn":27.97521}