{"stakedao":39.701660535966425,"convex":15.6060593665632,"yearn":35.44489}