{"stakedao":37.49138847065757,"convex":23.7293442885168,"yearn":30.62625}