{"stakedao":48.62001530833198,"convex":11.068598219745601,"yearn":19.43104}