{"stakedao":38.96233928251108,"convex":16.2984045894912,"yearn":27.95499}