{"stakedao":65.69239020088314,"convex":19.5659829846144,"yearn":41.55229}