{"stakedao":42.019046150383176,"convex":15.2839265091408,"yearn":19.73699}