{"stakedao":39.52948296863909,"convex":15.69223602144,"yearn":25.60773}