{"stakedao":38.63373029582401,"convex":16.4777744637216,"yearn":29.43448}