{"stakedao":56.500623878458,"convex":30.98333577852,"yearn":44.90862}