{"stakedao":45.84307571170953,"convex":13.2595668213552,"yearn":26.07073}