{"stakedao":47.76830537813679,"convex":29.2231329292368,"yearn":36.26713}