{"stakedao":53.34588690468255,"convex":11.278791342532799,"yearn":16.87019}