{"stakedao":51.99470462683923,"convex":12.198776507208002,"yearn":25.61671}