{"stakedao":43.365929144353046,"convex":25.133007911500798,"yearn":28.72114}