{"stakedao":37.36872317604703,"convex":15.4023480806832,"yearn":28.27307}