{"stakedao":54.39787968605092,"convex":13.798396101873601,"yearn":19.57358}