{"stakedao":56.9724697210417,"convex":12.453031779652799,"yearn":14.19385}