{"stakedao":53.06232359722614,"convex":27.998071900142403,"yearn":31.24622}