{"stakedao":54.52284398578645,"convex":11.7202296845808,"yearn":16.78091}