{"stakedao":52.17305665348438,"convex":15.951166650950398,"yearn":25.92815}