{"stakedao":41.300256172963536,"convex":22.100643635846403,"yearn":26.06025}