{"stakedao":49.17259296264111,"convex":17.4918997539936,"yearn":18.49347}