{"stakedao":50.59472380947084,"convex":22.581868296916802,"yearn":29.97243}