{"stakedao":51.26427610168375,"convex":9.6013212182496,"yearn":18.21064}