{"stakedao":45.641247163394084,"convex":10.7095784126832,"yearn":27.08227}