{"stakedao":45.48333602083055,"convex":20.4912342702432,"yearn":49.00659}