{"stakedao":51.58494242934556,"convex":25.471503752327997,"yearn":28.97259}