{"stakedao":40.876725247197015,"convex":17.200707506352,"yearn":31.2259}