{"stakedao":51.91404286517147,"convex":13.9288957280496,"yearn":18.1709}