{"stakedao":40.55131450790134,"convex":16.252763066496,"yearn":34.21859}