{"stakedao":40.93573891922106,"convex":19.8377991480384,"yearn":26.99408}