{"stakedao":54.369022013622384,"convex":11.8889694670032,"yearn":27.16056}