{"stakedao":39.19708681828548,"convex":16.4697526734768,"yearn":26.52645}