{"stakedao":47.13457881419569,"convex":26.007735122395196,"yearn":27.31324}