{"stakedao":44.978789042619354,"convex":21.7209361402512,"yearn":50.20835}