{"stakedao":54.29998031411495,"convex":15.939561973752001,"yearn":23.84956}