{"stakedao":41.00427540024811,"convex":20.909094971025603,"yearn":25.77037}