{"stakedao":53.592405476612136,"convex":15.776416047009597,"yearn":23.8491}