{"stakedao":39.474220168760894,"convex":15.567730956820801,"yearn":30.87573}