{"stakedao":53.52336426155527,"convex":26.9168699478384,"yearn":29.37337}