{"stakedao":43.51464708092232,"convex":14.870533743691201,"yearn":17.89572}