{"stakedao":54.760811965513966,"convex":11.3082546893904,"yearn":15.60811}