{"stakedao":48.6805165710323,"convex":29.322146353910398,"yearn":33.76641}