{"stakedao":43.65464404519112,"convex":19.5250816756224,"yearn":41.57762}