{"stakedao":42.63186043371853,"convex":12.07362784644,"yearn":22.29089}