{"stakedao":54.69124330879663,"convex":12.270308054976,"yearn":26.62819}