{"stakedao":41.36427858766275,"convex":17.529397833470398,"yearn":33.71108}