{"stakedao":51.23906655298053,"convex":13.889536794360001,"yearn":26.87601}