{"stakedao":64.35888989147882,"convex":20.2452254883504,"yearn":46.42777}