{"stakedao":51.45809553480693,"convex":25.474864121265597,"yearn":28.8373}