{"stakedao":42.82524800734867,"convex":12.185758698696,"yearn":18.73684}