{"stakedao":41.38400948236875,"convex":18.1302817279392,"yearn":32.17383}