{"stakedao":42.92942100351957,"convex":14.817512970144001,"yearn":19.16375}