{"stakedao":40.715249059578305,"convex":13.226081811408001,"yearn":15.82885}