{"stakedao":48.93268959768912,"convex":21.832522838827202,"yearn":39.63586}