{"stakedao":38.80980451663141,"convex":18.0642542875488,"yearn":29.43448}