{"stakedao":39.72045099657383,"convex":15.608207387592,"yearn":35.29564}