{"stakedao":43.848866491224975,"convex":23.307394115937598,"yearn":31.97545}