{"stakedao":65.49699086824339,"convex":19.613841598785598,"yearn":40.53707}