{"stakedao":64.4328283405265,"convex":20.366045804736004,"yearn":37.94986}