{"stakedao":55.516208249418426,"convex":10.1825625934512,"yearn":21.21664}