{"stakedao":51.81553579840926,"convex":14.819466562272,"yearn":30.95609}