{"stakedao":46.88730809863718,"convex":13.247066575368002,"yearn":25.29393}