{"stakedao":37.69016084301713,"convex":23.5171685068704,"yearn":30.20279}