{"stakedao":77.70632601819827,"convex":24.738832585267197,"yearn":41.29313}