{"stakedao":45.21482208696477,"convex":20.4578350192944,"yearn":47.05208}