{"stakedao":40.73842487913413,"convex":16.6849480145088,"yearn":35.08378}