{"stakedao":50.36830267570213,"convex":17.5217015136672,"yearn":17.30234}