{"stakedao":40.58638357210977,"convex":19.1067372504432,"yearn":28.76108}