{"stakedao":40.65088354839894,"convex":13.155288373180799,"yearn":18.94601}