{"stakedao":44.412748893092235,"convex":22.5593186661792,"yearn":29.71217}