{"stakedao":50.63977692328533,"convex":9.5706376079472,"yearn":17.63432}