{"stakedao":28.930381978943664,"convex":15.777748950739202,"yearn":24.27526}