{"stakedao":54.733695862966776,"convex":10.412833334544,"yearn":16.02073}