{"stakedao":44.77949990840464,"convex":10.622966138424001,"yearn":25.34868}