{"stakedao":38.92454703929846,"convex":18.0968499381456,"yearn":29.43448}