{"stakedao":63.81152390248841,"convex":20.2166062119936,"yearn":37.94986}