{"stakedao":55.92904307114131,"convex":11.0115794319552,"yearn":15.90149}