{"stakedao":43.38200094616961,"convex":23.6614362460704,"yearn":30.80933}