{"stakedao":39.4250838490538,"convex":16.8941772142272,"yearn":26.41769}