{"stakedao":62.19356911984872,"convex":19.0081442227248,"yearn":49.05331}