{"stakedao":39.36818967423107,"convex":15.7193987224896,"yearn":26.79239}