{"stakedao":65.06857017315127,"convex":18.932606858707203,"yearn":43.68149}