{"stakedao":59.12983030410131,"convex":16.927597692057603,"yearn":36.20564}