{"stakedao":80.79419771493596,"convex":26.045996647435203,"yearn":41.01569}