{"stakedao":38.82873954298088,"convex":16.4243452642848,"yearn":29.43448}