{"stakedao":41.457940359075586,"convex":14.805435811132801,"yearn":21.40366}