{"stakedao":42.637188420968904,"convex":12.2180360343696,"yearn":18.10453}