{"stakedao":47.5867026195159,"convex":22.981152505608,"yearn":38.90502}