{"stakedao":47.62505093581247,"convex":22.8198785621328,"yearn":0}