{"stakedao":53.13422059838975,"convex":13.7288584713168,"yearn":18.92304}