{"stakedao":54.670854594552345,"convex":10.618826893358401,"yearn":15.35895}