{"stakedao":47.239791402804286,"convex":26.0294630479632,"yearn":27.65404}