{"stakedao":52.605032105792425,"convex":28.1213397191808,"yearn":29.68383}