{"stakedao":77.74430845775211,"convex":21.0899292383376,"yearn":33.63023}