{"stakedao":67.66481086740848,"convex":20.253040907011197,"yearn":31.68482}