{"stakedao":50.064115210039304,"convex":22.625594165592,"yearn":34.56538}