{"stakedao":45.309436323949754,"convex":22.059752736888,"yearn":40.23414}