{"stakedao":54.87531631351635,"convex":10.5333762318912,"yearn":22.20158}