{"stakedao":41.46177640767927,"convex":17.5220714593296,"yearn":32.36921}