{"stakedao":37.64561582888089,"convex":14.105793867364799,"yearn":25.94351}