{"stakedao":42.77677294199178,"convex":25.3983350698848,"yearn":29.77649}