{"stakedao":47.56969339714985,"convex":11.375362395460801,"yearn":30.66085}