{"stakedao":44.506998792503055,"convex":10.6440698782512,"yearn":25.85052}