{"stakedao":50.52320478271949,"convex":9.5706376079472,"yearn":17.61438}