{"stakedao":57.926868430285836,"convex":24.3456031403568,"yearn":38.84236}