{"stakedao":39.59562110740346,"convex":15.467557224945601,"yearn":25.60773}