{"stakedao":51.12412293748926,"convex":17.52008347404,"yearn":17.30234}