{"stakedao":40.7515948247789,"convex":13.266189422352,"yearn":15.73979}