{"stakedao":51.88869862325434,"convex":28.2358946144592,"yearn":28.94434}