{"stakedao":56.68501189375286,"convex":30.4644890951856,"yearn":41.86249}