{"stakedao":44.967049146934656,"convex":21.752749619208004,"yearn":50.20835}