{"stakedao":58.02640607124172,"convex":24.3465414971904,"yearn":38.95087}