{"stakedao":45.31489039532008,"convex":23.1320886676128,"yearn":31.76064}