{"stakedao":73.46972452587411,"convex":24.549584878972798,"yearn":42.37102}