{"stakedao":46.6298357369008,"convex":28.3808851461648,"yearn":31.05679}