{"stakedao":65.76864650605239,"convex":19.5424295661504,"yearn":41.55229}