{"stakedao":42.31469045962224,"convex":15.2767510158384,"yearn":19.37969}