{"stakedao":59.515749127153924,"convex":17.048125600344,"yearn":35.79244}