{"stakedao":57.50872040029367,"convex":12.470751214718398,"yearn":14.09696}