{"stakedao":38.749835592864386,"convex":18.0929884495536,"yearn":29.43448}