{"stakedao":39.27410065070147,"convex":15.7186404172944,"yearn":24.44355}