{"stakedao":38.729204099095284,"convex":16.4217427684992,"yearn":27.95499}