{"stakedao":39.14357181227264,"convex":16.3643976745632,"yearn":27.95499}