{"stakedao":57.78127981229409,"convex":31.115884913568,"yearn":48.028}