{"stakedao":39.69636009988122,"convex":15.60452360436,"yearn":35.07145}