{"stakedao":51.65708330984794,"convex":9.6344697958416,"yearn":18.86071}