{"stakedao":43.20862892582185,"convex":28.5801979642128,"yearn":27.56111}