{"stakedao":41.37041920477418,"convex":17.5448284455744,"yearn":33.44298}