{"stakedao":45.73699818909227,"convex":23.3180611616304,"yearn":32.34839}