{"stakedao":46.392619206506865,"convex":28.3945333277808,"yearn":29.94777}