{"stakedao":41.92501226133436,"convex":17.536761461088,"yearn":33.17238}