{"stakedao":40.23571955194596,"convex":18.8961788367072,"yearn":27.60543}