{"stakedao":57.70921832721418,"convex":11.0103588216144,"yearn":15.56249}