{"stakedao":39.16933861247676,"convex":16.064493461856,"yearn":26.79239}