{"stakedao":54.68161524756093,"convex":11.2460010422832,"yearn":21.75975}