{"stakedao":49.41100790222771,"convex":31.2742382197824,"yearn":27.53162}