{"stakedao":55.6766938537784,"convex":11.389651334985599,"yearn":14.40885}