{"stakedao":53.0937883420854,"convex":27.922432214419196,"yearn":31.42527}