{"stakedao":64.65945861185268,"convex":18.659920878792,"yearn":43.45649}