{"stakedao":44.955647292867965,"convex":22.114802688048,"yearn":43.16585}