{"stakedao":48.379065124131415,"convex":22.8756845352816,"yearn":28.42711}