{"stakedao":40.91994270141505,"convex":17.245583540251197,"yearn":32.20213}