{"stakedao":53.02407914172461,"convex":27.9964957529376,"yearn":30.61973}