{"stakedao":37.52205817557336,"convex":15.3639461636784,"yearn":27.29881}