{"stakedao":42.85094706079852,"convex":25.405309306742403,"yearn":30.02145}