{"stakedao":48.44673796652758,"convex":26.040442318977604,"yearn":27.47039}