{"stakedao":41.35286064274502,"convex":17.5297081130208,"yearn":33.55801}