{"stakedao":40.64644975191898,"convex":19.1094218975088,"yearn":28.76108}