{"stakedao":46.1888054132369,"convex":11.165895789580802,"yearn":32.1811}