{"stakedao":72.73459279525952,"convex":20.2651932257712,"yearn":30.29934}