{"stakedao":40.01704869542858,"convex":16.4342026137168,"yearn":19.5265}