{"stakedao":54.368285237162965,"convex":11.7224221745232,"yearn":16.42123}