{"stakedao":42.57439354383937,"convex":13.189260803543998,"yearn":16.86146}