{"stakedao":64.61115736619492,"convex":20.42290825596,"yearn":37.94986}