{"stakedao":67.38826080934645,"convex":19.705387828463998,"yearn":40.10503}