{"stakedao":84.00712408960632,"convex":25.804752469488,"yearn":41.64514}