{"stakedao":46.44366655098894,"convex":13.26103629804,"yearn":26.29676}