{"stakedao":44.115227277074155,"convex":23.772064978728,"yearn":33.65672}