{"stakedao":65.72920542551856,"convex":19.083755850868798,"yearn":32.46626}