{"stakedao":45.494188011272996,"convex":20.918827248681602,"yearn":41.86276}