{"stakedao":46.96303767967349,"convex":10.169586538603202,"yearn":19.66358}