{"stakedao":42.64551481253859,"convex":13.2647753260368,"yearn":17.41818}