{"stakedao":44.266525184431515,"convex":23.8657728277584,"yearn":34.22964}