{"stakedao":52.586453500090286,"convex":25.8193637700048,"yearn":32.81947}