{"stakedao":56.081200689386975,"convex":11.011231728633602,"yearn":15.71723}