{"stakedao":37.53664038036595,"convex":24.3313340937408,"yearn":29.39822}