{"stakedao":44.11166903992234,"convex":23.771302138656,"yearn":33.34448}