{"stakedao":45.681875738888074,"convex":20.4905457289872,"yearn":49.39482}