{"stakedao":54.782833978283776,"convex":10.441707604689599,"yearn":16.19192}