{"stakedao":70.94422161683198,"convex":20.287406389463996,"yearn":30.90979}