{"stakedao":56.213249551614496,"convex":11.408261785041601,"yearn":14.6622}