{"stakedao":43.177848947303474,"convex":14.7634898185296,"yearn":17.98705}