{"stakedao":40.314482528209076,"convex":18.8961788367072,"yearn":0}