{"stakedao":62.2594770476349,"convex":20.267264857147204,"yearn":43.5992}