{"stakedao":55.96410859485297,"convex":11.2165574905728,"yearn":15.33855}