{"stakedao":52.33301448100034,"convex":22.8927342560832,"yearn":42.19701}