{"stakedao":42.49682404399814,"convex":13.194058548671999,"yearn":15.59361}