{"stakedao":42.52873087238804,"convex":13.2211235101968,"yearn":17.60863}