{"stakedao":65.86872224105218,"convex":20.3547742769952,"yearn":42.42153}