{"stakedao":42.43576590887145,"convex":13.262661310276801,"yearn":17.78072}