{"stakedao":42.170115168201704,"convex":15.345073353024002,"yearn":14.94948}