{"stakedao":40.770982902182645,"convex":16.4577754362816,"yearn":33.95578}