{"stakedao":46.214641887436585,"convex":21.4974165850416,"yearn":42.19701}