{"stakedao":54.59098998972891,"convex":11.4177616739136,"yearn":18.29643}