{"stakedao":40.75259526875526,"convex":17.161314457017603,"yearn":30.67565}