{"stakedao":46.38232981056544,"convex":21.5733992689152,"yearn":42.19701}