{"stakedao":52.85785119481805,"convex":27.998071900142403,"yearn":31.24622}