{"stakedao":54.89422232132718,"convex":10.7608335265872,"yearn":16.03696}