{"stakedao":40.614479743947776,"convex":20.097135831931197,"yearn":26.34206}