{"stakedao":38.76673828448944,"convex":16.407241516008,"yearn":27.95499}