{"stakedao":44.25733640133729,"convex":19.578576889368,"yearn":43.75019}