{"stakedao":28.950089642602155,"convex":15.7428185229216,"yearn":25.81229}