{"stakedao":52.45244530164776,"convex":25.1014865883552,"yearn":34.43685}