{"stakedao":55.56098359224756,"convex":12.114033762715199,"yearn":17.18868}