{"stakedao":41.19080612152118,"convex":21.522270595449598,"yearn":26.03604}