{"stakedao":46.88949764960883,"convex":13.2338111525568,"yearn":24.46054}