{"stakedao":37.606554902277445,"convex":15.334901936568002,"yearn":27.88743}