{"stakedao":44.10992722207115,"convex":23.772064978728,"yearn":33.65672}