{"stakedao":65.43747540158358,"convex":18.5725950268464,"yearn":42.88972}