{"stakedao":44.01328778915288,"convex":23.3033376497184,"yearn":31.7687}