{"stakedao":28.96400949680934,"convex":15.8528181502224,"yearn":25.81229}