{"stakedao":41.31184591222915,"convex":13.227320857694401,"yearn":16.1313}