{"stakedao":55.205487750124924,"convex":10.5820001680176,"yearn":17.04674}