{"stakedao":45.76360171930727,"convex":30.997448229974403,"yearn":41.9373}