{"stakedao":51.58634169746192,"convex":25.8482628684432,"yearn":34.91313}