{"stakedao":54.646404306459324,"convex":10.5789230806608,"yearn":17.32228}