{"stakedao":39.57492997261847,"convex":15.467557224945601,"yearn":25.60773}