{"stakedao":42.51982197603562,"convex":21.0923513955072,"yearn":33.1646}