{"stakedao":37.43919293621124,"convex":25.44930294444,"yearn":28.99298}