{"stakedao":54.70089094579227,"convex":11.3968118613024,"yearn":18.58802}