{"stakedao":66.38220130864983,"convex":20.5489074394944,"yearn":43.90208}