{"stakedao":47.65498051245528,"convex":11.8107535455216,"yearn":23.78283}