{"stakedao":43.92232109293454,"convex":12.3556425125904,"yearn":18.30808}