{"stakedao":45.56488014610676,"convex":22.9403416008672,"yearn":32.96769}