{"stakedao":39.06993966459683,"convex":18.0649443109968,"yearn":29.43448}