{"stakedao":51.25922314642547,"convex":9.6013212182496,"yearn":18.21064}