{"stakedao":57.96670862077126,"convex":24.3100477226304,"yearn":39.39749}