{"stakedao":37.56334673871052,"convex":24.3155607925392,"yearn":29.5625}