{"stakedao":65.9713955295389,"convex":20.5330692813552,"yearn":44.07617}