{"stakedao":44.068754110751776,"convex":27.4771639166256,"yearn":25.83112}