{"stakedao":47.548996883174496,"convex":29.279954620180803,"yearn":36.01742}