{"stakedao":43.662321166726265,"convex":26.616277840363196,"yearn":27.15366}