{"stakedao":52.80038887216456,"convex":11.2788422984016,"yearn":16.82413}