{"stakedao":40.05480357086129,"convex":13.1300803869408,"yearn":17.43112}