{"stakedao":56.17308840909843,"convex":11.012111466350401,"yearn":15.98221}