{"stakedao":41.10419710605124,"convex":20.999149213622402,"yearn":25.16533}