{"stakedao":67.20656764534533,"convex":21.2016698042112,"yearn":31.68482}