{"stakedao":54.29810269992001,"convex":10.441042299158399,"yearn":15.67059}