{"stakedao":66.51319699370387,"convex":18.4313919088224,"yearn":30.55865}