{"stakedao":64.4198731575593,"convex":17.3489787502128,"yearn":32.19056}