{"stakedao":38.96575397237517,"convex":16.3111670352432,"yearn":27.95499}