{"stakedao":41.68080574341867,"convex":20.693449081468803,"yearn":26.26841}