{"stakedao":67.09500244223024,"convex":23.6413109547936,"yearn":36.18087}