{"stakedao":55.2703380572879,"convex":12.175644229948801,"yearn":15.8454}