{"stakedao":27.895613175763074,"convex":13.6857334927392,"yearn":23.66499}