{"stakedao":54.62733691410237,"convex":10.341083194991999,"yearn":15.8203}