{"stakedao":47.55388680943386,"convex":10.1868629874768,"yearn":20.57448}