{"stakedao":50.823848904999316,"convex":24.904570500000002,"yearn":38.09102}