{"stakedao":62.56629370859436,"convex":19.111834798862397,"yearn":46.54894}