{"stakedao":39.319667996269935,"convex":16.8843250177776,"yearn":26.4104}