{"stakedao":52.813664877937256,"convex":17.184886254662402,"yearn":37.59934}