{"stakedao":44.95577046621549,"convex":9.2456884532736,"yearn":25.41301}