{"stakedao":40.53385553115659,"convex":16.2529806144384,"yearn":34.88065}