{"stakedao":40.72366576535917,"convex":19.835728844328,"yearn":27.21531}