{"stakedao":45.32566474090599,"convex":8.99115902892,"yearn":27.30712}