{"stakedao":40.535550301837795,"convex":16.2534313837152,"yearn":34.10925}