{"stakedao":54.83459999827761,"convex":12.3755770741392,"yearn":16.60442}