{"stakedao":52.82709610689784,"convex":11.2923292049136,"yearn":16.24884}