{"stakedao":45.71448900173106,"convex":31.0199505535584,"yearn":40.82487}