{"stakedao":39.341972645597096,"convex":15.7720121549856,"yearn":26.79239}