{"stakedao":37.560616737544514,"convex":24.315383916575996,"yearn":29.52599}