{"stakedao":62.98868758502269,"convex":19.1268668211552,"yearn":46.25322}