{"stakedao":42.43787865138577,"convex":23.2635807569376,"yearn":29.43448}