{"stakedao":47.85989098191166,"convex":10.644238220572802,"yearn":20.00819}