{"stakedao":40.640541136191814,"convex":18.877231601092802,"yearn":29.24838}