{"stakedao":61.197265978824646,"convex":18.957803435222402,"yearn":48.14997}