{"stakedao":52.52829018069731,"convex":25.7706793793664,"yearn":33.03677}