{"stakedao":37.629101264608344,"convex":23.748999100516798,"yearn":30.31328}