{"stakedao":47.49762866865133,"convex":11.4654472311312,"yearn":33.98015}