{"stakedao":40.7569754471354,"convex":19.094488538745598,"yearn":29.60422}