{"stakedao":44.335712635436,"convex":23.223246474686402,"yearn":36.16278}