{"stakedao":41.41820583151409,"convex":22.1122655443152,"yearn":25.7502}