{"stakedao":41.22117694013128,"convex":21.5119162765008,"yearn":26.69918}