{"stakedao":37.5333389046869,"convex":15.334628841115201,"yearn":27.57924}