{"stakedao":43.80042753006012,"convex":26.8682574782016,"yearn":26.65767}