{"stakedao":52.44148082860685,"convex":22.7855377439856,"yearn":34.56538}