{"stakedao":47.74328666931721,"convex":29.2230342089424,"yearn":36.2048}