{"stakedao":51.6171640772189,"convex":24.3019283347728,"yearn":41.30264}