{"stakedao":48.523255045380935,"convex":28.000942379395198,"yearn":27.43541}