{"stakedao":45.8849410178418,"convex":21.5742839609376,"yearn":42.19701}