{"stakedao":44.216027312982334,"convex":23.865581379009598,"yearn":34.12568}