{"stakedao":52.642794471291374,"convex":15.765520289630402,"yearn":23.49837}