{"stakedao":41.18191383401761,"convex":20.6670913998912,"yearn":23.06968}