{"stakedao":51.89226109154427,"convex":25.7152408069248,"yearn":33.66054}