{"stakedao":55.08044365648255,"convex":10.5502239740736,"yearn":14.72806}