{"stakedao":53.68809004878898,"convex":11.3977681274304,"yearn":15.57589}