{"stakedao":54.81823805511864,"convex":11.3418754492032,"yearn":21.94776}