{"stakedao":41.52306408481358,"convex":15.033272401915202,"yearn":14.94948}