{"stakedao":67.21171179108671,"convex":23.6410252638624,"yearn":36.18087}