{"stakedao":41.5268792672156,"convex":22.1108363769456,"yearn":25.7502}