{"stakedao":42.10865272717178,"convex":13.7947412560752,"yearn":16.11992}