{"stakedao":37.57549510269824,"convex":24.310056609475204,"yearn":29.74534}