{"stakedao":46.27529300904824,"convex":20.2759853243184,"yearn":42.24262}