{"stakedao":55.06630653610435,"convex":11.823507536472,"yearn":17.49115}