{"stakedao":44.12587689440037,"convex":23.771306225721602,"yearn":33.44879}