{"stakedao":53.56762361635256,"convex":10.7594389289808,"yearn":24.03404}