{"stakedao":41.659593738230356,"convex":13.8538069226352,"yearn":21.48847}