{"stakedao":56.976298195061574,"convex":12.48106405752,"yearn":14.50858}