{"stakedao":47.732163016276274,"convex":10.6431621586416,"yearn":20.09706}