{"stakedao":43.47905990630637,"convex":26.9921418922656,"yearn":26.49346}