{"stakedao":45.004713032645654,"convex":9.0129336372288,"yearn":25.96647}