{"stakedao":43.87570580666286,"convex":23.3126901677088,"yearn":28.62605}