{"stakedao":73.29090821521845,"convex":24.563213814168,"yearn":42.12667}