{"stakedao":75.75888232158917,"convex":20.2883315106384,"yearn":31.76972}