{"stakedao":41.336574422163004,"convex":17.5297159844064,"yearn":33.67278}