{"stakedao":73.34074179471205,"convex":24.5736198332352,"yearn":41.88268}