{"stakedao":48.95932361390648,"convex":29.319882750288002,"yearn":34.07199}