{"stakedao":45.76394624431116,"convex":22.065885905472,"yearn":39.40664}