{"stakedao":28.953192377631574,"convex":15.8528181502224,"yearn":25.81229}