{"stakedao":53.089705278866745,"convex":24.3500764368096,"yearn":37.46276}