{"stakedao":56.24712120837606,"convex":10.4285412616176,"yearn":15.9287}