{"stakedao":64.01584016415693,"convex":17.3335379299056,"yearn":33.835}