{"stakedao":42.409668798430445,"convex":15.5361544898256,"yearn":17.42087}