{"stakedao":57.51198406608546,"convex":11.002257194832,"yearn":15.13083}