{"stakedao":43.180730098429635,"convex":15.313888452772801,"yearn":14.86021}