{"stakedao":49.74163116988807,"convex":9.129085897132798,"yearn":17.34652}