{"stakedao":41.99290054118609,"convex":17.5373255675952,"yearn":33.32463}