{"stakedao":39.11104353703088,"convex":18.0547431182496,"yearn":29.43448}