{"stakedao":53.24196313912316,"convex":14.200041231129601,"yearn":22.78054}