{"stakedao":53.157659356652395,"convex":14.1417401769648,"yearn":22.59351}