{"stakedao":49.36698278107268,"convex":31.2742382197824,"yearn":27.53162}