{"stakedao":52.09131745732314,"convex":13.927078141228797,"yearn":18.1709}