{"stakedao":49.17616863250426,"convex":12.7130577364368,"yearn":23.26827}