{"stakedao":63.14681281584809,"convex":20.1845592468,"yearn":45.30353}