{"stakedao":46.64643299087287,"convex":10.1643058827072,"yearn":19.32862}