{"stakedao":43.88677347732851,"convex":14.1768720977472,"yearn":16.74948}