{"stakedao":58.43605909044352,"convex":17.050999867070402,"yearn":35.79244}