{"stakedao":40.95402696703784,"convex":17.240179130784,"yearn":31.9765}