{"stakedao":44.21854739254218,"convex":19.5753143766384,"yearn":42.70033}