{"stakedao":45.19606796148622,"convex":9.0180075304944,"yearn":25.44211}