{"stakedao":42.79280296215687,"convex":13.2467278755744,"yearn":18.08803}