{"stakedao":44.3062266018589,"convex":23.162996735395197,"yearn":35.37623}