{"stakedao":39.58045523920913,"convex":15.467557224945601,"yearn":25.60773}