{"stakedao":41.504828842888834,"convex":18.071754652108798,"yearn":31.97338}