{"stakedao":42.65556361466438,"convex":15.286067964374402,"yearn":19.89198}