{"stakedao":41.293410397402795,"convex":17.5300305528528,"yearn":33.78768}