{"stakedao":43.11311781852753,"convex":13.714116895584,"yearn":17.16109}