{"stakedao":55.306779548873365,"convex":12.2549869579392,"yearn":25.71836}