{"stakedao":53.25500036443282,"convex":24.3278247676608,"yearn":0}