{"stakedao":54.63607918235654,"convex":11.4179184393696,"yearn":18.49083}