{"stakedao":45.10305141660013,"convex":14.0066812020528,"yearn":18.92315}