{"stakedao":67.80243957903878,"convex":24.3267153721776,"yearn":34.96233}