{"stakedao":40.727102078377364,"convex":17.2298892588048,"yearn":31.16404}