{"stakedao":62.60405404309143,"convex":17.3258984505888,"yearn":34.96297}