{"stakedao":41.66760004784081,"convex":17.5194834511824,"yearn":32.63708}