{"stakedao":52.69751230996903,"convex":11.2925842901568,"yearn":16.05709}