{"stakedao":37.65689108737846,"convex":14.124696198868799,"yearn":24.97782}