{"stakedao":42.79327892076101,"convex":13.2612360912144,"yearn":15.50977}