{"stakedao":43.657063344682285,"convex":26.4890344701744,"yearn":27.02492}