{"stakedao":42.67494275827588,"convex":13.6998047739456,"yearn":16.6013}