{"stakedao":51.97225000788224,"convex":25.2992033221392,"yearn":31.6304}