{"stakedao":48.07999226841278,"convex":11.374841903241599,"yearn":31.37521}