{"stakedao":43.50244133430638,"convex":25.1197237310112,"yearn":27.86999}