{"stakedao":39.201075955367116,"convex":16.4724948012096,"yearn":26.52645}