{"stakedao":42.59498747191645,"convex":23.083235922038398,"yearn":29.43448}