{"stakedao":40.10377941267316,"convex":13.1410764697968,"yearn":17.32698}