{"stakedao":65.09315400815822,"convex":19.0170775673568,"yearn":41.94741}