{"stakedao":53.54469836522137,"convex":25.552440669268798,"yearn":33.87178}