{"stakedao":52.834441432859215,"convex":24.235641315259198,"yearn":37.95762}