{"stakedao":65.92125691750262,"convex":19.6376678257248,"yearn":38.98076}