{"stakedao":48.10228628112888,"convex":11.4711608353104,"yearn":34.40154}