{"stakedao":37.57525697362238,"convex":15.334570934712001,"yearn":27.47652}