{"stakedao":42.19819419630651,"convex":13.2627890121552,"yearn":17.9925}