{"stakedao":45.49658467952597,"convex":20.516290120512004,"yearn":44.50103}