{"stakedao":48.392886157869015,"convex":10.988185800096,"yearn":35.61219}