{"stakedao":54.45655192727574,"convex":10.4923904694912,"yearn":16.12528}