{"stakedao":57.33508286486317,"convex":11.0324552548032,"yearn":16.60425}