{"stakedao":37.50333472616548,"convex":23.7271405307616,"yearn":30.57125}