{"stakedao":50.09772452091536,"convex":22.684244909846402,"yearn":34.56538}