{"stakedao":40.51018298488367,"convex":17.2213094516544,"yearn":30.26706}