{"stakedao":40.504630680161384,"convex":16.2641973168432,"yearn":34.44263}