{"stakedao":67.34908240617861,"convex":19.705387828463998,"yearn":40.10503}