{"stakedao":41.674480078060824,"convex":22.1145795203904,"yearn":26.06025}