{"stakedao":56.529976947955085,"convex":30.946418182195202,"yearn":43.8368}