{"stakedao":45.884156999156936,"convex":22.953990772713603,"yearn":33.28255}