{"stakedao":46.05060064778845,"convex":21.5742839609376,"yearn":42.19701}