{"stakedao":38.7993225298387,"convex":18.1186209324288,"yearn":29.43448}