{"stakedao":49.185411989826875,"convex":21.7984484336544,"yearn":40.30249}