{"stakedao":65.46714105808326,"convex":19.5668376259824,"yearn":41.55229}