{"stakedao":40.677018263492904,"convex":18.8782112953152,"yearn":29.24838}