{"stakedao":43.306238663386594,"convex":13.7251681002144,"yearn":17.19297}