{"stakedao":67.4768711088243,"convex":20.4595210663056,"yearn":41.85428}