{"stakedao":39.28227867148684,"convex":16.062683374296,"yearn":26.79239}