{"stakedao":45.02077428821443,"convex":9.01255533768,"yearn":25.81002}