{"stakedao":48.44914908012276,"convex":12.715837685294401,"yearn":23.41004}