{"stakedao":44.86631615659907,"convex":22.1192930013264,"yearn":43.35103}