{"stakedao":41.794206646506666,"convex":20.7011670192,"yearn":25.57754}