{"stakedao":77.39657664372683,"convex":24.6683359985616,"yearn":41.10912}