{"stakedao":41.21791433451989,"convex":14.785807940337602,"yearn":14.72824}