{"stakedao":48.06467829433935,"convex":31.4072808427728,"yearn":28.77214}