{"stakedao":66.87097446830364,"convex":20.4520993209936,"yearn":42.9325}