{"stakedao":47.7567266589355,"convex":11.4716763479952,"yearn":34.13108}