{"stakedao":40.71522300735075,"convex":16.4567849094432,"yearn":33.31943}