{"stakedao":55.048853118024,"convex":10.5944324160816,"yearn":14.64564}