{"stakedao":39.23514941503352,"convex":16.3687314210624,"yearn":27.95499}