{"stakedao":44.48285208616418,"convex":23.3046707805072,"yearn":32.18574}