{"stakedao":65.09562208820172,"convex":18.8291137704624,"yearn":41.94741}