{"stakedao":44.981501793343824,"convex":23.1156150275376,"yearn":36.84744}