{"stakedao":56.4575475154972,"convex":12.378741718046399,"yearn":14.14151}