{"stakedao":46.573136398403065,"convex":32.323601013364794,"yearn":27.29455}