{"stakedao":52.87924313525272,"convex":24.2346472374672,"yearn":0}