{"stakedao":53.91852412904635,"convex":11.731452681571199,"yearn":27.64058}