{"stakedao":46.575802134726956,"convex":28.341711215265597,"yearn":31.05746}