{"stakedao":39.184888193532444,"convex":16.0699694138928,"yearn":26.79239}