{"stakedao":65.6301203771994,"convex":19.5660631743552,"yearn":38.52974}