{"stakedao":38.89112138202559,"convex":15.963778736208,"yearn":27.8517}