{"stakedao":52.24207719937208,"convex":17.588244769488,"yearn":18.37349}