{"stakedao":48.576461672746476,"convex":11.0793502928016,"yearn":37.95035}