{"stakedao":28.87325759770467,"convex":15.733971394560001,"yearn":24.30104}