{"stakedao":47.92225559223888,"convex":23.1093661691376,"yearn":29.97243}