{"stakedao":47.226602911451124,"convex":13.366186596777599,"yearn":25.00835}