{"stakedao":73.68115486554387,"convex":20.3146857453312,"yearn":32.51147}