{"stakedao":39.43100285138045,"convex":16.8941772142272,"yearn":26.41769}