{"stakedao":45.24861259761761,"convex":23.138207216107197,"yearn":32.03478}