{"stakedao":56.15953365809527,"convex":11.214827731512,"yearn":15.46442}