{"stakedao":55.309598834275995,"convex":10.5292593647712,"yearn":16.49372}