{"stakedao":41.07930335818906,"convex":19.836201647808,"yearn":27.12067}