{"stakedao":46.03804994017961,"convex":8.986306710744,"yearn":29.09947}