{"stakedao":47.48265196037315,"convex":10.6489881981216,"yearn":20.39831}