{"stakedao":41.680469675522446,"convex":22.1124878289648,"yearn":26.38004}