{"stakedao":51.16914620588206,"convex":9.564079958496,"yearn":18.62958}