{"stakedao":54.02483064169864,"convex":10.7498020887216,"yearn":24.53068}