{"stakedao":39.26013664049407,"convex":18.0394509523392,"yearn":29.43448}