{"stakedao":41.345195711091776,"convex":17.5297081130208,"yearn":33.55801}