{"stakedao":37.346688564596825,"convex":15.4073120016096,"yearn":28.32431}