{"stakedao":42.73354140760604,"convex":24.9373417241232,"yearn":26.83163}