{"stakedao":49.26926398747721,"convex":11.160927299088002,"yearn":32.6617}