{"stakedao":37.57616501624086,"convex":24.3200817588096,"yearn":29.94666}