{"stakedao":40.79775485584067,"convex":19.152116917416,"yearn":29.31793}