{"stakedao":41.74048770764108,"convex":20.7196796067408,"yearn":25.6604}