{"stakedao":39.2163307988873,"convex":16.3687314210624,"yearn":27.95499}