{"stakedao":55.74761750832876,"convex":11.011569185908801,"yearn":15.71723}