{"stakedao":67.91838237968065,"convex":24.1942246134192,"yearn":35.99815}