{"stakedao":47.319220156411156,"convex":19.8110512179216,"yearn":26.65718}