{"stakedao":40.640211786290784,"convex":18.8769539297664,"yearn":29.24838}