{"stakedao":44.968063782634914,"convex":23.1158371103568,"yearn":37.31269}