{"stakedao":53.7789557199988,"convex":10.776333732336,"yearn":23.8381}