{"stakedao":39.52319051479408,"convex":15.69223602144,"yearn":25.60773}