{"stakedao":52.61731858687571,"convex":28.1152188654048,"yearn":29.95115}