{"stakedao":51.73148620440875,"convex":13.8824128687248,"yearn":26.99372}