{"stakedao":44.99592367969572,"convex":21.7209361402512,"yearn":50.20835}