{"stakedao":28.973598274974236,"convex":15.778548577555199,"yearn":24.09579}