{"stakedao":47.65872397171442,"convex":10.987115496638399,"yearn":35.07349}