{"stakedao":42.71850313687621,"convex":13.6999227122784,"yearn":16.6013}