{"stakedao":49.027393629525264,"convex":22.4605092668112,"yearn":34.56538}