{"stakedao":47.783557962906414,"convex":11.470833608313601,"yearn":34.13108}