{"stakedao":44.63996376828382,"convex":22.6163040478848,"yearn":46.38472}