{"stakedao":40.440595823201335,"convex":18.8784865762128,"yearn":29.24838}