{"stakedao":78.15757385069617,"convex":21.0098478173904,"yearn":33.63023}