{"stakedao":58.28957434545929,"convex":24.344865283104,"yearn":38.71253}