{"stakedao":46.98000410637955,"convex":13.2392824530336,"yearn":26.66259}