{"stakedao":44.66340040062796,"convex":22.1260989715488,"yearn":47.30529}