{"stakedao":54.51256734972455,"convex":10.6092194730336,"yearn":15.5193}