{"stakedao":72.19201508064708,"convex":20.317593862800003,"yearn":32.51147}