{"stakedao":55.28703030667771,"convex":10.4267073959136,"yearn":16.1858}