{"stakedao":41.496039331758794,"convex":18.0719919100512,"yearn":32.46516}