{"stakedao":44.27532667623425,"convex":19.5864798645792,"yearn":43.79734}