{"stakedao":42.13787847592935,"convex":22.918531628087997,"yearn":29.43448}