{"stakedao":55.68374887844023,"convex":11.389651334985599,"yearn":14.40885}