{"stakedao":64.90587436201466,"convex":18.9737979110064,"yearn":42.39734}