{"stakedao":54.8583507857046,"convex":10.4416849460736,"yearn":16.22757}