{"stakedao":46.526699665073735,"convex":8.992128855528,"yearn":27.83247}