{"stakedao":53.90706364679554,"convex":14.1914708059392,"yearn":23.02997}