{"stakedao":40.29585099778423,"convex":13.642482168331203,"yearn":16.31579}