{"stakedao":45.7001165263794,"convex":8.988505479504001,"yearn":29.05263}