{"stakedao":44.50115763375708,"convex":10.6440698782512,"yearn":25.82118}