{"stakedao":45.00666419554898,"convex":23.283325705132796,"yearn":32.27767}