{"stakedao":40.458307062509974,"convex":19.145242968192,"yearn":28.47787}