{"stakedao":43.69820256679718,"convex":26.830703113272,"yearn":25.99604}