{"stakedao":73.68714862827431,"convex":24.449214267849598,"yearn":43.26871}