{"stakedao":40.48726001812978,"convex":17.2179639456336,"yearn":31.47197}