{"stakedao":47.50415035080689,"convex":22.9855370566032,"yearn":43.97122}