{"stakedao":48.07373924461341,"convex":12.7006815593808,"yearn":23.33306}