{"stakedao":38.72046025017858,"convex":16.4296363270608,"yearn":29.43448}