{"stakedao":45.494068979445856,"convex":22.015598382273602,"yearn":41.02583}