{"stakedao":45.337853388556354,"convex":20.4689821406688,"yearn":47.57023}