{"stakedao":38.9622748184551,"convex":16.476559410024002,"yearn":29.43448}