{"stakedao":39.24586121637732,"convex":16.3687314210624,"yearn":27.95499}