{"stakedao":42.982349174909174,"convex":25.412472191952,"yearn":30.42954}