{"stakedao":40.711537264615394,"convex":19.118303608248,"yearn":28.76108}