{"stakedao":42.46769571244282,"convex":22.1739861131856,"yearn":25.63563}