{"stakedao":43.28248891687506,"convex":19.5688779421104,"yearn":42.69307}