{"stakedao":39.58587598820532,"convex":15.426986797972798,"yearn":25.60773}