{"stakedao":45.54499457705884,"convex":22.0406556831984,"yearn":42.12028}