{"stakedao":48.48832869344673,"convex":29.3372666770032,"yearn":36.00636}