{"stakedao":41.26998317151722,"convex":14.7853603372752,"yearn":14.80978}