{"stakedao":44.44377916667265,"convex":19.6416903655152,"yearn":43.26014}