{"stakedao":43.59562478934454,"convex":12.0736375311456,"yearn":22.72018}