{"stakedao":42.83029628395212,"convex":16.4598548318208,"yearn":18.50448}