{"stakedao":44.62632637060598,"convex":22.1396362284384,"yearn":47.48105}