{"stakedao":41.58627270258688,"convex":18.199934430206397,"yearn":31.53284}