{"stakedao":70.9925927691462,"convex":24.3437493470544,"yearn":43.81241}