{"stakedao":41.27548365590346,"convex":19.12934686896,"yearn":30.08946}