{"stakedao":56.71369537134982,"convex":30.992219942760002,"yearn":46.42375}