{"stakedao":64.23942509180911,"convex":17.3369467381392,"yearn":32.68352}