{"stakedao":42.406843252872605,"convex":22.3259349497616,"yearn":25.94319}