{"stakedao":40.71688262443864,"convex":13.1747938149168,"yearn":18.91568}