{"stakedao":41.02647536752757,"convex":19.8415225152576,"yearn":27.31544}