{"stakedao":63.682742329790386,"convex":20.2120517576448,"yearn":37.94986}