{"stakedao":38.73615448932728,"convex":16.421029572398403,"yearn":27.95499}