{"stakedao":50.51887200777729,"convex":22.655306154888002,"yearn":29.97243}