{"stakedao":46.183452754642154,"convex":21.657565721390398,"yearn":42.19701}