{"stakedao":41.49009032229641,"convex":20.6934303522384,"yearn":28.90824}