{"stakedao":49.309884986827385,"convex":22.954782559679998,"yearn":32.91643}