{"stakedao":38.72794089696979,"convex":16.4052144954576,"yearn":27.95499}