{"stakedao":46.67284009948359,"convex":20.0416475177568,"yearn":43.90499}