{"stakedao":40.53007718913503,"convex":20.2115396949984,"yearn":27.62083}