{"stakedao":41.674035819943946,"convex":13.8545202669552,"yearn":15.43413}