{"stakedao":45.00332248667107,"convex":9.0129336372288,"yearn":25.96647}