{"stakedao":47.349396174851734,"convex":8.982104258073601,"yearn":29.74897}