{"stakedao":53.92516223591025,"convex":11.4047723203344,"yearn":16.54405}