{"stakedao":38.92422017056256,"convex":17.664377391273597,"yearn":29.43448}