{"stakedao":54.43717153714111,"convex":10.4923904694912,"yearn":16.07742}