{"stakedao":45.82574992574878,"convex":20.0901777162768,"yearn":42.81693}