{"stakedao":44.25835649795852,"convex":22.605432976886398,"yearn":49.5893}