{"stakedao":44.905662324393475,"convex":22.1171862136176,"yearn":43.95104}