{"stakedao":39.46186062849045,"convex":15.7213907443872,"yearn":26.79239}