{"stakedao":65.43911748631939,"convex":18.677315786342398,"yearn":32.64933}