{"stakedao":54.2103130342759,"convex":10.5983869295664,"yearn":15.6052}