{"stakedao":80.21999930239278,"convex":24.8654693352672,"yearn":40.18873}