{"stakedao":42.636705929474076,"convex":13.2222222812016,"yearn":17.51845}