{"stakedao":43.6285255077236,"convex":12.3735457520784,"yearn":20.27678}