{"stakedao":47.4243560318411,"convex":22.8406031604,"yearn":39.04287}