{"stakedao":40.7982632200627,"convex":19.096661113704002,"yearn":28.76108}