{"stakedao":45.40868706493279,"convex":20.3524923478032,"yearn":42.13458}