{"stakedao":45.4127745826892,"convex":21.814006981003203,"yearn":39.41599}