{"stakedao":43.203864350532974,"convex":28.5602558371776,"yearn":26.67634}