{"stakedao":29.1449349080164,"convex":15.859470518049601,"yearn":25.81229}