{"stakedao":53.10113500308398,"convex":15.771837978504,"yearn":23.60002}