{"stakedao":49.66972008187155,"convex":29.2946798444976,"yearn":33.85327}