{"stakedao":46.54348976004363,"convex":14.324590947571199,"yearn":18.40058}