{"stakedao":54.39592491238915,"convex":12.260344602672,"yearn":27.10968}