{"stakedao":42.84854535522963,"convex":13.6943485602912,"yearn":16.83404}