{"stakedao":56.790314548781296,"convex":11.019266659929599,"yearn":16.33165}