{"stakedao":46.29515942998018,"convex":20.2819355841024,"yearn":42.3657}