{"stakedao":73.01988139402354,"convex":21.2007170291184,"yearn":33.47626}