{"stakedao":63.207024192090074,"convex":20.1857465267424,"yearn":45.12241}