{"stakedao":42.208543469483324,"convex":22.9189025765952,"yearn":29.43448}