{"stakedao":54.23562737823791,"convex":10.607367146155202,"yearn":15.41663}