{"stakedao":49.420643980459786,"convex":17.491907571768,"yearn":18.47107}