{"stakedao":44.93237641133868,"convex":20.458158976008,"yearn":47.86789}