{"stakedao":40.1866622356185,"convex":13.143028459896,"yearn":17.50049}