{"stakedao":54.892211884891964,"convex":11.8102255382736,"yearn":18.07987}