{"stakedao":40.12111893632922,"convex":13.062986449488001,"yearn":16.86345}