{"stakedao":44.88230334584322,"convex":22.6913481667872,"yearn":48.04849}