{"stakedao":43.912253398676775,"convex":12.355659917308799,"yearn":18.37677}