{"stakedao":41.36304800344658,"convex":20.6986586678352,"yearn":29.39991}