{"stakedao":63.825005886989416,"convex":18.547831732896,"yearn":30.01492}