{"stakedao":44.87354417252869,"convex":22.6990319667984,"yearn":47.96103}