{"stakedao":42.875705892472084,"convex":12.074634535478399,"yearn":22.35239}