{"stakedao":54.90619389779536,"convex":11.821815295790401,"yearn":17.99859}