{"stakedao":42.95235813748026,"convex":28.587713882328003,"yearn":27.69492}