{"stakedao":66.1255603540964,"convex":19.5538135071168,"yearn":40.68387}