{"stakedao":45.768968549984486,"convex":31.052342229307193,"yearn":49.10649}