{"stakedao":55.025089592534115,"convex":11.3462150677056,"yearn":22.51007}