{"stakedao":43.06083168569674,"convex":28.587713882328003,"yearn":27.60557}