{"stakedao":41.43863391583573,"convex":17.5342755475872,"yearn":32.29269}