{"stakedao":44.92388515833125,"convex":22.122602609918403,"yearn":43.04288}