{"stakedao":41.30207540325057,"convex":14.8051987676352,"yearn":21.17366}