{"stakedao":55.12553299217244,"convex":12.269466958319999,"yearn":24.92231}