{"stakedao":41.4598694425975,"convex":18.1528334242848,"yearn":31.73924}