{"stakedao":42.10801386929263,"convex":20.636690068324803,"yearn":28.32088}