{"stakedao":48.362949762568505,"convex":10.988185800096,"yearn":35.61219}