{"stakedao":65.65411655688816,"convex":19.5650003449296,"yearn":41.55229}