{"stakedao":43.675463864652045,"convex":19.6145167214736,"yearn":41.53394}