{"stakedao":45.43404985960067,"convex":20.183990356281598,"yearn":42.20166}