{"stakedao":41.221483700920146,"convex":21.522270595449598,"yearn":26.03604}