{"stakedao":45.952980928720905,"convex":13.2595668213552,"yearn":26.07073}