{"stakedao":52.59402882168486,"convex":11.2787720393472,"yearn":16.6858}