{"stakedao":52.90088937347387,"convex":24.247706455900797,"yearn":37.44467}