{"stakedao":49.69992732116256,"convex":22.695503949331197,"yearn":34.56538}