{"stakedao":42.514894844426685,"convex":13.699212035904,"yearn":16.44087}