{"stakedao":55.73899051667659,"convex":10.669851466488002,"yearn":16.21828}