{"stakedao":39.33742916145997,"convex":15.721906714344001,"yearn":24.52}