{"stakedao":28.929207183395857,"convex":15.726242851271998,"yearn":23.7548}