{"stakedao":42.83267249268883,"convex":28.5571618906752,"yearn":27.11832}