{"stakedao":41.549425112567036,"convex":18.0727975129392,"yearn":32.79326}