{"stakedao":40.647004136328924,"convex":17.153197860096,"yearn":30.7105}