{"stakedao":41.871715420738695,"convex":13.267481657255999,"yearn":18.33758}