{"stakedao":57.26627608259311,"convex":12.188153457388799,"yearn":17.64426}