{"stakedao":73.33398037594011,"convex":24.573617751859196,"yearn":41.96386}