{"stakedao":42.43272863120558,"convex":13.72102141896,"yearn":17.83539}