{"stakedao":45.73725230695846,"convex":22.065977328336,"yearn":39.34998}