{"stakedao":38.750530251920466,"convex":16.4217427684992,"yearn":27.95499}