{"stakedao":40.06104268629679,"convex":5.3979621653664,"yearn":19.60785}