{"stakedao":39.68276468469948,"convex":15.605797611455998,"yearn":34.40239}