{"stakedao":49.90534540585338,"convex":17.523044739129595,"yearn":18.22151}