{"stakedao":48.20127013817707,"convex":11.4640246737072,"yearn":34.19127}