{"stakedao":46.09164495344077,"convex":20.27249525412,"yearn":42.67362}