{"stakedao":40.628303856845704,"convex":16.0163703804816,"yearn":34.07854}