{"stakedao":55.41509895739124,"convex":12.172911727003198,"yearn":15.68872}