{"stakedao":39.29194514111729,"convex":16.0591901252688,"yearn":26.79239}