{"stakedao":42.530637063846136,"convex":13.1779518804144,"yearn":15.95773}