{"stakedao":45.61446296725227,"convex":31.090096958212797,"yearn":41.18909}