{"stakedao":44.60383147432465,"convex":22.6163040478848,"yearn":46.47212}