{"stakedao":53.078035363450425,"convex":24.3278247676608,"yearn":0}