{"stakedao":44.94818705566549,"convex":20.4955079312016,"yearn":47.59506}