{"stakedao":40.668764492315425,"convex":18.8769539297664,"yearn":29.24838}