{"stakedao":53.26969857081528,"convex":26.968199190264,"yearn":28.6015}