{"stakedao":51.95223757081209,"convex":28.258862541854402,"yearn":28.82679}