{"stakedao":40.823487109303414,"convex":19.096661113704002,"yearn":29.60422}