{"stakedao":53.10808393459965,"convex":13.631735191492801,"yearn":32.9554}