{"stakedao":40.485432841842325,"convex":17.156180478211198,"yearn":30.55222}