{"stakedao":43.15818978381745,"convex":22.1814617535216,"yearn":28.1515}