{"stakedao":53.895816534293246,"convex":11.841342610896,"yearn":27.36291}