{"stakedao":52.49116361316845,"convex":11.2925844509904,"yearn":16.13395}