{"stakedao":55.827927763622114,"convex":12.6158889596256,"yearn":25.54802}