{"stakedao":42.542163828683826,"convex":25.3980004098528,"yearn":29.88138}