{"stakedao":40.78071995815945,"convex":19.143660375028798,"yearn":29.25836}