{"stakedao":52.01449531287443,"convex":10.967237731425598,"yearn":17.25686}