{"stakedao":41.6324920997947,"convex":20.693449081468803,"yearn":26.26841}