{"stakedao":41.359263526129155,"convex":17.5297159844064,"yearn":33.67278}