{"stakedao":53.78471149388773,"convex":15.916926379031999,"yearn":23.36012}