{"stakedao":55.189543120770495,"convex":9.8085813542784,"yearn":20.58854}