{"stakedao":42.83927222880256,"convex":13.1880734983728,"yearn":16.57714}