{"stakedao":44.50494795463409,"convex":22.657396755168,"yearn":50.31939}