{"stakedao":48.03657296954236,"convex":10.9883747575008,"yearn":35.825}