{"stakedao":40.62354982056822,"convex":17.192502176587197,"yearn":30.88473}