{"stakedao":41.41404129004955,"convex":17.532415749830403,"yearn":33.94101}