{"stakedao":45.98126839281794,"convex":21.814006981003203,"yearn":39.76311}