{"stakedao":41.34711319408795,"convex":14.7455165911968,"yearn":20.66643}