{"stakedao":43.729630383254815,"convex":12.3551884068048,"yearn":18.55254}