{"stakedao":55.463238716276415,"convex":11.384020626336,"yearn":14.28558}