{"stakedao":53.28048510439193,"convex":26.924607664948798,"yearn":28.64014}