{"stakedao":54.4392268806499,"convex":11.4195458262672,"yearn":18.27048}