{"stakedao":48.525815355984584,"convex":29.3398411341312,"yearn":36.68503}