{"stakedao":41.15527642324474,"convex":21.7293535306944,"yearn":27.8876}