{"stakedao":40.44548450532824,"convex":19.148175135014398,"yearn":28.76108}