{"stakedao":43.35135323793128,"convex":25.1219270756448,"yearn":27.42729}