{"stakedao":72.04726239021764,"convex":24.426564415704,"yearn":43.34995}