{"stakedao":38.94677267625417,"convex":16.3734057469008,"yearn":27.95499}