{"stakedao":43.610273413147205,"convex":25.125248087654402,"yearn":27.83589}