{"stakedao":43.25470257459161,"convex":23.725455082934403,"yearn":30.7544}