{"stakedao":37.693868236004874,"convex":24.3251045700624,"yearn":30.0381}