{"stakedao":41.22815514537821,"convex":13.227320857694401,"yearn":16.04098}