{"stakedao":42.203258172664405,"convex":22.74987582288,"yearn":29.01033}