{"stakedao":47.82456317153527,"convex":21.123246435768,"yearn":42.19701}