{"stakedao":43.38917166295353,"convex":27.7500327864192,"yearn":27.29328}