{"stakedao":43.49412150122046,"convex":25.1141505471792,"yearn":28.07443}