{"stakedao":62.551686111938,"convex":19.130502616056,"yearn":50.13497}