{"stakedao":51.14035317732839,"convex":10.9864029470256,"yearn":17.25661}