{"stakedao":57.35345683901461,"convex":12.2854467635568,"yearn":23.95008}