{"stakedao":48.29782848272606,"convex":14.312047402655999,"yearn":17.69011}