{"stakedao":40.97524554307866,"convex":20.9090551315968,"yearn":25.6775}