{"stakedao":51.45578637743017,"convex":25.4543532708528,"yearn":29.38429}