{"stakedao":28.918545567416384,"convex":15.728474732831998,"yearn":23.73702}