{"stakedao":48.201835153485355,"convex":31.343053133519998,"yearn":27.02309}