{"stakedao":43.62752266122737,"convex":26.6193079674624,"yearn":27.23104}