{"stakedao":39.2732285170557,"convex":16.062743611209598,"yearn":26.79239}