{"stakedao":49.37656464273745,"convex":22.954549587480003,"yearn":33.01566}