{"stakedao":63.74885263649731,"convex":17.335664156404803,"yearn":33.25981}