{"stakedao":46.296656148323066,"convex":11.3822011946592,"yearn":31.52919}