{"stakedao":46.493417361335126,"convex":21.6089016588576,"yearn":42.19701}