{"stakedao":61.53084274272876,"convex":18.958323965284798,"yearn":47.78927}