{"stakedao":41.72912821901875,"convex":13.2636809353824,"yearn":18.5065}