{"stakedao":58.32910382408044,"convex":12.075434953848,"yearn":14.29118}