{"stakedao":39.459935237651145,"convex":15.567730956820801,"yearn":30.82348}