{"stakedao":45.59662815120967,"convex":8.980396132708801,"yearn":29.24036}