{"stakedao":45.99631295663924,"convex":10.6186162707216,"yearn":26.00532}