{"stakedao":55.89271603149896,"convex":11.3132699950752,"yearn":15.91725}