{"stakedao":49.4323056624792,"convex":22.7968279820352,"yearn":34.56538}