{"stakedao":40.08306075695594,"convex":13.154574218385601,"yearn":17.67366}