{"stakedao":28.928535000069783,"convex":15.7259624047776,"yearn":23.81013}