{"stakedao":41.15717270310099,"convex":21.706568158895998,"yearn":26.6323}