{"stakedao":38.66428874460196,"convex":16.447762002571196,"yearn":29.43448}