{"stakedao":39.60836640462376,"convex":15.772190560444798,"yearn":32.62094}