{"stakedao":67.32168932939672,"convex":20.4626902072464,"yearn":41.26158}