{"stakedao":39.48740720777602,"convex":15.5674434368016,"yearn":33.30339}