{"stakedao":42.45766076392087,"convex":23.0428481515776,"yearn":29.43448}