{"stakedao":38.93562866294608,"convex":15.966170426448002,"yearn":27.77921}