{"stakedao":55.69470506418488,"convex":10.1863476198576,"yearn":21.37341}