{"stakedao":57.16583551973588,"convex":12.061487325297598,"yearn":14.78571}