{"stakedao":46.28829086428247,"convex":8.9922176230608,"yearn":28.34925}