{"stakedao":40.562336594667656,"convex":17.2179639456336,"yearn":31.40089}