{"stakedao":40.94417153787606,"convex":15.1391189398464,"yearn":20.71258}