{"stakedao":43.39376779245072,"convex":19.556486772840003,"yearn":43.21291}