{"stakedao":72.9745757361914,"convex":20.2651932257712,"yearn":30.29934}