{"stakedao":39.13942737338981,"convex":16.0601616390528,"yearn":27.64107}