{"stakedao":41.47480085326755,"convex":13.263520987943998,"yearn":18.50913}