{"stakedao":45.354033750040124,"convex":20.4578350192944,"yearn":47.05208}