{"stakedao":52.66270670205662,"convex":11.300035572086399,"yearn":16.02249}