{"stakedao":53.643091878283,"convex":26.7939671043888,"yearn":29.62184}