{"stakedao":73.3598761582013,"convex":20.3174817775488,"yearn":32.51147}