{"stakedao":46.27646941638204,"convex":20.277670794220803,"yearn":42.42765}