{"stakedao":44.62462567830994,"convex":22.125370240814398,"yearn":44.28139}