{"stakedao":52.94789210033453,"convex":24.344420843102398,"yearn":38.04288}