{"stakedao":47.61198564682512,"convex":11.3753591031024,"yearn":30.66085}