{"stakedao":44.40148780351474,"convex":22.612123847016,"yearn":50.02812}