{"stakedao":52.18457684927772,"convex":17.5214707521408,"yearn":17.15341}