{"stakedao":44.662039643191605,"convex":23.223695771232002,"yearn":36.42603}