{"stakedao":42.506863231749165,"convex":25.405742895206398,"yearn":29.97465}