{"stakedao":40.83134151822813,"convex":15.130921235486401,"yearn":20.61996}