{"stakedao":44.63188229863252,"convex":9.2457262649376,"yearn":26.46296}