{"stakedao":58.35149150860135,"convex":12.075434953848,"yearn":14.29118}