{"stakedao":42.911270867663866,"convex":15.277449203956799,"yearn":17.84256}