{"stakedao":54.596265607886835,"convex":11.308246874769601,"yearn":15.45908}