{"stakedao":38.79492846098291,"convex":16.423233781118398,"yearn":29.43448}