{"stakedao":77.19779089921886,"convex":24.7218828052032,"yearn":41.38513}