{"stakedao":46.69501932390449,"convex":10.068531987326402,"yearn":19.23866}