{"stakedao":46.189103260668446,"convex":28.387187672529603,"yearn":29.65644}