{"stakedao":40.51915977905854,"convex":16.2795581145504,"yearn":34.84391}