{"stakedao":45.73392346335466,"convex":10.7132840629776,"yearn":26.98229}