{"stakedao":54.054547853932355,"convex":15.9144481003968,"yearn":23.45296}