{"stakedao":39.18951546025248,"convex":16.3801209439008,"yearn":27.95499}