{"stakedao":55.23225227159516,"convex":12.270747761424001,"yearn":24.9984}