{"stakedao":78.70059943836242,"convex":21.1209072466608,"yearn":33.63023}