{"stakedao":47.14573759612682,"convex":26.033277415464,"yearn":27.45939}