{"stakedao":40.630849728666526,"convex":16.4659681327248,"yearn":33.86051}