{"stakedao":48.818369567614326,"convex":22.9063354774416,"yearn":30.11393}