{"stakedao":49.71660450137189,"convex":17.4417904880352,"yearn":19.32212}