{"stakedao":48.91955432136031,"convex":28.0037595754224,"yearn":0}