{"stakedao":54.80703783718222,"convex":10.414810531368,"yearn":15.96379}