{"stakedao":40.657625194583105,"convex":17.2001058877728,"yearn":30.83775}