{"stakedao":50.94010466919137,"convex":9.5717573062416,"yearn":17.85777}