{"stakedao":51.59683713888918,"convex":25.474864121265597,"yearn":28.92165}