{"stakedao":48.6988741028374,"convex":17.527065118703998,"yearn":18.17579}