{"stakedao":46.62242917098621,"convex":20.042461830888,"yearn":43.70922}