{"stakedao":53.450709960820504,"convex":14.8367495296368,"yearn":30.95609}