{"stakedao":41.27325907820525,"convex":21.5207421243696,"yearn":26.18604}