{"stakedao":42.83270955315015,"convex":13.1880335548752,"yearn":16.51923}