{"stakedao":45.75946718997167,"convex":22.954799116080004,"yearn":33.19114}