{"stakedao":45.28312796895476,"convex":10.722497838336,"yearn":26.23792}