{"stakedao":48.86053650154078,"convex":21.820627390248003,"yearn":39.80251}