{"stakedao":45.66255004880303,"convex":23.2788178073808,"yearn":32.34839}