{"stakedao":42.96749055822275,"convex":12.185758698696,"yearn":18.73684}