{"stakedao":38.881448294673234,"convex":16.423890057892798,"yearn":29.43448}