{"stakedao":54.34298455376329,"convex":10.643833150113599,"yearn":15.1385}