{"stakedao":52.37820090862066,"convex":17.588244769488,"yearn":18.37349}