{"stakedao":55.92981126208288,"convex":11.011026946464,"yearn":15.86148}