{"stakedao":50.88453042564832,"convex":9.5706376079472,"yearn":17.61438}