{"stakedao":42.212615012031065,"convex":13.7947412560752,"yearn":16.17357}