{"stakedao":54.537116350829635,"convex":12.2318238826224,"yearn":16.24274}