{"stakedao":40.994211639152894,"convex":20.9090551315968,"yearn":25.72408}