{"stakedao":45.706340067517345,"convex":14.330219801903997,"yearn":18.62817}