{"stakedao":41.15220043798634,"convex":14.805079000214402,"yearn":21.12097}