{"stakedao":52.91361952637803,"convex":24.287074159752002,"yearn":37.39299}