{"stakedao":53.71724982998373,"convex":11.8814802851088,"yearn":27.33768}