{"stakedao":55.73092453482482,"convex":10.6688948913072,"yearn":14.49922}