{"stakedao":43.03509524785248,"convex":26.5461708052512,"yearn":26.26909}