{"stakedao":46.10844463274601,"convex":12.187609108185601,"yearn":22.12882}