{"stakedao":40.931479242472875,"convex":13.2261143344848,"yearn":15.91724}