{"stakedao":54.45564533868347,"convex":10.490829563635199,"yearn":16.21078}