{"stakedao":45.23716325995147,"convex":23.111076536711998,"yearn":31.99561}