{"stakedao":44.874066724898384,"convex":9.0126450828288,"yearn":26.91537}