{"stakedao":47.2387578805546,"convex":28.3774135150656,"yearn":29.49629}