{"stakedao":45.5210375293764,"convex":10.6070341007664,"yearn":27.75412}