{"stakedao":52.805404940134665,"convex":11.2787720393472,"yearn":16.73193}