{"stakedao":56.3278200199848,"convex":31.0392803523888,"yearn":46.74001}