{"stakedao":65.34187248837551,"convex":18.828898792704,"yearn":41.94741}