{"stakedao":43.057698375440566,"convex":16.441448173704,"yearn":18.91484}