{"stakedao":40.83787701068489,"convex":17.259110421796798,"yearn":30.89588}