{"stakedao":45.628327287421044,"convex":20.4882790064544,"yearn":44.46645}