{"stakedao":42.1762549911723,"convex":13.7947412560752,"yearn":16.17357}