{"stakedao":40.273337198494595,"convex":16.1710167434256,"yearn":34.91245}