{"stakedao":61.81347624675127,"convex":19.758367797580803,"yearn":41.03387}