{"stakedao":51.375603890505346,"convex":9.6014161636848,"yearn":18.31497}