{"stakedao":47.672396728790915,"convex":22.98080898396,"yearn":50.20835}