{"stakedao":44.215654808198124,"convex":19.5860563518672,"yearn":43.85216}