{"stakedao":42.24706508367262,"convex":15.369297226848001,"yearn":19.31749}