{"stakedao":52.88076250451746,"convex":16.0152851951856,"yearn":24.21687}