{"stakedao":56.09839135961022,"convex":11.222022824438401,"yearn":15.66597}