{"stakedao":51.498897862694946,"convex":11.9938576952736,"yearn":25.05011}