{"stakedao":58.07598319727161,"convex":12.195935094686398,"yearn":14.76661}