{"stakedao":54.62743060688294,"convex":10.5786433279584,"yearn":17.28565}