{"stakedao":47.84082998908065,"convex":31.3535689010208,"yearn":29.65708}