{"stakedao":48.52769768949792,"convex":10.995061991529601,"yearn":36.15747}