{"stakedao":49.02439577203852,"convex":29.406654811152,"yearn":35.45739}