{"stakedao":49.948358921458656,"convex":13.485289926182398,"yearn":17.43858}