{"stakedao":39.372731172280496,"convex":15.730875653659199,"yearn":25.2519}