{"stakedao":47.981675038379116,"convex":12.700567323374399,"yearn":23.07575}