{"stakedao":40.29808981063235,"convex":19.1478842564112,"yearn":28.72079}