{"stakedao":40.583919977519145,"convex":18.878369688028798,"yearn":29.24838}