{"stakedao":41.516308169975545,"convex":18.1579796138304,"yearn":31.57642}