{"stakedao":41.426672859628155,"convex":13.269034855713599,"yearn":15.16769}