{"stakedao":42.64137024991683,"convex":22.1204117093904,"yearn":26.00408}