{"stakedao":42.79576153017614,"convex":13.186901652148798,"yearn":16.4056}