{"stakedao":47.34750943659853,"convex":10.1868939369072,"yearn":18.87376}