{"stakedao":41.62920333117434,"convex":20.689124455180803,"yearn":25.37502}