{"stakedao":72.12502563820667,"convex":24.4346151496896,"yearn":43.63658}