{"stakedao":40.68080454522162,"convex":19.9834064734464,"yearn":29.43618}