{"stakedao":46.37667512051725,"convex":13.259594636107199,"yearn":26.29676}