{"stakedao":37.59676675003084,"convex":14.101956898012801,"yearn":26.04613}