{"stakedao":48.185072131347695,"convex":11.4640697891088,"yearn":34.19127}