{"stakedao":45.4170369790386,"convex":10.718653442256,"yearn":25.91951}