{"stakedao":63.20868153113257,"convex":20.1106081120464,"yearn":39.43832}