{"stakedao":52.442553605492556,"convex":10.9682216451648,"yearn":17.44322}