{"stakedao":40.72681999170561,"convex":13.169380017182402,"yearn":18.82238}