{"stakedao":48.64201386174096,"convex":22.8772460277072,"yearn":28.58597}