{"stakedao":46.30857253294935,"convex":20.2786462657728,"yearn":41.81242}