{"stakedao":40.70217006445755,"convex":13.635729843998401,"yearn":16.26567}