{"stakedao":54.47399490865769,"convex":10.4923904694912,"yearn":16.15319}