{"stakedao":28.980859129942722,"convex":15.8553652877136,"yearn":25.81229}