{"stakedao":49.16273748865042,"convex":22.864122125784,"yearn":34.08586}