{"stakedao":51.754026352329156,"convex":24.299871279336,"yearn":41.44948}