{"stakedao":43.588028622492644,"convex":27.4513684304736,"yearn":25.97867}