{"stakedao":62.84786844009143,"convex":19.1127110991552,"yearn":47.32306}