{"stakedao":49.28518144434524,"convex":22.3311771853488,"yearn":38.46036}