{"stakedao":40.1880487539472,"convex":13.1433447596688,"yearn":17.50049}