{"stakedao":38.998666292891215,"convex":16.476559410024002,"yearn":29.43448}