{"stakedao":54.26733024736656,"convex":11.8868480875872,"yearn":27.21094}