{"stakedao":40.587568456124494,"convex":19.106473697784004,"yearn":28.76108}