{"stakedao":51.30507338537543,"convex":9.6013212182496,"yearn":18.16895}