{"stakedao":39.57790027881823,"convex":15.4165897445904,"yearn":25.60773}