{"stakedao":56.83925292167735,"convex":11.0141873866224,"yearn":15.42592}