{"stakedao":45.78401455149246,"convex":8.977644225662399,"yearn":29.49486}