{"stakedao":56.11573966427542,"convex":12.1818382346304,"yearn":17.2495}