{"stakedao":41.48627010987717,"convex":20.6938756405584,"yearn":23.38719}