{"stakedao":41.37876671020094,"convex":17.5048104757104,"yearn":33.2516}