{"stakedao":44.55425907042065,"convex":22.658605845408,"yearn":48.83581}