{"stakedao":49.037980263051104,"convex":16.8161657343264,"yearn":19.9304}