{"stakedao":46.87342567762564,"convex":26.0598559625712,"yearn":28.82448}