{"stakedao":46.10815056979713,"convex":21.657565721390398,"yearn":42.19701}