{"stakedao":54.50445135604499,"convex":12.2668970676048,"yearn":26.4901}