{"stakedao":55.061107217549,"convex":11.3541569867232,"yearn":22.37427}