{"stakedao":38.85396281897854,"convex":15.9598476918144,"yearn":27.8517}