{"stakedao":49.186190418817354,"convex":17.5349248801344,"yearn":17.82946}