{"stakedao":45.519762367005,"convex":21.8137728009744,"yearn":39.28465}