{"stakedao":44.244166948139885,"convex":19.560689868844797,"yearn":42.73854}