{"stakedao":40.65777970546348,"convex":19.1304933192432,"yearn":28.76108}