{"stakedao":45.79865414236946,"convex":8.988505479504001,"yearn":29.05263}