{"stakedao":40.795540936790374,"convex":13.2661732822272,"yearn":15.67314}