{"stakedao":52.64737414906293,"convex":11.2804207256592,"yearn":0}