{"stakedao":40.70468762854892,"convex":16.689208594334403,"yearn":34.61323}