{"stakedao":47.59529472898174,"convex":22.3941034354176,"yearn":37.85771}