{"stakedao":49.05349074819024,"convex":22.4708087320416,"yearn":34.56538}