{"stakedao":42.433628294929925,"convex":22.197809694254403,"yearn":26.46865}