{"stakedao":65.2947659177834,"convex":19.6381779457536,"yearn":39.32607}