{"stakedao":43.12640362185306,"convex":12.3822351468288,"yearn":20.72892}