{"stakedao":65.06969069872753,"convex":18.611464269528,"yearn":32.0464}