{"stakedao":58.10658309422815,"convex":12.084361101964799,"yearn":14.19846}