{"stakedao":54.697297682092724,"convex":10.3441074563952,"yearn":15.94886}