{"stakedao":84.99283475767362,"convex":25.9030013290704,"yearn":41.57137}