{"stakedao":44.439202224814395,"convex":19.6146834933024,"yearn":43.50078}