{"stakedao":55.699943758985455,"convex":10.4277390740784,"yearn":16.38765}