{"stakedao":39.26776643944764,"convex":15.7322194940736,"yearn":24.37413}