{"stakedao":46.21840806481864,"convex":28.3945333277808,"yearn":30.045}