{"stakedao":55.27980400042689,"convex":12.363020410248,"yearn":16.45086}