{"stakedao":54.2499307861667,"convex":11.7417035340576,"yearn":16.84658}