{"stakedao":40.607595170345824,"convex":19.1094218975088,"yearn":28.76108}