{"stakedao":44.66059293017941,"convex":10.622281044052801,"yearn":25.61376}