{"stakedao":38.93341365844778,"convex":16.3128488942736,"yearn":27.95499}