{"stakedao":46.540099812385705,"convex":28.37845595016,"yearn":31.16808}