{"stakedao":51.93384268652255,"convex":13.720279115131202,"yearn":18.76979}