{"stakedao":49.535528479169884,"convex":21.8555367299424,"yearn":41.02455}