{"stakedao":42.38402935772483,"convex":22.3259349497616,"yearn":25.94319}