{"stakedao":47.58395602505555,"convex":22.9804081645536,"yearn":38.94113}