{"stakedao":49.1628037051467,"convex":11.1512509726032,"yearn":32.6617}