{"stakedao":55.23434671036918,"convex":12.371432660323201,"yearn":16.78711}