{"stakedao":39.57623186303712,"convex":15.7540323555504,"yearn":32.18826}