{"stakedao":39.24983341607473,"convex":16.3829355161328,"yearn":27.95499}