{"stakedao":39.05998895335367,"convex":16.257603044635204,"yearn":27.95499}