{"stakedao":44.69062529235552,"convex":23.223695771232002,"yearn":36.42603}