{"stakedao":44.89360467787688,"convex":23.1158371103568,"yearn":37.13178}