{"stakedao":42.19937990431912,"convex":22.918682742292802,"yearn":29.43448}