{"stakedao":47.59391991963976,"convex":11.384335447070399,"yearn":31.52919}