{"stakedao":38.80886434016648,"convex":18.118720321286403,"yearn":29.43448}