{"stakedao":52.69114090542296,"convex":24.2387367029568,"yearn":37.72984}