{"stakedao":40.5374378861517,"convex":13.2083475008112,"yearn":18.44254}