{"stakedao":40.526606065478866,"convex":17.1925351254,"yearn":29.81134}