{"stakedao":39.00363932768401,"convex":16.090204696430398,"yearn":27.74142}