{"stakedao":43.199481154841486,"convex":28.5801979642128,"yearn":27.56111}