{"stakedao":47.24489583901375,"convex":10.184593442472,"yearn":18.16424}