{"stakedao":47.668610802711086,"convex":22.4010697630464,"yearn":38.17578}