{"stakedao":41.617278344012526,"convex":18.274650946833603,"yearn":31.69642}