{"stakedao":51.92120776755692,"convex":12.210212075760001,"yearn":25.14828}