{"stakedao":56.77296707915728,"convex":12.286531355975999,"yearn":23.79113}