{"stakedao":68.24981782075136,"convex":18.460679193345598,"yearn":30.15909}