{"stakedao":42.49611907149011,"convex":20.6855449615008,"yearn":29.76961}