{"stakedao":52.70352909871461,"convex":11.3543611160976,"yearn":22.37013}