{"stakedao":42.833045591577104,"convex":16.4598548318208,"yearn":18.42528}