{"stakedao":41.50448618828071,"convex":13.2699775802832,"yearn":15.05502}