{"stakedao":40.795492011652485,"convex":17.2284470260704,"yearn":31.38963}