{"stakedao":40.87983244008743,"convex":17.130857221584,"yearn":30.07962}