{"stakedao":49.25809999836549,"convex":21.8360908660176,"yearn":38.69165}