{"stakedao":53.988576839336616,"convex":11.840726898878401,"yearn":27.46399}