{"stakedao":42.56251153227308,"convex":13.222207251143999,"yearn":17.54854}