{"stakedao":40.97787199108352,"convex":13.184626572576,"yearn":18.34191}