{"stakedao":42.456964045244845,"convex":20.66550563736,"yearn":30.87619}