{"stakedao":43.122029803696535,"convex":22.1814617535216,"yearn":28.1515}