{"stakedao":51.26255615997437,"convex":25.3170991822032,"yearn":30.1432}