{"stakedao":38.6163619717507,"convex":17.600788648684798,"yearn":29.43448}