{"stakedao":41.17730672845027,"convex":20.666532023784,"yearn":23.58703}