{"stakedao":54.37195473060037,"convex":15.890487533251202,"yearn":23.45588}