{"stakedao":39.13120398797948,"convex":16.367004509702397,"yearn":26.78118}