{"stakedao":56.795996588852134,"convex":11.6041734454896,"yearn":14.13543}