{"stakedao":44.2696459849839,"convex":23.1596811791136,"yearn":35.11476}