{"stakedao":67.58380419968665,"convex":23.4638422882416,"yearn":36.18087}