{"stakedao":53.463941072191965,"convex":10.759304260799999,"yearn":24.08931}