{"stakedao":39.33640132378344,"convex":16.9074170487936,"yearn":27.09483}