{"stakedao":65.15400817709644,"convex":18.938549322792,"yearn":43.01956}