{"stakedao":46.72409606990368,"convex":20.287395017582398,"yearn":41.19833}