{"stakedao":39.57657388076986,"convex":15.7540323555504,"yearn":32.22133}