{"stakedao":37.37388405842542,"convex":15.3343364550912,"yearn":27.16851}