{"stakedao":55.82202949353859,"convex":11.6036110198512,"yearn":13.92471}