{"stakedao":54.424958754823834,"convex":10.4409915703488,"yearn":15.83552}