{"stakedao":44.250628727237036,"convex":23.8653068959728,"yearn":34.59427}