{"stakedao":56.27940576361328,"convex":31.107472162070398,"yearn":43.61733}