{"stakedao":53.05562921810747,"convex":25.740007405847997,"yearn":33.20814}