{"stakedao":40.80620560204064,"convex":16.5293527049424,"yearn":33.185}