{"stakedao":56.49502670307379,"convex":12.189976140427198,"yearn":17.67282}