{"stakedao":28.917846502577,"convex":15.747956853696,"yearn":25.81229}