{"stakedao":38.9492945665756,"convex":16.3038661579584,"yearn":27.95499}