{"stakedao":50.18912799966809,"convex":22.4466819134112,"yearn":34.56538}