{"stakedao":42.79440153974198,"convex":13.2162699400416,"yearn":16.6449}