{"stakedao":43.97888543951051,"convex":22.4973129172608,"yearn":31.41562}