{"stakedao":38.88421919114037,"convex":16.3128516158304,"yearn":27.95499}