{"stakedao":48.982969480273724,"convex":22.939747532006397,"yearn":29.97243}