{"stakedao":45.07868040898692,"convex":10.6163501032224,"yearn":27.99075}