{"stakedao":38.9400202480816,"convex":16.3759014397152,"yearn":27.95499}