{"stakedao":40.554022310119045,"convex":17.1925351254,"yearn":29.77619}