{"stakedao":40.64255319802328,"convex":17.153197860096,"yearn":30.7105}