{"stakedao":52.25527135618377,"convex":22.7739911907888,"yearn":34.56538}