{"stakedao":68.1931966333035,"convex":23.650445120673602,"yearn":36.18087}