{"stakedao":52.764824535041484,"convex":28.10510024652,"yearn":29.95115}