{"stakedao":43.145891585326936,"convex":14.8136697282816,"yearn":18.8381}