{"stakedao":42.39362691456319,"convex":21.535776464558403,"yearn":26.26118}