{"stakedao":52.22445220984474,"convex":26.7110843815584,"yearn":28.45672}