{"stakedao":42.543727962763896,"convex":21.0334596152976,"yearn":29.36362}