{"stakedao":45.88936606413983,"convex":22.0912611176592,"yearn":39.27158}