{"stakedao":52.72153689783609,"convex":11.2883851424592,"yearn":16.34077}