{"stakedao":47.066408971502355,"convex":13.260311562916801,"yearn":25.73262}