{"stakedao":39.75536917039121,"convex":14.716425763339199,"yearn":20.15775}