{"stakedao":41.50002434091931,"convex":18.071933388696,"yearn":32.57471}