{"stakedao":39.07214842083968,"convex":16.0397750436336,"yearn":27.64107}