{"stakedao":52.36319117708334,"convex":11.280405377087998,"yearn":17.00818}