{"stakedao":71.0583255148,"convex":20.281934779934403,"yearn":30.82401}