{"stakedao":50.685982313681336,"convex":9.5714068561344,"yearn":17.7968}