{"stakedao":52.5849156865179,"convex":28.121548052304,"yearn":29.64239}