{"stakedao":67.3338695233553,"convex":23.587993941523198,"yearn":36.31608}