{"stakedao":44.865316521569625,"convex":9.0134018963712,"yearn":26.21675}