{"stakedao":59.26076977171718,"convex":17.1124729287984,"yearn":35.79244}