{"stakedao":41.10028609657407,"convex":21.7486131871536,"yearn":27.28896}