{"stakedao":42.605385400213905,"convex":21.0936550969008,"yearn":29.76702}