{"stakedao":54.409909063665026,"convex":27.8304011786592,"yearn":28.70393}