{"stakedao":38.71875774848998,"convex":16.4052982014624,"yearn":27.95499}