{"stakedao":42.387807459638125,"convex":22.1739861131856,"yearn":25.63563}