{"stakedao":45.60168397053206,"convex":22.9152899228112,"yearn":32.87769}