{"stakedao":41.23377122246368,"convex":20.983229386704,"yearn":24.09531}