{"stakedao":53.99063352235554,"convex":11.4047723203344,"yearn":16.45042}