{"stakedao":57.3450505325129,"convex":12.2854467635568,"yearn":23.95008}