{"stakedao":64.69492241471781,"convex":19.0183021228512,"yearn":41.94741}