{"stakedao":43.062107041562314,"convex":22.1893576583616,"yearn":28.1515}