{"stakedao":41.14202210299905,"convex":20.999149213622402,"yearn":25.16533}