{"stakedao":49.946517026623866,"convex":16.8029386024608,"yearn":19.80807}