{"stakedao":46.09056269281281,"convex":28.3919117558688,"yearn":30.19115}