{"stakedao":46.334473545004336,"convex":28.5352022070432,"yearn":32.31275}