{"stakedao":55.458318511277234,"convex":12.1764919333968,"yearn":15.94598}