{"stakedao":56.46700232889241,"convex":13.334510961676802,"yearn":18.12971}