{"stakedao":45.881791120007044,"convex":20.1493402362,"yearn":41.9985}