{"stakedao":44.37618754846512,"convex":22.6060159734576,"yearn":48.88504}