{"stakedao":38.97466502957252,"convex":15.968765687875202,"yearn":27.80846}