{"stakedao":44.8309757609509,"convex":21.7529287878384,"yearn":50.20835}