{"stakedao":39.226217692714954,"convex":16.2806957536752,"yearn":27.95499}