{"stakedao":54.72718465311284,"convex":10.581604088472,"yearn":16.62115}