{"stakedao":49.18064610466783,"convex":21.788733188592,"yearn":40.69164}