{"stakedao":66.98682160344947,"convex":20.716554234614403,"yearn":42.87534}