{"stakedao":39.66434156881113,"convex":15.805952759217599,"yearn":33.61606}