{"stakedao":37.68715707679053,"convex":23.5171685068704,"yearn":30.20279}