{"stakedao":45.23044903972062,"convex":22.060041316516802,"yearn":40.23414}