{"stakedao":47.92289632251079,"convex":22.8258333157968,"yearn":38.36199}