{"stakedao":44.055824624541316,"convex":27.4771639166256,"yearn":26.6185}