{"stakedao":42.799005000157145,"convex":13.7069864041536,"yearn":16.81434}