{"stakedao":64.14146561849388,"convex":20.3704757549568,"yearn":37.94986}