{"stakedao":65.1797446322914,"convex":19.068536110535998,"yearn":32.46626}