{"stakedao":38.95632408199679,"convex":16.372300898908797,"yearn":27.95499}