{"stakedao":54.04784454468552,"convex":12.21863368572,"yearn":15.91868}