{"stakedao":39.00857570733218,"convex":18.1162528153488,"yearn":29.43448}