{"stakedao":41.70024941567145,"convex":20.6940529044144,"yearn":25.88107}