{"stakedao":44.88916354743506,"convex":20.4578350192944,"yearn":46.98539}