{"stakedao":53.7249548466156,"convex":15.916926379031999,"yearn":23.31172}