{"stakedao":46.66722646480674,"convex":32.303223348940804,"yearn":27.18678}