{"stakedao":38.658239083184256,"convex":17.601726740616,"yearn":29.43448}