{"stakedao":49.32836678778273,"convex":29.2946798444976,"yearn":34.69403}