{"stakedao":43.98922610509338,"convex":14.1768720977472,"yearn":16.74948}