{"stakedao":41.53138391878896,"convex":18.0729049308624,"yearn":31.7004}