{"stakedao":55.49358734489804,"convex":12.114033762715199,"yearn":17.18868}