{"stakedao":66.81791180724355,"convex":20.4574671770832,"yearn":42.87534}