{"stakedao":48.70423539884014,"convex":31.33613137572,"yearn":27.11123}