{"stakedao":39.322500425196594,"convex":16.8843250177776,"yearn":26.4104}