{"stakedao":53.86720803662804,"convex":11.400701073192,"yearn":16.9221}