{"stakedao":39.81664444714531,"convex":15.544196160364798,"yearn":33.70892}