{"stakedao":49.75744802042082,"convex":10.8391464338832,"yearn":37.09702}