{"stakedao":49.8078533684447,"convex":22.6909523143008,"yearn":34.56538}