{"stakedao":42.49752701242481,"convex":22.8290014665072,"yearn":25.49714}