{"stakedao":41.725890987264506,"convex":22.1108363769456,"yearn":25.7502}