{"stakedao":65.18021278438756,"convex":19.0666780630272,"yearn":43.8128}