{"stakedao":42.266645363042315,"convex":15.2768158443936,"yearn":19.37969}