{"stakedao":40.056306014226465,"convex":13.14044019,"yearn":17.30811}