{"stakedao":44.5020882690658,"convex":9.009479820815999,"yearn":26.58161}