{"stakedao":38.96598661553898,"convex":16.0842027996,"yearn":27.80288}