{"stakedao":64.9194220889958,"convex":20.5752811350528,"yearn":37.8756}