{"stakedao":41.46801329735985,"convex":20.6905412730528,"yearn":23.53182}