{"stakedao":48.41127144684458,"convex":29.3355987095808,"yearn":36.2484}