{"stakedao":40.891985212279124,"convex":16.751830667068802,"yearn":33.73484}