{"stakedao":37.469945834036714,"convex":15.415250921553598,"yearn":29.29536}