{"stakedao":53.02171309536142,"convex":15.775350272121598,"yearn":23.66568}