{"stakedao":41.10758461214501,"convex":20.926599302188798,"yearn":0}