{"stakedao":69.83689774226451,"convex":21.2081819251392,"yearn":33.07161}