{"stakedao":49.114366630713846,"convex":28.0105253214768,"yearn":26.98703}