{"stakedao":53.23757987985645,"convex":28.080262940731203,"yearn":30.26272}