{"stakedao":47.63511339135385,"convex":19.791116000423997,"yearn":26.2096}