{"stakedao":53.055631901482286,"convex":14.141109510576,"yearn":22.43041}