{"stakedao":41.15908893549182,"convex":21.730708982663998,"yearn":27.64119}