{"stakedao":57.0481175726553,"convex":31.148571782044804,"yearn":43.25201}