{"stakedao":57.673775233871034,"convex":11.002257194832,"yearn":15.13083}