{"stakedao":41.37912594260621,"convex":20.6934303522384,"yearn":29.04891}