{"stakedao":52.768345986278476,"convex":15.939561973752001,"yearn":23.87532}