{"stakedao":57.906856405079914,"convex":11.0258282356128,"yearn":16.96442}