{"stakedao":48.464180702463366,"convex":13.036441743662401,"yearn":23.82859}