{"stakedao":42.66555854647701,"convex":12.4141363431696,"yearn":19.2613}