{"stakedao":42.32517570074013,"convex":15.535882703116801,"yearn":17.42087}