{"stakedao":46.7864994253867,"convex":8.992128855528,"yearn":27.73533}