{"stakedao":39.73158805353794,"convex":15.678813697502399,"yearn":36.23088}