{"stakedao":40.872929746412446,"convex":17.215310471903997,"yearn":31.79616}