{"stakedao":56.248718178551336,"convex":13.334510961676802,"yearn":18.1619}