{"stakedao":47.16905678842288,"convex":27.1374974184816,"yearn":29.38417}