{"stakedao":45.41093267007663,"convex":20.529875072448,"yearn":44.26443}