{"stakedao":45.17091456314765,"convex":23.1107896316448,"yearn":31.91729}