{"stakedao":54.00801897709807,"convex":10.7485562117376,"yearn":24.4753}