{"stakedao":39.196232729506285,"convex":16.0626876253488,"yearn":26.79239}