{"stakedao":47.97185324736068,"convex":23.119570553328003,"yearn":29.97243}