{"stakedao":54.00208259187822,"convex":11.8408035250512,"yearn":27.41337}