{"stakedao":45.279702045441226,"convex":10.7191414965456,"yearn":26.11073}