{"stakedao":41.613447736313766,"convex":18.0365832766368,"yearn":31.20528}