{"stakedao":39.514384989493905,"convex":15.4170530620416,"yearn":25.60773}