{"stakedao":41.39113122028366,"convex":18.1477755796896,"yearn":31.90221}