{"stakedao":39.32427532515113,"convex":16.8868526281776,"yearn":26.38992}