{"stakedao":44.3415612099305,"convex":23.3013654955008,"yearn":31.6309}