{"stakedao":41.42010349126781,"convex":18.147716361388802,"yearn":31.84788}