{"stakedao":63.417153713748064,"convex":18.5399515266768,"yearn":30.01492}