{"stakedao":52.00201498228881,"convex":13.704136357075202,"yearn":19.9368}