{"stakedao":47.51500517882786,"convex":22.840933862664002,"yearn":38.78978}