{"stakedao":41.25797730356963,"convex":21.0239400101184,"yearn":23.85852}