{"stakedao":38.997696252398605,"convex":17.6653197405648,"yearn":29.43448}