{"stakedao":64.3705369965519,"convex":18.9504214536528,"yearn":42.55273}