{"stakedao":43.438253461838,"convex":26.986044343593598,"yearn":26.53487}