{"stakedao":37.39239436904512,"convex":15.4066043432304,"yearn":28.63171}