{"stakedao":52.69014998516418,"convex":11.295611979523198,"yearn":16.97133}