{"stakedao":42.24402287308038,"convex":15.538293270806399,"yearn":17.1728}