{"stakedao":41.30108119475401,"convex":14.744311417728,"yearn":20.81928}