{"stakedao":57.977600580586284,"convex":11.038701082593601,"yearn":17.07557}