{"stakedao":47.8549800062882,"convex":22.8255100024176,"yearn":38.2899}