{"stakedao":48.546720142383684,"convex":22.8967180570512,"yearn":30.21177}