{"stakedao":42.19763864545854,"convex":13.262820872976,"yearn":17.78072}