{"stakedao":40.63107033124211,"convex":19.1321712993456,"yearn":28.76108}