{"stakedao":63.21781174302267,"convex":20.211442765948803,"yearn":37.94986}