{"stakedao":65.1017596357042,"convex":18.932473433044798,"yearn":43.68149}