{"stakedao":54.925744458230774,"convex":10.5809819809536,"yearn":17.13961}