{"stakedao":63.036149755363,"convex":20.188579099723203,"yearn":45.54567}