{"stakedao":45.753417216198955,"convex":10.723547539324802,"yearn":26.65088}