{"stakedao":44.252534236604966,"convex":22.5048337739136,"yearn":31.7326}