{"stakedao":65.7080903955103,"convex":20.3679168482304,"yearn":42.42153}