{"stakedao":57.291321541514385,"convex":12.2715320049792,"yearn":24.18875}