{"stakedao":50.4576943087698,"convex":13.745830802774401,"yearn":16.9933}