{"stakedao":55.27432563329219,"convex":10.5333234217056,"yearn":22.31474}