{"stakedao":53.72671781305739,"convex":11.8412911220688,"yearn":27.36291}