{"stakedao":54.7674862068574,"convex":11.8103946437664,"yearn":18.16107}