{"stakedao":65.24348969196696,"convex":17.488989492076797,"yearn":31.87698}