{"stakedao":45.87065765809132,"convex":8.977644225662399,"yearn":29.49486}