{"stakedao":45.84665160133181,"convex":21.812575145688,"yearn":43.45546}