{"stakedao":27.924812912567237,"convex":13.6912616147808,"yearn":25.59591}