{"stakedao":43.29478965503915,"convex":14.876194159252801,"yearn":18.39024}