{"stakedao":38.878519975353015,"convex":15.963778736208,"yearn":27.8517}