{"stakedao":52.8845472173696,"convex":27.998037497520002,"yearn":31.06704}