{"stakedao":41.274421317747525,"convex":20.9990763717696,"yearn":25.07232}