{"stakedao":47.0780613069495,"convex":13.21908135552,"yearn":24.72048}