{"stakedao":58.21346259346865,"convex":12.518825894639999,"yearn":14.04898}