{"stakedao":46.551808246203564,"convex":32.303305553832004,"yearn":27.2589}