{"stakedao":38.705272155515914,"convex":16.422774093460802,"yearn":29.43448}