{"stakedao":42.80913075443168,"convex":15.5397266040816,"yearn":17.68295}