{"stakedao":51.702128361433154,"convex":24.974062412817602,"yearn":38.60185}