{"stakedao":45.34574365004063,"convex":20.469824943422402,"yearn":48.69618}