{"stakedao":52.278316663921395,"convex":14.7645709987536,"yearn":30.95609}