{"stakedao":41.03824504102593,"convex":19.8361382509872,"yearn":27.18564}