{"stakedao":48.93876907581505,"convex":21.8323974737664,"yearn":38.91409}