{"stakedao":42.20004315951975,"convex":15.538652806435199,"yearn":17.1728}