{"stakedao":71.29637197427635,"convex":20.264987238926402,"yearn":30.38952}