{"stakedao":43.292532796938815,"convex":25.120972711137597,"yearn":27.46124}