{"stakedao":41.47793740215254,"convex":20.6986586678352,"yearn":29.53994}