{"stakedao":51.62039681510209,"convex":22.925468412792,"yearn":34.56538}