{"stakedao":62.3271577287107,"convex":19.725528380011202,"yearn":41.84675}