{"stakedao":39.270056308545456,"convex":18.0394509523392,"yearn":29.43448}