{"stakedao":38.829527090228886,"convex":18.1040497709328,"yearn":29.43448}