{"stakedao":38.98340943082577,"convex":16.3722573130032,"yearn":27.95499}