{"stakedao":43.98015228572419,"convex":23.308703446507202,"yearn":31.94166}