{"stakedao":47.61622209795213,"convex":22.985097242932802,"yearn":39.37466}