{"stakedao":48.33875466643781,"convex":12.2015309213664,"yearn":22.50053}