{"stakedao":39.36533142097036,"convex":16.8985666186128,"yearn":26.38045}