{"stakedao":46.981122820045144,"convex":10.1845558011024,"yearn":18.25288}