{"stakedao":45.851198818930975,"convex":10.620143026243202,"yearn":26.20858}