{"stakedao":41.61699275821525,"convex":18.1585210175712,"yearn":31.35837}