{"stakedao":47.608107137721674,"convex":10.1824133335632,"yearn":18.69509}