{"stakedao":46.591880891150325,"convex":28.3738801112496,"yearn":30.50015}