{"stakedao":41.435141542585306,"convex":13.2716718897264,"yearn":18.55079}