{"stakedao":66.79604210179468,"convex":21.2016698042112,"yearn":31.68482}