{"stakedao":42.97101795059846,"convex":12.0745324692144,"yearn":22.35239}