{"stakedao":73.87811466568849,"convex":24.462628452345598,"yearn":43.18639}