{"stakedao":54.4319788442065,"convex":10.5983869295664,"yearn":15.65496}