{"stakedao":41.51694576003041,"convex":16.436477179252797,"yearn":19.0112}