{"stakedao":41.74504351649062,"convex":17.519238407001602,"yearn":32.9816}