{"stakedao":65.13594837199966,"convex":18.9988414843104,"yearn":43.8128}