{"stakedao":43.192663051075584,"convex":25.2468271854288,"yearn":27.25307}