{"stakedao":44.321822770781665,"convex":23.8671752526,"yearn":34.49014}