{"stakedao":47.75272056236645,"convex":11.003518013572801,"yearn":34.7378}