{"stakedao":56.01219080435536,"convex":13.7174377688352,"yearn":18.45373}