{"stakedao":41.85410859225617,"convex":15.2789906174112,"yearn":19.69298}