{"stakedao":45.43838064313201,"convex":20.4895344703824,"yearn":49.62763}