{"stakedao":40.84793059288806,"convex":19.834674542236804,"yearn":26.89661}