{"stakedao":63.13674211868786,"convex":19.118142654811198,"yearn":46.3131}