{"stakedao":28.869297052075993,"convex":15.734014885857599,"yearn":24.22766}