{"stakedao":40.722704397941364,"convex":17.201073068510404,"yearn":31.19089}