{"stakedao":49.513131083129515,"convex":17.4942489242448,"yearn":18.44859}