{"stakedao":44.36125134129364,"convex":22.6056149553744,"yearn":49.50106}