{"stakedao":40.72537814178527,"convex":19.1180855557296,"yearn":28.76108}