{"stakedao":40.46307209777381,"convex":18.861825293784,"yearn":29.24838}