{"stakedao":54.45924726979458,"convex":10.5983869295664,"yearn":15.58727}