{"stakedao":42.558276251505895,"convex":23.0427551109168,"yearn":29.43448}