{"stakedao":49.26933948194685,"convex":22.73729264352,"yearn":34.56538}