{"stakedao":40.78182824507289,"convex":19.9824280059744,"yearn":29.28887}