{"stakedao":46.401610182487595,"convex":20.2887143072208,"yearn":44.56622}