{"stakedao":28.87734941703805,"convex":15.7345018206192,"yearn":24.30104}