{"stakedao":62.83984291197197,"convex":20.1885077810592,"yearn":45.54567}