{"stakedao":42.76554035826782,"convex":12.205294216315199,"yearn":17.9051}