{"stakedao":42.46966637822511,"convex":20.692261678536,"yearn":31.4039}