{"stakedao":46.36676774000078,"convex":21.5734744160496,"yearn":42.19701}