{"stakedao":49.40910779832663,"convex":29.245954983710398,"yearn":33.71284}