{"stakedao":49.13553492108856,"convex":29.1294200376,"yearn":34.55983}