{"stakedao":49.285837847213955,"convex":17.5682654646624,"yearn":17.82946}