{"stakedao":54.443910420732884,"convex":10.44241657812,"yearn":16.067}