{"stakedao":48.7276127273483,"convex":22.8967060134528,"yearn":30.11393}