{"stakedao":41.228260421304114,"convex":21.731663135879998,"yearn":27.67629}