{"stakedao":66.20329842582231,"convex":20.5490972830608,"yearn":43.72829}