{"stakedao":39.48626279072988,"convex":15.7042171407168,"yearn":33.0939}