{"stakedao":42.613418382675476,"convex":21.0936550969008,"yearn":29.68273}