{"stakedao":28.895484770330185,"convex":15.728456448259202,"yearn":23.69993}