{"stakedao":40.590401763527694,"convex":17.2170015079104,"yearn":31.61714}