{"stakedao":51.42569196877752,"convex":25.1009433460656,"yearn":34.52436}