{"stakedao":66.85303459237315,"convex":20.5010244290736,"yearn":42.87534}