{"stakedao":41.48510938727043,"convex":18.1528334242848,"yearn":31.73924}