{"stakedao":39.00106396718199,"convex":16.0586097493392,"yearn":27.64107}