{"stakedao":55.67147805304652,"convex":11.4047347073472,"yearn":15.24569}