{"stakedao":55.23902142576605,"convex":10.2075636436128,"yearn":20.76845}