{"stakedao":41.2407064500442,"convex":20.6552197515312,"yearn":24.33952}