{"stakedao":48.01828698704637,"convex":31.394659671993598,"yearn":28.90507}