{"stakedao":61.77991993322958,"convex":19.758368765736,"yearn":41.03387}