{"stakedao":42.656514413240274,"convex":24.9099306676128,"yearn":28.94661}