{"stakedao":52.822884907323996,"convex":13.7609684139024,"yearn":27.9006}