{"stakedao":43.06329883002779,"convex":22.492599363792,"yearn":28.05114}