{"stakedao":48.87711183998034,"convex":29.494991852323203,"yearn":34.95898}