{"stakedao":45.33461007047876,"convex":20.4699468269088,"yearn":48.69618}