{"stakedao":79.74096686315454,"convex":24.829192383321598,"yearn":40.28077}