{"stakedao":43.3783008083313,"convex":23.6614362460704,"yearn":30.80933}