{"stakedao":44.29227528014972,"convex":23.2208070830928,"yearn":35.63773}