{"stakedao":45.389263156427646,"convex":20.4689821406688,"yearn":47.5314}