{"stakedao":56.939733526650045,"convex":12.2929418395296,"yearn":23.57968}