{"stakedao":40.50650243432273,"convex":18.878047664472,"yearn":29.24838}