{"stakedao":48.862165046007476,"convex":22.7178396240768,"yearn":34.56538}