{"stakedao":42.352271989115465,"convex":13.2584368738608,"yearn":18.33758}