{"stakedao":50.85160688358114,"convex":24.9106989413376,"yearn":37.79922}