{"stakedao":55.733276737239706,"convex":12.6158889596256,"yearn":25.54802}