{"stakedao":45.55168401253245,"convex":20.953337490835203,"yearn":41.59251}