{"stakedao":39.36576952518499,"convex":15.5205627697584,"yearn":31.00733}