{"stakedao":48.055905662095086,"convex":14.312047402655999,"yearn":17.63595}