{"stakedao":47.58907699996622,"convex":22.4072837741664,"yearn":38.57995}