{"stakedao":50.73292004846944,"convex":12.1910215966704,"yearn":25.40954}