{"stakedao":38.758751243505834,"convex":16.4238423155424,"yearn":29.43448}