{"stakedao":40.45299900607232,"convex":16.5412224579888,"yearn":33.6697}