{"stakedao":54.22875749389838,"convex":10.7900184610224,"yearn":23.64141}