{"stakedao":44.451733712666055,"convex":22.6578638474784,"yearn":50.23213}