{"stakedao":46.410120797662586,"convex":12.1923487703088,"yearn":22.41205}