{"stakedao":44.20263879404498,"convex":22.5237053830464,"yearn":30.68399}