{"stakedao":73.48526734486467,"convex":20.330753425632,"yearn":32.51147}