{"stakedao":49.21018364764871,"convex":16.823781542721598,"yearn":19.85088}