{"stakedao":44.759857334726235,"convex":22.658605845408,"yearn":48.66124}