{"stakedao":43.163600979177524,"convex":25.4706789566304,"yearn":30.83379}