{"stakedao":42.63501211220752,"convex":15.276840373094402,"yearn":18.39044}