{"stakedao":57.75889660327932,"convex":11.002076162424,"yearn":15.13083}