{"stakedao":55.69615501028399,"convex":10.5323617093104,"yearn":21.7192}