{"stakedao":42.6632681441515,"convex":16.4596122663696,"yearn":17.87663}