{"stakedao":45.91234898764603,"convex":21.814006981003203,"yearn":39.81253}