{"stakedao":41.73500353835474,"convex":17.519238407001602,"yearn":32.94334}