{"stakedao":43.1961501562852,"convex":13.699928363529601,"yearn":16.70792}