{"stakedao":41.62381753012074,"convex":15.030259430400001,"yearn":14.84093}