{"stakedao":48.511747963576425,"convex":13.060329245049601,"yearn":23.78195}