{"stakedao":37.63091312738333,"convex":14.138938443038398,"yearn":26.49063}