{"stakedao":44.501526400817525,"convex":10.632944021601599,"yearn":25.64361}