{"stakedao":39.119980991758105,"convex":16.367004509702397,"yearn":26.78118}