{"stakedao":47.3429099601896,"convex":29.2872970461456,"yearn":34.87851}