{"stakedao":43.979430344167135,"convex":12.374744460667198,"yearn":19.82012}