{"stakedao":41.15549794788995,"convex":21.706795189713603,"yearn":26.71474}