{"stakedao":49.60507303516775,"convex":29.294463081801602,"yearn":33.95311}