{"stakedao":52.14114610333261,"convex":25.5973911848928,"yearn":34.36075}