{"stakedao":48.030873747506,"convex":26.0305299139968,"yearn":27.71387}