{"stakedao":47.706247896705904,"convex":13.092984315777601,"yearn":24.19977}