{"stakedao":44.61007424862606,"convex":22.125370240814398,"yearn":44.28139}