{"stakedao":48.89222705497579,"convex":29.491780355380797,"yearn":35.05889}