{"stakedao":59.67375288185353,"convex":16.9051549179024,"yearn":36.80016}