{"stakedao":47.03266788481637,"convex":10.1644935124464,"yearn":19.66358}