{"stakedao":44.90940332222239,"convex":9.011774487398398,"yearn":26.46048}