{"stakedao":55.06790955586996,"convex":10.442077039468801,"yearn":16.36508}