{"stakedao":49.06762903618829,"convex":10.9951683719184,"yearn":36.2481}