{"stakedao":65.46615699276327,"convex":19.597760521992,"yearn":41.55229}