{"stakedao":44.76115093995381,"convex":21.7529287878384,"yearn":50.20835}