{"stakedao":39.649801261088506,"convex":15.6058355618784,"yearn":34.62312}