{"stakedao":46.037996580876495,"convex":10.619959811544,"yearn":25.36446}