{"stakedao":39.35868243593474,"convex":15.698309561755199,"yearn":25.31916}