{"stakedao":53.28739644614957,"convex":25.4722554160416,"yearn":33.58002}