{"stakedao":53.272778192727884,"convex":25.499736236491202,"yearn":33.67724}