{"stakedao":49.210953704002726,"convex":11.0790068689152,"yearn":37.71637}