{"stakedao":40.77424280040593,"convex":17.2170804393648,"yearn":30.57134}