{"stakedao":28.824175548727226,"convex":15.719500754064,"yearn":23.92986}