{"stakedao":41.28192896809464,"convex":14.744311417728,"yearn":20.84466}