{"stakedao":56.21765945592347,"convex":11.2191551928864,"yearn":15.61552}