{"stakedao":49.89805586044555,"convex":22.684244909846402,"yearn":34.56538}