{"stakedao":37.65418260471365,"convex":14.1074817024672,"yearn":25.78934}