{"stakedao":39.622472440177624,"convex":15.7533531741792,"yearn":32.2545}