{"stakedao":55.06180593021101,"convex":10.414810531368,"yearn":15.92623}