{"stakedao":40.29794661716206,"convex":16.1697266245872,"yearn":35.09542}