{"stakedao":44.928893997045066,"convex":9.0127619899344,"yearn":25.81002}