{"stakedao":44.14083947296196,"convex":19.5722783743824,"yearn":43.25496}