{"stakedao":42.906763413176684,"convex":15.2869791434832,"yearn":17.84256}