{"stakedao":43.32972623411749,"convex":14.8369696004592,"yearn":18.09913}