{"stakedao":61.73758832097954,"convex":19.758368765736,"yearn":40.94821}