{"stakedao":49.04584277491984,"convex":29.3841582681168,"yearn":35.65681}