{"stakedao":43.17160688299832,"convex":22.1900744653344,"yearn":28.1515}