{"stakedao":45.83650921403358,"convex":10.6189018638912,"yearn":25.297}