{"stakedao":44.93818448613604,"convex":9.011694057984,"yearn":26.36972}