{"stakedao":41.520787409951105,"convex":13.2275973464208,"yearn":16.14924}