{"stakedao":39.45366921488729,"convex":14.869706251665601,"yearn":21.40366}