{"stakedao":40.63665017659381,"convex":17.0609635558944,"yearn":30.53492}