{"stakedao":53.18986196701659,"convex":16.615207323647997,"yearn":38.31004}