{"stakedao":57.424984073968766,"convex":31.0405157215776,"yearn":47.30092}