{"stakedao":46.57872831981072,"convex":10.164306879244801,"yearn":19.41303}