{"stakedao":55.084009875676024,"convex":9.7989644132352,"yearn":19.89889}