{"stakedao":51.48217214219202,"convex":12.024032784422399,"yearn":25.01732}