{"stakedao":42.45675393296138,"convex":13.27367529612,"yearn":18.81692}