{"stakedao":49.750616827284375,"convex":13.477848253271999,"yearn":17.43858}