{"stakedao":44.39610748469733,"convex":22.5598740750576,"yearn":29.71217}