{"stakedao":39.89344541847488,"convex":16.4360223197568,"yearn":19.32371}