{"stakedao":52.301347354937555,"convex":26.692426170230398,"yearn":27.91919}