{"stakedao":46.572837315502134,"convex":20.279519677368,"yearn":41.44388}