{"stakedao":52.731333288966134,"convex":14.2629910638192,"yearn":22.15882}