{"stakedao":47.65557576441084,"convex":11.3897148894864,"yearn":30.05998}