{"stakedao":51.934217140809125,"convex":26.7015556845504,"yearn":27.56114}