{"stakedao":40.28950328462653,"convex":15.544196160364798,"yearn":33.70892}