{"stakedao":43.59900095702877,"convex":26.833072239504,"yearn":26.6592}