{"stakedao":42.319877185572366,"convex":20.6437089980016,"yearn":29.13984}