{"stakedao":63.42816712388292,"convex":19.715320962057604,"yearn":42.16334}