{"stakedao":37.49544993523726,"convex":15.415004351030401,"yearn":29.0913}