{"stakedao":53.02951226507176,"convex":11.744109371347202,"yearn":16.84658}