{"stakedao":58.438856083529046,"convex":12.075434953848,"yearn":14.26822}