{"stakedao":49.30991325530719,"convex":21.7890589523184,"yearn":38.58547}