{"stakedao":45.32280966097421,"convex":10.7186683177872,"yearn":25.91951}