{"stakedao":53.10016341539112,"convex":15.775350272121598,"yearn":23.68223}