{"stakedao":45.39217577062949,"convex":20.4689821406688,"yearn":47.60894}