{"stakedao":54.877831748783734,"convex":10.5502138194816,"yearn":14.71883}