{"stakedao":47.05907232050339,"convex":26.0211508269264,"yearn":28.09671}