{"stakedao":37.58078302220324,"convex":24.3156866527152,"yearn":29.9283}