{"stakedao":67.89061106963484,"convex":23.539282808356802,"yearn":36.61276}