{"stakedao":41.4977144859298,"convex":20.6934303522384,"yearn":28.87295}