{"stakedao":38.89909837280618,"convex":16.4243452642848,"yearn":29.43448}