{"stakedao":42.39373162921176,"convex":13.262661310276801,"yearn":17.78072}