{"stakedao":49.45010130393956,"convex":17.4726204884496,"yearn":17.61493}