{"stakedao":43.2205423279226,"convex":19.5330010274784,"yearn":42.19445}