{"stakedao":52.498915343011156,"convex":10.988990690270398,"yearn":17.03984}