{"stakedao":42.79270398451622,"convex":13.2190201567584,"yearn":16.24385}