{"stakedao":40.67732739504252,"convex":16.689144103214403,"yearn":34.69908}