{"stakedao":39.474608159157256,"convex":15.7043420075088,"yearn":33.14637}