{"stakedao":44.421639793281514,"convex":9.324924886022401,"yearn":26.25953}