{"stakedao":40.43574015277463,"convex":13.1642371010736,"yearn":18.0569}