{"stakedao":43.598351466690445,"convex":26.8697035614816,"yearn":26.45083}