{"stakedao":52.572531494823764,"convex":11.292828432408,"yearn":16.03405}