{"stakedao":41.61372777329557,"convex":18.2762700208416,"yearn":31.69642}