{"stakedao":44.96145904721024,"convex":20.484478423339198,"yearn":47.78031}