{"stakedao":57.871905169646425,"convex":12.5194810266576,"yearn":15.22097}