{"stakedao":43.54233787775756,"convex":25.125468874344,"yearn":27.6995}