{"stakedao":45.96329223795838,"convex":20.116144165392,"yearn":42.64873}