{"stakedao":44.295104032534354,"convex":9.2457262649376,"yearn":26.46296}