{"stakedao":39.20068097640986,"convex":16.0626318791616,"yearn":26.79239}