{"stakedao":58.94689871496034,"convex":24.342492246408,"yearn":38.58197}