{"stakedao":49.52606946549295,"convex":31.1690420235504,"yearn":27.31743}