{"stakedao":28.90386082339605,"convex":15.7284505857168,"yearn":23.71819}