{"stakedao":41.43391916665985,"convex":17.533570396320002,"yearn":32.29269}