{"stakedao":42.77083160117199,"convex":13.205292334128,"yearn":16.15291}