{"stakedao":65.23890911713607,"convex":18.9328272070464,"yearn":43.48687}