{"stakedao":44.296394422785696,"convex":23.1630498956304,"yearn":35.32391}