{"stakedao":54.58360455516198,"convex":11.4013030859712,"yearn":16.38935}