{"stakedao":42.43414167801427,"convex":15.276840373094402,"yearn":18.4423}