{"stakedao":44.772745442881856,"convex":23.231802232483197,"yearn":36.58427}