{"stakedao":51.55640930355459,"convex":25.858158177758398,"yearn":34.64779}