{"stakedao":47.067335782361326,"convex":13.2332049864864,"yearn":24.46054}