{"stakedao":64.95948450482373,"convex":19.066669570382395,"yearn":32.46626}