{"stakedao":53.79503899947572,"convex":26.7810232919472,"yearn":29.75882}