{"stakedao":62.36258354205549,"convex":19.111834798862397,"yearn":46.54894}