{"stakedao":41.256659240310704,"convex":19.1276356436064,"yearn":30.08946}