{"stakedao":38.93877105558609,"convex":17.6653794476736,"yearn":29.43448}