{"stakedao":39.17494682506985,"convex":16.469778331166403,"yearn":26.50087}