{"stakedao":39.26702720266583,"convex":16.3837556192736,"yearn":27.95499}