{"stakedao":40.558357068713406,"convex":17.2179639456336,"yearn":31.36251}