{"stakedao":40.6572262436612,"convex":19.9834064734464,"yearn":29.43618}