{"stakedao":52.70221004247582,"convex":24.345629665286403,"yearn":37.80539}