{"stakedao":48.24931167954697,"convex":27.94136612292,"yearn":26.88919}