{"stakedao":49.349551389209026,"convex":22.954558521628805,"yearn":33.01566}