{"stakedao":62.18636387874862,"convex":19.132612327152,"yearn":49.912}