{"stakedao":46.463907787851625,"convex":12.2200365268368,"yearn":23.05993}