{"stakedao":45.19552057968536,"convex":13.217454466891201,"yearn":25.33422}