{"stakedao":49.484522683301705,"convex":22.89481843248,"yearn":34.53858}