{"stakedao":49.32147880683807,"convex":10.836900275976,"yearn":36.92729}