{"stakedao":46.34199759385554,"convex":12.2287038116976,"yearn":24.41858}