{"stakedao":47.55575169303568,"convex":29.279954620180803,"yearn":35.95565}