{"stakedao":46.07449933128149,"convex":28.3779001533888,"yearn":29.23891}