{"stakedao":52.57010184469157,"convex":13.7609684139024,"yearn":27.9006}