{"stakedao":65.71963427994066,"convex":19.613841598785598,"yearn":40.70872}