{"stakedao":45.1030449076185,"convex":11.618185202495999,"yearn":25.65945}