{"stakedao":46.57108013894509,"convex":21.5753367934512,"yearn":42.19701}