{"stakedao":41.67611057629789,"convex":20.7208287596592,"yearn":25.75964}