{"stakedao":43.12503581821417,"convex":25.4634869353104,"yearn":30.73201}