{"stakedao":49.15164996536872,"convex":31.2744443769216,"yearn":27.53162}