{"stakedao":58.56377068635747,"convex":12.075434953848,"yearn":14.25654}