{"stakedao":57.07129204092566,"convex":11.034259911864,"yearn":16.46598}