{"stakedao":48.00608415018943,"convex":14.3227594912176,"yearn":17.79851}