{"stakedao":42.580930900377986,"convex":23.042726053646398,"yearn":29.43448}