{"stakedao":39.38027237198681,"convex":16.9090606357344,"yearn":26.98159}