{"stakedao":41.072895507006194,"convex":19.8361382509872,"yearn":27.16935}