{"stakedao":45.7008441311783,"convex":30.993920171510396,"yearn":49.34974}