{"stakedao":43.04825855611134,"convex":16.445639749608,"yearn":18.78596}