{"stakedao":56.13737127651652,"convex":12.2539029520896,"yearn":25.97828}