{"stakedao":65.48352848479325,"convex":19.0833398121888,"yearn":32.46626}