{"stakedao":64.32242186483684,"convex":17.3956659186672,"yearn":33.85036}