{"stakedao":42.24897323976171,"convex":15.369297226848001,"yearn":19.28117}