{"stakedao":40.77038840474339,"convex":19.096661113704002,"yearn":29.60422}