{"stakedao":42.2619173326559,"convex":21.5363838447648,"yearn":26.46352}