{"stakedao":48.421491818748095,"convex":13.0617634234896,"yearn":23.73562}