{"stakedao":42.453880343887036,"convex":20.7078789648384,"yearn":30.19132}