{"stakedao":50.894079060026556,"convex":12.2093542587168,"yearn":25.19716}