{"stakedao":41.742732669679235,"convex":21.5217949726512,"yearn":25.95399}