{"stakedao":52.16972237412503,"convex":26.7110843815584,"yearn":28.5022}