{"stakedao":42.52844571873499,"convex":22.8098009778912,"yearn":29.43448}