{"stakedao":52.88021016834004,"convex":11.745199974528,"yearn":17.02752}