{"stakedao":38.734174094342414,"convex":16.471096176456,"yearn":29.43448}