{"stakedao":44.472931763467905,"convex":10.6215845904144,"yearn":25.93898}