{"stakedao":54.92967243878658,"convex":10.5333762318912,"yearn":22.17903}