{"stakedao":47.25745425617455,"convex":11.1658598700768,"yearn":32.36922}