{"stakedao":55.24218375816619,"convex":10.657639938888,"yearn":14.51746}