{"stakedao":40.81924893616627,"convex":17.259690280536,"yearn":30.7607}