{"stakedao":55.98605378061151,"convex":13.717266878404798,"yearn":18.35632}