{"stakedao":39.53789854567527,"convex":14.718004259976,"yearn":19.94701}