{"stakedao":42.16118628609063,"convex":22.1619730006368,"yearn":26.03128}