{"stakedao":48.407470713130145,"convex":11.059832813774399,"yearn":19.61456}