{"stakedao":44.30652610888125,"convex":12.088527502680002,"yearn":23.26877}