{"stakedao":57.12008897062758,"convex":31.147206506611198,"yearn":43.10598}