{"stakedao":46.41961830502207,"convex":12.1952710032912,"yearn":25.3517}