{"stakedao":43.28340431173514,"convex":15.313888452772801,"yearn":14.86021}