{"stakedao":50.988349721345756,"convex":9.584335830888001,"yearn":18.06435}