{"stakedao":43.38597314033747,"convex":27.7500327864192,"yearn":27.24853}