{"stakedao":42.37207632229571,"convex":15.703223236372802,"yearn":17.11358}