{"stakedao":40.88158894951316,"convex":18.880022745230402,"yearn":29.24838}