{"stakedao":45.43464052981512,"convex":20.4689988673632,"yearn":47.7256}