{"stakedao":47.0395805296557,"convex":10.1644935124464,"yearn":19.608}