{"stakedao":62.396013786678,"convex":19.1122562995776,"yearn":47.32306}