{"stakedao":48.89005230200139,"convex":21.820035223008,"yearn":40.1358}