{"stakedao":37.43059537847003,"convex":15.415004351030401,"yearn":29.0913}