{"stakedao":42.40929477236958,"convex":13.2622546472496,"yearn":17.74666}