{"stakedao":41.469566974714446,"convex":18.077723675812802,"yearn":31.48201}