{"stakedao":45.39923825081087,"convex":20.5325235161856,"yearn":43.9494}