{"stakedao":56.92499026287787,"convex":11.617328571206398,"yearn":14.6719}