{"stakedao":65.60857477455176,"convex":19.5641354953584,"yearn":38.52974}