{"stakedao":40.53015643161983,"convex":20.2105217886048,"yearn":27.67344}