{"stakedao":54.02789578418303,"convex":10.6091077283712,"yearn":15.46887}