{"stakedao":38.75215553299632,"convex":17.6017041198432,"yearn":29.43448}