{"stakedao":49.896644916576335,"convex":13.4769794648544,"yearn":17.43858}