{"stakedao":44.62307337820681,"convex":22.662971777548798,"yearn":46.73513}