{"stakedao":38.697304104319436,"convex":18.061582541860798,"yearn":29.43448}