{"stakedao":54.4093180032703,"convex":11.3174509906512,"yearn":15.45908}