{"stakedao":42.08719961974481,"convex":20.6488548848016,"yearn":28.62535}