{"stakedao":53.16413821712195,"convex":11.745199974528,"yearn":17.02752}