{"stakedao":55.810591403771184,"convex":12.2662338056064,"yearn":24.61438}