{"stakedao":55.23177814585819,"convex":9.809716256078401,"yearn":20.3416}