{"stakedao":42.18482987478027,"convex":14.2253779220928,"yearn":17.37512}