{"stakedao":65.1423180889359,"convex":19.0170775673568,"yearn":41.94741}