{"stakedao":40.67120473941461,"convex":18.8782112953152,"yearn":29.24838}