{"stakedao":47.58068705078794,"convex":22.9819516183872,"yearn":50.20835}