{"stakedao":47.50761762463789,"convex":12.7009063889856,"yearn":23.47836}