{"stakedao":40.44216088251219,"convex":16.453199717208,"yearn":18.67549}