{"stakedao":80.04617159683244,"convex":26.0471993390208,"yearn":40.93957}