{"stakedao":47.95641687229525,"convex":11.3746923469152,"yearn":31.43699}