{"stakedao":40.56427969611701,"convex":20.2100895404208,"yearn":27.68553}