{"stakedao":46.934878443297485,"convex":26.0230709404368,"yearn":28.4325}