{"stakedao":56.12036279892329,"convex":11.312589350433601,"yearn":15.6069}