{"stakedao":46.4279667090334,"convex":28.342542280319996,"yearn":31.10381}