{"stakedao":45.76268243190126,"convex":12.190402220169599,"yearn":22.12882}