{"stakedao":39.516930681651885,"convex":15.6908100549744,"yearn":32.08907}