{"stakedao":42.06098000749311,"convex":22.9777845932592,"yearn":29.43448}