{"stakedao":52.77786887335372,"convex":11.294713487347199,"yearn":17.01743}