{"stakedao":44.16366604982541,"convex":14.0881684285008,"yearn":19.29035}