{"stakedao":63.111395111279236,"convex":20.184559190035202,"yearn":45.12241}