{"stakedao":44.574876231014244,"convex":10.6441546186368,"yearn":25.93898}