{"stakedao":46.91564050831648,"convex":32.325018219129596,"yearn":27.40268}