{"stakedao":55.17184299900763,"convex":24.9585000464592,"yearn":38.82053}