{"stakedao":48.442255546147805,"convex":17.3970969151248,"yearn":18.90046}