{"stakedao":55.600024653681245,"convex":11.3498852305392,"yearn":22.76766}