{"stakedao":83.55282554279876,"convex":26.057469409545597,"yearn":41.32218}