{"stakedao":39.1944619023423,"convex":16.4697526734768,"yearn":26.53743}