{"stakedao":37.497253720215774,"convex":23.7293442885168,"yearn":30.62625}