{"stakedao":37.61209682187734,"convex":15.3347272649712,"yearn":27.42516}