{"stakedao":45.002576809908504,"convex":21.7221822663696,"yearn":50.20835}