{"stakedao":39.2351657677278,"convex":16.0644933798624,"yearn":26.79239}