{"stakedao":46.31263440687205,"convex":8.9922224165328,"yearn":28.34925}