{"stakedao":46.738135232519966,"convex":31.9098224270304,"yearn":27.66567}