{"stakedao":64.99697605206543,"convex":19.0264985941536,"yearn":41.94741}