{"stakedao":53.14270661859591,"convex":14.154779893535999,"yearn":22.59351}