{"stakedao":39.539513723630165,"convex":15.6925264553856,"yearn":25.60773}