{"stakedao":38.5710495834741,"convex":16.475937466492798,"yearn":29.43448}