{"stakedao":54.822362898978895,"convex":10.4416849460736,"yearn":16.26409}