{"stakedao":44.08953229108161,"convex":12.376468448639999,"yearn":19.40298}