{"stakedao":52.00690550697725,"convex":14.7756719640384,"yearn":30.95609}