{"stakedao":40.92308273481176,"convex":17.1316375136784,"yearn":30.11449}