{"stakedao":44.40066781008859,"convex":14.335301427796798,"yearn":18.67862}