{"stakedao":48.07940661501695,"convex":10.853129398521599,"yearn":30.05998}