{"stakedao":43.8935424773841,"convex":27.4876477003152,"yearn":26.07954}