{"stakedao":39.52864798483933,"convex":15.563582910057601,"yearn":26.67058}