{"stakedao":65.33582512379135,"convex":19.6381779457536,"yearn":39.32607}