{"stakedao":47.842977431871205,"convex":31.4666208693792,"yearn":28.46215}