{"stakedao":54.75258481313283,"convex":10.4390520527376,"yearn":15.41416}