{"stakedao":42.459106652939504,"convex":22.8979062704592,"yearn":29.43448}