{"stakedao":44.85131939307672,"convex":9.012645420264,"yearn":26.97575}