{"stakedao":42.69099002551948,"convex":13.724219465798399,"yearn":17.61522}