{"stakedao":38.943904765606774,"convex":16.3038661579584,"yearn":27.95499}