{"stakedao":41.42458112670842,"convex":18.1526190709392,"yearn":31.63067}