{"stakedao":38.9375552157869,"convex":15.966368236008002,"yearn":27.77382}