{"stakedao":39.48500853381772,"convex":15.633131439456001,"yearn":26.7522}