{"stakedao":42.53176333890512,"convex":16.4583121853088,"yearn":18.08966}