{"stakedao":47.87822723675713,"convex":11.059532449142399,"yearn":20.00819}