{"stakedao":42.90248777812195,"convex":13.2295901945616,"yearn":16.27574}