{"stakedao":40.770099094690444,"convex":17.220868745515197,"yearn":30.64081}