{"stakedao":77.40334372581714,"convex":24.738832585267197,"yearn":41.20112}