{"stakedao":48.32890324285234,"convex":13.0928511487104,"yearn":24.01432}