{"stakedao":54.936249063322144,"convex":12.174597852854397,"yearn":15.76703}