{"stakedao":46.13105648827465,"convex":28.393407886780803,"yearn":30.28787}