{"stakedao":42.56136256236252,"convex":20.6861894911152,"yearn":29.45413}