{"stakedao":55.14087002416363,"convex":11.821275030499201,"yearn":17.91713}