{"stakedao":44.02772303658249,"convex":22.5048337739136,"yearn":31.61974}