{"stakedao":42.0884886911717,"convex":20.636760727886397,"yearn":28.32088}