{"stakedao":47.99997620616132,"convex":23.154251900356797,"yearn":29.97243}