{"stakedao":53.459880001227425,"convex":25.574242010644802,"yearn":33.77468}