{"stakedao":55.488947686304854,"convex":11.3840492357952,"yearn":14.21526}