{"stakedao":45.39273656644501,"convex":22.0156956077616,"yearn":40.85326}