{"stakedao":45.27231151992129,"convex":22.9388241106224,"yearn":33.73926}