{"stakedao":48.70691022514521,"convex":31.3353070751376,"yearn":27.29156}