{"stakedao":44.94068804448748,"convex":21.7190247149088,"yearn":50.20835}