{"stakedao":53.38472250746866,"convex":13.621277100182402,"yearn":32.73616}