{"stakedao":52.76720908634384,"convex":11.347739221507199,"yearn":22.36765}