{"stakedao":51.618881369044814,"convex":25.8482628684432,"yearn":34.95713}