{"stakedao":45.232945375020265,"convex":22.864176724060798,"yearn":33.95685}