{"stakedao":38.89875188600721,"convex":17.6643767069424,"yearn":29.43448}