{"stakedao":51.614651385296774,"convex":17.57123344692,"yearn":18.5252}