{"stakedao":55.29748980182084,"convex":12.0898725383088,"yearn":17.02752}