{"stakedao":37.606921810149096,"convex":15.335725521283198,"yearn":27.9903}