{"stakedao":40.94793277669736,"convex":17.239846239921597,"yearn":32.11188}