{"stakedao":42.858147624662585,"convex":14.767676427513601,"yearn":18.79983}