{"stakedao":41.613059655705335,"convex":18.0365832766368,"yearn":31.20528}