{"stakedao":47.29928509866063,"convex":29.326733791761598,"yearn":34.82583}