{"stakedao":37.58109690032442,"convex":24.3200817588096,"yearn":29.96496}