{"stakedao":42.55623645314724,"convex":20.7070678999152,"yearn":32.40626}