{"stakedao":64.23965686695773,"convex":20.3704757549568,"yearn":37.94986}