{"stakedao":43.478540046609176,"convex":18.9024269855472,"yearn":27.81179}