{"stakedao":52.835991851106996,"convex":14.6381331336912,"yearn":21.74771}