{"stakedao":62.865787169706785,"convex":19.133714415744,"yearn":50.57924}