{"stakedao":41.35437000794219,"convex":20.6979019583616,"yearn":29.36476}