{"stakedao":39.489623696319356,"convex":15.633269494603201,"yearn":26.7522}