{"stakedao":40.37425152054121,"convex":16.2772201206576,"yearn":33.37993}