{"stakedao":49.134590597262104,"convex":21.834899968896,"yearn":38.85816}