{"stakedao":39.60030674755183,"convex":16.4788915003776,"yearn":29.43448}