{"stakedao":73.09069782846902,"convex":21.205108555876798,"yearn":33.59889}