{"stakedao":42.747645072964715,"convex":13.265087226537599,"yearn":17.47067}