{"stakedao":47.61980669567124,"convex":10.1890610624448,"yearn":20.48797}