{"stakedao":43.86247410351696,"convex":14.8021236355104,"yearn":18.63216}