{"stakedao":61.076156653314115,"convex":19.1225585967408,"yearn":47.32306}