{"stakedao":39.255012032648715,"convex":16.4619431488944,"yearn":26.47267}