{"stakedao":52.839500845426926,"convex":11.2883851424592,"yearn":16.34077}