{"stakedao":41.04316544920893,"convex":20.999149213622402,"yearn":25.35153}