{"stakedao":49.40594575875326,"convex":22.78117459332,"yearn":34.56538}