{"stakedao":43.32384221512724,"convex":13.251591802152,"yearn":15.37061}