{"stakedao":51.55339553423322,"convex":25.4736918587664,"yearn":28.92165}