{"stakedao":42.8041150368083,"convex":13.6943485602912,"yearn":16.83404}