{"stakedao":49.79830595669732,"convex":17.44164642528,"yearn":19.32212}