{"stakedao":42.51710487482913,"convex":13.2663036047472,"yearn":18.98664}