{"stakedao":44.61919727564607,"convex":22.6576862493408,"yearn":49.36006}