{"stakedao":40.29484923978176,"convex":16.1663233225392,"yearn":35.16857}