{"stakedao":47.97993921875799,"convex":10.853327220696,"yearn":30.03169}