{"stakedao":65.473303898529,"convex":19.597760521992,"yearn":41.55229}