{"stakedao":45.77786927435515,"convex":22.7557294437456,"yearn":30.65455}