{"stakedao":58.25463063745951,"convex":30.746745377553598,"yearn":39.97731}