{"stakedao":56.69005095260469,"convex":30.440145103891197,"yearn":41.71624}