{"stakedao":43.01547591858443,"convex":28.587773535825598,"yearn":26.45031}