{"stakedao":43.12458317115059,"convex":15.313888452772801,"yearn":14.88489}