{"stakedao":48.84891595686139,"convex":11.0791126280448,"yearn":19.96593}