{"stakedao":53.65673298489581,"convex":13.8019683958848,"yearn":19.3501}