{"stakedao":55.61936990908015,"convex":12.621825731462398,"yearn":25.44861}