{"stakedao":42.720961993454196,"convex":13.2641284911408,"yearn":17.57438}