{"stakedao":39.65092492068991,"convex":15.6058355618784,"yearn":34.62312}