{"stakedao":42.93907264784957,"convex":15.2869791434832,"yearn":17.84256}