{"stakedao":70.82423964764018,"convex":20.289542638104002,"yearn":30.99496}