{"stakedao":54.96675878575976,"convex":10.6449273610128,"yearn":14.84751}