{"stakedao":40.657437526980516,"convex":16.6878047440656,"yearn":33.32729}