{"stakedao":41.26051612421686,"convex":21.509513952321598,"yearn":25.82895}