{"stakedao":61.246728136805594,"convex":18.9555609733344,"yearn":47.35646}