{"stakedao":51.24504326390051,"convex":25.2503175079152,"yearn":30.75434}