{"stakedao":48.5127895656558,"convex":11.160118577289602,"yearn":33.13978}