{"stakedao":43.03181429854566,"convex":16.445639749608,"yearn":18.78596}