{"stakedao":43.836223752945024,"convex":27.433976127796797,"yearn":26.45429}