{"stakedao":28.9528044643134,"convex":15.743168090020802,"yearn":25.81229}