{"stakedao":53.97284448842168,"convex":15.918060880324798,"yearn":23.43273}