{"stakedao":39.34466721367655,"convex":15.721953043881602,"yearn":24.59256}