{"stakedao":40.39295111054119,"convex":13.6452752235504,"yearn":16.31579}