{"stakedao":52.15969218013194,"convex":24.3019283347728,"yearn":41.22946}