{"stakedao":42.68241086588321,"convex":12.2053090256208,"yearn":17.66384}