{"stakedao":50.77073316962274,"convex":12.1907653004448,"yearn":25.44242}