{"stakedao":41.124225509275526,"convex":20.850931539964797,"yearn":26.21522}