{"stakedao":47.465408567707584,"convex":22.9855370566032,"yearn":45.55149}