{"stakedao":46.06124271278257,"convex":13.2610296849408,"yearn":26.14641}