{"stakedao":53.2576649787765,"convex":15.936191879112,"yearn":23.99138}