{"stakedao":51.1413136663871,"convex":9.564079958496,"yearn":18.62958}