{"stakedao":63.10615574886825,"convex":20.1845592468,"yearn":45.21299}