{"stakedao":42.496184508468254,"convex":22.197809694254403,"yearn":26.46865}