{"stakedao":65.72831780626807,"convex":19.082811161606397,"yearn":32.46626}