{"stakedao":47.63751621965168,"convex":10.8569995153632,"yearn":30.05998}