{"stakedao":42.46402265141951,"convex":23.034786581822402,"yearn":29.43448}