{"stakedao":40.551859099406286,"convex":16.2641973168432,"yearn":34.33323}