{"stakedao":53.640558213109216,"convex":14.191530251299199,"yearn":22.91907}