{"stakedao":42.67784711666817,"convex":13.1880734983728,"yearn":16.57714}