{"stakedao":47.4925759555756,"convex":29.2872805748928,"yearn":35.09081}