{"stakedao":57.03217353708837,"convex":11.034144799156799,"yearn":16.46598}