{"stakedao":45.709355351431455,"convex":23.2789465247184,"yearn":32.30913}