{"stakedao":41.36841810130282,"convex":13.272026896785599,"yearn":18.57517}