{"stakedao":65.50104063189077,"convex":20.3678240283216,"yearn":41.55229}