{"stakedao":42.45935220743888,"convex":13.2264822271536,"yearn":16.36942}