{"stakedao":40.63215050632271,"convex":19.116352286712,"yearn":28.76108}