{"stakedao":42.1075083615421,"convex":13.2595929962352,"yearn":18.1941}