{"stakedao":50.98032297852863,"convex":10.964661520896,"yearn":17.9467}