{"stakedao":52.58741213742314,"convex":14.6627277731136,"yearn":30.95609}