{"stakedao":45.35937819745422,"convex":20.471841440409598,"yearn":48.50199}