{"stakedao":39.19718304417576,"convex":16.3801265541552,"yearn":27.95499}