{"stakedao":48.78478534052839,"convex":31.33613137572,"yearn":27.11123}