{"stakedao":50.08579675561514,"convex":27.7992831252672,"yearn":27.46685}