{"stakedao":54.95008965714885,"convex":10.4417984441376,"yearn":16.30077}