{"stakedao":45.38480885036993,"convex":11.6181837455328,"yearn":25.65945}