{"stakedao":42.64326614535126,"convex":12.073124847239999,"yearn":22.29089}