{"stakedao":42.85009011208991,"convex":15.5397266040816,"yearn":17.68295}