{"stakedao":42.365252209830246,"convex":22.8098009778912,"yearn":29.43448}