{"stakedao":47.072684104569646,"convex":14.3232734207952,"yearn":17.96013}