{"stakedao":42.53552633118773,"convex":23.085055230724798,"yearn":29.43448}