{"stakedao":58.58246867060695,"convex":16.90532053236,"yearn":36.66941}