{"stakedao":40.81792854957574,"convex":13.264109995276801,"yearn":15.49553}