{"stakedao":70.33353979427224,"convex":21.214088958528002,"yearn":32.54452}