{"stakedao":67.08245931673281,"convex":19.6075301445792,"yearn":40.8255}