{"stakedao":55.07850856504355,"convex":11.8184302215504,"yearn":17.35538}