{"stakedao":54.75982818068853,"convex":11.30884523568,"yearn":15.60811}