{"stakedao":55.23980703369433,"convex":12.2827806438912,"yearn":25.25167}