{"stakedao":40.29989425093008,"convex":18.8961788367072,"yearn":0}