{"stakedao":44.396547697477615,"convex":22.605589143158397,"yearn":49.14922}