{"stakedao":51.31529536092515,"convex":9.6013212182496,"yearn":18.18956}