{"stakedao":48.93680597228113,"convex":21.832349387673602,"yearn":39.08037}