{"stakedao":45.84608035687762,"convex":31.0005868251456,"yearn":41.9373}