{"stakedao":45.35718590145309,"convex":20.468230186824,"yearn":47.09315}