{"stakedao":41.24288264804761,"convex":20.664988888464,"yearn":23.24531}