{"stakedao":61.7442362922955,"convex":19.758368765736,"yearn":40.94821}