{"stakedao":47.5674041150678,"convex":29.2872805748928,"yearn":34.9844}