{"stakedao":49.34473455574268,"convex":27.7997700001104,"yearn":27.39227}