{"stakedao":37.51144137722512,"convex":14.058999873863998,"yearn":25.40131}