{"stakedao":54.50157539196303,"convex":11.720246572108799,"yearn":16.75487}