{"stakedao":38.66842657180985,"convex":16.4210234670288,"yearn":27.95499}