{"stakedao":55.87467390002333,"convex":10.533436282742398,"yearn":16.2479}