{"stakedao":39.74112496336595,"convex":15.668585115739202,"yearn":36.1933}