{"stakedao":44.49151977409868,"convex":22.1043846096144,"yearn":46.07597}