{"stakedao":54.29423840838027,"convex":12.260344602672,"yearn":27.08437}