{"stakedao":51.62045891213451,"convex":13.759755719097598,"yearn":16.78252}