{"stakedao":42.5698022434178,"convex":15.276840373094402,"yearn":18.4423}