{"stakedao":42.98939662127247,"convex":28.587713882328003,"yearn":27.69492}