{"stakedao":43.074498955201435,"convex":28.5641659101312,"yearn":26.4981}