{"stakedao":51.656638258397734,"convex":9.6341599104912,"yearn":18.92549}