{"stakedao":42.45275156804412,"convex":22.1420100346128,"yearn":26.00408}