{"stakedao":44.40206850265029,"convex":23.2999698099024,"yearn":31.82501}