{"stakedao":48.36164589277335,"convex":28.000942379395198,"yearn":27.43541}