{"stakedao":44.48604616652661,"convex":22.109206347331202,"yearn":46.25209}