{"stakedao":45.78021810509271,"convex":22.9547810806416,"yearn":33.00905}