{"stakedao":49.27079953806188,"convex":10.747444924094399,"yearn":36.2481}