{"stakedao":76.88487459328141,"convex":21.101147839209602,"yearn":33.63023}