{"stakedao":45.08143100948495,"convex":9.017315561275199,"yearn":25.68475}