{"stakedao":37.45015874442579,"convex":15.415291420084799,"yearn":29.4017}