{"stakedao":43.295062921462815,"convex":23.661196468401602,"yearn":31.28588}