{"stakedao":48.03657296954236,"convex":10.9960621904592,"yearn":35.825}