{"stakedao":64.67281329990703,"convex":19.0267262998416,"yearn":41.94741}