{"stakedao":41.349439935660506,"convex":17.531489780337598,"yearn":34.20933}