{"stakedao":40.85104332013267,"convex":13.2261143344848,"yearn":15.91724}