{"stakedao":50.11979993766512,"convex":10.6425094580496,"yearn":20.13012}