{"stakedao":39.134433580648356,"convex":16.36687084752,"yearn":26.62235}