{"stakedao":66.73635121706869,"convex":20.4497131117104,"yearn":42.15011}