{"stakedao":67.56571559204686,"convex":21.375818985095997,"yearn":31.68482}