{"stakedao":67.88625803862524,"convex":20.1926863010592,"yearn":31.68482}