{"stakedao":49.27267851097007,"convex":22.7831359023072,"yearn":34.56538}