{"stakedao":41.36283462899105,"convex":20.758912888392,"yearn":27.8876}