{"stakedao":40.2622587999807,"convex":16.1710167434256,"yearn":35.02228}