{"stakedao":51.39907069876027,"convex":22.9694883388992,"yearn":34.56538}