{"stakedao":45.89665875072279,"convex":20.5178927548032,"yearn":44.79322}