{"stakedao":40.57510980715995,"convex":19.0966632833808,"yearn":29.24838}