{"stakedao":44.36322347479039,"convex":22.6045017471888,"yearn":49.76519}