{"stakedao":46.09122883560196,"convex":21.561631635744,"yearn":42.19701}