{"stakedao":49.3558151870063,"convex":31.171608451612798,"yearn":27.09317}