{"stakedao":49.62536015953441,"convex":10.7464611049632,"yearn":36.2481}