{"stakedao":54.57864924145159,"convex":10.5821014080384,"yearn":16.69544}