{"stakedao":40.61048129681508,"convex":16.529679802641603,"yearn":33.09951}