{"stakedao":43.881561066069494,"convex":23.3012828964096,"yearn":31.69993}