{"stakedao":54.91446619171141,"convex":10.582210929412799,"yearn":16.86184}