{"stakedao":58.028700097559295,"convex":11.014148991542399,"yearn":15.41844}