{"stakedao":48.91468790361481,"convex":29.494991852323203,"yearn":35.00852}