{"stakedao":40.15756164719902,"convex":13.1946680670192,"yearn":18.59153}