{"stakedao":64.54264695474575,"convex":18.547831732896,"yearn":30.01492}