{"stakedao":39.4765304531645,"convex":15.690960617299199,"yearn":26.7522}