{"stakedao":40.614436039167884,"convex":15.1122362122512,"yearn":20.37911}