{"stakedao":53.87488868066047,"convex":10.7586701443728,"yearn":24.42002}