{"stakedao":45.59581745411205,"convex":31.0904658694944,"yearn":41.12082}