{"stakedao":42.740056335167715,"convex":22.194674735184,"yearn":26.46865}