{"stakedao":47.02975369955128,"convex":13.21908135552,"yearn":24.72048}