{"stakedao":45.258498123227454,"convex":11.6155765414224,"yearn":25.43171}