{"stakedao":44.431853658773235,"convex":23.3036685979632,"yearn":32.24255}