{"stakedao":54.40147832953843,"convex":10.4409915703488,"yearn":15.85341}