{"stakedao":42.780935171281996,"convex":15.2867160954,"yearn":17.84256}