{"stakedao":46.006503122150704,"convex":20.115838140047998,"yearn":42.54635}