{"stakedao":45.89468212483223,"convex":21.7600057090656,"yearn":42.61404}