{"stakedao":52.93482817549064,"convex":11.3816227045824,"yearn":15.72258}