{"stakedao":51.91107553265476,"convex":26.7113541814992,"yearn":27.60668}