{"stakedao":66.83870768259838,"convex":21.375818985095997,"yearn":31.68482}