{"stakedao":39.95947293218346,"convex":16.436140387387198,"yearn":19.32371}