{"stakedao":42.73726375769748,"convex":15.278958917424,"yearn":18.15741}