{"stakedao":56.65969716519169,"convex":12.1745608201296,"yearn":17.84201}