{"stakedao":53.046298243726255,"convex":28.002498980587205,"yearn":30.48555}