{"stakedao":47.705907661743844,"convex":19.791116000423997,"yearn":26.2096}