{"stakedao":40.92033534528774,"convex":20.9090119367376,"yearn":25.63093}