{"stakedao":47.684799662019735,"convex":29.2231329292368,"yearn":36.45411}