{"stakedao":56.631660546624815,"convex":30.9929365258272,"yearn":46.29709}