{"stakedao":28.848516881071134,"convex":15.7305827378304,"yearn":24.15503}