{"stakedao":41.32140825832763,"convex":20.9977040984976,"yearn":24.79376}