{"stakedao":53.48914280185456,"convex":24.3501627508416,"yearn":37.52243}