{"stakedao":51.874860392681185,"convex":22.858899830409598,"yearn":42.19701}