{"stakedao":38.68225337241871,"convex":16.4449620598896,"yearn":29.43448}