{"stakedao":49.107435826532104,"convex":17.5211971300368,"yearn":18.19865}