{"stakedao":51.88121106319976,"convex":25.2992033221392,"yearn":31.6304}