{"stakedao":56.93775672704402,"convex":30.416067863006397,"yearn":42.22811}