{"stakedao":54.39390482349349,"convex":10.6437783563136,"yearn":15.15698}