{"stakedao":47.49160067971572,"convex":22.9815088529472,"yearn":38.68826}