{"stakedao":39.71117291820071,"convex":15.604221489479999,"yearn":35.44489}