{"stakedao":68.24203682061288,"convex":23.4940083170976,"yearn":36.18087}