{"stakedao":49.03914940243885,"convex":29.4479951769504,"yearn":35.25838}