{"stakedao":45.327204923668674,"convex":23.184715297924797,"yearn":31.41524}