{"stakedao":55.755279027085244,"convex":11.389651334985599,"yearn":14.37367}