{"stakedao":44.65024929816823,"convex":10.6223301298368,"yearn":25.55415}