{"stakedao":55.761720793231014,"convex":10.4282529752736,"yearn":16.34748}