{"stakedao":37.48258807325824,"convex":24.4448904961872,"yearn":29.2889}