{"stakedao":41.55305265417605,"convex":18.036107656991998,"yearn":31.28728}