{"stakedao":42.31756242127956,"convex":20.6650194373872,"yearn":30.45468}