{"stakedao":39.34471588226255,"convex":16.9090704024336,"yearn":27.27203}