{"stakedao":57.513100774926805,"convex":12.2701696939296,"yearn":24.00292}