{"stakedao":47.156335855419876,"convex":13.377136728527997,"yearn":25.29393}