{"stakedao":38.62871059579257,"convex":16.4776671971712,"yearn":29.43448}