{"stakedao":56.88213491957163,"convex":12.248553579249599,"yearn":24.3748}