{"stakedao":62.831926925536536,"convex":19.244937803832,"yearn":46.96257}