{"stakedao":42.610625830870305,"convex":15.5371460195088,"yearn":17.42087}