{"stakedao":44.399920096131645,"convex":22.6056149553744,"yearn":49.41251}