{"stakedao":43.49368716698062,"convex":26.4910241394864,"yearn":26.84575}