{"stakedao":47.79159866447326,"convex":22.4062902230256,"yearn":38.47187}