{"stakedao":51.2074785940233,"convex":9.59236290972,"yearn":18.12699}