{"stakedao":40.75666237723951,"convex":13.2639524445744,"yearn":15.4513}