{"stakedao":41.11884098808654,"convex":14.747647075056001,"yearn":20.36208}