{"stakedao":40.91353574805883,"convex":20.914274137766398,"yearn":25.93535}