{"stakedao":38.765110339744055,"convex":18.063375007104,"yearn":29.43448}