{"stakedao":44.30387662346327,"convex":23.866276631126397,"yearn":34.33394}