{"stakedao":47.917300049969654,"convex":22.8255007623696,"yearn":38.33503}