{"stakedao":40.79913990934669,"convex":13.169355712387201,"yearn":18.82238}