{"stakedao":39.83300516210648,"convex":13.121303892912,"yearn":16.89112}