{"stakedao":41.77847019842443,"convex":20.694380030496,"yearn":25.84878}