{"stakedao":72.80795780659923,"convex":20.3300977701168,"yearn":32.51147}