{"stakedao":47.264675114891936,"convex":13.377136728527997,"yearn":25.29393}