{"stakedao":40.6023923571442,"convex":20.2133071269648,"yearn":27.55619}