{"stakedao":42.714796436989474,"convex":21.033391812897598,"yearn":30.31607}