{"stakedao":48.37300959688501,"convex":31.4145836752896,"yearn":28.68362}