{"stakedao":40.501796815179986,"convex":12.9796861900176,"yearn":16.67119}