{"stakedao":42.56993172041729,"convex":23.0821194624912,"yearn":29.43448}