{"stakedao":42.341754979688375,"convex":12.1274808045696,"yearn":21.76753}