{"stakedao":44.16119519351315,"convex":22.5074946586032,"yearn":31.33647}