{"stakedao":57.4374461074217,"convex":12.2862000734496,"yearn":23.84432}