{"stakedao":64.96283277211496,"convex":18.6108944360832,"yearn":32.25871}