{"stakedao":44.59719289864649,"convex":22.1030175208608,"yearn":45.45915}