{"stakedao":48.13806785386581,"convex":11.3752414391328,"yearn":31.37521}