{"stakedao":38.89521057334005,"convex":17.6647609510272,"yearn":29.43448}