{"stakedao":44.940798792018605,"convex":20.4955079312016,"yearn":47.59506}