{"stakedao":42.48826221185226,"convex":20.685682203019198,"yearn":29.71718}