{"stakedao":44.98514250082262,"convex":21.7209361402512,"yearn":50.20835}