{"stakedao":48.9469785256818,"convex":21.832522838827202,"yearn":39.6916}