{"stakedao":42.13523919249661,"convex":22.7501798835312,"yearn":26.28208}