{"stakedao":43.1743105148658,"convex":19.5329102511024,"yearn":42.32982}