{"stakedao":53.152695885318735,"convex":11.2837471271712,"yearn":16.78913}