{"stakedao":39.771950715976715,"convex":14.7163831329744,"yearn":20.15775}