{"stakedao":54.739718630607754,"convex":12.2283393123024,"yearn":16.05988}