{"stakedao":43.4179553737075,"convex":25.1141238803376,"yearn":28.2105}