{"stakedao":41.23731327237013,"convex":21.552192617659202,"yearn":25.88858}