{"stakedao":54.690509401602576,"convex":11.314606563288,"yearn":21.78673}