{"stakedao":49.46335590772522,"convex":17.4950469931824,"yearn":18.60615}