{"stakedao":49.80059450144566,"convex":31.1689729124064,"yearn":27.31743}