{"stakedao":48.22294063928558,"convex":27.937590689764797,"yearn":26.93283}