{"stakedao":49.10659515559174,"convex":22.470159762158396,"yearn":34.56538}