{"stakedao":37.510715309066605,"convex":15.365721817079999,"yearn":26.36899}