{"stakedao":55.325873422790465,"convex":11.313933641812799,"yearn":15.45908}