{"stakedao":56.86003034499092,"convex":12.1881339996768,"yearn":17.67282}