{"stakedao":65.81454904012375,"convex":19.082811161606397,"yearn":32.46626}