{"stakedao":63.145049226662515,"convex":19.1134284548544,"yearn":46.43031}