{"stakedao":51.550165968946025,"convex":25.1009433460656,"yearn":34.52436}