{"stakedao":38.94441537815073,"convex":16.3043150256144,"yearn":27.95499}