{"stakedao":43.48797716677534,"convex":26.4890344701744,"yearn":26.89067}