{"stakedao":43.202502015445226,"convex":13.275557752492801,"yearn":16.90584}