{"stakedao":51.962526426968225,"convex":14.7756919389408,"yearn":30.95609}