{"stakedao":52.148839082752794,"convex":22.991223536668798,"yearn":34.56538}