{"stakedao":40.9428435485105,"convex":13.000868996904,"yearn":16.50892}