{"stakedao":40.58158257111773,"convex":17.193584416420798,"yearn":30.78031}