{"stakedao":54.61519489132078,"convex":10.4965347792384,"yearn":16.52823}