{"stakedao":40.133880652449626,"convex":13.1420671732368,"yearn":17.50049}