{"stakedao":47.910097823894404,"convex":23.1093661691376,"yearn":29.97243}