{"stakedao":58.14868705807152,"convex":17.043906588120002,"yearn":35.82811}