{"stakedao":29.152934964866308,"convex":15.888672078263998,"yearn":25.81229}