{"stakedao":44.41719695208823,"convex":19.5454405225152,"yearn":42.9815}