{"stakedao":64.68183755028397,"convex":20.4240453873552,"yearn":37.94986}