{"stakedao":44.19406417578056,"convex":19.5778641883824,"yearn":43.67038}