{"stakedao":40.558926559939714,"convex":17.237749729795198,"yearn":32.11431}