{"stakedao":49.7650552854973,"convex":17.4417904880352,"yearn":19.32212}