{"stakedao":51.50830027068008,"convex":12.0240731599632,"yearn":25.01732}