{"stakedao":63.00160423255031,"convex":19.1122428715488,"yearn":46.43031}