{"stakedao":63.14329249474139,"convex":20.242704582504,"yearn":45.68665}