{"stakedao":39.245205433670435,"convex":16.064493461856,"yearn":26.79239}