{"stakedao":66.79077953951312,"convex":20.1085115167728,"yearn":31.933}