{"stakedao":57.35704937849023,"convex":31.0405157215776,"yearn":47.23971}