{"stakedao":38.93001902182512,"convex":17.664377391273597,"yearn":29.43448}