{"stakedao":44.0020610630947,"convex":27.4702698379728,"yearn":26.57707}