{"stakedao":48.40414297429991,"convex":13.036441743662401,"yearn":23.82859}