{"stakedao":28.95421326348487,"convex":15.748133628744,"yearn":25.81229}