{"stakedao":52.72036117240165,"convex":14.6367367069968,"yearn":31.40126}