{"stakedao":47.4335400297589,"convex":22.39525200492,"yearn":37.64123}