{"stakedao":51.555210471897155,"convex":25.474864121265597,"yearn":28.8373}