{"stakedao":70.81480587640948,"convex":21.228746932324803,"yearn":31.89589}