{"stakedao":68.08724293809254,"convex":18.4594687344432,"yearn":30.23834}