{"stakedao":67.0880425583432,"convex":19.6085744781408,"yearn":40.68387}