{"stakedao":42.728523736511924,"convex":16.4582913400128,"yearn":17.87663}