{"stakedao":45.33654087419136,"convex":20.4711370523136,"yearn":48.54068}