{"stakedao":53.43944869569295,"convex":14.386170512678401,"yearn":21.99449}