{"stakedao":37.620530883999436,"convex":14.1603590660544,"yearn":24.64869}