{"stakedao":64.81345826165216,"convex":19.0183290577488,"yearn":41.94741}