{"stakedao":58.03571433309381,"convex":24.3465414971904,"yearn":38.8316}