{"stakedao":54.100338307518975,"convex":12.209870301206397,"yearn":15.57854}