{"stakedao":49.49610218725262,"convex":29.294463081801602,"yearn":34.00238}