{"stakedao":45.61160493254768,"convex":22.9398975771408,"yearn":33.01254}