{"stakedao":44.561275886417185,"convex":22.122732661228802,"yearn":44.40651}