{"stakedao":45.45182941384254,"convex":20.574699368385602,"yearn":48.96781}