{"stakedao":42.542267871686335,"convex":21.079934448710397,"yearn":30.10475}