{"stakedao":42.801017541543644,"convex":13.2162493154976,"yearn":16.6449}