{"stakedao":40.55695575363478,"convex":18.8775780871248,"yearn":29.24838}