{"stakedao":55.147852195846355,"convex":9.7993722809376,"yearn":19.98553}