{"stakedao":29.14431563804006,"convex":15.859470518049601,"yearn":25.81229}