{"stakedao":41.09176751852125,"convex":20.9311142419296,"yearn":23.75308}