{"stakedao":54.92897150373037,"convex":10.6628629690512,"yearn":16.12655}