{"stakedao":45.33805823269279,"convex":20.519740900008,"yearn":45.36287}