{"stakedao":46.235750286169,"convex":28.387187672529603,"yearn":29.65644}