{"stakedao":52.50209641063301,"convex":11.745199974528,"yearn":17.02752}