{"stakedao":42.928574798889336,"convex":13.18718884104,"yearn":16.46255}