{"stakedao":47.808985517090484,"convex":21.1185506181456,"yearn":42.19701}