{"stakedao":41.17347438805659,"convex":14.7372728064336,"yearn":20.53964}