{"stakedao":39.434012898472766,"convex":16.893651105446402,"yearn":26.39386}