{"stakedao":47.49835576563615,"convex":8.9797248038016,"yearn":29.66383}