{"stakedao":38.877336968526585,"convex":15.9634477375056,"yearn":27.8517}