{"stakedao":57.07455467296802,"convex":12.061487325297598,"yearn":14.78571}