{"stakedao":55.05719478751013,"convex":10.4336891887968,"yearn":16.07612}