{"stakedao":54.10632301553594,"convex":26.812868619110397,"yearn":29.39385}