{"stakedao":42.903297253947834,"convex":13.6943485602912,"yearn":16.83404}