{"stakedao":40.948350405613986,"convex":15.133282698470401,"yearn":20.67562}