{"stakedao":49.11803109560687,"convex":27.799468705166397,"yearn":27.57894}