{"stakedao":45.69144409964438,"convex":23.278966616304004,"yearn":32.34839}