{"stakedao":28.85347692871327,"convex":15.7197987598032,"yearn":23.92986}