{"stakedao":40.62518094060261,"convex":16.4649839761584,"yearn":33.82406}