{"stakedao":44.97232441862606,"convex":21.75282119016,"yearn":50.20835}