{"stakedao":40.66677570328275,"convex":19.1066906623104,"yearn":28.76108}