{"stakedao":40.77811018987218,"convex":17.2309177076832,"yearn":31.47977}