{"stakedao":43.045882994574626,"convex":16.4582959285008,"yearn":18.22761}