{"stakedao":56.02988586598642,"convex":12.2540016471552,"yearn":25.93373}