{"stakedao":55.93806844061022,"convex":12.6158889596256,"yearn":25.62037}