{"stakedao":45.67787977556743,"convex":22.014880714367997,"yearn":41.60176}