{"stakedao":40.57901932660582,"convex":17.1760841723232,"yearn":30.51691}