{"stakedao":53.152751135963925,"convex":27.9980597524752,"yearn":31.33575}