{"stakedao":63.34682295726629,"convex":18.6224360255136,"yearn":43.244}