{"stakedao":46.77382555503331,"convex":32.303223348940804,"yearn":27.22254}