{"stakedao":47.19475826133732,"convex":22.4058372241536,"yearn":38.25487}