{"stakedao":41.262223401542066,"convex":21.7299592458,"yearn":27.71151}