{"stakedao":43.24833973095072,"convex":25.1277761647872,"yearn":28.82311}