{"stakedao":53.36660688652964,"convex":13.6218496772592,"yearn":32.82391}