{"stakedao":47.72810123918255,"convex":29.28181050432,"yearn":35.40916}