{"stakedao":47.58958815637925,"convex":10.182485935742399,"yearn":18.69509}