{"stakedao":43.90907753190149,"convex":14.7963655971072,"yearn":18.63216}