{"stakedao":45.853601671812854,"convex":22.0675303218096,"yearn":39.53016}