{"stakedao":47.61219899857734,"convex":10.1824133335632,"yearn":18.69509}