{"stakedao":48.62008869390785,"convex":11.0750508669312,"yearn":20.41317}