{"stakedao":40.51943009339187,"convex":20.2114307128896,"yearn":27.65315}