{"stakedao":51.4032173744306,"convex":21.9635227678752,"yearn":42.19701}