{"stakedao":39.65880868133272,"convex":15.6081711779568,"yearn":36.08093}