{"stakedao":42.486629836404234,"convex":13.2211231790688,"yearn":17.60863}