{"stakedao":47.358064932821094,"convex":11.3896122082704,"yearn":30.31452}