{"stakedao":54.805931347446275,"convex":12.1787226765072,"yearn":16.25405}