{"stakedao":48.095473824026335,"convex":12.701376527673602,"yearn":23.07575}