{"stakedao":42.57688301329777,"convex":16.439494427049603,"yearn":18.97025}