{"stakedao":45.625405654961085,"convex":20.4882790064544,"yearn":46.19005}