{"stakedao":55.031139647448384,"convex":11.809840764383999,"yearn":18.10688}