{"stakedao":50.12792264061068,"convex":31.2795653849712,"yearn":27.83003}