{"stakedao":39.26596269762914,"convex":16.2644848368624,"yearn":27.95499}