{"stakedao":51.326208725233855,"convex":25.1682465658752,"yearn":32.1556}