{"stakedao":54.43958175217393,"convex":26.8129304139024,"yearn":29.16582}