{"stakedao":44.61757334351428,"convex":22.558266634680002,"yearn":29.99593}