{"stakedao":47.959761130993655,"convex":31.5870611422752,"yearn":28.19669}