{"stakedao":50.86328973273946,"convex":10.9646903857968,"yearn":17.9467}