{"stakedao":53.03589635254787,"convex":14.141337884827198,"yearn":22.4577}