{"stakedao":44.17706835236936,"convex":19.5730348977936,"yearn":42.9905}