{"stakedao":63.56751096410825,"convex":18.6481320345072,"yearn":33.90634}