{"stakedao":45.83623816213682,"convex":14.324912148038399,"yearn":18.47641}