{"stakedao":41.59672016769981,"convex":18.2535248259072,"yearn":31.03157}