{"stakedao":40.963640076995645,"convex":20.9090119367376,"yearn":25.53749}