{"stakedao":58.109230166154504,"convex":11.006577579528,"yearn":15.30387}