{"stakedao":44.29477606820515,"convex":19.5686220747744,"yearn":43.55935}