{"stakedao":55.31542086109744,"convex":11.8216031909616,"yearn":17.67346}