{"stakedao":45.1899246621727,"convex":10.6070341007664,"yearn":27.92345}