{"stakedao":45.714705191293696,"convex":21.7984079382768,"yearn":42.68223}