{"stakedao":75.65803907502584,"convex":20.3770786144176,"yearn":34.48562}