{"stakedao":45.526578175083806,"convex":22.936866664795197,"yearn":33.46545}