{"stakedao":55.65611543719491,"convex":11.3131080135648,"yearn":15.81323}