{"stakedao":64.93157973460659,"convex":19.026740327054398,"yearn":41.94741}