{"stakedao":40.57357942476263,"convex":16.4659681327248,"yearn":33.89685}