{"stakedao":53.96756988309189,"convex":13.845424789439999,"yearn":19.13808}