{"stakedao":37.565448106651274,"convex":24.3236325452688,"yearn":29.85516}