{"stakedao":40.7834172510364,"convex":17.2366788902256,"yearn":31.3467}