{"stakedao":51.89562943891034,"convex":14.9803428210192,"yearn":25.66366}