{"stakedao":42.44823074907815,"convex":22.134906115416,"yearn":26.00408}