{"stakedao":44.900753420148845,"convex":22.1171862136176,"yearn":43.99199}