{"stakedao":45.48976226234352,"convex":22.015598382273602,"yearn":41.02583}