{"stakedao":46.620839223998004,"convex":12.1955454358704,"yearn":22.25331}