{"stakedao":53.8739694504917,"convex":15.8036490071136,"yearn":24.09123}