{"stakedao":40.75250271003484,"convex":19.109947444948798,"yearn":28.76108}