{"stakedao":43.32869435903184,"convex":14.876194159252801,"yearn":17.77234}