{"stakedao":63.13162535719684,"convex":19.113535992614402,"yearn":46.3131}