{"stakedao":44.9117555321873,"convex":23.1158371103568,"yearn":37.04121}