{"stakedao":42.725013511106695,"convex":16.438951446508803,"yearn":18.97025}