{"stakedao":42.35805730510927,"convex":20.645826545793604,"yearn":28.9827}