{"stakedao":47.62684289005736,"convex":11.469082184020799,"yearn":33.77063}