{"stakedao":39.10238287993609,"convex":18.039452349384,"yearn":29.43448}