{"stakedao":56.67299521399407,"convex":11.637534796473599,"yearn":14.35557}