{"stakedao":65.85211753682574,"convex":19.562362847337603,"yearn":40.68387}