{"stakedao":55.01011323724509,"convex":11.3462150677056,"yearn":22.58008}