{"stakedao":41.654059330056484,"convex":15.3455311800576,"yearn":14.94948}