{"stakedao":44.905470661657816,"convex":22.122602609918403,"yearn":42.9815}