{"stakedao":50.79848888931473,"convex":9.5714068561344,"yearn":17.81701}