{"stakedao":48.33313272622729,"convex":27.9376783314624,"yearn":26.97632}