{"stakedao":56.9530555053953,"convex":31.148571782044804,"yearn":43.32515}