{"stakedao":45.36416974774963,"convex":22.058732206699197,"yearn":40.29153}