{"stakedao":53.754836856563614,"convex":11.405785291344,"yearn":16.59115}