{"stakedao":44.11719992247079,"convex":23.771302138656,"yearn":33.29644}