{"stakedao":41.118246844958925,"convex":14.804656635412801,"yearn":21.03314}