{"stakedao":57.21759535811077,"convex":30.3990173159616,"yearn":42.44749}