{"stakedao":45.55987329842651,"convex":20.953337490835203,"yearn":41.59251}