{"stakedao":66.9563672296045,"convex":19.6075301445792,"yearn":40.75038}