{"stakedao":52.02916639227688,"convex":14.980759767936,"yearn":25.69503}