{"stakedao":43.26389101752376,"convex":14.8089623842512,"yearn":18.79692}