{"stakedao":46.39119602532611,"convex":28.341745321449597,"yearn":30.67724}