{"stakedao":66.76109768326126,"convex":21.200198646657604,"yearn":31.68482}