{"stakedao":42.55649870969561,"convex":20.6923216537008,"yearn":31.50941}