{"stakedao":77.48355768922316,"convex":24.7302911542752,"yearn":41.29313}