{"stakedao":39.04920854211113,"convex":16.3690645989024,"yearn":27.10863}