{"stakedao":53.10708440589027,"convex":27.994333370414402,"yearn":30.70911}