{"stakedao":40.7318961588136,"convex":16.690056370315197,"yearn":35.255}