{"stakedao":52.02445604272896,"convex":15.973919846568,"yearn":25.86683}