{"stakedao":40.788682486499965,"convex":16.689837472632,"yearn":34.57021}