{"stakedao":41.080110135709546,"convex":20.8506622950576,"yearn":26.12188}