{"stakedao":49.30607867988034,"convex":29.322130207478402,"yearn":33.4639}