{"stakedao":42.18734885493359,"convex":22.753228629484802,"yearn":26.09722}