{"stakedao":41.2149655460871,"convex":21.007537792776,"yearn":24.61952}