{"stakedao":48.275814806454676,"convex":10.995099342768,"yearn":35.97593}