{"stakedao":54.676210963893986,"convex":11.246394491726399,"yearn":21.70489}