{"stakedao":41.5616017518394,"convex":18.1576542033072,"yearn":31.08607}