{"stakedao":51.77949108816945,"convex":25.309013049057597,"yearn":31.34531}