{"stakedao":48.98242724500972,"convex":11.1576149279424,"yearn":32.87126}