{"stakedao":55.24065002565473,"convex":10.5337879469856,"yearn":0}