{"stakedao":41.83543969390621,"convex":13.267481657255999,"yearn":18.33758}