{"stakedao":43.310989795128485,"convex":15.291763842167999,"yearn":15.23154}