{"stakedao":68.38653999798767,"convex":24.3497889010224,"yearn":34.81453}