{"stakedao":42.742551020506774,"convex":14.7671268969456,"yearn":18.68639}