{"stakedao":55.99120415003497,"convex":10.428461835048,"yearn":16.2479}