{"stakedao":42.42655262758497,"convex":21.5362302928272,"yearn":26.46352}