{"stakedao":55.59647503906061,"convex":11.011503398659201,"yearn":15.69108}