{"stakedao":53.599622465993235,"convex":14.8263793670016,"yearn":30.95609}