{"stakedao":45.677268461444676,"convex":21.617702177011203,"yearn":42.81794}