{"stakedao":54.06673978996069,"convex":12.348236875867201,"yearn":16.28131}