{"stakedao":39.65992816133594,"convex":15.60816672192,"yearn":36.08093}