{"stakedao":52.90170584353322,"convex":11.2952364551424,"yearn":16.97133}