{"stakedao":54.62440021921105,"convex":10.4965347792384,"yearn":16.52823}