{"stakedao":42.71672954601296,"convex":13.2650967850992,"yearn":17.29708}