{"stakedao":29.137132096616213,"convex":15.888672078263998,"yearn":25.81229}