{"stakedao":55.90318162997519,"convex":11.4048190219968,"yearn":15.15678}