{"stakedao":42.63986794637883,"convex":21.092114506536,"yearn":29.93588}