{"stakedao":56.03643844002721,"convex":11.012046095376,"yearn":15.98221}