{"stakedao":58.69505676084851,"convex":16.919784250704,"yearn":36.28998}