{"stakedao":45.57651583546128,"convex":20.550489383016,"yearn":45.56996}