{"stakedao":44.308342015233364,"convex":9.2457262649376,"yearn":26.46296}