{"stakedao":52.93935846334455,"convex":14.6058717615408,"yearn":21.80339}