{"stakedao":42.52897024955593,"convex":21.025102193712,"yearn":28.84188}