{"stakedao":56.56517416895523,"convex":30.949497281548798,"yearn":44.19627}