{"stakedao":54.53734456015848,"convex":10.618385439816,"yearn":15.26718}