{"stakedao":45.63244745290409,"convex":22.9398975771408,"yearn":33.01254}