{"stakedao":40.938660022490566,"convex":17.2401012116352,"yearn":32.06675}