{"stakedao":49.03105426354973,"convex":29.132958597551998,"yearn":34.45992}