{"stakedao":39.16058249724969,"convex":16.3900642100112,"yearn":27.64098}