{"stakedao":64.83126782365487,"convex":19.025398189584,"yearn":41.94741}