{"stakedao":34.12526495082819,"convex":16.444828886515197,"yearn":29.43448}