{"stakedao":37.59976497511466,"convex":15.3347272649712,"yearn":27.42516}