{"stakedao":44.91827160209556,"convex":22.1187889141344,"yearn":43.62109}