{"stakedao":54.636869160109725,"convex":12.2201454364128,"yearn":15.9793}