{"stakedao":49.520741686680076,"convex":17.44164642528,"yearn":19.32212}