{"stakedao":38.773686375411344,"convex":16.3891434723408,"yearn":27.95499}