{"stakedao":47.91969168088459,"convex":10.988158442616001,"yearn":35.61219}