{"stakedao":57.99653411600395,"convex":12.0753932096448,"yearn":14.38431}