{"stakedao":39.68386455013865,"convex":15.603662665252799,"yearn":34.84726}