{"stakedao":49.551951581953816,"convex":17.441011627675202,"yearn":19.4674}