{"stakedao":41.64906823485022,"convex":17.5194834511824,"yearn":32.67534}