{"stakedao":62.8084916971936,"convex":20.3128392021552,"yearn":43.15719}