{"stakedao":75.74902013373419,"convex":20.797234694495998,"yearn":33.78657}