{"stakedao":49.402043479042206,"convex":29.245954983710398,"yearn":33.66322}