{"stakedao":40.77352527584725,"convex":13.1747938149168,"yearn":18.91568}