{"stakedao":41.88408103014996,"convex":17.4976683758784,"yearn":33.63492}