{"stakedao":49.42837489105321,"convex":22.340659688423997,"yearn":38.40435}