{"stakedao":44.76237071430485,"convex":9.0111635310096,"yearn":26.58161}