{"stakedao":39.51429400894861,"convex":15.762745960488,"yearn":32.68772}