{"stakedao":44.33509355529113,"convex":19.5603986528064,"yearn":42.94102}