{"stakedao":41.43789331288928,"convex":15.042945729326402,"yearn":14.84093}