{"stakedao":56.242606512507145,"convex":11.408261785041601,"yearn":14.6622}