{"stakedao":43.317984632522354,"convex":25.128228715848003,"yearn":26.52918}