{"stakedao":42.62018179619145,"convex":15.2768792002176,"yearn":18.57206}