{"stakedao":63.72117623429554,"convex":20.2120517576448,"yearn":37.94986}