{"stakedao":41.50085611525865,"convex":18.0707422645152,"yearn":31.91879}