{"stakedao":38.94238400434716,"convex":16.312574433312,"yearn":27.95499}