{"stakedao":42.7646027660969,"convex":24.9124950206064,"yearn":28.57082}