{"stakedao":45.69097999613321,"convex":22.0408225086384,"yearn":42.0051}