{"stakedao":52.60822484337757,"convex":24.3491471087328,"yearn":38.35533}