{"stakedao":42.95365054342034,"convex":25.4123313017184,"yearn":30.39458}