{"stakedao":41.181405908897844,"convex":21.511335436992,"yearn":26.78605}