{"stakedao":47.68518129247232,"convex":29.281763380075198,"yearn":35.56806}