{"stakedao":63.42300408202455,"convex":19.118142654811198,"yearn":46.3131}