{"stakedao":46.78837240721284,"convex":13.2581962731024,"yearn":25.61994}