{"stakedao":47.58237335450103,"convex":21.076557766199997,"yearn":42.19701}