{"stakedao":63.30624520307296,"convex":18.618949370664,"yearn":43.244}