{"stakedao":40.57437709439451,"convex":16.279333360632,"yearn":34.73443}