{"stakedao":37.37755529831977,"convex":15.414381628560001,"yearn":28.93824}