{"stakedao":47.38532882285015,"convex":26.0294630479632,"yearn":27.65404}