{"stakedao":64.46155780091124,"convex":17.3960129218896,"yearn":33.85036}