{"stakedao":39.2075730961784,"convex":16.0647974121312,"yearn":26.79239}