{"stakedao":45.631847343874156,"convex":20.5500264692256,"yearn":45.61138}