{"stakedao":47.46498180222559,"convex":22.9834086257376,"yearn":50.20835}