{"stakedao":74.11712260770383,"convex":20.2689100303488,"yearn":32.00142}