{"stakedao":37.55325408665881,"convex":15.364232245656,"yearn":26.42747}