{"stakedao":46.121439153592895,"convex":21.657565721390398,"yearn":42.19701}