{"stakedao":43.09787761176399,"convex":14.767082680320001,"yearn":18.65819}