{"stakedao":52.48396201793417,"convex":13.585900778553599,"yearn":32.18949}