{"stakedao":46.37881063298515,"convex":8.990468418902399,"yearn":28.41328}