{"stakedao":46.58205112451134,"convex":11.380907275732799,"yearn":31.93773}