{"stakedao":47.35234011762283,"convex":8.9797248038016,"yearn":29.60776}