{"stakedao":48.766998898841344,"convex":23.292364033108797,"yearn":29.97243}