{"stakedao":61.169124664880485,"convex":18.831998727892802,"yearn":48.43834}