{"stakedao":54.692751737386224,"convex":10.5786433279584,"yearn":17.26727}