{"stakedao":51.64436396149091,"convex":25.086042560836802,"yearn":33.11901}