{"stakedao":40.73456584647256,"convex":16.686749067004797,"yearn":35.13711}