{"stakedao":48.42835257148258,"convex":13.036441743662401,"yearn":23.82859}