{"stakedao":48.85310541646194,"convex":22.8967180570512,"yearn":28.34062}