{"stakedao":67.05055782265222,"convex":19.5802886729088,"yearn":40.68387}