{"stakedao":43.50635032733719,"convex":27.4456560530448,"yearn":26.36924}