{"stakedao":40.43243172222696,"convex":16.2320567370336,"yearn":34.32783}