{"stakedao":45.471297783870696,"convex":20.4912342702432,"yearn":49.00659}