{"stakedao":56.588135476079195,"convex":12.3765039928656,"yearn":16.74755}