{"stakedao":56.887929690341096,"convex":11.014192788739201,"yearn":15.36936}