{"stakedao":44.44018673103455,"convex":22.6584575694432,"yearn":49.18523}