{"stakedao":51.10897391121736,"convex":13.8653416687536,"yearn":26.87601}