{"stakedao":50.62707911539434,"convex":22.5620414907264,"yearn":29.97243}