{"stakedao":70.54217657334647,"convex":21.213306272851202,"yearn":32.46398}