{"stakedao":39.413235032367076,"convex":15.723352633636802,"yearn":26.79239}