{"stakedao":39.24281478800439,"convex":16.265954054952,"yearn":27.95499}