{"stakedao":27.964890168884608,"convex":13.741055836099198,"yearn":25.81229}