{"stakedao":46.48644585848206,"convex":28.341745321449597,"yearn":30.62846}