{"stakedao":41.116665316442486,"convex":19.810366296998403,"yearn":26.93312}