{"stakedao":39.08448294807563,"convex":18.0649443109968,"yearn":29.43448}