{"stakedao":55.41150972385062,"convex":12.1791343064544,"yearn":15.96825}