{"stakedao":48.32192945886101,"convex":17.4081969059472,"yearn":18.6743}