{"stakedao":43.84033482223964,"convex":23.3012828964096,"yearn":31.69993}