{"stakedao":49.07120927788515,"convex":28.0697271794064,"yearn":0}