{"stakedao":39.38085186429747,"convex":15.7230668260224,"yearn":26.79239}