{"stakedao":45.942240784719296,"convex":20.116144165392,"yearn":42.64873}