{"stakedao":39.27064440780899,"convex":16.381497367310402,"yearn":27.95499}