{"stakedao":43.37577412392491,"convex":12.3563129584896,"yearn":18.66985}