{"stakedao":43.15520565832016,"convex":19.5330010274784,"yearn":42.19445}