{"stakedao":38.747893313583106,"convex":16.421029572398403,"yearn":27.95499}