{"stakedao":52.718602846754685,"convex":24.2368657761456,"yearn":38.01486}