{"stakedao":57.71234766880957,"convex":24.3125681428224,"yearn":39.10293}