{"stakedao":48.801626434622094,"convex":17.446580118950397,"yearn":19.01021}