{"stakedao":47.890282477793626,"convex":22.4153647858656,"yearn":38.4342}