{"stakedao":44.925220739849024,"convex":9.0123459607152,"yearn":26.58161}