{"stakedao":39.69775555908981,"convex":15.606198951206402,"yearn":35.48211}