{"stakedao":41.20566589576851,"convex":14.7372728064336,"yearn":20.53964}