{"stakedao":40.554820602672166,"convex":16.4621966667984,"yearn":34.00586}