{"stakedao":55.70856496761395,"convex":9.7770697694496,"yearn":20.25248}