{"stakedao":49.8085743834033,"convex":16.8142883930928,"yearn":20.15341}