{"stakedao":56.5667838109,"convex":30.9844822130352,"yearn":45.09822}