{"stakedao":46.052527336804864,"convex":21.5742839609376,"yearn":42.19701}