{"stakedao":53.740964890456354,"convex":11.3977681274304,"yearn":15.64932}