{"stakedao":52.46773376710303,"convex":10.9689983547696,"yearn":17.63048}