{"stakedao":47.27598911953304,"convex":28.3774135150656,"yearn":29.49629}