{"stakedao":44.956182492436184,"convex":20.484443462529597,"yearn":47.71473}