{"stakedao":39.64004214557587,"convex":15.6046388179824,"yearn":35.8189}