{"stakedao":29.140041750913806,"convex":15.889111327439998,"yearn":25.81229}