{"stakedao":41.35327881644294,"convex":20.6986586678352,"yearn":29.46987}