{"stakedao":42.63206040322649,"convex":13.187816962473601,"yearn":16.57714}