{"stakedao":46.03198610203581,"convex":28.381655703095998,"yearn":29.56331}