{"stakedao":48.43725666256853,"convex":22.8673236699648,"yearn":28.47559}