{"stakedao":48.3605450294028,"convex":12.201734233958401,"yearn":22.63036}