{"stakedao":41.28000718143865,"convex":20.9977040984976,"yearn":24.70075}