{"stakedao":42.71711238332339,"convex":22.1951318242752,"yearn":26.46865}