{"stakedao":41.28204649701356,"convex":21.552192617659202,"yearn":25.91884}