{"stakedao":39.06649389939544,"convex":16.316594011872,"yearn":27.95499}