{"stakedao":43.670835583177286,"convex":14.177074325500799,"yearn":16.74948}