{"stakedao":39.57915506323728,"convex":15.467557224945601,"yearn":25.60773}