{"stakedao":54.72266638949016,"convex":10.618826893358401,"yearn":15.34083}