{"stakedao":39.41761079361937,"convex":16.8966149785632,"yearn":26.39386}