{"stakedao":62.73377653154638,"convex":19.1127110991552,"yearn":47.32306}