{"stakedao":39.16023464132409,"convex":16.471989124603198,"yearn":26.56806}