{"stakedao":42.93755726666127,"convex":28.584042379214402,"yearn":26.85123}