{"stakedao":37.673741643489926,"convex":14.105803138948799,"yearn":25.63512}