{"stakedao":45.908726344975946,"convex":22.9547810806416,"yearn":32.91777}