{"stakedao":52.217947993130835,"convex":17.002946316268797,"yearn":36.80016}