{"stakedao":42.622772482911195,"convex":24.8886117923472,"yearn":27.21753}