{"stakedao":41.230064278598284,"convex":21.509664858388803,"yearn":26.99819}