{"stakedao":44.593586599661954,"convex":22.1288161479984,"yearn":44.15739}