{"stakedao":43.855098971186834,"convex":14.8006292390784,"yearn":18.58204}