{"stakedao":44.41436339411234,"convex":19.610476225084803,"yearn":43.66235}