{"stakedao":64.53505556034261,"convex":18.6599552404176,"yearn":43.294}