{"stakedao":51.98323645496495,"convex":10.9645849893312,"yearn":17.73905}