{"stakedao":63.91739059529533,"convex":17.3325994090848,"yearn":33.01267}