{"stakedao":52.00932985037727,"convex":25.71329852676,"yearn":33.92318}