{"stakedao":42.555352249713536,"convex":16.4391256955232,"yearn":18.97025}