{"stakedao":45.58515368249991,"convex":22.9400729582976,"yearn":33.2838}