{"stakedao":54.28112446496887,"convex":26.8130616825024,"yearn":29.30249}