{"stakedao":44.616822985140644,"convex":22.656615576912003,"yearn":46.9859}