{"stakedao":38.9568078246074,"convex":16.0905327559776,"yearn":27.64107}