{"stakedao":43.495953126329766,"convex":26.4910241394864,"yearn":26.6665}