{"stakedao":66.58819908371117,"convex":18.431391028967997,"yearn":30.23834}