{"stakedao":42.58524026101493,"convex":23.084821627804804,"yearn":29.43448}