{"stakedao":37.621373651802436,"convex":14.101956898012801,"yearn":25.99474}