{"stakedao":41.45053242595071,"convex":20.6905412730528,"yearn":23.56611}