{"stakedao":41.60585550273529,"convex":20.7985671188784,"yearn":0}