{"stakedao":40.885278295317896,"convex":16.7516785184832,"yearn":33.95094}