{"stakedao":83.68898974132378,"convex":25.804752469488,"yearn":41.64514}