{"stakedao":54.5925289631376,"convex":10.3441160089584,"yearn":15.75545}