{"stakedao":45.65253794684559,"convex":23.3490870889056,"yearn":32.58279}