{"stakedao":42.77298570754316,"convex":16.4582842065696,"yearn":17.99296}