{"stakedao":40.56940622260625,"convex":16.4659681327248,"yearn":33.86051}