{"stakedao":51.61536936537192,"convex":24.3002561572944,"yearn":41.30264}