{"stakedao":54.176227628528366,"convex":11.4016120599312,"yearn":16.89877}