{"stakedao":43.00915587865176,"convex":16.4597343264576,"yearn":18.42528}