{"stakedao":42.79072296230305,"convex":13.6999227122784,"yearn":16.68147}