{"stakedao":47.85268311012441,"convex":10.644147529344,"yearn":20.06776}