{"stakedao":54.80600267549414,"convex":10.4416849460736,"yearn":16.28259}