{"stakedao":64.357732036492,"convex":17.395376998449603,"yearn":33.85036}