{"stakedao":39.166941200242306,"convex":16.4362190350176,"yearn":19.0112}