{"stakedao":55.76825931692042,"convex":12.2539029520896,"yearn":26.02377}