{"stakedao":44.13482790284405,"convex":23.771302138656,"yearn":33.34448}