{"stakedao":40.567576694122636,"convex":16.2534313837152,"yearn":34.18214}