{"stakedao":53.726562672776296,"convex":26.7752144238192,"yearn":29.75882}