{"stakedao":44.14333392944751,"convex":14.1901691543856,"yearn":19.41502}