{"stakedao":41.647873060151944,"convex":18.0360660105504,"yearn":31.45095}