{"stakedao":53.904469036070395,"convex":10.630951630732799,"yearn":23.38938}