{"stakedao":48.76545166855794,"convex":29.491780355380797,"yearn":35.05889}