{"stakedao":45.968420985200154,"convex":22.0675303218096,"yearn":39.49643}