{"stakedao":43.73972265684745,"convex":12.341226874032,"yearn":19.17771}