{"stakedao":48.68593943352812,"convex":22.943117424816002,"yearn":29.97243}