{"stakedao":45.69449881905992,"convex":21.786886090382403,"yearn":42.81137}