{"stakedao":46.47700797285415,"convex":28.341711215265597,"yearn":30.96461}