{"stakedao":40.5540636833999,"convex":16.4659681327248,"yearn":33.93319}