{"stakedao":53.28505942667174,"convex":25.758253457423997,"yearn":33.31772}