{"stakedao":40.787639459569505,"convex":17.240687569944,"yearn":30.9862}