{"stakedao":56.72784832646261,"convex":30.498372095760004,"yearn":41.13174}