{"stakedao":56.999262341665684,"convex":12.2696037015696,"yearn":23.37596}