{"stakedao":41.49526185940895,"convex":20.6934303522384,"yearn":28.97846}