{"stakedao":42.86538510626438,"convex":13.2295901945616,"yearn":16.27574}