{"stakedao":71.82035944370077,"convex":21.101145297408003,"yearn":33.63023}