{"stakedao":47.598628946380245,"convex":14.322907789257599,"yearn":17.79851}