{"stakedao":45.91823552843487,"convex":20.115838140047998,"yearn":42.49517}