{"stakedao":38.6869306782314,"convex":16.421024734775997,"yearn":27.95499}