{"stakedao":53.50388570237927,"convex":25.574242010644802,"yearn":33.82293}