{"stakedao":42.95848306712932,"convex":15.895696517280001,"yearn":16.66658}