{"stakedao":46.466662583097204,"convex":21.6089016588576,"yearn":42.19701}