{"stakedao":54.756162855040785,"convex":11.3086593341136,"yearn":21.86611}