{"stakedao":42.57619322812403,"convex":12.0735766887408,"yearn":21.95278}