{"stakedao":47.77427313729173,"convex":11.467039568918402,"yearn":33.75168}