{"stakedao":65.71286255101099,"convex":20.3552903194848,"yearn":42.42153}