{"stakedao":40.56805941686318,"convex":19.1057958503856,"yearn":29.24838}