{"stakedao":69.12900063043642,"convex":24.3502081374528,"yearn":43.97589}