{"stakedao":42.46355568499757,"convex":12.4136654980752,"yearn":17.46297}