{"stakedao":46.264706538698775,"convex":21.4947124991856,"yearn":42.19701}