{"stakedao":44.320024550361055,"convex":23.2338769859232,"yearn":35.58527}