{"stakedao":44.868973731727465,"convex":9.0126450828288,"yearn":26.91537}