{"stakedao":40.78365032036601,"convex":17.232800274431998,"yearn":31.02847}