{"stakedao":44.57094802144257,"convex":22.128883704417603,"yearn":44.1989}