{"stakedao":49.35073453911339,"convex":22.296668482152,"yearn":41.24667}