{"stakedao":42.40828944126281,"convex":15.703223236372802,"yearn":17.11358}