{"stakedao":54.36410532376628,"convex":10.6438649005584,"yearn":15.19372}