{"stakedao":53.49192270386856,"convex":10.441042299158399,"yearn":15.72555}