{"stakedao":42.43949995033293,"convex":22.0987817882496,"yearn":25.94319}