{"stakedao":43.00864585945817,"convex":13.189450823712,"yearn":16.46255}