{"stakedao":52.678765256941915,"convex":14.141287982260799,"yearn":22.32179}