{"stakedao":39.66132145383549,"convex":15.429679461489602,"yearn":25.60773}