{"stakedao":43.499340295590585,"convex":19.5570415636128,"yearn":42.95325}