{"stakedao":44.40422041464962,"convex":22.5569053706256,"yearn":30.15767}