{"stakedao":47.04494613984361,"convex":14.3194062525696,"yearn":18.12226}