{"stakedao":53.14910159445828,"convex":14.6057555482272,"yearn":21.88502}