{"stakedao":45.631822252737194,"convex":23.0731229197152,"yearn":37.80961}