{"stakedao":49.47082304140011,"convex":21.8544084916992,"yearn":41.1357}