{"stakedao":55.91062521434887,"convex":12.1242196037376,"yearn":15.84199}