{"stakedao":28.94546851190974,"convex":15.864772914864002,"yearn":25.81229}