{"stakedao":28.946541129701565,"convex":15.766088631422399,"yearn":25.81229}