{"stakedao":46.944500599606485,"convex":11.165645368512,"yearn":31.93773}