{"stakedao":40.646606639981925,"convex":17.08985225376,"yearn":30.6865}