{"stakedao":44.495124377493795,"convex":22.605539795625603,"yearn":48.35838}