{"stakedao":47.70644066921929,"convex":22.4057848050144,"yearn":37.92103}