{"stakedao":41.64538291606683,"convex":22.1145795203904,"yearn":26.06025}