{"stakedao":37.47438787652291,"convex":23.7292600054032,"yearn":30.66287}