{"stakedao":47.128108731244055,"convex":26.024551782696,"yearn":27.98416}