{"stakedao":47.46651655690548,"convex":8.982104258073601,"yearn":29.66383}