{"stakedao":49.472861854247455,"convex":17.5682654646624,"yearn":17.82946}