{"stakedao":63.77858672341698,"convex":19.0634363009856,"yearn":47.32306}