{"stakedao":40.85784071117783,"convex":14.166037182772799,"yearn":17.5417}