{"stakedao":47.61653926540519,"convex":22.394101026067197,"yearn":37.92992}