{"stakedao":43.73153338461718,"convex":12.3551884068048,"yearn":18.47775}