{"stakedao":48.44496079094145,"convex":13.0836141597024,"yearn":23.96771}