{"stakedao":37.66237799687788,"convex":14.141656146139201,"yearn":26.44412}