{"stakedao":41.02870974827809,"convex":19.816413955718403,"yearn":26.46383}