{"stakedao":41.30167283537626,"convex":21.510698687308796,"yearn":27.03967}