{"stakedao":40.76501790241393,"convex":13.1993057953296,"yearn":18.3922}