{"stakedao":55.5746194605257,"convex":10.1824477551072,"yearn":21.03796}