{"stakedao":43.113062968394296,"convex":14.8039116951744,"yearn":18.70426}