{"stakedao":56.47346024605713,"convex":30.9827837786832,"yearn":45.72923}