{"stakedao":49.056744146222805,"convex":29.387462849870403,"yearn":35.50731}