{"stakedao":38.98982944321183,"convex":16.0594508680704,"yearn":27.64107}