{"stakedao":39.157820295899604,"convex":18.038469924144003,"yearn":29.43448}