{"stakedao":45.75775377238427,"convex":10.706469186988802,"yearn":27.28296}