{"stakedao":46.98988507349691,"convex":26.0217402189984,"yearn":28.1526}