{"stakedao":42.46518359295674,"convex":13.239869536670401,"yearn":17.83539}