{"stakedao":51.41570912063878,"convex":9.564079958496,"yearn":18.58741}