{"stakedao":47.494591506744165,"convex":22.9819516183872,"yearn":50.20835}