{"stakedao":51.220245683620504,"convex":9.59236290972,"yearn":18.12699}