{"stakedao":41.157848637141996,"convex":20.666499254726403,"yearn":23.55192}