{"stakedao":38.95044597646173,"convex":17.6646750280416,"yearn":29.43448}