{"stakedao":42.48497353859045,"convex":14.236544501179198,"yearn":17.07076}