{"stakedao":71.28790321373523,"convex":21.2266963859184,"yearn":31.97697}