{"stakedao":29.198943800097847,"convex":15.888672078263998,"yearn":25.81229}