{"stakedao":48.813941984130395,"convex":11.0791126280448,"yearn":19.96593}