{"stakedao":49.0580515927255,"convex":21.8333066061888,"yearn":39.31627}