{"stakedao":39.32938198710676,"convex":14.7889529215488,"yearn":21.82484}