{"stakedao":56.253214698955674,"convex":12.378833342740798,"yearn":14.14151}