{"stakedao":53.27591787961269,"convex":26.96838228828,"yearn":28.64014}