{"stakedao":41.363655528015684,"convex":20.6979019583616,"yearn":29.32984}