{"stakedao":47.77894842743697,"convex":21.1234706945712,"yearn":42.19701}