{"stakedao":49.01503975345706,"convex":21.8333066061888,"yearn":39.41385}