{"stakedao":51.774573965754634,"convex":13.704136357075202,"yearn":19.9368}