{"stakedao":42.32849971560327,"convex":13.2730832644848,"yearn":19.13259}