{"stakedao":52.25886295236668,"convex":13.8935732541408,"yearn":27.19411}