{"stakedao":52.29023371520472,"convex":13.8866208212736,"yearn":27.09764}