{"stakedao":48.88511682023646,"convex":22.6921094899776,"yearn":34.56538}