{"stakedao":45.496115637488714,"convex":20.9534102286192,"yearn":43.83338}