{"stakedao":47.29686384672634,"convex":26.0294630479632,"yearn":27.60522}