{"stakedao":58.043164318200475,"convex":12.6670426159104,"yearn":15.12524}