{"stakedao":48.43881243037765,"convex":26.007375810672,"yearn":27.90882}