{"stakedao":54.22093561739355,"convex":11.733494126687999,"yearn":27.71632}