{"stakedao":56.44514174206164,"convex":10.4285412616176,"yearn":16.02571}