{"stakedao":51.93494098494021,"convex":14.775655833374401,"yearn":30.95609}