{"stakedao":54.10316154231227,"convex":10.5564994425504,"yearn":23.25106}