{"stakedao":65.4182778847193,"convex":19.068536110535998,"yearn":32.46626}