{"stakedao":51.80641582939204,"convex":22.962547842408,"yearn":34.56538}