{"stakedao":40.922081671389925,"convex":14.166037182772799,"yearn":17.52512}