{"stakedao":47.67822332489689,"convex":29.281763380075198,"yearn":35.56806}