{"stakedao":44.491819496202,"convex":22.612346396568,"yearn":50.11566}