{"stakedao":55.15290798735316,"convex":11.821275030499201,"yearn":17.83603}