{"stakedao":80.32289850108944,"convex":24.8655545140032,"yearn":40.09792}