{"stakedao":38.93541758175594,"convex":16.312574433312,"yearn":27.95499}