{"stakedao":55.14218228792032,"convex":10.440902045951999,"yearn":16.48477}