{"stakedao":53.131261185144794,"convex":15.936166792224,"yearn":23.99138}