{"stakedao":51.74230911068615,"convex":13.8912402050928,"yearn":26.87601}