{"stakedao":56.9520641242726,"convex":12.453031779652799,"yearn":14.19385}