{"stakedao":52.8325023849835,"convex":27.013043350727997,"yearn":28.29243}