{"stakedao":41.33942506826804,"convex":20.6979019583616,"yearn":29.36476}