{"stakedao":48.03171336336455,"convex":11.4648828660288,"yearn":34.19127}