{"stakedao":43.19194154048133,"convex":28.587713882328003,"yearn":27.60557}