{"stakedao":41.298409042293265,"convex":20.6552301457968,"yearn":24.23434}