{"stakedao":54.61600634598742,"convex":10.578927208723199,"yearn":15.05888}