{"stakedao":43.188015112119004,"convex":19.5330010274784,"yearn":42.2382}