{"stakedao":39.529042932472606,"convex":15.563738584368,"yearn":26.67058}