{"stakedao":54.73411163062263,"convex":10.533450808224,"yearn":22.08848}