{"stakedao":45.48421860151525,"convex":31.052068752268802,"yearn":48.92238}