{"stakedao":44.154880447994856,"convex":19.563415947907203,"yearn":42.49546}