{"stakedao":40.720783292953236,"convex":13.179568103568,"yearn":18.0569}