{"stakedao":42.86875705379033,"convex":28.587713882328003,"yearn":27.91809}