{"stakedao":46.10417258201993,"convex":21.4974349547616,"yearn":42.19701}