{"stakedao":45.624669772507566,"convex":13.2217442364384,"yearn":24.91397}