{"stakedao":38.7446968393436,"convex":16.4296363270608,"yearn":29.43448}