{"stakedao":56.804361383004974,"convex":12.0614040797184,"yearn":14.74067}