{"stakedao":41.83245869106052,"convex":14.2381981575648,"yearn":17.20916}