{"stakedao":55.03830156146044,"convex":11.8217521859472,"yearn":18.02587}