{"stakedao":68.96799264220965,"convex":23.6140624505952,"yearn":36.61276}