{"stakedao":40.533147685641936,"convex":20.2113763637472,"yearn":27.67344}