{"stakedao":56.75516688311138,"convex":30.9931603084368,"yearn":45.91837}