{"stakedao":70.09567144824751,"convex":21.213862810718403,"yearn":32.62506}