{"stakedao":45.77619338916604,"convex":32.298730998436795,"yearn":26.95145}