{"stakedao":50.95645004566857,"convex":24.8888937904128,"yearn":38.38271}