{"stakedao":53.87009910796925,"convex":11.397544477272001,"yearn":16.73258}