{"stakedao":42.95104020926249,"convex":14.176517806555198,"yearn":17.07076}