{"stakedao":48.50321915156988,"convex":13.082946359673599,"yearn":23.92171}