{"stakedao":46.999338109567404,"convex":28.372404021465602,"yearn":29.60785}