{"stakedao":62.97899323570455,"convex":19.1268668211552,"yearn":46.25322}