{"stakedao":41.6515304522345,"convex":20.693449081468803,"yearn":26.26841}