{"stakedao":55.933436674092114,"convex":11.3138257035456,"yearn":15.91725}