{"stakedao":56.33429228763906,"convex":12.378833342740798,"yearn":14.50858}