{"stakedao":49.35747203844033,"convex":22.456526774587203,"yearn":34.56538}