{"stakedao":39.15812851784816,"convex":16.469778331166403,"yearn":26.50087}