{"stakedao":55.472946755844866,"convex":11.8216031909616,"yearn":17.70038}