{"stakedao":38.784306504288736,"convex":16.471096176456,"yearn":29.43448}