{"stakedao":57.35048574735134,"convex":12.056063666256,"yearn":13.78311}