{"stakedao":42.83809663252076,"convex":13.1871954352176,"yearn":16.77546}