{"stakedao":52.052657949059444,"convex":10.9682216451648,"yearn":17.5468}