{"stakedao":42.572374072516965,"convex":24.8863577315184,"yearn":27.42134}