{"stakedao":51.375873245982405,"convex":25.0838304397344,"yearn":33.47091}