{"stakedao":40.267668103852046,"convex":16.1710167434256,"yearn":35.02228}