{"stakedao":47.1758739207225,"convex":26.033277415464,"yearn":27.50806}