{"stakedao":47.10108187324405,"convex":28.373567955307195,"yearn":29.99956}