{"stakedao":47.75741626413184,"convex":21.1185506181456,"yearn":42.19701}