{"stakedao":40.568996891803145,"convex":13.184626572576,"yearn":18.27489}