{"stakedao":46.55335835258051,"convex":10.618453270598401,"yearn":25.56616}