{"stakedao":64.50819043566528,"convex":17.433306187660797,"yearn":32.02624}