{"stakedao":54.85616045580403,"convex":12.174597852854397,"yearn":15.76703}