{"stakedao":54.74462455101141,"convex":10.4392875572784,"yearn":15.41416}