{"stakedao":46.448572174174636,"convex":32.3250826251024,"yearn":27.29455}