{"stakedao":52.724313743066126,"convex":11.2943732328288,"yearn":16.87907}