{"stakedao":41.132415428461805,"convex":19.8102552335136,"yearn":26.90117}