{"stakedao":41.06724640032914,"convex":20.9990763717696,"yearn":25.11883}