{"stakedao":47.58542738785222,"convex":22.3940908084032,"yearn":37.78502}