{"stakedao":53.95767643017084,"convex":11.4011751570336,"yearn":16.39155}