{"stakedao":43.488691343693795,"convex":19.5347345456304,"yearn":41.70964}