{"stakedao":43.14525825587441,"convex":14.813084981462401,"yearn":18.87173}