{"stakedao":46.90191970991923,"convex":26.0586277173648,"yearn":28.93661}