{"stakedao":53.80420214905916,"convex":11.8409089025952,"yearn":27.51547}