{"stakedao":44.51976345441804,"convex":22.6120926074544,"yearn":44.89154}