{"stakedao":37.501023151126624,"convex":14.0585054429952,"yearn":25.50362}