{"stakedao":40.51547756779106,"convex":18.878047664472,"yearn":29.24838}