{"stakedao":41.40092165186704,"convex":18.0854456280768,"yearn":31.15485}