{"stakedao":45.06630989943207,"convex":23.281720065460796,"yearn":32.27767}