{"stakedao":41.77289145641046,"convex":20.7011670192,"yearn":25.64753}