{"stakedao":40.530991279740334,"convex":17.1760841723232,"yearn":30.45388}