{"stakedao":45.62133330958281,"convex":21.814006981003203,"yearn":39.71352}