{"stakedao":39.11805971401073,"convex":17.665294357238402,"yearn":29.43448}