{"stakedao":43.25619597190326,"convex":23.725455082934403,"yearn":30.7544}