{"stakedao":39.5792592424043,"convex":15.702039081648001,"yearn":32.51881}