{"stakedao":44.53129036772195,"convex":22.1031972666,"yearn":45.89955}