{"stakedao":63.26307950690243,"convex":18.622407889094397,"yearn":43.244}