{"stakedao":72.0609989265578,"convex":24.4246405998672,"yearn":43.59419}