{"stakedao":52.6162843431087,"convex":11.2925844509904,"yearn":16.17965}