{"stakedao":52.98704744843525,"convex":14.2631594534448,"yearn":22.07666}