{"stakedao":49.31173705832383,"convex":22.896690545044798,"yearn":32.70731}