{"stakedao":51.7730291339339,"convex":14.730589807689599,"yearn":17.9153}