{"stakedao":62.914048156335205,"convex":19.133034398668798,"yearn":46.115}