{"stakedao":45.639515768231135,"convex":20.859055976735995,"yearn":42.88568}