{"stakedao":46.14103956150798,"convex":12.220489885219202,"yearn":22.84976}