{"stakedao":42.45052413330757,"convex":20.686321699487998,"yearn":29.66441}