{"stakedao":45.97964005150526,"convex":20.525325903532803,"yearn":45.3058}