{"stakedao":40.659712473105536,"convex":19.9834064734464,"yearn":29.44037}