{"stakedao":42.02933941815226,"convex":15.345060606172801,"yearn":14.94948}