{"stakedao":40.744943485748934,"convex":20.2088442027024,"yearn":26.47007}