{"stakedao":55.36338893886259,"convex":9.7841866436352,"yearn":20.11904}