{"stakedao":45.489752656850065,"convex":20.949431713084802,"yearn":43.69812}