{"stakedao":45.23107708870314,"convex":23.2838419147632,"yearn":32.39095}