{"stakedao":49.92085143241768,"convex":22.5968401674432,"yearn":34.56538}