{"stakedao":47.68954183981252,"convex":10.856994709276801,"yearn":30.05998}