{"stakedao":44.0348211261076,"convex":19.58665781592,"yearn":41.40373}