{"stakedao":42.34349326974634,"convex":22.147933122979204,"yearn":25.94319}