{"stakedao":37.59355883698549,"convex":15.3370545650064,"yearn":27.7847}