{"stakedao":57.558179909934935,"convex":12.056007267273598,"yearn":13.78311}