{"stakedao":43.36005294065581,"convex":19.55837719836,"yearn":43.31702}