{"stakedao":45.61792961909491,"convex":31.0040481849696,"yearn":49.22917}