{"stakedao":43.66170596699987,"convex":26.830703113272,"yearn":25.91324}