{"stakedao":41.771780384273974,"convex":20.720820049415998,"yearn":25.9251}