{"stakedao":50.45698299253375,"convex":14.698946746123198,"yearn":17.6968}