{"stakedao":41.51732291325474,"convex":22.1108363769456,"yearn":25.7502}