{"stakedao":44.2538564940655,"convex":23.7706528502592,"yearn":32.53802}