{"stakedao":43.598270637900484,"convex":26.7692224229856,"yearn":26.90619}