{"stakedao":65.53217230256166,"convex":18.6821565434208,"yearn":32.46626}