{"stakedao":56.44954934434739,"convex":12.378850075742399,"yearn":14.14151}