{"stakedao":38.77366003032282,"convex":18.092989042430396,"yearn":29.43448}