{"stakedao":45.373593544771666,"convex":10.7190424451232,"yearn":26.11073}