{"stakedao":47.73985152503711,"convex":11.003070829939201,"yearn":34.82907}