{"stakedao":54.649825256556916,"convex":11.2461932952,"yearn":21.73256}