{"stakedao":44.26073032817685,"convex":23.8668306965712,"yearn":34.43807}