{"stakedao":50.35573386729779,"convex":9.9817245872208,"yearn":17.31933}