{"stakedao":42.731036101122,"convex":13.21611145272,"yearn":16.91672}