{"stakedao":28.949801323264175,"convex":15.7461560282592,"yearn":23.9791}