{"stakedao":45.74906860588202,"convex":21.786886090382403,"yearn":42.75378}