{"stakedao":53.4285498674063,"convex":24.103451643307203,"yearn":38.3003}