{"stakedao":56.698988973383265,"convex":30.984237506289602,"yearn":45.28759}