{"stakedao":52.882642525677184,"convex":11.3543611160976,"yearn":22.37243}