{"stakedao":45.152749682639275,"convex":20.469827895192,"yearn":47.88111}