{"stakedao":44.951872754223984,"convex":21.7529287878384,"yearn":50.20835}