{"stakedao":47.525830395626805,"convex":22.840933862664002,"yearn":38.82602}