{"stakedao":45.70129955557539,"convex":10.706469186988802,"yearn":27.28296}