{"stakedao":66.23570906632335,"convex":20.45030625972,"yearn":42.44594}