{"stakedao":45.55180089133021,"convex":10.6070341007664,"yearn":27.75412}