{"stakedao":55.058087312521266,"convex":11.8184302215504,"yearn":17.38213}