{"stakedao":49.33231584377335,"convex":29.210335762348798,"yearn":33.56348}