{"stakedao":48.8958965287144,"convex":29.491780355380797,"yearn":35.10859}