{"stakedao":55.55746028357707,"convex":11.3498852305392,"yearn":22.76766}