{"stakedao":46.40697217934146,"convex":21.6080244377136,"yearn":42.19701}