{"stakedao":44.46472926276199,"convex":23.30441785548,"yearn":31.42904}