{"stakedao":47.57207637525486,"convex":29.226222990504002,"yearn":36.08016}