{"stakedao":63.30390288733561,"convex":19.0571958721584,"yearn":47.32306}