{"stakedao":58.04017205060792,"convex":11.025831912710402,"yearn":17.04776}