{"stakedao":44.166571698602276,"convex":19.5754259163168,"yearn":42.76982}