{"stakedao":51.89962472362689,"convex":25.8276005411616,"yearn":35.13457}