{"stakedao":50.74289346576789,"convex":22.4551789448688,"yearn":34.56538}