{"stakedao":49.52035293478863,"convex":21.8544084916992,"yearn":41.08003}