{"stakedao":52.96779258964328,"convex":14.1411694983552,"yearn":22.37601}