{"stakedao":55.46762668871126,"convex":10.180541769724801,"yearn":20.90345}