{"stakedao":44.70574481023176,"convex":23.230610376667197,"yearn":36.74272}