{"stakedao":39.1877407129753,"convex":16.0648150849056,"yearn":26.79239}