{"stakedao":40.680024618423595,"convex":18.8614689653664,"yearn":29.24838}