{"stakedao":42.76856471794673,"convex":15.2782194896784,"yearn":17.84256}