{"stakedao":44.30777803370834,"convex":23.1630498956304,"yearn":35.27123}