{"stakedao":45.40986083204771,"convex":10.722545511307201,"yearn":26.23792}