{"stakedao":55.93303583245412,"convex":11.407085930592,"yearn":14.65337}