{"stakedao":51.666531037796304,"convex":25.081446273984,"yearn":33.03184}