{"stakedao":53.4330842958966,"convex":13.610300153371199,"yearn":32.53125}