{"stakedao":54.4710417468914,"convex":26.8129304139024,"yearn":29.21127}