{"stakedao":43.1847211596779,"convex":27.877644383558398,"yearn":27.47191}