{"stakedao":53.18997767149362,"convex":15.9361668616032,"yearn":24.02975}