{"stakedao":40.71974563836086,"convex":16.687581507028803,"yearn":35.08378}