{"stakedao":39.33171272766057,"convex":16.313135723654398,"yearn":27.95499}