{"stakedao":46.58679775108619,"convex":28.3783328840736,"yearn":30.88967}