{"stakedao":39.04072826692817,"convex":16.476559410024002,"yearn":29.43448}