{"stakedao":53.322546676525974,"convex":13.6218496772592,"yearn":32.82391}