{"stakedao":51.84547210672885,"convex":28.261027923451202,"yearn":28.7667}