{"stakedao":57.69739644802806,"convex":11.002257194832,"yearn":15.13083}