{"stakedao":42.498843836605886,"convex":13.219455826598399,"yearn":16.36942}