{"stakedao":41.01330250986248,"convex":15.119486057980799,"yearn":20.17355}