{"stakedao":45.36454055951059,"convex":23.1640537495824,"yearn":31.47166}