{"stakedao":40.68382023913127,"convex":17.200461399408,"yearn":31.08622}