{"stakedao":45.36225555132193,"convex":23.184715297924797,"yearn":31.47166}