{"stakedao":42.598804810823644,"convex":13.2294022746912,"yearn":16.27574}