{"stakedao":46.02587593560815,"convex":10.617491763187202,"yearn":25.9712}