{"stakedao":54.41496178922816,"convex":12.241570556462399,"yearn":16.29762}