{"stakedao":37.37840275846409,"convex":25.4982861702144,"yearn":29.65925}