{"stakedao":43.67836438800194,"convex":26.4890344701744,"yearn":27.02492}