{"stakedao":65.93283065103455,"convex":18.320694575904,"yearn":31.45102}