{"stakedao":45.4612859353459,"convex":20.5302911521248,"yearn":44.18584}