{"stakedao":54.38827792679628,"convex":10.5983869295664,"yearn":15.6052}