{"stakedao":41.564359372382654,"convex":14.805435811132801,"yearn":21.40366}