{"stakedao":40.64559198260193,"convex":19.983445597008,"yearn":29.44876}