{"stakedao":38.77667220537701,"convex":16.437137776459203,"yearn":29.43448}