{"stakedao":45.48613424494147,"convex":31.0828986769968,"yearn":48.75502}