{"stakedao":54.936330791430954,"convex":10.533427632417599,"yearn":22.22427}