{"stakedao":39.617330936198115,"convex":15.428213138404802,"yearn":25.60773}