{"stakedao":49.32550575233584,"convex":29.2447142124048,"yearn":33.8622}