{"stakedao":53.8827523392215,"convex":9.7993154152224,"yearn":19.76958}