{"stakedao":40.32707666649276,"convex":13.2083475008112,"yearn":18.47603}