{"stakedao":45.755402368919206,"convex":22.9547810806416,"yearn":33.00905}