{"stakedao":45.88169735326192,"convex":8.991379629547199,"yearn":27.48784}