{"stakedao":40.78066166972712,"convex":15.130921235486401,"yearn":20.6017}