{"stakedao":42.62852534689098,"convex":21.0861840135168,"yearn":32.71028}