{"stakedao":52.15620655378538,"convex":25.6409886578976,"yearn":34.27355}