{"stakedao":40.76866625394756,"convex":13.693419676872,"yearn":16.34939}