{"stakedao":58.03461134779937,"convex":24.346919743127998,"yearn":38.31489}