{"stakedao":42.4455055299211,"convex":22.988663813160002,"yearn":29.43448}