{"stakedao":54.40998314157699,"convex":27.822998995127996,"yearn":28.8832}