{"stakedao":54.10140454745573,"convex":27.808013765951998,"yearn":28.92802}