{"stakedao":37.525598468900036,"convex":15.3679233263184,"yearn":26.32484}