{"stakedao":58.02979223869133,"convex":12.0753932096448,"yearn":14.38431}