{"stakedao":43.36070715529388,"convex":14.8369696004592,"yearn":17.9578}