{"stakedao":43.35826144901853,"convex":12.34173864024,"yearn":19.09871}