{"stakedao":41.441980466240786,"convex":17.522099743968,"yearn":32.40761}