{"stakedao":43.14863286939056,"convex":25.4634869353104,"yearn":30.76592}