{"stakedao":41.56561593808737,"convex":18.1997838268848,"yearn":31.53284}