{"stakedao":40.88481412256451,"convex":14.2784961450336,"yearn":17.5754}