{"stakedao":40.55812876851758,"convex":16.253169470928,"yearn":34.10925}