{"stakedao":47.56216077934684,"convex":10.1864979078192,"yearn":17.81989}