{"stakedao":39.41999579079663,"convex":16.896591809064,"yearn":26.39386}