{"stakedao":49.96064826542352,"convex":22.508186000256003,"yearn":29.97243}