{"stakedao":42.269763869898725,"convex":15.369297226848001,"yearn":19.28117}