{"stakedao":42.790534373766796,"convex":13.2162493154976,"yearn":16.6449}