{"stakedao":54.23774443970001,"convex":10.441042299158399,"yearn":15.68897}