{"stakedao":40.71790747128305,"convex":16.4567849094432,"yearn":33.36232}