{"stakedao":42.38772535035082,"convex":13.72102141896,"yearn":17.83539}