{"stakedao":54.903918542859955,"convex":11.349567767088,"yearn":22.37613}