{"stakedao":40.6190576684233,"convex":19.1073188278944,"yearn":28.76108}