{"stakedao":45.961088975380896,"convex":21.6469817825184,"yearn":42.19701}