{"stakedao":40.72530904053638,"convex":17.0621484958656,"yearn":31.3413}