{"stakedao":41.20783830637119,"convex":14.759316271756798,"yearn":20.20993}