{"stakedao":38.71097989545865,"convex":16.471096176456,"yearn":29.43448}