{"stakedao":53.30689922610007,"convex":13.7288584713168,"yearn":18.92304}