{"stakedao":42.358345551897486,"convex":15.330530539238401,"yearn":14.59242}