{"stakedao":43.45269585774195,"convex":26.6240807360784,"yearn":27.26975}