{"stakedao":54.78261799018978,"convex":10.439527202495999,"yearn":15.39586}