{"stakedao":42.39337943044405,"convex":13.2626596893264,"yearn":17.78072}