{"stakedao":40.839157881067514,"convex":13.2643428066432,"yearn":15.49553}