{"stakedao":54.53910744814824,"convex":12.2111817541488,"yearn":15.79777}