{"stakedao":52.23782495080252,"convex":25.5247051640832,"yearn":28.68455}