{"stakedao":65.72309411931877,"convex":20.4406176215808,"yearn":41.97713}