{"stakedao":39.550352183997525,"convex":15.417269963496,"yearn":25.60773}