{"stakedao":42.618644247896256,"convex":12.2046760224144,"yearn":18.13853}