{"stakedao":42.7700770421614,"convex":13.21611145272,"yearn":16.94724}