{"stakedao":40.27262294682792,"convex":15.1201882480176,"yearn":20.43484}