{"stakedao":41.64563163941109,"convex":18.2581527181392,"yearn":31.83149}