{"stakedao":52.23874504512844,"convex":25.8627501788688,"yearn":35.35718}