{"stakedao":46.557094149187755,"convex":11.380907275732799,"yearn":31.93773}