{"stakedao":82.95494840205754,"convex":25.7021937676944,"yearn":41.64514}