{"stakedao":43.11985145249852,"convex":15.313888452772801,"yearn":14.88489}