{"stakedao":38.754471734484994,"convex":16.4052982014624,"yearn":27.95499}