{"stakedao":45.80062088166208,"convex":23.2809250208256,"yearn":32.19152}