{"stakedao":40.60959154095079,"convex":20.205893760768,"yearn":28.48098}