{"stakedao":41.74410867310204,"convex":20.6940529044144,"yearn":25.91335}