{"stakedao":43.12935428011523,"convex":13.7253000846816,"yearn":17.32212}