{"stakedao":37.39365894861877,"convex":15.4066043432304,"yearn":28.52947}