{"stakedao":47.15870043682252,"convex":26.029306812312,"yearn":27.65404}