{"stakedao":40.55283482377502,"convex":16.4659681327248,"yearn":33.93319}