{"stakedao":50.7263742415649,"convex":24.9046347798288,"yearn":38.09102}