{"stakedao":64.98713986142253,"convex":19.0170775673568,"yearn":41.94741}