{"stakedao":42.208392542051946,"convex":22.749832082448,"yearn":28.91759}