{"stakedao":39.526497597778835,"convex":14.8697166112416,"yearn":21.54529}