{"stakedao":51.9648390100813,"convex":17.193250055980798,"yearn":37.47294}