{"stakedao":54.25538014080408,"convex":10.44241657812,"yearn":16.0134}