{"stakedao":52.03039520106249,"convex":26.687242995264,"yearn":27.96305}