{"stakedao":45.41698408995538,"convex":21.814006981003203,"yearn":39.36872}