{"stakedao":42.229214340760464,"convex":22.74987582288,"yearn":29.05632}