{"stakedao":45.39221020713649,"convex":20.531842603488,"yearn":44.02813}