{"stakedao":42.549673482800486,"convex":21.0334596152976,"yearn":29.32229}