{"stakedao":41.507930740081164,"convex":18.0711510057648,"yearn":31.80959}