{"stakedao":46.806581230526476,"convex":12.2016523286592,"yearn":23.78283}