{"stakedao":38.939932197466845,"convex":18.0974058295248,"yearn":29.43448}