{"stakedao":41.40169001368782,"convex":17.504502655968,"yearn":33.2516}