{"stakedao":40.5692311537089,"convex":20.209456912492797,"yearn":28.52965}