{"stakedao":41.59624293602907,"convex":13.8504580548768,"yearn":21.48847}