{"stakedao":47.187739846072645,"convex":13.049229430828799,"yearn":25.00835}