{"stakedao":37.591452180801745,"convex":24.3205623611424,"yearn":29.96496}