{"stakedao":54.62348758470535,"convex":12.1787226765072,"yearn":16.17775}