{"stakedao":41.56304192160204,"convex":22.1108363769456,"yearn":25.7502}