{"stakedao":68.36308862522446,"convex":24.3384470070048,"yearn":35.79054}