{"stakedao":28.94277774538702,"convex":15.8528181502224,"yearn":25.81229}