{"stakedao":62.944383771163764,"convex":19.1268668211552,"yearn":46.25322}