{"stakedao":48.85803369828217,"convex":17.5836777196608,"yearn":17.82946}