{"stakedao":46.43139961436441,"convex":28.3695158063664,"yearn":31.84822}