{"stakedao":53.4789381924046,"convex":26.9190900160128,"yearn":29.34242}