{"stakedao":40.818871198790845,"convex":19.834674542236804,"yearn":27.32893}