{"stakedao":39.049976816245824,"convex":16.3690382095776,"yearn":26.99823}