{"stakedao":49.0697141686538,"convex":21.8333066061888,"yearn":39.31627}