{"stakedao":41.04952709956083,"convex":15.11279371512,"yearn":20.2723}