{"stakedao":49.41450680172658,"convex":17.523044739129595,"yearn":18.22151}