{"stakedao":64.74356241076866,"convex":18.9495188933328,"yearn":42.55273}