{"stakedao":39.510952446819225,"convex":15.692651278027201,"yearn":33.15188}