{"stakedao":44.78579369982059,"convex":21.7529287878384,"yearn":50.20835}