{"stakedao":44.336765390029036,"convex":23.223300990969598,"yearn":36.21547}