{"stakedao":39.89843025357946,"convex":14.7006865557072,"yearn":19.62973}