{"stakedao":41.75614326808024,"convex":20.7235588910976,"yearn":26.02423}