{"stakedao":52.140967140721834,"convex":10.967437874649601,"yearn":17.35021}