{"stakedao":44.040834151655076,"convex":22.497260554886402,"yearn":31.6969}