{"stakedao":46.789263724177395,"convex":22.1487963579072,"yearn":40.04246}