{"stakedao":58.47317564409672,"convex":17.040025648123198,"yearn":35.82811}