{"stakedao":42.25615044986199,"convex":22.17509745444,"yearn":26.03128}