{"stakedao":52.27041779600839,"convex":14.8052062605888,"yearn":30.95609}