{"stakedao":67.52586865680917,"convex":20.1922552575504,"yearn":31.68482}