{"stakedao":51.58831976206772,"convex":22.7899319796864,"yearn":34.56538}