{"stakedao":55.145517002418046,"convex":12.3739851179376,"yearn":16.45086}