{"stakedao":41.72121668661746,"convex":18.3359114937648,"yearn":31.03561}