{"stakedao":41.10478659652835,"convex":21.705534891316802,"yearn":26.38488}