{"stakedao":52.07250247625865,"convex":17.0033061577968,"yearn":36.80016}