{"stakedao":41.14936503475715,"convex":14.785807940337602,"yearn":14.72824}