{"stakedao":42.69564604824331,"convex":24.910285296239998,"yearn":27.07314}