{"stakedao":47.85901684097655,"convex":29.2231329292368,"yearn":36.51644}