{"stakedao":53.87321656470234,"convex":15.9431473394352,"yearn":23.68199}