{"stakedao":45.233334105864614,"convex":10.616349939235201,"yearn":27.99075}