{"stakedao":62.2830606990651,"convex":20.2674573907344,"yearn":43.69224}