{"stakedao":46.767601148083564,"convex":10.164333028896,"yearn":19.41303}