{"stakedao":53.22675490903394,"convex":24.3501627508416,"yearn":37.52243}