{"stakedao":39.159974607190485,"convex":16.366850412192,"yearn":26.67901}