{"stakedao":51.65424252281374,"convex":13.7631371824656,"yearn":16.72989}