{"stakedao":41.45878763368994,"convex":20.689124455180803,"yearn":25.47894}