{"stakedao":48.36463845889367,"convex":14.312092417142399,"yearn":17.69011}