{"stakedao":37.603807550841324,"convex":14.1595774399872,"yearn":24.74138}