{"stakedao":47.00853540945645,"convex":26.0210748976992,"yearn":28.20869}