{"stakedao":54.81901252211101,"convex":10.414810531368,"yearn":15.96379}