{"stakedao":68.11894927059984,"convex":23.495350769928002,"yearn":36.18087}