{"stakedao":42.64172839140663,"convex":13.2647753260368,"yearn":17.41818}