{"stakedao":41.526461299464444,"convex":18.0729049308624,"yearn":31.7004}