{"stakedao":66.65819653914423,"convex":14.1928287366384,"yearn":36.34898}