{"stakedao":51.50598571718207,"convex":13.89098729268,"yearn":26.87601}