{"stakedao":45.07697032689754,"convex":9.013334976979198,"yearn":25.71615}