{"stakedao":41.54685157669041,"convex":22.1108363769456,"yearn":26.01675}