{"stakedao":39.54977202840929,"convex":14.715652645684798,"yearn":19.94701}