{"stakedao":41.376122878112646,"convex":17.5315066741728,"yearn":33.2899}