{"stakedao":37.48552517889188,"convex":15.365721817079999,"yearn":26.42021}