{"stakedao":55.469749148648056,"convex":11.3498377278624,"yearn":22.67426}