{"stakedao":37.54995014555328,"convex":24.3143712356976,"yearn":29.58076}