{"stakedao":62.41190142076651,"convex":19.1136769900704,"yearn":47.32306}