{"stakedao":27.92225118698477,"convex":13.7165715190656,"yearn":25.71806}