{"stakedao":53.89135727080611,"convex":11.397544477272001,"yearn":16.73258}