{"stakedao":41.49687588485991,"convex":18.070742198289597,"yearn":31.80959}