{"stakedao":41.120078575313066,"convex":20.6737656473952,"yearn":23.27149}