{"stakedao":52.757681709649134,"convex":17.202299765299202,"yearn":37.15827}