{"stakedao":52.63241047030654,"convex":28.121548052304,"yearn":29.64239}