{"stakedao":54.84166855453967,"convex":10.582210929412799,"yearn":16.825}