{"stakedao":43.66044807805127,"convex":12.0748324774896,"yearn":22.72018}