{"stakedao":37.54653671961995,"convex":15.334870283884799,"yearn":27.63061}