{"stakedao":49.147786155573925,"convex":17.533707625224,"yearn":18.13044}