{"stakedao":47.61302529521614,"convex":22.3603276887792,"yearn":39.09962}