{"stakedao":39.57843344202815,"convex":14.7910491226224,"yearn":21.86}