{"stakedao":44.61018652131808,"convex":22.613866668287997,"yearn":46.20931}