{"stakedao":40.53808340329431,"convex":16.4587999873104,"yearn":33.61884}