{"stakedao":41.731084252000656,"convex":20.7196796067408,"yearn":25.6604}