{"stakedao":46.15548742760233,"convex":10.615680073598401,"yearn":25.56616}