{"stakedao":51.31492020082709,"convex":9.563904807552001,"yearn":18.67177}