{"stakedao":44.446407233541606,"convex":19.6444265991696,"yearn":43.33909}