{"stakedao":52.71258431959903,"convex":15.762029740084799,"yearn":23.44532}