{"stakedao":66.27375162737883,"convex":20.547273045297597,"yearn":43.63248}