{"stakedao":40.75383952500209,"convex":17.2168840930752,"yearn":30.57134}