{"stakedao":46.06678511295212,"convex":13.2595282370592,"yearn":26.14641}