{"stakedao":52.51239573675281,"convex":24.2352153805824,"yearn":37.8441}