{"stakedao":48.1930403588322,"convex":26.034832547078402,"yearn":27.61648}