{"stakedao":51.183795294649286,"convex":25.2956231378208,"yearn":30.45547}