{"stakedao":67.0000587887425,"convex":19.6076030999616,"yearn":40.68387}