{"stakedao":42.526831376255586,"convex":22.9950618715296,"yearn":29.43448}