{"stakedao":56.6339708731295,"convex":13.308598161604799,"yearn":17.87042}