{"stakedao":47.5457756185935,"convex":22.827227370983998,"yearn":37.93389}