{"stakedao":56.22196402321106,"convex":31.04042019588,"yearn":46.92601}