{"stakedao":37.416072771544336,"convex":25.4955466631232,"yearn":29.69799}