{"stakedao":61.77810213378349,"convex":19.132612327152,"yearn":49.76428}