{"stakedao":56.47839625243665,"convex":31.151817946512,"yearn":43.39853}