{"stakedao":42.67008808969922,"convex":24.9103484596944,"yearn":28.853}