{"stakedao":63.82416293684709,"convex":20.170808021303998,"yearn":38.92433}