{"stakedao":66.0263107130038,"convex":18.3207875661072,"yearn":31.25067}