{"stakedao":44.44017072793143,"convex":12.0888327585456,"yearn":23.26877}