{"stakedao":41.36814241368415,"convex":20.697935168923202,"yearn":29.11924}