{"stakedao":63.07730633448631,"convex":19.1268668211552,"yearn":46.3131}