{"stakedao":44.37278510300755,"convex":23.854272695553597,"yearn":34.95874}