{"stakedao":52.70348210461574,"convex":13.5779770463472,"yearn":32.45088}