{"stakedao":45.15712530330437,"convex":23.1111702427824,"yearn":31.91729}