{"stakedao":48.32108856733539,"convex":10.853327220696,"yearn":29.97511}