{"stakedao":53.13355292954162,"convex":16.5900028725936,"yearn":38.31004}