{"stakedao":64.51746185317873,"convex":20.2818283522416,"yearn":31.76831}