{"stakedao":41.11235644241636,"convex":20.6663883016176,"yearn":23.44635}