{"stakedao":43.26489840848897,"convex":13.7250511426512,"yearn":17.5832}