{"stakedao":43.75897347184106,"convex":12.351496881484799,"yearn":18.20955}