{"stakedao":44.141002729944844,"convex":19.563448959792,"yearn":42.6576}