{"stakedao":54.74169884455998,"convex":11.30884523568,"yearn":15.60811}