{"stakedao":41.09698714092816,"convex":14.805555111820798,"yearn":21.19135}