{"stakedao":42.7067151567118,"convex":13.2648300725328,"yearn":17.36604}