{"stakedao":47.05849519717597,"convex":26.0210748976992,"yearn":28.20869}