{"stakedao":54.604502024648156,"convex":10.4416849460736,"yearn":16.20094}