{"stakedao":43.17043936446395,"convex":14.8089623842512,"yearn":18.79692}