{"stakedao":43.4286648330858,"convex":26.819425398168,"yearn":27.03038}