{"stakedao":40.829217018009935,"convex":15.130921235486401,"yearn":20.61996}