{"stakedao":62.682241007915515,"convex":19.1330392047552,"yearn":46.115}