{"stakedao":42.79288693766094,"convex":16.4598548318208,"yearn":18.52433}