{"stakedao":47.87690192382125,"convex":11.5407203077008,"yearn":33.43521}