{"stakedao":39.78090625959645,"convex":13.111856902526402,"yearn":17.08578}