{"stakedao":44.73320482255164,"convex":13.959450996292802,"yearn":19.05445}