{"stakedao":45.29197095667368,"convex":13.2197422617792,"yearn":25.01082}