{"stakedao":45.700731824667386,"convex":10.723547539324802,"yearn":26.65088}