{"stakedao":55.852023474806735,"convex":12.1242196037376,"yearn":15.49304}