{"stakedao":39.12296258490998,"convex":18.0394504824528,"yearn":29.43448}