{"stakedao":68.33127771833067,"convex":23.617109238163202,"yearn":36.61276}