{"stakedao":58.19971722777744,"convex":30.7420220826144,"yearn":40.49385}