{"stakedao":39.1340208780806,"convex":16.4719734701328,"yearn":26.55289}