{"stakedao":54.8546525314771,"convex":10.6626345254208,"yearn":16.14548}