{"stakedao":43.63876084452445,"convex":26.992059854515198,"yearn":26.45205}