{"stakedao":40.794305564218746,"convex":17.240687569944,"yearn":30.94111}