{"stakedao":45.690386246494256,"convex":20.5198409984256,"yearn":43.67397}