{"stakedao":54.72303937828312,"convex":10.599934688064,"yearn":15.70439}