{"stakedao":41.72011235458772,"convex":20.693449081468803,"yearn":26.07456}