{"stakedao":49.89669870278381,"convex":31.1737038611328,"yearn":27.24267}