{"stakedao":42.65824061540776,"convex":22.1951321522496,"yearn":26.46865}