{"stakedao":52.63217464810683,"convex":17.1767295155664,"yearn":38.23033}