{"stakedao":42.56654881938548,"convex":20.7070678999152,"yearn":32.40626}