{"stakedao":42.421146477763884,"convex":21.5361618786288,"yearn":26.12978}