{"stakedao":54.82605279459651,"convex":10.768819346870401,"yearn":16.03995}