{"stakedao":45.61548414041353,"convex":22.940045739576,"yearn":33.14784}