{"stakedao":39.55082559116243,"convex":14.7910491226224,"yearn":21.86}