{"stakedao":41.426773363773684,"convex":14.8054251204288,"yearn":21.40366}