{"stakedao":49.42648390416737,"convex":17.4438329076144,"yearn":19.21788}