{"stakedao":42.43400721524098,"convex":23.0428316992464,"yearn":29.43448}