{"stakedao":67.89312169622747,"convex":18.4594687344432,"yearn":30.23834}