{"stakedao":42.4280968210701,"convex":15.331634649288,"yearn":14.56798}