{"stakedao":47.715942385695,"convex":10.8571664511792,"yearn":30.05998}