{"stakedao":62.85410447925994,"convex":19.133714415744,"yearn":50.57924}