{"stakedao":50.37568366644122,"convex":9.981571060512,"yearn":17.25338}