{"stakedao":43.021093649932446,"convex":18.902030524416,"yearn":27.94902}