{"stakedao":42.214315719692394,"convex":22.7498619691152,"yearn":28.91759}