{"stakedao":40.68723424726257,"convex":17.200499466513598,"yearn":31.12111}