{"stakedao":39.96191881046383,"convex":5.3955922507344,"yearn":19.66601}