{"stakedao":40.65307847830129,"convex":19.1304933192432,"yearn":28.76108}