{"stakedao":41.20464756026506,"convex":14.747641767547199,"yearn":20.46354}