{"stakedao":38.696386570207565,"convex":18.0580473531072,"yearn":29.43448}