{"stakedao":42.80418727499463,"convex":13.205292334128,"yearn":16.15291}