{"stakedao":53.267716692745715,"convex":15.9364662864624,"yearn":23.97936}