{"stakedao":41.26824316388138,"convex":13.7297741348448,"yearn":16.39838}