{"stakedao":46.64602066902808,"convex":11.384335447070399,"yearn":31.52919}