{"stakedao":61.110434145979774,"convex":19.1224113046992,"yearn":47.32306}