{"stakedao":44.32600773377749,"convex":22.6020664584288,"yearn":30.31966}