{"stakedao":40.796475599219704,"convex":16.5266679191184,"yearn":33.56983}