{"stakedao":43.84263352591694,"convex":15.2768792002176,"yearn":18.57206}