{"stakedao":44.69096102288724,"convex":10.644173820907199,"yearn":25.82118}