{"stakedao":56.56219396783306,"convex":11.6037738307584,"yearn":14.0697}