{"stakedao":45.4390234093722,"convex":22.015598382273602,"yearn":41.02583}