{"stakedao":45.50426157824602,"convex":20.918827248681602,"yearn":41.86276}