{"stakedao":55.943464513820715,"convex":11.387022569712,"yearn":14.65337}