{"stakedao":41.15191794011854,"convex":13.759826236747202,"yearn":16.45336}