{"stakedao":39.055739343212764,"convex":17.666308857744,"yearn":29.43448}