{"stakedao":40.74206644884126,"convex":19.106130513571202,"yearn":28.76108}