{"stakedao":38.97699237711345,"convex":15.9690189377232,"yearn":27.79331}