{"stakedao":43.97069588032237,"convex":22.4972270258112,"yearn":31.35936}