{"stakedao":46.045300967575315,"convex":11.381806676145601,"yearn":31.52919}