{"stakedao":43.316713558695895,"convex":25.133007911500798,"yearn":28.65302}