{"stakedao":38.70135617400913,"convex":16.420740157065598,"yearn":29.43448}