{"stakedao":54.92384911346318,"convex":9.8096204844,"yearn":20.40836}