{"stakedao":40.79028281921017,"convex":19.1346097953168,"yearn":29.10117}