{"stakedao":44.35573070738161,"convex":19.6150507899408,"yearn":43.5403}