{"stakedao":41.52475215450883,"convex":15.0433033317984,"yearn":14.84093}