{"stakedao":37.677032898706884,"convex":14.107154191646398,"yearn":25.73795}