{"stakedao":49.208752502642795,"convex":17.4438329076144,"yearn":19.21788}