{"stakedao":40.92418790356522,"convex":17.130857221584,"yearn":31.35677}