{"stakedao":42.61408523664586,"convex":12.131397121651197,"yearn":21.39601}