{"stakedao":42.27763342860439,"convex":22.8098009778912,"yearn":29.43448}