{"stakedao":40.583539422020294,"convex":20.211481646683204,"yearn":27.60464}