{"stakedao":40.94180671114808,"convex":17.1156037566528,"yearn":30.21915}