{"stakedao":55.340416016127534,"convex":12.1791343064544,"yearn":15.96825}