{"stakedao":54.042179484648855,"convex":11.7222859074672,"yearn":16.37143}