{"stakedao":58.370510331617695,"convex":12.0754127020464,"yearn":14.25654}