{"stakedao":40.580497475091406,"convex":19.106473697784004,"yearn":28.76108}