{"stakedao":38.93035827803827,"convex":17.6653113551424,"yearn":29.43448}