{"stakedao":39.89381227737998,"convex":13.1524371687312,"yearn":17.95726}