{"stakedao":41.727501996691636,"convex":20.7196796067408,"yearn":25.62732}