{"stakedao":38.9708724939557,"convex":18.06281109612,"yearn":29.43448}