{"stakedao":39.366610824537126,"convex":15.719033519841599,"yearn":26.79239}