{"stakedao":38.92959381223481,"convex":16.0901660427552,"yearn":27.75547}