{"stakedao":42.83124386970878,"convex":16.458662537654398,"yearn":18.18795}