{"stakedao":44.813298231212194,"convex":9.0120519821232,"yearn":26.58161}