{"stakedao":42.86501270327467,"convex":15.895696517280001,"yearn":16.66658}