{"stakedao":47.50258369989368,"convex":11.3845388479632,"yearn":31.52919}