{"stakedao":56.64942155173718,"convex":30.997577562264,"yearn":46.42375}