{"stakedao":62.46714551110312,"convex":19.7703663814944,"yearn":40.38777}