{"stakedao":42.552881865136946,"convex":13.7251446185088,"yearn":17.64655}