{"stakedao":42.306165697692364,"convex":20.707730559576,"yearn":30.40218}