{"stakedao":44.21837354793335,"convex":19.5753613810464,"yearn":42.9905}