{"stakedao":42.69246704038238,"convex":15.539580195048,"yearn":17.64542}