{"stakedao":37.56071092153156,"convex":24.3077997009456,"yearn":29.81854}