{"stakedao":45.558782555131195,"convex":22.0151978151552,"yearn":41.44338}