{"stakedao":42.58170063425897,"convex":21.0920619013344,"yearn":29.93588}