{"stakedao":52.39558220767817,"convex":14.767035045192,"yearn":30.95609}