{"stakedao":45.342220580324025,"convex":20.4689821406688,"yearn":47.57023}