{"stakedao":52.22723303808053,"convex":25.0974887759424,"yearn":34.08531}