{"stakedao":54.49187264813888,"convex":11.7264228535584,"yearn":18.24229}