{"stakedao":47.984486612459804,"convex":23.119570553328003,"yearn":29.97243}