{"stakedao":47.44018240981697,"convex":22.9815088529472,"yearn":38.68826}