{"stakedao":39.546944828152824,"convex":15.6842079555312,"yearn":25.60773}