{"stakedao":51.13293126657409,"convex":25.2029480044896,"yearn":31.80616}