{"stakedao":44.45810070327342,"convex":22.605593829408,"yearn":49.23747}