{"stakedao":50.032502473327035,"convex":22.4466819134112,"yearn":34.56538}