{"stakedao":43.281672063519245,"convex":25.1114388485328,"yearn":28.38069}