{"stakedao":66.11241253662502,"convex":20.462661370728,"yearn":45.11624}