{"stakedao":39.741919606315406,"convex":14.716425763339199,"yearn":20.05181}