{"stakedao":54.51381477392063,"convex":10.578927208723199,"yearn":15.05888}