{"stakedao":49.467746610227195,"convex":10.7463814103376,"yearn":36.45994}