{"stakedao":40.698101123172044,"convex":16.6874503456512,"yearn":33.32729}