{"stakedao":39.66138452046162,"convex":15.604042844347202,"yearn":34.81004}