{"stakedao":42.48074925757615,"convex":22.194674735184,"yearn":26.46865}