{"stakedao":43.50988235405343,"convex":25.1197237310112,"yearn":27.9042}