{"stakedao":53.272874874071924,"convex":14.200041231129601,"yearn":22.8078}