{"stakedao":40.6529379403091,"convex":19.983443077281603,"yearn":29.44457}