{"stakedao":41.58683922051357,"convex":17.9893707625728,"yearn":33.01237}