{"stakedao":47.691957898171204,"convex":22.4057848050144,"yearn":37.99543}