{"stakedao":40.2942246991454,"convex":13.152238564464,"yearn":19.00671}