{"stakedao":44.97360578837717,"convex":22.6595932091856,"yearn":48.39901}