{"stakedao":45.42904342884021,"convex":22.936867210368,"yearn":33.55667}