{"stakedao":46.923391195928886,"convex":8.991850550328,"yearn":28.21986}