{"stakedao":39.57461176008287,"convex":15.4673179329312,"yearn":25.60773}