{"stakedao":45.162924567656894,"convex":10.7234830324368,"yearn":25.65945}