{"stakedao":45.57524093885702,"convex":13.221742158216,"yearn":25.01082}