{"stakedao":62.88257245386616,"convex":20.0232544894992,"yearn":39.78236}