{"stakedao":48.91126193336993,"convex":27.995290286184,"yearn":0}