{"stakedao":40.70106225947338,"convex":19.1061931472208,"yearn":28.76108}