{"stakedao":42.08059403113904,"convex":15.345073353024002,"yearn":14.94948}