{"stakedao":54.64184274110899,"convex":10.490589401227199,"yearn":16.03941}