{"stakedao":53.975749028219184,"convex":11.400701073192,"yearn":16.9221}