{"stakedao":42.43725400944511,"convex":20.6831869769376,"yearn":31.03481}