{"stakedao":55.77379046596845,"convex":12.2827384707984,"yearn":25.32606}