{"stakedao":46.068620923895175,"convex":20.279494480104,"yearn":41.68891}