{"stakedao":53.27496942146352,"convex":26.7235200418176,"yearn":28.04711}