{"stakedao":51.314191522703936,"convex":22.496873595551996,"yearn":42.19701}