{"stakedao":40.59003578354854,"convex":20.205893760768,"yearn":28.48098}