{"stakedao":46.74973768384232,"convex":12.185977457620801,"yearn":25.08476}