{"stakedao":63.05597732660512,"convex":20.1845592468,"yearn":45.21299}