{"stakedao":40.319761963869084,"convex":16.2772201206576,"yearn":35.35142}