{"stakedao":52.975171574640946,"convex":14.607192709972798,"yearn":21.83042}