{"stakedao":40.70416424316755,"convex":16.6897262514672,"yearn":35.16937}