{"stakedao":44.011790634238984,"convex":22.4971400842128,"yearn":31.19057}