{"stakedao":39.462121445485906,"convex":14.869706251665601,"yearn":21.50977}