{"stakedao":43.115747749616986,"convex":22.1901671023344,"yearn":28.1515}