{"stakedao":47.146770853294505,"convex":26.0240301741024,"yearn":29.27242}