{"stakedao":39.254134330432315,"convex":16.4619431488944,"yearn":26.47267}