{"stakedao":37.49880620480055,"convex":14.0585054429952,"yearn":25.45246}