{"stakedao":47.5902027447037,"convex":21.076889070801602,"yearn":42.19701}