{"stakedao":37.559771510208336,"convex":14.086867836556802,"yearn":26.61149}