{"stakedao":40.64399384169615,"convex":17.2188299273472,"yearn":31.48174}