{"stakedao":44.06831739885664,"convex":23.7713777745984,"yearn":33.24869}