{"stakedao":49.29877758682312,"convex":22.725377128584,"yearn":34.56538}