{"stakedao":45.3862238114944,"convex":20.531380206888002,"yearn":44.34315}