{"stakedao":61.98460155193975,"convex":19.0091350050048,"yearn":49.05331}