{"stakedao":40.497845233680025,"convex":16.4534845440528,"yearn":18.63893}