{"stakedao":42.779334569776836,"convex":13.2612360912144,"yearn":15.50977}