{"stakedao":46.35692898873713,"convex":28.3695158063664,"yearn":31.80157}