{"stakedao":43.08355318634863,"convex":22.3183165491072,"yearn":28.1515}