{"stakedao":45.877258761183526,"convex":20.1493402362,"yearn":41.9985}