{"stakedao":54.75692533403807,"convex":26.812881299736002,"yearn":29.25688}