{"stakedao":46.1769396758222,"convex":20.2778539805376,"yearn":41.99666}