{"stakedao":40.83424437113946,"convex":19.8345818737008,"yearn":27.31262}