{"stakedao":65.87636052949004,"convex":19.542405728088,"yearn":41.55229}