{"stakedao":44.162992078344615,"convex":19.563454163232002,"yearn":43.76179}