{"stakedao":43.45418480315642,"convex":25.1306720273664,"yearn":26.46087}