{"stakedao":41.47071258323554,"convex":20.700552209112,"yearn":23.36305}