{"stakedao":42.92123248720935,"convex":25.2410138549568,"yearn":27.50102}