{"stakedao":46.193860369315146,"convex":28.3926136967712,"yearn":30.14221}