{"stakedao":41.497366565121254,"convex":20.7010131834384,"yearn":25.57517}