{"stakedao":46.115607571058995,"convex":21.649355875670402,"yearn":42.19701}