{"stakedao":51.16127748353743,"convex":13.860616847471999,"yearn":26.87601}