{"stakedao":66.40843695996841,"convex":18.3386830319712,"yearn":31.85205}