{"stakedao":54.389308947710106,"convex":10.6437783563136,"yearn":15.17535}