{"stakedao":47.10458773257696,"convex":26.0337476929104,"yearn":27.45939}