{"stakedao":63.80437452369128,"convex":17.335634260276798,"yearn":33.25981}