{"stakedao":44.20262361915794,"convex":22.605432976886398,"yearn":49.5893}