{"stakedao":27.896965308775933,"convex":13.685850910728,"yearn":23.66499}