{"stakedao":47.999404015273484,"convex":17.3998845366912,"yearn":19.01021}