{"stakedao":51.84449698648587,"convex":17.5712338190448,"yearn":18.5252}