{"stakedao":47.798204655034695,"convex":11.5408003618368,"yearn":33.52302}