{"stakedao":44.606628018528404,"convex":22.1030937402192,"yearn":45.19488}