{"stakedao":48.22085529262552,"convex":11.5419083035104,"yearn":33.37594}