{"stakedao":37.59101381750034,"convex":24.31468465308,"yearn":29.61728}