{"stakedao":40.7955756553348,"convex":13.1747951173536,"yearn":18.82238}