{"stakedao":47.269282561717304,"convex":28.3767902375616,"yearn":29.49629}