{"stakedao":54.60185669633909,"convex":11.720493344462401,"yearn":16.78091}