{"stakedao":42.67150032199651,"convex":24.9295818876624,"yearn":0}