{"stakedao":44.471302061454644,"convex":22.612123847016,"yearn":50.02812}