{"stakedao":44.1532324385139,"convex":19.572731723304003,"yearn":43.07846}