{"stakedao":51.70035937676375,"convex":24.299871279336,"yearn":41.5223}