{"stakedao":51.72590411450452,"convex":13.8824128687248,"yearn":26.99372}