{"stakedao":46.20485425883686,"convex":21.657565721390398,"yearn":42.19701}