{"stakedao":41.142956049440116,"convex":21.522270595449598,"yearn":26.06608}