{"stakedao":41.68877990536496,"convex":22.1151463169184,"yearn":26.06025}