{"stakedao":46.43643059043431,"convex":12.1979122915104,"yearn":22.729}