{"stakedao":42.51581692430621,"convex":22.8098009778912,"yearn":29.43448}