{"stakedao":49.18617376345293,"convex":22.892671461600003,"yearn":34.3353}