{"stakedao":68.04044110300418,"convex":23.6310772105872,"yearn":36.18087}