{"stakedao":42.53467950499471,"convex":15.276840373094402,"yearn":18.4423}