{"stakedao":39.06838445114984,"convex":17.665294357238402,"yearn":29.43448}