{"stakedao":47.21587407540931,"convex":21.504037820529597,"yearn":42.19701}