{"stakedao":45.714802140035836,"convex":31.0165781725584,"yearn":49.52694}