{"stakedao":40.87193107933912,"convex":19.1518142380416,"yearn":29.34961}