{"stakedao":40.697397482009464,"convex":18.8775780871248,"yearn":29.24838}