{"stakedao":42.12699485971543,"convex":22.7502748983456,"yearn":26.18957}