{"stakedao":55.27413050336266,"convex":12.2657846131296,"yearn":26.25281}