{"stakedao":44.54143788757179,"convex":22.522054681584,"yearn":30.57142}