{"stakedao":63.035944689759525,"convex":19.1119547428848,"yearn":46.43031}