{"stakedao":52.5479569877974,"convex":15.7702099892688,"yearn":26.0204}