{"stakedao":44.42532130281821,"convex":23.3036685979632,"yearn":32.18574}