{"stakedao":44.54042898748219,"convex":10.6347066727104,"yearn":25.64361}