{"stakedao":48.33481939140847,"convex":28.006668522288,"yearn":27.211}