{"stakedao":47.48827700013507,"convex":22.9855370566032,"yearn":43.97122}