{"stakedao":46.99779039759513,"convex":13.2338111525568,"yearn":24.46054}