{"stakedao":41.78944657374195,"convex":20.6940529044144,"yearn":25.94553}