{"stakedao":43.677701553198915,"convex":12.0748324774896,"yearn":22.72018}