{"stakedao":57.614654073652176,"convex":12.470751214718398,"yearn":14.16957}