{"stakedao":39.04032975988855,"convex":16.373380366728,"yearn":27.10863}