{"stakedao":64.69553487147735,"convex":18.7415133976368,"yearn":41.84434}