{"stakedao":56.330239260894544,"convex":12.382189555233598,"yearn":14.21103}