{"stakedao":55.01254988853399,"convex":11.3462150677056,"yearn":22.51007}