{"stakedao":42.50500517987616,"convex":20.676072556252798,"yearn":29.8753}