{"stakedao":51.19084468700656,"convex":12.1907661550704,"yearn":25.47518}