{"stakedao":56.74899722868349,"convex":30.440145103891197,"yearn":41.71624}