{"stakedao":41.366882488786366,"convex":20.6843999145696,"yearn":24.02304}