{"stakedao":52.56460596307514,"convex":11.9450178920736,"yearn":24.91907}