{"stakedao":40.33140589504209,"convex":19.1431929736656,"yearn":28.68009}