{"stakedao":40.89819499462141,"convex":21.7539609075072,"yearn":27.8876}