{"stakedao":45.170066888142905,"convex":20.468859181804802,"yearn":47.99734}