{"stakedao":40.890899019126635,"convex":14.825372750496001,"yearn":20.89144}