{"stakedao":41.366858867772926,"convex":17.52990204996,"yearn":33.63448}