{"stakedao":50.83520868531991,"convex":24.912831739939197,"yearn":37.72622}