{"stakedao":61.8356503570901,"convex":19.0088013730464,"yearn":49.05331}