{"stakedao":47.73927055736932,"convex":29.2231329292368,"yearn":36.32966}