{"stakedao":49.29262709521962,"convex":23.2888893146352,"yearn":29.97243}