{"stakedao":41.631801865616325,"convex":18.158482805400002,"yearn":31.35837}