{"stakedao":43.68813612093621,"convex":26.869192344000002,"yearn":26.65767}