{"stakedao":46.87047826351024,"convex":28.3744414930464,"yearn":29.8319}