{"stakedao":55.54153744699248,"convex":10.4289652536768,"yearn":16.02571}