{"stakedao":52.59859613035253,"convex":17.5227397103232,"yearn":18.82763}