{"stakedao":44.91534879730678,"convex":21.753123960988802,"yearn":50.20835}