{"stakedao":37.68925153659913,"convex":14.105897021620802,"yearn":25.58358}