{"stakedao":52.548333346182744,"convex":24.3377556779664,"yearn":37.50744}