{"stakedao":39.72194771240432,"convex":15.6091483934496,"yearn":35.33286}