{"stakedao":46.47335921287089,"convex":28.341711215265597,"yearn":31.01096}