{"stakedao":51.88488736141965,"convex":28.2582726073632,"yearn":28.86206}