{"stakedao":51.93974719616219,"convex":25.713643167936,"yearn":33.92318}