{"stakedao":39.13957899091369,"convex":16.367188083911998,"yearn":26.58268}