{"stakedao":42.407437038974294,"convex":25.18353976932,"yearn":29.16872}