{"stakedao":39.35864115221689,"convex":15.519965307624,"yearn":31.23347}