{"stakedao":42.77060487525006,"convex":13.2612360912144,"yearn":15.45425}