{"stakedao":48.27932161952741,"convex":11.372911363929601,"yearn":31.52919}