{"stakedao":44.858849452401046,"convex":20.4577705912464,"yearn":46.98539}