{"stakedao":66.23195391137952,"convex":20.5246397463984,"yearn":44.16306}