{"stakedao":49.160600761219484,"convex":11.1576150130896,"yearn":32.81176}