{"stakedao":42.92659255106274,"convex":15.895654886606401,"yearn":16.66658}