{"stakedao":42.52088340136737,"convex":20.692261678536,"yearn":31.4039}