{"stakedao":45.866767730455734,"convex":20.1820841848368,"yearn":42.87687}