{"stakedao":40.756954705025535,"convex":17.0621484958656,"yearn":31.30531}