{"stakedao":55.688522469215584,"convex":12.2827384707984,"yearn":25.32606}