{"stakedao":52.649510857214906,"convex":17.5887419976,"yearn":18.44931}