{"stakedao":45.02468593644512,"convex":9.0130597055424,"yearn":25.96647}