{"stakedao":39.68067036360562,"convex":15.605602873502399,"yearn":34.32929}