{"stakedao":55.40389656184004,"convex":12.363020410248,"yearn":16.45086}