{"stakedao":62.2255941896844,"convex":19.111834798862397,"yearn":46.666}