{"stakedao":65.26752823166576,"convex":19.6379467774128,"yearn":39.50002}