{"stakedao":46.27935075937787,"convex":20.2724940210624,"yearn":42.48899}