{"stakedao":41.449029191311716,"convex":17.536188218601602,"yearn":32.1395}