{"stakedao":46.44245124591866,"convex":28.342542280319996,"yearn":31.24333}