{"stakedao":48.45942207593307,"convex":29.328404241067197,"yearn":36.37945}