{"stakedao":40.9838220732469,"convex":17.129916278798397,"yearn":31.33036}