{"stakedao":44.061389125699925,"convex":23.7706183151856,"yearn":33.15373}