{"stakedao":45.43410777162086,"convex":8.991264248783999,"yearn":27.36726}