{"stakedao":47.31932806550164,"convex":10.184610522369601,"yearn":18.0756}