{"stakedao":45.598261787189166,"convex":22.051358556940798,"yearn":39.77331}