{"stakedao":41.54540589231379,"convex":16.436594858990404,"yearn":19.0112}