{"stakedao":40.94955234963856,"convex":17.2401012116352,"yearn":32.11188}