{"stakedao":40.81299861816367,"convex":17.2375795678464,"yearn":31.1214}