{"stakedao":41.015606758980105,"convex":19.811979760751996,"yearn":27.36426}