{"stakedao":54.23869733825214,"convex":10.6235136317664,"yearn":23.25106}