{"stakedao":47.41778152286001,"convex":29.329086986006402,"yearn":34.71958}