{"stakedao":44.17557067284877,"convex":19.563454163232002,"yearn":43.80257}