{"stakedao":63.63675624091734,"convex":20.17772444952,"yearn":38.48806}