{"stakedao":41.97282607954237,"convex":17.5274624376144,"yearn":33.24844}