{"stakedao":42.86604201715359,"convex":12.075657490785598,"yearn":22.47568}