{"stakedao":38.73899806176087,"convex":18.0620970359328,"yearn":29.43448}