{"stakedao":43.52433742136347,"convex":25.1207764689168,"yearn":27.86999}