{"stakedao":52.24892731274033,"convex":10.9889067635136,"yearn":17.06274}