{"stakedao":47.850902459824475,"convex":11.4645840025104,"yearn":34.19127}