{"stakedao":40.612741620110626,"convex":18.8779781244384,"yearn":29.24838}