{"stakedao":55.895090262862865,"convex":11.6036110198512,"yearn":13.92547}