{"stakedao":54.828919120384164,"convex":11.3971997982528,"yearn":18.6369}