{"stakedao":48.255120825881875,"convex":17.4021858258336,"yearn":18.90046}