{"stakedao":44.600535880269895,"convex":22.6562512131216,"yearn":46.9859}