{"stakedao":45.99927795024614,"convex":21.814006981003203,"yearn":39.76311}