{"stakedao":42.83096369120185,"convex":13.7002711283136,"yearn":16.81434}