{"stakedao":47.29536149287578,"convex":21.4885760729328,"yearn":42.19701}