{"stakedao":52.227428057348334,"convex":10.9648550983248,"yearn":17.67401}