{"stakedao":55.356956806836166,"convex":10.4435796005712,"yearn":14.07466}