{"stakedao":44.063397598224974,"convex":22.519658797056003,"yearn":30.96545}