{"stakedao":47.65275280013658,"convex":22.385176571433597,"yearn":38.57332}