{"stakedao":54.39114780546903,"convex":11.7264228535584,"yearn":18.21527}