{"stakedao":42.92593616069669,"convex":15.895654886606401,"yearn":16.66658}