{"stakedao":45.81759330300396,"convex":22.7557294437456,"yearn":30.73664}