{"stakedao":45.009189839757134,"convex":21.935866301366403,"yearn":42.79677}