{"stakedao":40.92387912484764,"convex":18.880022745230402,"yearn":29.24838}