{"stakedao":43.41228827713701,"convex":19.532236203792,"yearn":42.06203}