{"stakedao":41.89953867050042,"convex":14.2407084988512,"yearn":17.20916}