{"stakedao":40.65304157003539,"convex":18.8782112953152,"yearn":29.24838}