{"stakedao":50.03834319328511,"convex":22.682655908568,"yearn":34.56538}