{"stakedao":62.974282599351696,"convex":19.244937803832,"yearn":46.96257}