{"stakedao":42.559921869296076,"convex":21.1341350849328,"yearn":29.38708}