{"stakedao":40.89667414903652,"convex":14.2321995562464,"yearn":17.5417}