{"stakedao":72.10214847367467,"convex":24.4346399432928,"yearn":43.59419}