{"stakedao":54.13070002895525,"convex":12.2102563586112,"yearn":15.57854}