{"stakedao":39.72007398582162,"convex":15.6060593665632,"yearn":35.48211}