{"stakedao":43.52254294402637,"convex":12.370310804966401,"yearn":20.27678}