{"stakedao":39.510603726275164,"convex":15.701690848521599,"yearn":32.68432}