{"stakedao":42.58210957871104,"convex":22.9885625857536,"yearn":29.43448}