{"stakedao":42.99863676910602,"convex":15.8025160952352,"yearn":16.89663}