{"stakedao":47.52080510710178,"convex":11.387222917919999,"yearn":30.37145}