{"stakedao":41.27992433008854,"convex":21.549213840628802,"yearn":25.88858}