{"stakedao":42.50090450314693,"convex":16.438485707092802,"yearn":18.97025}