{"stakedao":40.75207919622545,"convex":16.5296493104832,"yearn":33.185}