{"stakedao":48.17651539976012,"convex":27.932190291676797,"yearn":27.2463}