{"stakedao":42.179858645230766,"convex":13.1886734392368,"yearn":14.68284}