{"stakedao":44.78190459883905,"convex":23.223713715216,"yearn":36.53192}