{"stakedao":45.97353161667492,"convex":21.644382285806397,"yearn":42.19701}