{"stakedao":40.18833559929122,"convex":13.1433447596688,"yearn":17.50049}