{"stakedao":42.28986087419855,"convex":22.74987582288,"yearn":28.96388}