{"stakedao":54.82001637322837,"convex":10.4398137669744,"yearn":15.53323}