{"stakedao":45.62028357798998,"convex":10.7095784126832,"yearn":27.14932}