{"stakedao":41.86884342135089,"convex":13.267481657255999,"yearn":18.33758}