{"stakedao":47.8352389647208,"convex":10.9881580673376,"yearn":35.73324}