{"stakedao":57.68061260321073,"convex":11.0029677103728,"yearn":17.47709}