{"stakedao":45.672958154363656,"convex":22.950650318759998,"yearn":33.32808}