{"stakedao":39.492063243046374,"convex":15.513076659470402,"yearn":33.08568}