{"stakedao":42.49003710480413,"convex":22.8098213217648,"yearn":29.43448}