{"stakedao":45.77324725177306,"convex":23.347224020865596,"yearn":32.73871}