{"stakedao":40.53500983621369,"convex":16.2483782285232,"yearn":34.69793}