{"stakedao":42.64393154155443,"convex":24.889348258862398,"yearn":27.21753}