{"stakedao":43.22347529161825,"convex":14.177082398716799,"yearn":16.74948}