{"stakedao":41.759322431096734,"convex":20.6940529044144,"yearn":25.94553}