{"stakedao":44.58177126009444,"convex":13.9458467001744,"yearn":19.16354}