{"stakedao":47.97599809103753,"convex":13.092986252088,"yearn":24.01432}