{"stakedao":45.61569301582282,"convex":22.0675956990912,"yearn":39.70171}