{"stakedao":45.95194035875862,"convex":21.6458430617088,"yearn":42.19701}