{"stakedao":46.85482096851649,"convex":13.247052172876801,"yearn":25.29393}