{"stakedao":47.952889298050366,"convex":11.3746923469152,"yearn":31.43699}