{"stakedao":49.96492986740345,"convex":16.8029386024608,"yearn":19.80807}