{"stakedao":42.24534160164579,"convex":15.369297226848001,"yearn":19.31749}