{"stakedao":43.65849262458318,"convex":26.7692224229856,"yearn":26.782}