{"stakedao":40.73583992492387,"convex":17.153499221265598,"yearn":30.67565}