{"stakedao":54.61411120386862,"convex":11.308246874769601,"yearn":15.45908}