{"stakedao":55.43527540426761,"convex":12.363020410248,"yearn":16.45086}