{"stakedao":54.65037574129715,"convex":10.4929878559392,"yearn":16.45373}