{"stakedao":61.28997667792537,"convex":18.9553447435968,"yearn":47.57373}