{"stakedao":52.11096572744541,"convex":9.6006628285632,"yearn":19.14353}