{"stakedao":51.82523527485873,"convex":13.9101995568384,"yearn":26.9121}