{"stakedao":40.813278626798095,"convex":17.248331871115198,"yearn":30.39571}