{"stakedao":27.87607438315387,"convex":13.6850966295264,"yearn":25.5024}