{"stakedao":47.67705153622342,"convex":29.281275010425603,"yearn":35.19687}