{"stakedao":43.713974106231426,"convex":26.832162315528,"yearn":26.20257}