{"stakedao":42.59869678577961,"convex":21.0256634052144,"yearn":29.09128}