{"stakedao":44.35498886132103,"convex":23.7715270786368,"yearn":33.96982}