{"stakedao":42.908014548186244,"convex":28.589192053488002,"yearn":26.71986}