{"stakedao":37.5007073639657,"convex":14.0704344616464,"yearn":25.45246}