{"stakedao":55.98971913986452,"convex":10.533436282742398,"yearn":16.2082}