{"stakedao":45.26379842899665,"convex":10.7186683177872,"yearn":25.91951}