{"stakedao":37.33686114569505,"convex":25.6550258896848,"yearn":29.54304}