{"stakedao":61.89884469384654,"convex":19.0084154007888,"yearn":49.05331}