{"stakedao":37.53637900620886,"convex":15.3404827111152,"yearn":28.20901}