{"stakedao":44.82445355140309,"convex":20.4587600616288,"yearn":47.99303}