{"stakedao":41.502558817323205,"convex":20.6986860284688,"yearn":29.53994}