{"stakedao":55.119754713772025,"convex":10.1805391616976,"yearn":20.88094}