{"stakedao":52.65523011309702,"convex":14.6627277731136,"yearn":30.95609}