{"stakedao":46.490168475930986,"convex":28.399131434260802,"yearn":32.08055}