{"stakedao":42.56693715350917,"convex":21.0896557896816,"yearn":30.02031}