{"stakedao":52.158455602007166,"convex":13.704136357075202,"yearn":19.9368}