{"stakedao":43.05465582665366,"convex":16.4597343264576,"yearn":18.42528}