{"stakedao":47.582736095146956,"convex":22.3603276887792,"yearn":39.09962}