{"stakedao":51.6284439936074,"convex":12.190417161926401,"yearn":25.58549}