{"stakedao":65.11826337277083,"convex":18.611429501087997,"yearn":32.25766}