{"stakedao":49.36072314788909,"convex":22.9547090902608,"yearn":32.96588}