{"stakedao":52.545570903529,"convex":11.280405377087998,"yearn":17.03127}