{"stakedao":39.20061917424065,"convex":16.064493461856,"yearn":26.79239}