{"stakedao":56.71012340638519,"convex":30.984365192400002,"yearn":45.09822}