{"stakedao":51.93651459144377,"convex":13.704957882489602,"yearn":19.9368}