{"stakedao":41.14296236958665,"convex":20.983229386704,"yearn":24.14219}