{"stakedao":51.40022291857893,"convex":22.6934589154176,"yearn":42.19701}