{"stakedao":48.649220591016345,"convex":31.312345552704,"yearn":27.38597}