{"stakedao":45.13323950616379,"convex":10.725812776512,"yearn":25.85475}