{"stakedao":48.854656010839044,"convex":21.7984484336544,"yearn":40.1358}