{"stakedao":37.39871703265861,"convex":15.414363571046401,"yearn":28.83637}