{"stakedao":51.23537932677737,"convex":29.3602497700608,"yearn":37.50719}