{"stakedao":47.57449513729327,"convex":21.076889070801602,"yearn":42.19701}