{"stakedao":46.98120172994579,"convex":13.377136728527997,"yearn":25.29393}