{"stakedao":27.93013657979216,"convex":13.716559689912,"yearn":25.78123}