{"stakedao":42.325585896414225,"convex":12.415009130352,"yearn":17.46297}