{"stakedao":49.30687830919956,"convex":10.837841635036801,"yearn":37.09702}