{"stakedao":44.46060232024283,"convex":23.2999899866352,"yearn":31.71188}