{"stakedao":51.96370366903113,"convex":10.9648550983248,"yearn":17.71747}