{"stakedao":41.31709215011442,"convex":13.8814167347856,"yearn":21.35799}