{"stakedao":64.88177132644658,"convex":18.49111333812,"yearn":30.01492}