{"stakedao":52.51161952640517,"convex":10.9689983547696,"yearn":17.63048}