{"stakedao":39.00838552371343,"convex":18.097648410744,"yearn":29.43448}