{"stakedao":37.56935875568059,"convex":14.0882421123648,"yearn":26.35451}