{"stakedao":42.71581879912644,"convex":12.2053090256208,"yearn":17.9051}