{"stakedao":46.633993846343635,"convex":13.2191716683168,"yearn":24.47655}