{"stakedao":42.121340682291596,"convex":20.636690068324803,"yearn":28.27652}