{"stakedao":59.0100323492124,"convex":16.9052961361104,"yearn":36.75259}