{"stakedao":52.24666465779361,"convex":26.7158611394784,"yearn":28.41118}