{"stakedao":63.93842594974579,"convex":20.2885239275424,"yearn":37.94986}