{"stakedao":53.60548861786965,"convex":9.590165348788801,"yearn":19.36195}