{"stakedao":54.44815692935617,"convex":9.7986619230768,"yearn":19.90391}