{"stakedao":54.88031861849955,"convex":10.440978861340799,"yearn":16.4294}