{"stakedao":49.233048853224574,"convex":29.152308992544,"yearn":34.06119}