{"stakedao":42.401813281233686,"convex":13.2187428197136,"yearn":17.23362}