{"stakedao":62.0558515860929,"convex":19.132612327152,"yearn":49.912}