{"stakedao":61.28498865275548,"convex":18.9567422582832,"yearn":47.42858}