{"stakedao":55.075472376908714,"convex":11.3971997982528,"yearn":18.68547}