{"stakedao":44.87487743030552,"convex":22.6995731718624,"yearn":47.61085}