{"stakedao":42.40137060181308,"convex":13.72102141896,"yearn":17.83539}