{"stakedao":56.74876835428644,"convex":30.9829865299344,"yearn":45.60319}