{"stakedao":47.02146047558345,"convex":26.026213587984,"yearn":27.87222}