{"stakedao":55.71907673737103,"convex":11.4063467803632,"yearn":14.9667}