{"stakedao":44.920364588505194,"convex":22.119289472448,"yearn":43.35103}