{"stakedao":50.72337395682568,"convex":9.982646185823999,"yearn":17.23265}