{"stakedao":57.092494507955706,"convex":12.484063682999999,"yearn":14.43597}