{"stakedao":68.84241621986936,"convex":20.1543468474096,"yearn":31.68482}