{"stakedao":40.714161416173255,"convex":18.8782112953152,"yearn":29.24838}