{"stakedao":51.674814879108766,"convex":13.7631754135584,"yearn":16.72989}