{"stakedao":49.023780540042765,"convex":29.3860730015856,"yearn":35.5572}