{"stakedao":42.90037213240149,"convex":28.589192053488002,"yearn":26.67533}