{"stakedao":42.55196368708482,"convex":21.086207410075197,"yearn":29.51443}