{"stakedao":43.28643178012904,"convex":25.133007911500798,"yearn":28.65302}