{"stakedao":42.69823518369741,"convex":24.9368649786432,"yearn":26.83163}