{"stakedao":51.0158509617727,"convex":25.327571319647998,"yearn":30.16594}