{"stakedao":41.22967798250308,"convex":21.6960154942752,"yearn":26.01419}