{"stakedao":40.30927157973976,"convex":19.1478842564112,"yearn":28.72079}