{"stakedao":55.50288933595428,"convex":12.1249418317488,"yearn":15.49304}