{"stakedao":38.728933771073464,"convex":16.4296363270608,"yearn":29.43448}