{"stakedao":44.19094372688034,"convex":22.5242135919936,"yearn":30.79676}