{"stakedao":51.882891394891786,"convex":13.704136357075202,"yearn":19.9368}