{"stakedao":39.25763146212016,"convex":16.4621059061904,"yearn":26.46188}