{"stakedao":58.85130589281613,"convex":17.048381199624004,"yearn":35.79244}