{"stakedao":42.48489132956731,"convex":21.0334596152976,"yearn":33.61922}