{"stakedao":55.09313997135075,"convex":10.5333234217056,"yearn":0}