{"stakedao":46.71504203520339,"convex":28.374848843558404,"yearn":30.38922}