{"stakedao":46.87580169461965,"convex":26.059682435731204,"yearn":28.76888}