{"stakedao":47.75189922327526,"convex":10.194793603992,"yearn":18.78388}