{"stakedao":51.19126923840276,"convex":9.5975466144912,"yearn":18.31497}