{"stakedao":54.835626981491544,"convex":11.821275030499201,"yearn":17.97159}