{"stakedao":39.18172182224548,"convex":16.3801209439008,"yearn":27.95499}