{"stakedao":44.119970438781976,"convex":23.7850192516608,"yearn":33.10602}