{"stakedao":34.12526495082819,"convex":22.918682742292802,"yearn":29.43448}