{"stakedao":37.71272184926811,"convex":23.519724502823998,"yearn":30.16619}