{"stakedao":50.09217991933619,"convex":13.490869398292798,"yearn":17.53221}