{"stakedao":37.528658931966326,"convex":24.450314442206402,"yearn":29.14318}