{"stakedao":44.67346554708836,"convex":22.1272648763904,"yearn":46.86676}