{"stakedao":38.72554905501972,"convex":16.3978096376736,"yearn":27.95499}