{"stakedao":52.583765138684946,"convex":11.2787720393472,"yearn":16.6858}