{"stakedao":39.26706379023159,"convex":16.38256284576,"yearn":27.95499}