{"stakedao":53.28218130426218,"convex":10.7594389289808,"yearn":24.03404}