{"stakedao":44.90881609479399,"convex":23.1158371103568,"yearn":37.13178}