{"stakedao":37.37913171191923,"convex":15.414191293032,"yearn":29.04028}