{"stakedao":66.87942014843193,"convex":21.2021584860672,"yearn":31.68482}