{"stakedao":39.60880684121932,"convex":14.718004259976,"yearn":19.91979}