{"stakedao":55.33072066090114,"convex":11.3462150677056,"yearn":22.58008}