{"stakedao":53.05897836849317,"convex":15.775350272121598,"yearn":23.68223}