{"stakedao":47.60666937972664,"convex":22.8207691955376,"yearn":0}