{"stakedao":40.47920026811806,"convex":13.2039333280512,"yearn":18.27489}