{"stakedao":73.28202940577279,"convex":24.4634896689696,"yearn":42.94208}