{"stakedao":41.351596879650295,"convex":20.6979019583616,"yearn":29.32984}