{"stakedao":38.78672109072326,"convex":15.962764973644802,"yearn":27.8517}