{"stakedao":49.30613122013888,"convex":29.294502309432,"yearn":34.25004}