{"stakedao":55.4244200693271,"convex":10.2075518964528,"yearn":20.74609}