{"stakedao":51.83949416993653,"convex":12.210197408366401,"yearn":25.14828}