{"stakedao":58.60024304000275,"convex":16.8766523752032,"yearn":36.80016}