{"stakedao":41.2403279712473,"convex":20.6552197515312,"yearn":24.33952}