{"stakedao":47.220958767553796,"convex":10.184884967563201,"yearn":17.98996}