{"stakedao":42.23793471022603,"convex":13.261793988283198,"yearn":18.05011}