{"stakedao":45.16262800923009,"convex":23.1831234489456,"yearn":32.50407}