{"stakedao":49.2983965200975,"convex":29.3231590347888,"yearn":33.36449}