{"stakedao":39.14614062093575,"convex":16.471989124603198,"yearn":26.55289}