{"stakedao":44.56900578160996,"convex":22.611822611990398,"yearn":45.07484}