{"stakedao":45.58963846904852,"convex":31.059855879984,"yearn":41.12082}