{"stakedao":42.591161309944695,"convex":21.086985456806396,"yearn":32.71028}