{"stakedao":52.78260077987078,"convex":14.6367367069968,"yearn":31.33641}