{"stakedao":48.133601943087164,"convex":11.0794473385344,"yearn":20.23425}