{"stakedao":41.63863686664619,"convex":18.036015716937598,"yearn":31.4919}