{"stakedao":46.36801456437471,"convex":28.3945333277808,"yearn":29.85038}