{"stakedao":48.17407451602131,"convex":27.9412878411072,"yearn":27.64812}