{"stakedao":53.770201402239024,"convex":11.401150171060799,"yearn":16.39266}