{"stakedao":56.0728479172912,"convex":11.4063547242816,"yearn":15.04277}