{"stakedao":51.674384939436074,"convex":9.6344697958416,"yearn":18.88173}