{"stakedao":39.46682125350242,"convex":16.8989362016112,"yearn":26.64518}