{"stakedao":44.45140110600879,"convex":22.612123847016,"yearn":50.02812}