{"stakedao":63.81635301444945,"convex":17.3333788970112,"yearn":33.85036}