{"stakedao":70.87636019733154,"convex":21.213306272851202,"yearn":32.46398}