{"stakedao":53.59565692702667,"convex":11.3976252945792,"yearn":16.68525}