{"stakedao":38.71689508242541,"convex":16.4052982014624,"yearn":27.95499}