{"stakedao":38.90189061819868,"convex":16.412742069278398,"yearn":27.95499}