{"stakedao":40.721266438869485,"convex":17.2000033673904,"yearn":30.80123}