{"stakedao":42.109588565494505,"convex":14.1988941595872,"yearn":17.45834}