{"stakedao":71.67202633971044,"convex":24.3507026629296,"yearn":43.64886}