{"stakedao":45.39737990462801,"convex":22.0167474531984,"yearn":40.85326}