{"stakedao":41.022938347297334,"convex":20.9278305149328,"yearn":23.56102}