{"stakedao":43.291350702375816,"convex":16.4455414802784,"yearn":18.87822}