{"stakedao":49.576822862042334,"convex":22.3663707022464,"yearn":38.9193}