{"stakedao":41.08384830284449,"convex":20.843717560128,"yearn":26.35531}