{"stakedao":40.94222435168694,"convex":19.8166609772064,"yearn":26.5598}