{"stakedao":42.268603192874956,"convex":13.1886734392368,"yearn":17.40319}