{"stakedao":63.739176302218596,"convex":20.121596424432003,"yearn":39.28763}