{"stakedao":63.7249136873174,"convex":18.491628500755198,"yearn":30.01492}