{"stakedao":37.55864568315745,"convex":24.3236325452688,"yearn":29.89177}