{"stakedao":64.22141299965583,"convex":20.2135623257376,"yearn":37.94986}