{"stakedao":41.57678759987012,"convex":18.0360378867456,"yearn":31.28728}