{"stakedao":40.69680670023662,"convex":19.1180855557296,"yearn":28.76108}