{"stakedao":48.814401575006386,"convex":22.9071625248096,"yearn":30.0655}