{"stakedao":82.95264346677226,"convex":21.093090826406403,"yearn":33.63023}