{"stakedao":37.50720078971489,"convex":15.363615672705599,"yearn":26.88768}