{"stakedao":46.12767677261541,"convex":28.3767828675984,"yearn":28.72039}