{"stakedao":44.39420759629674,"convex":19.577863182384,"yearn":43.58854}