{"stakedao":46.7119384104272,"convex":22.1487963579072,"yearn":44.87289}