{"stakedao":48.90218897019194,"convex":22.470159762158396,"yearn":34.56538}