{"stakedao":44.531949465792025,"convex":10.6229293863696,"yearn":25.34868}