{"stakedao":42.453586009070094,"convex":13.2211235101968,"yearn":17.60863}