{"stakedao":43.905830125358634,"convex":23.7850192516608,"yearn":33.05864}