{"stakedao":57.081969187586935,"convex":11.6174824038144,"yearn":14.64878}