{"stakedao":46.88397518951483,"convex":10.165339178668798,"yearn":19.05876}