{"stakedao":63.62613582361049,"convex":20.206726125105604,"yearn":38.19657}