{"stakedao":47.7843950989742,"convex":22.406858438673602,"yearn":38.07459}