{"stakedao":37.65628974836133,"convex":14.105070961329599,"yearn":25.94351}