{"stakedao":64.80981497247745,"convex":17.4851160355728,"yearn":31.87698}