{"stakedao":48.01421820843072,"convex":11.5407203077008,"yearn":33.43521}