{"stakedao":37.52240370571698,"convex":15.357699001915199,"yearn":26.22203}