{"stakedao":41.54771090605025,"convex":13.2286034078928,"yearn":16.14924}