{"stakedao":75.42292075831855,"convex":24.577872538521596,"yearn":41.67961}