{"stakedao":45.59510371615075,"convex":20.9512839453552,"yearn":41.6599}