{"stakedao":39.64504775775866,"convex":15.6050913248928,"yearn":35.74387}