{"stakedao":40.52130903271494,"convex":17.1553678301808,"yearn":30.62515}