{"stakedao":54.86176163496627,"convex":10.7603627887152,"yearn":16.01376}