{"stakedao":43.954659082233704,"convex":22.497258678494397,"yearn":31.35936}