{"stakedao":51.588370442405505,"convex":25.119063089654404,"yearn":33.82187}