{"stakedao":54.46404797588049,"convex":12.2700046408128,"yearn":26.76655}