{"stakedao":42.48341568808237,"convex":20.66550563736,"yearn":30.78387}