{"stakedao":67.85805711736828,"convex":24.363974951193597,"yearn":35.68707}