{"stakedao":45.3805342833344,"convex":20.5302911521248,"yearn":44.22493}