{"stakedao":54.848990642039695,"convex":11.321717609620801,"yearn":15.68395}