{"stakedao":41.27700248827767,"convex":20.758652000524798,"yearn":27.8876}