{"stakedao":53.45827007784206,"convex":25.499224801411202,"yearn":33.67724}