{"stakedao":39.70251235959568,"convex":15.607796432515201,"yearn":35.29564}