{"stakedao":41.886593131573015,"convex":17.4976683758784,"yearn":33.67132}