{"stakedao":64.13213808947135,"convex":20.3704757549568,"yearn":37.94986}