{"stakedao":42.908606511128916,"convex":28.589192053488002,"yearn":26.61982}