{"stakedao":41.655695225765896,"convex":17.5221414724032,"yearn":32.48401}