{"stakedao":56.940367288294006,"convex":11.6174824038144,"yearn":14.6719}