{"stakedao":49.463633862366336,"convex":31.2800893556112,"yearn":27.60621}