{"stakedao":39.47395169876025,"convex":15.7211609604768,"yearn":32.85278}