{"stakedao":44.59327174767943,"convex":22.658605845408,"yearn":48.83581}