{"stakedao":72.5159358864137,"convex":20.252807597376,"yearn":32.83992}