{"stakedao":44.55068525128537,"convex":9.0106174284048,"yearn":26.58161}