{"stakedao":42.38855140142549,"convex":22.984765916256,"yearn":29.43448}