{"stakedao":46.612356604448536,"convex":28.3428333765216,"yearn":31.47602}