{"stakedao":38.90857298344253,"convex":17.664686762587202,"yearn":29.43448}