{"stakedao":44.98843114695474,"convex":22.1175717948288,"yearn":43.82711}