{"stakedao":51.274900138099895,"convex":25.2129548881728,"yearn":31.12701}