{"stakedao":39.077086977240725,"convex":16.0594489412208,"yearn":27.64107}