{"stakedao":39.38835527349768,"convex":16.060058901072,"yearn":26.79239}