{"stakedao":44.966329864693265,"convex":9.0126450828288,"yearn":26.91537}