{"stakedao":56.09369411030464,"convex":11.4063547242816,"yearn":15.04277}