{"stakedao":42.13820565239971,"convex":15.276556757232001,"yearn":19.55157}