{"stakedao":40.76650439303096,"convex":16.5259881669456,"yearn":33.74064}