{"stakedao":37.45661421496088,"convex":15.3542984813424,"yearn":28.01595}