{"stakedao":55.61060331965065,"convex":10.1870085135024,"yearn":21.30624}