{"stakedao":61.8917218695128,"convex":19.758368765736,"yearn":40.94821}