{"stakedao":42.508388689199236,"convex":20.676075072825597,"yearn":29.8223}