{"stakedao":43.3227970498235,"convex":26.5449603904992,"yearn":25.99913}