{"stakedao":44.460188105751584,"convex":19.5455025885168,"yearn":43.10291}