{"stakedao":40.677502828209484,"convex":17.156279400336,"yearn":30.66049}