{"stakedao":55.61846668603994,"convex":10.5340250188656,"yearn":21.81223}