{"stakedao":44.708091033386886,"convex":22.613866668287997,"yearn":45.94617}