{"stakedao":56.102219818423215,"convex":11.312884650384,"yearn":15.65853}