{"stakedao":58.12499542587848,"convex":11.006577579528,"yearn":15.30387}