{"stakedao":53.57454200039076,"convex":13.621344934118401,"yearn":32.73616}