{"stakedao":50.69663115285914,"convex":13.492062553392,"yearn":17.6968}