{"stakedao":45.105189237423936,"convex":23.1831234489456,"yearn":32.44753}