{"stakedao":51.74198655020123,"convex":22.9646176320816,"yearn":34.56538}