{"stakedao":67.52967718053846,"convex":24.312994367630402,"yearn":35.27189}