{"stakedao":39.05611837789453,"convex":16.0562720991888,"yearn":27.64107}