{"stakedao":44.44082862724167,"convex":22.5583328508192,"yearn":29.8701}