{"stakedao":44.16206102976996,"convex":19.572126988967998,"yearn":43.34306}