{"stakedao":63.96964695894506,"convex":17.3346513714576,"yearn":33.58869}