{"stakedao":42.643885952288485,"convex":24.9295818876624,"yearn":0}