{"stakedao":46.94797930905619,"convex":11.165893481145599,"yearn":31.93773}