{"stakedao":48.03462163626078,"convex":26.0305299139968,"yearn":27.71387}