{"stakedao":52.60184840562688,"convex":24.2351690699664,"yearn":37.8441}