{"stakedao":43.682392641158536,"convex":26.8697035614816,"yearn":26.57502}