{"stakedao":45.800298580215184,"convex":22.955382131572797,"yearn":32.82679}