{"stakedao":41.70766533711803,"convex":20.693449081468803,"yearn":25.23079}