{"stakedao":40.72517209480805,"convex":19.1061931472208,"yearn":28.76108}