{"stakedao":43.467908169808254,"convex":26.986187387736,"yearn":26.53487}