{"stakedao":53.102239567585464,"convex":15.9361668616032,"yearn":24.02975}