{"stakedao":48.99718862939943,"convex":16.823781542721598,"yearn":19.9249}