{"stakedao":43.777434091540755,"convex":27.401816872368,"yearn":26.26608}