{"stakedao":37.61522336043844,"convex":14.1597002096352,"yearn":24.83439}