{"stakedao":75.1752888815239,"convex":24.5775757753008,"yearn":41.67961}