{"stakedao":45.21319440036072,"convex":10.7258118871968,"yearn":25.85475}