{"stakedao":38.912358105716905,"convex":15.966170426448002,"yearn":27.77921}