{"stakedao":42.05842113984793,"convex":20.6575056038016,"yearn":28.40787}