{"stakedao":45.17031737587657,"convex":13.2214738562352,"yearn":25.01082}