{"stakedao":48.860265277485695,"convex":11.0750508669312,"yearn":20.41317}