{"stakedao":42.31374987892012,"convex":20.6459792935632,"yearn":28.9827}