{"stakedao":41.42452265422265,"convex":20.6846509758192,"yearn":23.84758}