{"stakedao":40.84186374681667,"convex":17.234107451092804,"yearn":30.89796}