{"stakedao":49.82007911194301,"convex":16.8146694047376,"yearn":20.17921}