{"stakedao":46.53682105135801,"convex":28.341711215265597,"yearn":30.96461}