{"stakedao":53.5591289710107,"convex":26.735293297857602,"yearn":28.04711}