{"stakedao":51.352933943641176,"convex":13.759624040529602,"yearn":16.72989}