{"stakedao":44.92046862605325,"convex":22.6591443572976,"yearn":48.57396}