{"stakedao":58.29075198637571,"convex":24.347542872412802,"yearn":38.14974}