{"stakedao":54.37597846252501,"convex":12.228923907748799,"yearn":16.14068}