{"stakedao":70.89375992623246,"convex":21.1928792198976,"yearn":31.73428}