{"stakedao":45.885921420937194,"convex":23.320321476048,"yearn":32.73871}