{"stakedao":49.07346511657895,"convex":29.3841489271536,"yearn":35.65681}