{"stakedao":40.78024532615542,"convex":13.266275717462399,"yearn":15.73979}