{"stakedao":41.131686487621494,"convex":14.7478006364544,"yearn":20.3368}