{"stakedao":39.365350350907995,"convex":15.740245734047999,"yearn":24.66142}