{"stakedao":42.690952304271235,"convex":22.8072325252176,"yearn":29.43448}