{"stakedao":38.997398438894535,"convex":18.0629141368464,"yearn":29.43448}