{"stakedao":53.21252059192076,"convex":15.758344323288,"yearn":23.55208}