{"stakedao":64.58315699299857,"convex":18.614439899265598,"yearn":43.244}