{"stakedao":40.53363323441394,"convex":17.2179639456336,"yearn":31.40089}