{"stakedao":44.55444554259754,"convex":22.611822611990398,"yearn":45.15974}