{"stakedao":48.703697286131685,"convex":11.0735148902832,"yearn":19.13395}