{"stakedao":54.859770542332754,"convex":11.7202261840848,"yearn":16.98693}