{"stakedao":49.47808141487288,"convex":22.340659688423997,"yearn":41.35764}