{"stakedao":45.73407211639099,"convex":30.979623975552002,"yearn":41.39414}