{"stakedao":44.47684134873809,"convex":22.189651649568,"yearn":48.09454}