{"stakedao":45.816827127256865,"convex":10.6201394784432,"yearn":26.17468}