{"stakedao":66.20445034181763,"convex":19.5196217123376,"yearn":41.55229}