{"stakedao":56.37972259400999,"convex":13.334510961676802,"yearn":18.1619}