{"stakedao":57.457697087003964,"convex":12.285461197584,"yearn":23.95008}