{"stakedao":41.49499921021298,"convex":20.6905412730528,"yearn":23.53182}