{"stakedao":64.02161709845967,"convex":17.3365796811744,"yearn":32.93121}