{"stakedao":43.80536442801069,"convex":12.3553236110976,"yearn":18.63049}