{"stakedao":40.83362068166846,"convex":18.8784080294976,"yearn":29.24838}