{"stakedao":55.10237358379163,"convex":11.3971997982528,"yearn":18.68547}