{"stakedao":48.78387876570581,"convex":31.3360158057408,"yearn":27.22868}