{"stakedao":28.950766263264462,"convex":15.726110050022399,"yearn":23.79209}