{"stakedao":45.91997864811984,"convex":21.6438159402432,"yearn":42.19701}