{"stakedao":44.40513566256985,"convex":22.1885296049952,"yearn":48.27062}