{"stakedao":48.92210926962018,"convex":17.4438697984272,"yearn":19.13481}