{"stakedao":49.16000310906665,"convex":10.7440376895072,"yearn":36.2481}