{"stakedao":51.55652020812738,"convex":10.969009799184,"yearn":17.25661}