{"stakedao":83.49705505550531,"convex":26.0754845797584,"yearn":41.39906}