{"stakedao":42.26507360605832,"convex":22.8170769228144,"yearn":29.43448}