{"stakedao":62.75003352312728,"convex":20.180594468347202,"yearn":44.65758}