{"stakedao":44.623613907224104,"convex":22.1896696219344,"yearn":47.91963}