{"stakedao":40.21238612789661,"convex":13.1898968184384,"yearn":18.60813}