{"stakedao":42.25803779257816,"convex":13.262663533564801,"yearn":18.05011}