{"stakedao":42.30939008895875,"convex":23.6089125145728,"yearn":29.43448}