{"stakedao":51.422428201187515,"convex":25.8482324519712,"yearn":34.86881}