{"stakedao":43.10569530417263,"convex":18.9024269855472,"yearn":0}