{"stakedao":46.26895568398893,"convex":12.2313867684336,"yearn":24.17967}