{"stakedao":48.33762674811788,"convex":11.0759576373072,"yearn":20.23425}