{"stakedao":54.18269006904372,"convex":9.7989644132352,"yearn":19.85916}