{"stakedao":75.85207121561263,"convex":20.7808431930864,"yearn":33.90379}