{"stakedao":40.56543196651248,"convex":17.218146053419197,"yearn":31.31716}