{"stakedao":57.94645636201956,"convex":24.3098796010608,"yearn":39.46148}