{"stakedao":45.51470482527414,"convex":10.617791106052799,"yearn":26.41206}