{"stakedao":43.41937681496651,"convex":23.6614362460704,"yearn":30.79095}