{"stakedao":55.01191413082991,"convex":9.791312328979199,"yearn":20.02962}