{"stakedao":44.46708543051177,"convex":10.6441546186368,"yearn":25.93898}