{"stakedao":40.56380431221716,"convex":16.279333360632,"yearn":34.77104}