{"stakedao":37.58628055684149,"convex":14.0876891790624,"yearn":26.40624}