{"stakedao":51.729242778752095,"convex":11.9944572797808,"yearn":25.08296}