{"stakedao":48.594035635907176,"convex":29.33698833396,"yearn":35.85686}