{"stakedao":39.11481348231331,"convex":16.3668592391184,"yearn":26.60723}