{"stakedao":55.289188805297826,"convex":11.405967752332801,"yearn":14.68772}