{"stakedao":42.894939916813435,"convex":16.4572448210064,"yearn":17.99296}