{"stakedao":40.658471378006254,"convex":17.0834449805712,"yearn":30.61046}