{"stakedao":55.070118009644744,"convex":11.7201073343616,"yearn":17.06437}