{"stakedao":53.417815468599755,"convex":27.8172886517712,"yearn":28.48032}