{"stakedao":56.08458531453717,"convex":11.408261785041601,"yearn":14.6622}