{"stakedao":43.04629491529339,"convex":16.4582959285008,"yearn":18.32643}