{"stakedao":52.64612883101779,"convex":28.1215393262928,"yearn":29.60799}