{"stakedao":40.79167465058211,"convex":20.857868583264,"yearn":26.8645}