{"stakedao":39.016277303447644,"convex":16.2983634791616,"yearn":27.95499}