{"stakedao":70.43258157522666,"convex":24.343254622900798,"yearn":43.81241}