{"stakedao":68.48932905862108,"convex":23.564179389211205,"yearn":36.18087}