{"stakedao":41.46758285064068,"convex":22.1122655443152,"yearn":25.7502}