{"stakedao":71.66668814568277,"convex":20.282902481016002,"yearn":30.64995}