{"stakedao":73.59885227309161,"convex":24.540396442790403,"yearn":42.45365}