{"stakedao":66.80501970807677,"convex":20.4574671770832,"yearn":42.87534}