{"stakedao":46.11523061879012,"convex":28.393407886780803,"yearn":30.28787}