{"stakedao":40.721785652586284,"convex":16.4577754362816,"yearn":33.95578}