{"stakedao":45.80521071819933,"convex":10.620143026243202,"yearn":26.2427}