{"stakedao":42.56590760459463,"convex":22.8098009778912,"yearn":29.43448}