{"stakedao":54.98478420365644,"convex":12.2234720460624,"yearn":16.05988}