{"stakedao":64.90448601227858,"convex":18.611429501087997,"yearn":32.15238}