{"stakedao":55.737552188125605,"convex":10.2075518964528,"yearn":20.74609}