{"stakedao":52.72136722784992,"convex":24.3491471087328,"yearn":38.29559}