{"stakedao":49.861152107173666,"convex":17.5182355558944,"yearn":18.28941}