{"stakedao":39.663737749363804,"convex":14.791290625310399,"yearn":21.66633}