{"stakedao":42.687070080850134,"convex":14.767082680320001,"yearn":18.65819}