{"stakedao":55.386145157679444,"convex":12.188293499303999,"yearn":25.71836}