{"stakedao":52.50390650599075,"convex":22.8583437592752,"yearn":34.56538}