{"stakedao":39.56898795786559,"convex":15.6931255447776,"yearn":25.60773}