{"stakedao":42.77069004037044,"convex":13.21611145272,"yearn":16.91672}