{"stakedao":40.48184933199899,"convex":19.148361963739198,"yearn":28.76108}