{"stakedao":39.648599708996606,"convex":15.6050913248928,"yearn":35.74387}