{"stakedao":69.61800451276571,"convex":23.595869007374404,"yearn":36.61276}