{"stakedao":42.13832237084078,"convex":22.724113686048,"yearn":25.82032}