{"stakedao":40.33789278462268,"convex":13.15544084028,"yearn":19.00671}