{"stakedao":41.121546080349674,"convex":20.999149213622402,"yearn":25.16533}