{"stakedao":49.32193548936473,"convex":22.7831359023072,"yearn":34.56538}