{"stakedao":39.457635252155406,"convex":15.6978694737216,"yearn":25.60773}