{"stakedao":55.17646980221622,"convex":12.283292848449598,"yearn":25.17592}