{"stakedao":55.49516029118436,"convex":10.1823369249888,"yearn":21.06038}