{"stakedao":44.38453791002264,"convex":22.5569053706256,"yearn":30.15767}