{"stakedao":49.65108162072665,"convex":16.8129537422688,"yearn":20.10173}