{"stakedao":40.309153671480814,"convex":16.241616288863998,"yearn":34.69315}