{"stakedao":40.32292009215007,"convex":13.204847572459201,"yearn":18.50901}