{"stakedao":45.33513764508203,"convex":23.283817755033603,"yearn":32.33431}