{"stakedao":39.668596990519646,"convex":14.791290625310399,"yearn":21.66633}