{"stakedao":28.931894836908874,"convex":15.778581362380798,"yearn":24.21534}