{"stakedao":42.32428587337993,"convex":22.147933122979204,"yearn":26.46865}