{"stakedao":28.97140564826735,"convex":15.728451197515199,"yearn":23.69993}