{"stakedao":52.55480913372523,"convex":24.2351690699664,"yearn":37.8441}