{"stakedao":39.65316537772819,"convex":15.6018946309488,"yearn":35.93113}