{"stakedao":57.18418631287705,"convex":12.2658933871008,"yearn":24.48169}