{"stakedao":53.961321875553395,"convex":14.1914708059392,"yearn":23.02997}