{"stakedao":46.23800739945659,"convex":28.3785449573664,"yearn":28.91448}