{"stakedao":40.66646854570561,"convex":13.687942223721599,"yearn":16.34939}