{"stakedao":65.04639388039288,"convex":19.0167613653456,"yearn":41.94741}