{"stakedao":40.64378049232828,"convex":19.1163908583936,"yearn":28.76108}