{"stakedao":43.287865995309346,"convex":15.2745052395168,"yearn":18.31257}