{"stakedao":50.22067637268239,"convex":14.698946746123198,"yearn":17.6968}