{"stakedao":40.81062215070859,"convex":19.832534017315197,"yearn":27.19915}