{"stakedao":37.65836457095851,"convex":14.141678952974399,"yearn":26.35073}