{"stakedao":41.862566225472946,"convex":17.5268906993952,"yearn":33.17238}