{"stakedao":41.94218736876695,"convex":20.6489988151056,"yearn":28.84298}