{"stakedao":39.192454708594084,"convex":16.4720414081376,"yearn":26.56806}