{"stakedao":56.01304430957191,"convex":11.312884650384,"yearn":15.65853}