{"stakedao":48.45370309371219,"convex":28.0034653445424,"yearn":27.39789}