{"stakedao":41.11625732729041,"convex":15.139029759192,"yearn":20.74966}