{"stakedao":42.24407757122104,"convex":22.1751807031728,"yearn":26.03128}