{"stakedao":47.58949183692336,"convex":22.822781012582396,"yearn":37.96988}