{"stakedao":42.67102339597115,"convex":12.205925144452799,"yearn":17.66384}