{"stakedao":46.54190729797433,"convex":28.3428333765216,"yearn":31.52237}