{"stakedao":44.923889988581664,"convex":22.1171862136176,"yearn":43.99199}