{"stakedao":43.021596988374185,"convex":16.4597343264576,"yearn":18.42528}