{"stakedao":44.936728882795975,"convex":20.484478423339198,"yearn":47.7585}