{"stakedao":47.09651595928955,"convex":13.377136728527997,"yearn":25.29393}