{"stakedao":41.265343236728675,"convex":21.6960154185888,"yearn":26.22034}