{"stakedao":40.84194037188228,"convex":18.8784080294976,"yearn":29.24838}