{"stakedao":38.98101160729963,"convex":18.098609296896,"yearn":29.43448}