{"stakedao":44.55495477263593,"convex":22.122655483176,"yearn":44.49135}