{"stakedao":40.75158346121069,"convex":19.1521210896288,"yearn":29.31793}