{"stakedao":39.663099081997785,"convex":14.7179830898592,"yearn":19.76123}