{"stakedao":57.87325338931964,"convex":12.664118670523198,"yearn":14.99376}