{"stakedao":42.57724334806257,"convex":12.204646990372801,"yearn":18.13853}