{"stakedao":57.30038463349017,"convex":31.125094333804803,"yearn":47.581}