{"stakedao":55.42631489505524,"convex":12.353678374824,"yearn":16.41251}