{"stakedao":44.65767116998073,"convex":22.658605845408,"yearn":48.83581}