{"stakedao":47.84699874723082,"convex":22.4063299300032,"yearn":38.11057}