{"stakedao":44.871616958510884,"convex":22.1159515098384,"yearn":43.86847}