{"stakedao":47.20155308064609,"convex":26.0299250818992,"yearn":27.55704}