{"stakedao":42.69363860121515,"convex":24.8867182416096,"yearn":27.55345}