{"stakedao":49.34579355395776,"convex":29.2438529737056,"yearn":33.71284}