{"stakedao":41.59375967640082,"convex":17.5221414724032,"yearn":32.52215}