{"stakedao":45.74682089130339,"convex":23.323565496067197,"yearn":30.45837}