{"stakedao":40.919205909594325,"convex":13.69605673296,"yearn":16.3816}