{"stakedao":65.74919117689957,"convex":19.585085525567997,"yearn":41.55229}