{"stakedao":42.59013654241403,"convex":13.6998393468624,"yearn":16.52122}