{"stakedao":38.60893116268421,"convex":17.602160439456,"yearn":29.43448}