{"stakedao":49.0694473157165,"convex":21.832627068460802,"yearn":39.31627}