{"stakedao":42.59997847503536,"convex":12.2055419505168,"yearn":17.66384}