{"stakedao":40.73728254649308,"convex":16.7170053991968,"yearn":34.52734}