{"stakedao":54.05264670429525,"convex":15.925734087393597,"yearn":23.59212}