{"stakedao":44.47087392463506,"convex":19.6415398473408,"yearn":43.33909}