{"stakedao":43.509900360546716,"convex":26.6161045941936,"yearn":27.11333}