{"stakedao":40.505328798708675,"convex":18.878047664472,"yearn":29.24838}