{"stakedao":38.96034348076033,"convex":15.9689158465392,"yearn":27.80288}