{"stakedao":42.89449893711378,"convex":25.4079332564688,"yearn":30.10308}