{"stakedao":42.858825986834184,"convex":13.2160374124992,"yearn":16.94724}