{"stakedao":42.060738918657044,"convex":22.727078653463998,"yearn":25.91267}