{"stakedao":39.311931783999384,"convex":16.0596108186624,"yearn":26.79239}