{"stakedao":48.71171928081665,"convex":31.3354808479584,"yearn":27.22868}