{"stakedao":52.71673723587415,"convex":13.579741409860802,"yearn":32.25849}