{"stakedao":78.79506197763918,"convex":24.7812860173392,"yearn":40.83342}