{"stakedao":44.51320908054095,"convex":12.0916108026288,"yearn":23.33808}