{"stakedao":40.53320440709822,"convex":17.1760841723232,"yearn":30.45388}