{"stakedao":39.060846278401534,"convex":15.9672427513632,"yearn":27.33262}