{"stakedao":56.75739703420504,"convex":11.6041734454896,"yearn":14.13543}