{"stakedao":41.19786654999131,"convex":14.759316271756798,"yearn":20.20993}