{"stakedao":44.909398974712325,"convex":22.7002346646912,"yearn":47.52357}