{"stakedao":46.21813360313566,"convex":11.379889741464,"yearn":31.80347}