{"stakedao":45.362601139957484,"convex":22.07721641184,"yearn":40.45004}