{"stakedao":42.17369789613266,"convex":22.983146779176,"yearn":29.43448}