{"stakedao":53.693265966608465,"convex":9.7656871372272,"yearn":19.61118}