{"stakedao":45.736056010605914,"convex":21.812575145688,"yearn":43.40256}