{"stakedao":45.68036116305993,"convex":22.040983758513597,"yearn":42.19227}