{"stakedao":41.62021501392996,"convex":13.270909730831999,"yearn":15.02581}