{"stakedao":55.5948695476295,"convex":9.7769272582656,"yearn":20.20874}