{"stakedao":42.80266772187137,"convex":15.895739882433599,"yearn":16.66658}