{"stakedao":67.64538945272099,"convex":23.5564568093808,"yearn":36.38978}