{"stakedao":54.087400730181734,"convex":11.7334455360192,"yearn":27.84267}