{"stakedao":41.550956623968446,"convex":15.033272401915202,"yearn":14.94948}