{"stakedao":57.59125612445049,"convex":11.002257194832,"yearn":17.47709}