{"stakedao":42.45455153148393,"convex":22.1739861131856,"yearn":25.63563}