{"stakedao":40.52704034254451,"convex":13.2039333280512,"yearn":18.27489}