{"stakedao":66.37881986773974,"convex":20.5489074394944,"yearn":43.90208}