{"stakedao":42.641857861795046,"convex":12.1985838474768,"yearn":18.47197}