{"stakedao":45.739850254552074,"convex":22.015470566865602,"yearn":41.78893}