{"stakedao":45.79224281687091,"convex":31.021526328638398,"yearn":40.88333}