{"stakedao":51.261221014237265,"convex":25.778733462475202,"yearn":32.96049}