{"stakedao":43.67991719698317,"convex":12.341226874032,"yearn":19.17771}