{"stakedao":55.82045705331168,"convex":11.603509593767999,"yearn":13.92704}