{"stakedao":39.46485172956033,"convex":15.7213907443872,"yearn":26.79239}