{"stakedao":42.771435724954934,"convex":12.38166991764,"yearn":20.72892}