{"stakedao":43.05906134863113,"convex":13.7497547389536,"yearn":17.03028}