{"stakedao":40.77970833908077,"convex":20.8578566721168,"yearn":26.83025}