{"stakedao":44.98443875476768,"convex":22.118771859465603,"yearn":43.70346}