{"stakedao":45.3719925223361,"convex":20.4690308322528,"yearn":47.45392}