{"stakedao":78.31016604945074,"convex":21.0014456399136,"yearn":33.63023}