{"stakedao":40.80234049817912,"convex":16.3009077657984,"yearn":19.97703}