{"stakedao":37.534272006285654,"convex":15.358409120102401,"yearn":26.27335}