{"stakedao":50.91375169034548,"convex":25.4490852167424,"yearn":29.7314}