{"stakedao":41.38461251012954,"convex":17.52990204996,"yearn":33.59631}