{"stakedao":43.04770298295848,"convex":21.042438970953597,"yearn":29.6483}