{"stakedao":51.67514984462797,"convex":24.299871279336,"yearn":41.5223}