{"stakedao":43.77456757308258,"convex":12.341226874032,"yearn":19.17771}