{"stakedao":39.2591932769603,"convex":16.2792219786336,"yearn":27.95499}