{"stakedao":43.06472767926164,"convex":22.18135506408,"yearn":28.1515}