{"stakedao":45.625753899798305,"convex":22.040019040737597,"yearn":41.84672}