{"stakedao":37.50505899323892,"convex":15.3655558620336,"yearn":26.26615}