{"stakedao":44.88960688932791,"convex":21.7200371466528,"yearn":50.20835}