{"stakedao":62.922383050119244,"convex":20.0113230709584,"yearn":39.9122}