{"stakedao":39.65198267437662,"convex":15.427871083180799,"yearn":25.60773}