{"stakedao":50.02959481604158,"convex":10.847138936644802,"yearn":37.44908}