{"stakedao":55.06388209128916,"convex":10.5502239740736,"yearn":14.75564}