{"stakedao":61.64442183530087,"convex":19.758150631223998,"yearn":41.24927}