{"stakedao":61.9846396452113,"convex":19.009047136248,"yearn":49.05331}