{"stakedao":56.51454277742464,"convex":30.9827837786832,"yearn":45.85568}