{"stakedao":40.88428806380621,"convex":16.7516785184832,"yearn":33.95094}