{"stakedao":45.67646268335303,"convex":10.722638019009601,"yearn":26.46029}