{"stakedao":57.99643442195003,"convex":11.006577579528,"yearn":15.30387}