{"stakedao":39.08277697327634,"convex":18.0395631574272,"yearn":29.43448}