{"stakedao":54.454369524861434,"convex":9.7989644132352,"yearn":19.85916}