{"stakedao":40.857750055833506,"convex":13.266189930081598,"yearn":15.67314}