{"stakedao":66.77961399431513,"convex":20.3264203603104,"yearn":42.32066}