{"stakedao":45.63236969944367,"convex":22.9152899228112,"yearn":32.87769}