{"stakedao":40.645981518517566,"convex":19.096791316387197,"yearn":29.04487}