{"stakedao":55.07516149082788,"convex":11.3462150677056,"yearn":22.51007}