{"stakedao":79.18243537799164,"convex":19.7035515471024,"yearn":40.64555}