{"stakedao":56.92044405465911,"convex":12.2658933871008,"yearn":24.53464}