{"stakedao":55.919867847448145,"convex":10.6688948913072,"yearn":14.48099}