{"stakedao":52.72233940133545,"convex":11.288678247503999,"yearn":16.5015}