{"stakedao":45.786197265139464,"convex":23.3498959746912,"yearn":32.42697}