{"stakedao":55.36700174682063,"convex":11.313933641812799,"yearn":15.45908}