{"stakedao":45.483512575448685,"convex":10.6126092146016,"yearn":24.96123}