{"stakedao":40.85360767603194,"convex":16.5267316186848,"yearn":33.35626}