{"stakedao":39.34143944476856,"convex":16.4603520757008,"yearn":26.43063}