{"stakedao":43.28108276346191,"convex":14.876194159252801,"yearn":17.838}