{"stakedao":42.403879831101115,"convex":15.2839265091408,"yearn":19.78139}