{"stakedao":43.2616497595982,"convex":23.6613496135248,"yearn":31.1563}