{"stakedao":57.94159680301166,"convex":12.6641127764448,"yearn":14.94602}