{"stakedao":41.36383881173873,"convex":17.531488563047997,"yearn":34.20933}