{"stakedao":65.76629822053503,"convex":19.6152142851792,"yearn":38.98076}