{"stakedao":42.5455963375785,"convex":13.1899561944192,"yearn":17.11728}