{"stakedao":42.13321401298385,"convex":22.9801348672704,"yearn":29.43448}