{"stakedao":39.477903804283585,"convex":15.6327144673104,"yearn":26.7522}