{"stakedao":44.57794580615956,"convex":22.126636348142398,"yearn":46.51588}