{"stakedao":44.80743321550789,"convex":22.7002262666544,"yearn":47.43571}