{"stakedao":44.910087787930934,"convex":20.4955079312016,"yearn":47.59506}