{"stakedao":50.2423221710548,"convex":9.981571060512,"yearn":17.31933}