{"stakedao":46.05529323994313,"convex":21.647727533232,"yearn":42.19701}