{"stakedao":42.51281230525235,"convex":21.138094738785597,"yearn":29.47151}