{"stakedao":37.51124016370525,"convex":15.363985053873598,"yearn":26.93907}