{"stakedao":40.81100454759515,"convex":17.2375795678464,"yearn":31.07634}