{"stakedao":55.14302612399748,"convex":10.5820001680176,"yearn":17.02825}