{"stakedao":38.955975445350745,"convex":15.9636590854704,"yearn":27.8517}