{"stakedao":42.52396490673856,"convex":21.134029713696,"yearn":29.34486}