{"stakedao":40.2591430707152,"convex":16.1710167434256,"yearn":34.98559}