{"stakedao":50.201543868129015,"convex":13.490869398292798,"yearn":17.53221}