{"stakedao":66.86992661663352,"convex":20.3264203603104,"yearn":42.32066}