{"stakedao":39.01132552261723,"convex":16.3222610342256,"yearn":27.95499}