{"stakedao":42.523117087696804,"convex":21.087136195732796,"yearn":32.75571}