{"stakedao":41.370675062591836,"convex":17.5368496704336,"yearn":32.0631}