{"stakedao":40.60214663654477,"convex":19.143232472505602,"yearn":29.50742}