{"stakedao":41.256086060803824,"convex":20.983229386704,"yearn":24.04859}