{"stakedao":52.30849589403025,"convex":17.5715440323696,"yearn":18.5252}