{"stakedao":42.7227024312294,"convex":15.7013996293296,"yearn":17.01509}