{"stakedao":41.305541318006824,"convex":21.0239400101184,"yearn":23.90504}