{"stakedao":49.034147522006165,"convex":29.4479951769504,"yearn":35.20851}