{"stakedao":41.450905195418684,"convex":22.101807159719996,"yearn":26.06025}