{"stakedao":42.939144804314395,"convex":15.2869791434832,"yearn":17.84256}