{"stakedao":45.61203285873526,"convex":8.9862402423168,"yearn":29.10361}