{"stakedao":54.04011346623231,"convex":15.9168696016176,"yearn":23.37678}