{"stakedao":55.74950146324218,"convex":10.4277390740784,"yearn":16.38765}