{"stakedao":41.94143769554375,"convex":13.1766941522016,"yearn":15.95773}