{"stakedao":40.90231241081087,"convex":17.1156037566528,"yearn":30.21915}