{"stakedao":51.769740924575636,"convex":12.209375094552,"yearn":25.16539}