{"stakedao":53.75157107943924,"convex":15.776416047009597,"yearn":23.88161}