{"stakedao":63.19786737302954,"convex":20.1839373600336,"yearn":45.54567}