{"stakedao":48.842588752272086,"convex":11.0790614955744,"yearn":19.99554}