{"stakedao":55.69389819037435,"convex":11.312884650384,"yearn":15.68421}