{"stakedao":42.61320955273611,"convex":21.0334596152976,"yearn":33.61922}