{"stakedao":52.710109969472505,"convex":24.3504407659104,"yearn":38.16242}