{"stakedao":44.37052863679648,"convex":23.7715270786368,"yearn":33.96982}