{"stakedao":67.83497401059215,"convex":19.7069514495696,"yearn":40.10503}