{"stakedao":44.199512383187276,"convex":19.563454163232002,"yearn":43.80257}