{"stakedao":41.45711234533327,"convex":13.7297741348448,"yearn":16.39301}