{"stakedao":52.49956319612724,"convex":17.5715440323696,"yearn":18.5252}