{"stakedao":61.38481719106571,"convex":19.7629890199488,"yearn":41.33554}