{"stakedao":47.66012775983194,"convex":11.540228115888002,"yearn":33.74406}