{"stakedao":53.839424317851154,"convex":11.401150171060799,"yearn":16.39786}