{"stakedao":53.854044594094034,"convex":11.397544477272001,"yearn":16.73258}