{"stakedao":40.89572243225187,"convex":16.7546000292912,"yearn":34.12173}