{"stakedao":40.73472552125441,"convex":18.8782112953152,"yearn":29.24838}