{"stakedao":49.791714748089944,"convex":17.4410504611056,"yearn":19.53135}