{"stakedao":42.154120464789195,"convex":22.730395736088,"yearn":26.05104}