{"stakedao":39.78154385589277,"convex":15.5447435780208,"yearn":33.92796}