{"stakedao":68.2771633989793,"convex":23.474804476204802,"yearn":36.18087}