{"stakedao":41.416020152343734,"convex":18.0854456280768,"yearn":31.15485}