{"stakedao":66.86742828893563,"convex":20.7314043257232,"yearn":42.87534}