{"stakedao":38.80474752523172,"convex":16.4335541326416,"yearn":29.43448}