{"stakedao":65.57920801333816,"convex":20.3552903194848,"yearn":42.42153}