{"stakedao":67.47120726835252,"convex":23.5922325123744,"yearn":36.18087}