{"stakedao":53.78269835198537,"convex":11.840726898878401,"yearn":27.51547}