{"stakedao":63.49973688670712,"convex":20.533145109667203,"yearn":42.44594}