{"stakedao":39.39002501377232,"convex":15.697856849860802,"yearn":25.46695}