{"stakedao":40.534880284730875,"convex":17.22449575764,"yearn":30.23145}