{"stakedao":42.67715191339079,"convex":24.9107925717216,"yearn":28.46404}