{"stakedao":53.71774918537431,"convex":15.9169404062448,"yearn":23.29554}