{"stakedao":42.689385930415106,"convex":24.911093841436802,"yearn":28.94661}