{"stakedao":53.29645543620902,"convex":13.5880243244928,"yearn":32.53125}