{"stakedao":41.2154868265406,"convex":20.6550747016992,"yearn":24.37489}