{"stakedao":47.82403995687338,"convex":10.6424403626736,"yearn":20.13012}