{"stakedao":51.07098951891385,"convex":22.6908731053296,"yearn":42.19701}