{"stakedao":46.95253090601479,"convex":28.356034481726404,"yearn":30.11081}