{"stakedao":45.39752529769885,"convex":23.1158203205904,"yearn":37.49388}