{"stakedao":39.72205778036029,"convex":15.806019984508799,"yearn":33.56922}