{"stakedao":40.79852904390432,"convex":16.0287822909792,"yearn":19.97703}