{"stakedao":52.158789356478195,"convex":10.9682216451648,"yearn":17.44322}