{"stakedao":43.08778708621218,"convex":14.8045311946656,"yearn":18.70426}