{"stakedao":39.11315482398981,"convex":16.4720414081376,"yearn":26.58268}