{"stakedao":43.22316038950985,"convex":27.877644383558398,"yearn":27.47191}