{"stakedao":43.50374839864125,"convex":26.4890344701744,"yearn":26.89067}