{"stakedao":53.87024570119295,"convex":13.802373289742402,"yearn":19.3501}