{"stakedao":56.36961811974953,"convex":31.040410331419203,"yearn":46.74001}