{"stakedao":42.177778316942074,"convex":22.9808547206208,"yearn":29.43448}