{"stakedao":43.32832320404796,"convex":15.2768792002176,"yearn":18.57206}