{"stakedao":47.53175189276507,"convex":22.840933862664002,"yearn":38.78978}