{"stakedao":68.72182247588128,"convex":20.2625229118176,"yearn":31.68482}