{"stakedao":53.77151184454526,"convex":26.718865290374403,"yearn":27.86513}