{"stakedao":53.81900862319179,"convex":11.3977681274304,"yearn":15.60001}