{"stakedao":45.60614376510546,"convex":22.9509637676784,"yearn":33.37392}