{"stakedao":51.7601923889395,"convex":25.283161876636797,"yearn":31.73418}