{"stakedao":49.850430094328985,"convex":13.640181831576001,"yearn":17.17808}