{"stakedao":53.764395134509385,"convex":11.741982037934399,"yearn":16.84658}