{"stakedao":40.57752732018966,"convex":17.200592068824,"yearn":30.9455}