{"stakedao":43.46220060241086,"convex":19.5362900399088,"yearn":44.61785}