{"stakedao":40.6231339552795,"convex":20.208628001347197,"yearn":27.08613}