{"stakedao":40.810274735073875,"convex":19.1429364377664,"yearn":29.18756}