{"stakedao":42.2672963513195,"convex":22.816542485376,"yearn":29.43448}