{"stakedao":53.454283673273565,"convex":13.743785601719999,"yearn":27.9006}