{"stakedao":46.646798839110026,"convex":32.3459399804688,"yearn":27.31148}