{"stakedao":57.82402339643556,"convex":31.115884913568,"yearn":48.028}