{"stakedao":43.18141315466832,"convex":22.1901671023344,"yearn":28.1515}