{"stakedao":49.95390821838098,"convex":10.6425094580496,"yearn":20.13012}