{"stakedao":37.41021980579167,"convex":25.4929817740176,"yearn":29.71729}