{"stakedao":47.37995052515242,"convex":21.5049873348,"yearn":42.19701}