{"stakedao":47.38203665348956,"convex":13.0352649147504,"yearn":24.47951}