{"stakedao":46.146268797660625,"convex":12.097608448406397,"yearn":23.54478}