{"stakedao":52.71288730897702,"convex":28.1202372048528,"yearn":29.50557}