{"stakedao":48.29429687422612,"convex":14.959804452292797,"yearn":17.42395}