{"stakedao":46.412213133499435,"convex":20.2694201283024,"yearn":44.38125}