{"stakedao":51.86535158441636,"convex":26.7015556845504,"yearn":27.56114}