{"stakedao":45.26987585594877,"convex":23.101948523505598,"yearn":31.87813}