{"stakedao":45.48045888085646,"convex":22.9386456578592,"yearn":32.41659}