{"stakedao":40.85745671084338,"convex":19.094488538745598,"yearn":29.60422}