{"stakedao":40.129649489010035,"convex":13.152390719356799,"yearn":17.84107}