{"stakedao":46.60701210709691,"convex":21.575307808713603,"yearn":42.19701}