{"stakedao":42.503078794148216,"convex":20.692261678536,"yearn":31.45666}