{"stakedao":45.61074194846144,"convex":23.0471423235504,"yearn":32.78784}