{"stakedao":55.527188935810386,"convex":12.114009284471999,"yearn":17.18868}