{"stakedao":52.868995904348125,"convex":11.347739221507199,"yearn":22.35436}