{"stakedao":41.10343402744681,"convex":20.983229386704,"yearn":24.14219}