{"stakedao":42.55533804088767,"convex":13.1890958198064,"yearn":16.86146}