{"stakedao":51.762812640274916,"convex":13.750591247121601,"yearn":16.96703}