{"stakedao":42.420403640109555,"convex":22.3424785839888,"yearn":25.94319}