{"stakedao":47.360535823057305,"convex":10.184610522369601,"yearn":18.0756}