{"stakedao":41.68889472768609,"convex":13.8021822099648,"yearn":15.90631}