{"stakedao":39.51821964518748,"convex":14.869706251665601,"yearn":21.54529}