{"stakedao":47.64364363237353,"convex":22.3569427123008,"yearn":39.17206}