{"stakedao":51.38092568083785,"convex":25.471849718016003,"yearn":29.12513}