{"stakedao":47.44412766743933,"convex":29.3368351415328,"yearn":34.61332}