{"stakedao":42.10770821390549,"convex":22.7501866385424,"yearn":26.23575}