{"stakedao":45.67225383051513,"convex":10.7248805376624,"yearn":26.46029}