{"stakedao":43.988473642319256,"convex":14.1768720977472,"yearn":16.74948}