{"stakedao":50.8468975984668,"convex":12.180554760427201,"yearn":25.3607}