{"stakedao":55.08792553308696,"convex":12.270747761424001,"yearn":24.9984}