{"stakedao":52.34243264555418,"convex":10.969006560436801,"yearn":17.57359}