{"stakedao":37.517862611889,"convex":15.3565007505984,"yearn":26.17088}