{"stakedao":40.64210048568039,"convex":5.389760490623999,"yearn":19.8536}