{"stakedao":48.76735425007144,"convex":12.6974704408704,"yearn":23.26827}