{"stakedao":40.98958111849963,"convex":20.844077102064,"yearn":26.54113}