{"stakedao":64.1887808729486,"convex":12.688076093529597,"yearn":46.68695}