{"stakedao":47.50829177515084,"convex":10.1884140572544,"yearn":17.76321}