{"stakedao":55.39402344492127,"convex":12.1249418317488,"yearn":15.49304}