{"stakedao":65.7175802496821,"convex":10.3159435756464,"yearn":37.22677}