{"stakedao":45.38532384915227,"convex":20.517329193868797,"yearn":44.34315}