{"stakedao":45.441472921840976,"convex":20.531296037304003,"yearn":44.30352}