{"stakedao":57.525985449066546,"convex":11.002257194832,"yearn":15.05915}