{"stakedao":28.823445893231167,"convex":15.7238282469744,"yearn":24.15503}