{"stakedao":54.360382644612585,"convex":11.7224221745232,"yearn":16.42123}