{"stakedao":39.942088652850416,"convex":13.135795088572802,"yearn":17.82447}