{"stakedao":28.97195046440504,"convex":15.8553652877136,"yearn":25.81229}