{"stakedao":48.085506701149,"convex":12.1080549786192,"yearn":23.78283}