{"stakedao":41.3818511236331,"convex":14.7439026291744,"yearn":21.05012}