{"stakedao":47.494594877304905,"convex":21.095251392456,"yearn":42.1963}