{"stakedao":45.293432450385524,"convex":20.4700236296832,"yearn":48.65737}