{"stakedao":38.92830552001666,"convex":16.312574433312,"yearn":27.95499}