{"stakedao":41.89613315923021,"convex":17.4978458541792,"yearn":33.73484}