{"stakedao":40.45411114110085,"convex":13.176583473456,"yearn":18.74012}