{"stakedao":43.68795227949508,"convex":12.341226874032,"yearn":19.17771}