{"stakedao":40.022284949495074,"convex":16.4342190250512,"yearn":19.55213}