{"stakedao":42.66410064676597,"convex":13.2216095777184,"yearn":17.89337}