{"stakedao":45.1183935522958,"convex":9.0180075304944,"yearn":25.44211}