{"stakedao":47.41969069433081,"convex":22.3944013970064,"yearn":38.68695}