{"stakedao":43.336476200971006,"convex":28.5641659101312,"yearn":26.54277}