{"stakedao":54.15838444956148,"convex":10.707571370188802,"yearn":23.58551}