{"stakedao":48.56167203027191,"convex":29.3370158365056,"yearn":36.05609}