{"stakedao":38.78020406583915,"convex":18.0930701593296,"yearn":29.43448}