{"stakedao":40.76637048520809,"convex":17.2168840930752,"yearn":30.53624}