{"stakedao":51.10347765634216,"convex":13.865520405340801,"yearn":27.9006}