{"stakedao":39.80156329344139,"convex":13.135779241732802,"yearn":17.84107}