{"stakedao":41.094413472852146,"convex":21.7353356008416,"yearn":27.00652}