{"stakedao":45.415063739836185,"convex":20.1840959924208,"yearn":42.20166}