{"stakedao":37.626543326527276,"convex":15.3372579406704,"yearn":27.83607}