{"stakedao":44.27452228613082,"convex":19.578576889368,"yearn":43.79069}