{"stakedao":47.5676126722426,"convex":22.9855370566032,"yearn":40.82043}