{"stakedao":57.850471105624464,"convex":24.3125681428224,"yearn":39.15501}