{"stakedao":38.8132350774121,"convex":16.4041820225856,"yearn":27.95499}