{"stakedao":42.47985396044708,"convex":20.686321699487998,"yearn":29.66441}