{"stakedao":41.470448230233835,"convex":13.272026896785599,"yearn":18.69633}