{"stakedao":65.30166138847173,"convex":19.068536110535998,"yearn":32.46626}