{"stakedao":67.66467893559806,"convex":20.2530588982992,"yearn":31.68482}