{"stakedao":42.72842657022284,"convex":25.3983350698848,"yearn":29.77649}