{"stakedao":46.17801260508846,"convex":11.1658962657744,"yearn":32.1811}