{"stakedao":39.218517397632056,"convex":16.265954054952,"yearn":27.95499}