{"stakedao":44.18817921093786,"convex":19.57262808024,"yearn":43.12273}