{"stakedao":45.39082931564534,"convex":10.7186542968816,"yearn":25.98379}