{"stakedao":53.99902678481255,"convex":12.2700897753984,"yearn":26.87737}