{"stakedao":55.24293698585631,"convex":10.664636528462403,"yearn":14.51746}