{"stakedao":37.63462526345583,"convex":14.1258831319152,"yearn":24.88211}