{"stakedao":44.709856105295614,"convex":22.120932740875197,"yearn":47.21755}