{"stakedao":40.7468004326473,"convex":18.8782112953152,"yearn":29.24838}