{"stakedao":45.31871295533438,"convex":13.221416391336,"yearn":25.01082}