{"stakedao":55.836561409381204,"convex":13.713842784672,"yearn":18.35632}