{"stakedao":37.611758925463924,"convex":14.1595774399872,"yearn":24.78796}