{"stakedao":51.07581517108055,"convex":9.5977751401152,"yearn":18.37774}