{"stakedao":67.91314327850209,"convex":23.5465966311696,"yearn":36.53848}