{"stakedao":44.469739061535705,"convex":22.612746446496,"yearn":44.71437}