{"stakedao":56.71319131247404,"convex":30.9848237794512,"yearn":45.16114}