{"stakedao":39.23197149667943,"convex":18.0394509523392,"yearn":29.43448}