{"stakedao":37.57133338965368,"convex":14.0883758123904,"yearn":26.20015}