{"stakedao":50.13993066610229,"convex":13.646085846969601,"yearn":17.17808}