{"stakedao":39.0102675198865,"convex":16.0594327254096,"yearn":27.64107}