{"stakedao":42.60923295111129,"convex":21.0256634052144,"yearn":29.09128}