{"stakedao":63.06486802910957,"convex":19.124641243641598,"yearn":46.115}