{"stakedao":53.561223689970724,"convex":10.7594389289808,"yearn":23.95018}