{"stakedao":66.98013623323064,"convex":20.4495405719472,"yearn":43.29849}