{"stakedao":50.93894989789425,"convex":25.206772085078402,"yearn":31.54352}