{"stakedao":57.90261925962815,"convex":12.5205987161088,"yearn":14.09696}