{"stakedao":41.37110540489836,"convex":17.536925700576,"yearn":34.24767}