{"stakedao":39.483999772691334,"convex":15.5674434368016,"yearn":33.30339}