{"stakedao":39.258801809828185,"convex":16.461902278238398,"yearn":26.47267}