{"stakedao":53.330944056362554,"convex":15.9399867289824,"yearn":23.95283}