{"stakedao":53.75182104588146,"convex":26.819783814268796,"yearn":28.87189}