{"stakedao":42.2459252124913,"convex":15.3560733810336,"yearn":19.13259}