{"stakedao":65.08819625266122,"convex":18.9328782795984,"yearn":43.13606}