{"stakedao":55.86987862357259,"convex":11.4049659923712,"yearn":15.15678}