{"stakedao":44.26057017554105,"convex":23.7706528502592,"yearn":32.53802}