{"stakedao":53.05444847413294,"convex":13.731699448641601,"yearn":27.80176}