{"stakedao":48.034628482475476,"convex":26.0305299139968,"yearn":27.71387}