{"stakedao":46.11544409780166,"convex":28.392093504144,"yearn":30.23927}