{"stakedao":61.813667810799295,"convex":19.758367797580803,"yearn":41.16184}