{"stakedao":44.95117972535742,"convex":23.1158371103568,"yearn":37.04121}