{"stakedao":54.94184253418091,"convex":10.4931715720608,"yearn":16.3419}