{"stakedao":48.346537745092334,"convex":27.936895705704,"yearn":26.93283}