{"stakedao":55.69306286923697,"convex":10.5323623999488,"yearn":21.64937}