{"stakedao":39.49562294969452,"convex":15.692651278027201,"yearn":33.21796}