{"stakedao":41.04701067100745,"convex":19.7909488533168,"yearn":0}