{"stakedao":45.56707447490227,"convex":20.519946353894397,"yearn":45.56996}