{"stakedao":44.288892440640986,"convex":23.2250471266752,"yearn":35.95222}