{"stakedao":43.013612881619444,"convex":28.587713882328003,"yearn":27.91809}