{"stakedao":63.72287575399726,"convex":17.3968596697968,"yearn":33.85036}