{"stakedao":42.628466645591224,"convex":24.884539971249602,"yearn":27.27709}