{"stakedao":40.469719817659595,"convex":17.156180478211198,"yearn":30.55222}