{"stakedao":40.70948148639947,"convex":13.264079030078399,"yearn":15.47349}