{"stakedao":40.46640562130187,"convex":16.2376877168928,"yearn":34.4375}