{"stakedao":41.18414632817931,"convex":13.227327742003201,"yearn":16.04098}