{"stakedao":45.425802633461444,"convex":20.951705234779197,"yearn":43.35964}