{"stakedao":41.00514359754802,"convex":15.119486057980799,"yearn":20.22292}