{"stakedao":62.58453204322675,"convex":19.244937803832,"yearn":46.9064}