{"stakedao":55.339293929897934,"convex":12.0898725383088,"yearn":17.02752}