{"stakedao":57.52434064978735,"convex":11.002257194832,"yearn":15.05915}