{"stakedao":53.67206285999532,"convex":13.845424789439999,"yearn":19.19981}