{"stakedao":67.32955971538044,"convex":24.159315264264,"yearn":36.152}