{"stakedao":53.62490828308539,"convex":9.7656871372272,"yearn":19.58847}