{"stakedao":55.545049735286185,"convex":11.313933641812799,"yearn":15.45494}