{"stakedao":48.237276185953775,"convex":11.4709498216272,"yearn":34.61514}