{"stakedao":41.602144299400216,"convex":18.274650946833603,"yearn":31.77792}