{"stakedao":50.17467143362432,"convex":10.011564395078398,"yearn":17.4518}