{"stakedao":42.65740560607591,"convex":12.205422514223999,"yearn":18.10558}