{"stakedao":44.25676311554059,"convex":19.578576889368,"yearn":43.79069}