{"stakedao":52.37388891770864,"convex":11.9749504599216,"yearn":24.95174}