{"stakedao":39.391588299488625,"convex":15.739417037347199,"yearn":24.66142}