{"stakedao":37.58291569473686,"convex":14.0870492757792,"yearn":26.56009}