{"stakedao":45.63477008401306,"convex":8.980396132708801,"yearn":29.24036}