{"stakedao":56.40981526856685,"convex":11.015215267852803,"yearn":16.14366}