{"stakedao":41.641478867544464,"convex":20.693449081468803,"yearn":26.23603}