{"stakedao":52.05126215498146,"convex":15.9545718356976,"yearn":25.8044}