{"stakedao":55.40692207539353,"convex":9.809675237203201,"yearn":20.31924}