{"stakedao":42.606599365569714,"convex":21.086985456806396,"yearn":32.71028}