{"stakedao":47.322159865797424,"convex":29.326733791761598,"yearn":34.82583}