{"stakedao":39.69922969734295,"convex":15.682285432670401,"yearn":33.23304}