{"stakedao":44.13545351514755,"convex":19.5635654821584,"yearn":43.84268}