{"stakedao":49.13100844490771,"convex":10.7484002378352,"yearn":36.79165}