{"stakedao":47.401726914873706,"convex":8.982104258073601,"yearn":29.66383}