{"stakedao":55.76208180741315,"convex":11.011503398659201,"yearn":15.71723}