{"stakedao":42.755537175852574,"convex":28.584042379214402,"yearn":26.85123}