{"stakedao":45.83089828733034,"convex":30.9819041166528,"yearn":42.27556}