{"stakedao":40.55894864472414,"convex":20.2058478790416,"yearn":28.49719}