{"stakedao":53.15642817929725,"convex":24.152179351795198,"yearn":38.1862}