{"stakedao":49.429888020421984,"convex":10.7482223148768,"yearn":36.8255}