{"stakedao":49.982891528206,"convex":11.0934143301888,"yearn":37.48255}