{"stakedao":52.18481080231701,"convex":28.2039994383408,"yearn":29.04551}