{"stakedao":71.03977593261462,"convex":21.1928792198976,"yearn":31.73428}