{"stakedao":53.784514132619755,"convex":15.9168696016176,"yearn":23.37678}