{"stakedao":55.94439173376796,"convex":12.2660488280448,"yearn":24.69419}