{"stakedao":55.50625493822852,"convex":11.3840492357952,"yearn":14.25039}