{"stakedao":41.35876221511896,"convex":22.094833799563197,"yearn":26.06025}