{"stakedao":47.129187538391385,"convex":12.2067961309296,"yearn":24.17967}