{"stakedao":64.07996591466373,"convex":17.3325994090848,"yearn":33.01267}