{"stakedao":52.19480218780994,"convex":17.5715436381696,"yearn":18.5252}