{"stakedao":40.500897928483596,"convex":19.148361963739198,"yearn":28.76108}