{"stakedao":44.46335489355909,"convex":22.6061314172928,"yearn":48.70925}