{"stakedao":52.98218662801811,"convex":14.2631594534448,"yearn":22.07666}