{"stakedao":54.000874594102065,"convex":12.2113257349104,"yearn":15.57854}