{"stakedao":39.1654890396586,"convex":16.395036689808002,"yearn":27.42419}