{"stakedao":51.477736167344695,"convex":13.8352935719232,"yearn":27.9006}