{"stakedao":57.061853565908535,"convex":31.1471785688688,"yearn":43.03236}