{"stakedao":57.29824009295443,"convex":30.728598317481598,"yearn":40.83901}