{"stakedao":67.06160481091476,"convex":19.610058284784003,"yearn":40.68387}