{"stakedao":51.57565974342586,"convex":29.360194112174398,"yearn":37.43393}