{"stakedao":45.735658251929145,"convex":20.5198409984256,"yearn":43.63446}