{"stakedao":59.096028601271556,"convex":16.9635069405504,"yearn":36.03806}