{"stakedao":41.021888566288055,"convex":13.732290379670399,"yearn":16.3816}