{"stakedao":52.170545511074714,"convex":13.724363273112,"yearn":18.76979}