{"stakedao":40.84353902997502,"convex":18.8800227988416,"yearn":29.24838}