{"stakedao":52.60216162402918,"convex":13.6842063777072,"yearn":31.6644}