{"stakedao":42.46562780830697,"convex":12.381875254843198,"yearn":20.72892}