{"stakedao":57.0663647473131,"convex":11.0136171274416,"yearn":15.31908}