{"stakedao":53.98574644458492,"convex":10.745711800142399,"yearn":24.4753}