{"stakedao":62.68533003509884,"convex":20.3128392021552,"yearn":42.9931}