{"stakedao":44.65538036885843,"convex":22.6581001278048,"yearn":49.36006}