{"stakedao":45.45021724203625,"convex":20.5302911521248,"yearn":44.18584}