{"stakedao":45.68564061313456,"convex":10.707980981832002,"yearn":27.41637}