{"stakedao":38.774141447429464,"convex":17.967607299086403,"yearn":29.43448}