{"stakedao":44.54678041113591,"convex":10.6310896196544,"yearn":25.64361}