{"stakedao":49.50143476572478,"convex":31.171608451612798,"yearn":27.16817}