{"stakedao":45.69940163651342,"convex":8.9915203147968,"yearn":27.48784}