{"stakedao":48.31231623756442,"convex":31.3365943052784,"yearn":27.06709}