{"stakedao":64.64137595682871,"convex":20.4240453873552,"yearn":37.94986}