{"stakedao":64.8675535366007,"convex":19.0170775673568,"yearn":41.94741}