{"stakedao":45.00470615572922,"convex":9.0129336372288,"yearn":25.96647}