{"stakedao":52.79179922898315,"convex":11.278783631980799,"yearn":16.66277}