{"stakedao":54.62662808490239,"convex":10.4416849460736,"yearn":16.20094}