{"stakedao":43.40460501050557,"convex":25.127968338864,"yearn":28.89138}