{"stakedao":38.63860477212042,"convex":16.448553083131202,"yearn":29.43448}