{"stakedao":45.79146467884001,"convex":20.1820224215808,"yearn":42.67403}