{"stakedao":43.420396955454336,"convex":26.5434330894048,"yearn":27.46267}