{"stakedao":38.89267426708266,"convex":16.30412240688,"yearn":27.95499}