{"stakedao":52.180431770276925,"convex":11.990216047291199,"yearn":24.96854}