{"stakedao":62.92627422574657,"convex":19.1397218912928,"yearn":46.115}