{"stakedao":39.692557314462654,"convex":15.682587046127999,"yearn":33.20477}