{"stakedao":53.54370991360184,"convex":11.3976252945792,"yearn":16.68525}