{"stakedao":51.61356756797968,"convex":22.950358642296003,"yearn":34.56538}