{"stakedao":53.77908798441878,"convex":13.847348822875201,"yearn":19.19981}