{"stakedao":47.16456945467055,"convex":13.234161965328,"yearn":24.33976}