{"stakedao":40.92436376669382,"convex":19.1346097953168,"yearn":29.10117}