{"stakedao":51.34903086436836,"convex":25.1001851102496,"yearn":34.69998}