{"stakedao":40.05465211036995,"convex":13.1408660962944,"yearn":17.30811}