{"stakedao":41.64306364657624,"convex":13.8538069226352,"yearn":21.48847}