{"stakedao":44.82172423212508,"convex":9.0120519821232,"yearn":26.58161}