{"stakedao":44.55741018324219,"convex":19.576243534420797,"yearn":43.34587}