{"stakedao":55.046635827437626,"convex":11.3461498701792,"yearn":22.51007}