{"stakedao":49.460174652364636,"convex":29.294451823449602,"yearn":34.15085}