{"stakedao":41.18405228681873,"convex":21.7483969921056,"yearn":27.43015}