{"stakedao":46.42909644961911,"convex":22.1901667775136,"yearn":40.54853}