{"stakedao":42.32644628688993,"convex":20.643218707809602,"yearn":29.03508}