{"stakedao":54.89562225641169,"convex":11.3418754492032,"yearn":21.92061}