{"stakedao":52.32736017360501,"convex":10.9676811748896,"yearn":17.38129}