{"stakedao":49.9096257849382,"convex":31.217062527777603,"yearn":26.9023}