{"stakedao":42.81768245728911,"convex":12.4134451402752,"yearn":17.46297}