{"stakedao":64.000699259779,"convex":20.2135734831744,"yearn":37.94986}