{"stakedao":39.322948070420956,"convex":15.519965307624,"yearn":31.23347}