{"stakedao":49.16936721246696,"convex":22.8934243962144,"yearn":34.21333}