{"stakedao":42.39778314919236,"convex":22.9838057995824,"yearn":29.43448}