{"stakedao":56.215547389628824,"convex":11.3854387182624,"yearn":14.29266}