{"stakedao":57.19023938163059,"convex":12.262598723419199,"yearn":24.42802}