{"stakedao":51.8495516972326,"convex":13.941272769192,"yearn":26.93436}