{"stakedao":55.77517173897585,"convex":11.389651334985599,"yearn":14.42661}