{"stakedao":52.79460741828959,"convex":24.349571378308802,"yearn":38.16242}