{"stakedao":55.792535538477175,"convex":10.4282529752736,"yearn":16.34748}