{"stakedao":41.12563727791043,"convex":20.6636776878096,"yearn":23.23592}