{"stakedao":43.583295113580306,"convex":26.4910241394864,"yearn":26.6665}