{"stakedao":40.571428988756686,"convex":16.2534313837152,"yearn":34.18214}