{"stakedao":44.41818762364103,"convex":23.30441785548,"yearn":31.37247}