{"stakedao":73.52818262942694,"convex":20.363905614095998,"yearn":0}