{"stakedao":40.74627314267606,"convex":4.9563218730816,"yearn":19.8536}