{"stakedao":44.831138837083756,"convex":20.458801440014398,"yearn":48.014}