{"stakedao":39.165793970847005,"convex":16.395036689808002,"yearn":27.42419}