{"stakedao":54.23240176342586,"convex":10.606441302806399,"yearn":15.20748}