{"stakedao":51.04683937778188,"convex":9.5717573062416,"yearn":17.91859}