{"stakedao":42.60885086748266,"convex":21.0924597595104,"yearn":32.98287}