{"stakedao":49.923659371168156,"convex":22.704731294630403,"yearn":34.56538}