{"stakedao":40.32375826086128,"convex":15.120103488710399,"yearn":20.43484}