{"stakedao":44.626135755766235,"convex":19.641029096592,"yearn":44.65938}