{"stakedao":64.69270808558974,"convex":20.574224105097603,"yearn":37.94986}