{"stakedao":54.68650948256776,"convex":10.6438086624096,"yearn":15.03024}