{"stakedao":66.51891098922164,"convex":20.3264203603104,"yearn":42.23558}