{"stakedao":53.01538520072519,"convex":28.010543397912002,"yearn":30.44083}