{"stakedao":55.22558610999681,"convex":11.821275030499201,"yearn":17.83603}