{"stakedao":42.476547050650936,"convex":23.27101689528,"yearn":29.43448}