{"stakedao":44.25342870197313,"convex":19.5707917578816,"yearn":43.43116}