{"stakedao":44.059531128192525,"convex":23.7704543500608,"yearn":33.50069}