{"stakedao":42.48597979057767,"convex":15.2841937294368,"yearn":19.8478}