{"stakedao":45.88518858843621,"convex":20.518424051255998,"yearn":44.673}