{"stakedao":42.431736424698826,"convex":13.699700515929601,"yearn":16.2806}