{"stakedao":48.84648693257829,"convex":11.074205642212801,"yearn":20.50198}