{"stakedao":45.86747321683822,"convex":21.786819902625602,"yearn":42.94076}