{"stakedao":56.220583413426155,"convex":11.214827731512,"yearn":15.46442}