{"stakedao":54.8915169167867,"convex":10.533427632417599,"yearn":22.20158}