{"stakedao":44.74464763921608,"convex":23.224337982950402,"yearn":36.47906}