{"stakedao":42.128796227098924,"convex":22.7304715076352,"yearn":25.95885}