{"stakedao":49.24072753027736,"convex":29.1523466244528,"yearn":34.16093}