{"stakedao":47.22111043527914,"convex":10.184884582824,"yearn":17.98996}