{"stakedao":54.75588850920887,"convex":10.599934688064,"yearn":15.70439}