{"stakedao":44.579972959203374,"convex":22.102834318776,"yearn":45.01893}