{"stakedao":40.826800057126775,"convex":16.0287445707696,"yearn":20.07513}