{"stakedao":53.79806254332499,"convex":9.751270464288,"yearn":19.45216}