{"stakedao":46.54483552790121,"convex":13.2574856345712,"yearn":25.88261}