{"stakedao":46.8288216826025,"convex":11.165928943377601,"yearn":31.93773}