{"stakedao":53.914060887601,"convex":11.4011751570336,"yearn":16.39155}