{"stakedao":68.37210526216889,"convex":24.2290848105648,"yearn":35.79054}