{"stakedao":49.0913652306615,"convex":27.799468705166397,"yearn":27.54158}