{"stakedao":67.11936984442286,"convex":20.0924755269984,"yearn":31.93838}