{"stakedao":54.41856287711564,"convex":10.3434570894672,"yearn":15.77016}