{"stakedao":63.571198969282385,"convex":20.1676447334448,"yearn":38.85191}