{"stakedao":42.99892230012675,"convex":14.7634453527696,"yearn":18.91298}