{"stakedao":48.199773873171715,"convex":11.0077355467584,"yearn":34.6457}