{"stakedao":40.060498052678,"convex":13.130130232742399,"yearn":17.39635}