{"stakedao":63.07391813745648,"convex":20.242704582504,"yearn":45.83579}