{"stakedao":39.154511126144904,"convex":16.3900566760608,"yearn":27.53514}