{"stakedao":38.93759759203569,"convex":17.6653113551424,"yearn":29.43448}