{"stakedao":44.79941693919011,"convex":9.0126450828288,"yearn":26.58161}