{"stakedao":37.57050516321563,"convex":24.3156866527152,"yearn":29.9283}