{"stakedao":75.60982982876266,"convex":20.4027379186608,"yearn":34.48562}