{"stakedao":41.14262376799147,"convex":20.759197626936,"yearn":27.8876}