{"stakedao":55.78555350066772,"convex":10.2011071711104,"yearn":21.55633}