{"stakedao":48.19798398297846,"convex":28.005111072777602,"yearn":27.32323}