{"stakedao":55.60775566638461,"convex":12.621825731462398,"yearn":25.44861}