{"stakedao":41.2080988353245,"convex":21.5167866458832,"yearn":25.76625}