{"stakedao":44.7328396332918,"convex":22.613866668287997,"yearn":46.03404}