{"stakedao":45.54037186418397,"convex":20.950979178297597,"yearn":43.4949}