{"stakedao":38.8810742207371,"convex":15.9634477375056,"yearn":27.8517}