{"stakedao":56.112683902212844,"convex":10.533673751976,"yearn":16.7339}