{"stakedao":55.430742807287004,"convex":11.349578662776,"yearn":22.62858}