{"stakedao":41.036016139115105,"convex":20.9090551315968,"yearn":25.6775}