{"stakedao":43.83366049460243,"convex":23.307394115937598,"yearn":32.00993}