{"stakedao":51.15490013669728,"convex":25.3918816689888,"yearn":29.81742}