{"stakedao":40.185245132050184,"convex":13.1553326213424,"yearn":17.60429}