{"stakedao":49.53606432613342,"convex":22.7620493716752,"yearn":34.56538}