{"stakedao":45.49193123592806,"convex":20.9495630794464,"yearn":43.63016}