{"stakedao":54.132357030337964,"convex":14.2507015035408,"yearn":23.14037}