{"stakedao":52.34396228132413,"convex":13.8947506916976,"yearn":27.21766}