{"stakedao":49.23666098942278,"convex":22.457531410632,"yearn":34.56538}