{"stakedao":49.63818269829922,"convex":22.4696298375216,"yearn":34.56538}