{"stakedao":42.92056564325185,"convex":21.042438970953597,"yearn":30.46356}