{"stakedao":37.3938214815339,"convex":15.4041890388336,"yearn":28.78515}