{"stakedao":85.03919577882621,"convex":25.8941182812048,"yearn":41.64514}