{"stakedao":44.65381070665685,"convex":22.1430341662128,"yearn":47.65678}