{"stakedao":43.500706816447035,"convex":28.772035570814403,"yearn":25.94861}