{"stakedao":50.773857190459154,"convex":13.4920399862304,"yearn":17.60267}