{"stakedao":48.15681746687325,"convex":11.3729318213328,"yearn":31.52919}