{"stakedao":43.535653878318655,"convex":26.7692224229856,"yearn":26.82326}