{"stakedao":41.0852169064874,"convex":20.926599302188798,"yearn":0}