{"stakedao":42.43529329372436,"convex":22.9877733689712,"yearn":29.43448}