{"stakedao":46.73648711614502,"convex":28.374848843558404,"yearn":30.44487}