{"stakedao":39.32015155713912,"convex":16.2655289528256,"yearn":27.95499}