{"stakedao":54.566234785980484,"convex":12.21863368572,"yearn":15.91868}