{"stakedao":47.50498099540363,"convex":22.840933862664002,"yearn":38.78978}