{"stakedao":67.16971001941832,"convex":20.561205347352,"yearn":42.25924}