{"stakedao":49.85564624673903,"convex":31.217062527777603,"yearn":26.9023}