{"stakedao":54.71721896051833,"convex":10.4390520527376,"yearn":15.43231}