{"stakedao":56.22522982274715,"convex":11.2169152759536,"yearn":15.69631}