{"stakedao":39.013398562558926,"convex":18.0370219833936,"yearn":29.43448}