{"stakedao":53.995148353692244,"convex":12.2700897753984,"yearn":26.87737}