{"stakedao":49.116129286240565,"convex":11.1576149279424,"yearn":32.87126}