{"stakedao":54.52227811931229,"convex":10.5996162312288,"yearn":15.58727}