{"stakedao":43.619896242089794,"convex":19.5250816756224,"yearn":41.57762}