{"stakedao":42.45972215322264,"convex":20.6831869769376,"yearn":31.35115}