{"stakedao":51.74037301415913,"convex":13.8909449808288,"yearn":26.87601}