{"stakedao":49.39619289018019,"convex":10.7438941502496,"yearn":36.69033}