{"stakedao":43.6011991089942,"convex":19.5250816756224,"yearn":41.57762}