{"stakedao":40.69998564914843,"convex":20.2113816964848,"yearn":26.40544}