{"stakedao":47.93653211644251,"convex":11.8107535455216,"yearn":23.78283}