{"stakedao":28.93407708640034,"convex":15.7431882194496,"yearn":25.81229}