{"stakedao":55.22670082597336,"convex":12.1791343064544,"yearn":15.96825}