{"stakedao":41.27894620808897,"convex":20.759197626936,"yearn":27.8876}