{"stakedao":55.08938684467269,"convex":10.5502239740736,"yearn":14.72806}