{"stakedao":42.42760791961763,"convex":15.2839265091408,"yearn":19.80355}