{"stakedao":37.658207980533085,"convex":14.1228080565552,"yearn":26.58349}