{"stakedao":42.719301269852785,"convex":12.197983414651198,"yearn":18.13853}