{"stakedao":43.149191043447416,"convex":28.5805477899072,"yearn":27.51651}