{"stakedao":42.63115277549715,"convex":24.9295797715968,"yearn":26.63618}