{"stakedao":42.515909745031905,"convex":22.9885472466432,"yearn":29.43448}