{"stakedao":49.6999874758605,"convex":29.294463081801602,"yearn":33.90236}