{"stakedao":54.11750096404431,"convex":10.609204559659199,"yearn":15.45128}