{"stakedao":42.140440376081116,"convex":22.1619730006368,"yearn":26.03128}