{"stakedao":40.82352821962614,"convex":13.226067128246402,"yearn":15.95097}