{"stakedao":46.07169644348171,"convex":28.392093504144,"yearn":30.23927}