{"stakedao":40.01820995806802,"convex":16.434703096344,"yearn":19.45052}