{"stakedao":45.17668518866,"convex":21.7303606297008,"yearn":50.20835}