{"stakedao":55.60051743467942,"convex":10.5340250188656,"yearn":21.7659}