{"stakedao":55.011418095057664,"convex":11.820607331385602,"yearn":18.02587}