{"stakedao":47.6768334537682,"convex":22.980697381209602,"yearn":50.20835}