{"stakedao":37.56369414225875,"convex":24.315383916575996,"yearn":29.52599}