{"stakedao":54.26281822725036,"convex":15.9183728785872,"yearn":23.41671}