{"stakedao":53.866703231991465,"convex":10.7628952588128,"yearn":24.42002}