{"stakedao":52.74279953847705,"convex":24.349117045464,"yearn":38.41486}