{"stakedao":40.78878513794403,"convex":17.2284470260704,"yearn":31.29948}