{"stakedao":43.666395982286815,"convex":12.374748011620799,"yearn":20.04882}