{"stakedao":46.373838053940915,"convex":21.5743322488608,"yearn":42.19701}