{"stakedao":45.39587457781711,"convex":8.991379629547199,"yearn":27.36726}