{"stakedao":62.27152079349039,"convex":19.1141753976288,"yearn":47.32306}