{"stakedao":41.730249535630456,"convex":20.693449081468803,"yearn":25.99395}