{"stakedao":57.39929825775544,"convex":11.013212924222401,"yearn":15.69262}