{"stakedao":58.0249590883689,"convex":24.3098640380448,"yearn":39.46148}