{"stakedao":39.52348424933078,"convex":16.4786689382112,"yearn":29.43448}