{"stakedao":45.7553964080728,"convex":10.706469186988802,"yearn":27.28296}