{"stakedao":42.5477617770384,"convex":22.1204117093904,"yearn":28.1515}