{"stakedao":52.945886547976585,"convex":9.5903136152928,"yearn":19.27488}