{"stakedao":47.69012793594206,"convex":29.2230342089424,"yearn":36.2048}