{"stakedao":56.762439886015486,"convex":30.498659483327998,"yearn":41.27774}