{"stakedao":55.490742422098904,"convex":10.4267073959136,"yearn":16.23858}