{"stakedao":55.328719898406604,"convex":12.1764919333968,"yearn":15.8454}