{"stakedao":43.84760399651656,"convex":23.311568895767998,"yearn":32.18188}