{"stakedao":39.42626553854078,"convex":16.90906622076,"yearn":26.91508}