{"stakedao":44.953478921901834,"convex":21.752749619208004,"yearn":50.20835}