{"stakedao":52.26879513377686,"convex":12.237810039835201,"yearn":24.86933}