{"stakedao":42.62327626238611,"convex":13.2294022746912,"yearn":16.27574}