{"stakedao":44.848251676805624,"convex":9.0134018963712,"yearn":26.12301}