{"stakedao":41.34029422161768,"convex":13.227320857694401,"yearn":16.04098}