{"stakedao":49.98250174266166,"convex":22.508186000256003,"yearn":29.97243}