{"stakedao":59.81127565419821,"convex":17.0519573725632,"yearn":35.79244}