{"stakedao":52.02484251209951,"convex":28.179967738593596,"yearn":29.25955}