{"stakedao":41.39986638101911,"convex":18.085267049169598,"yearn":31.20912}