{"stakedao":49.04347704859953,"convex":29.3847639989904,"yearn":35.60709}