{"stakedao":45.78785013684751,"convex":8.9904229093008,"yearn":28.47711}