{"stakedao":38.88885748221167,"convex":16.30412240688,"yearn":27.95499}