{"stakedao":51.77436003362696,"convex":25.2682821858384,"yearn":31.73418}