{"stakedao":41.40899536401782,"convex":13.2689276112384,"yearn":15.16769}