{"stakedao":48.75328244584273,"convex":10.995045088233601,"yearn":36.21785}