{"stakedao":40.77265232149912,"convex":17.2316499105312,"yearn":31.43463}