{"stakedao":38.76264182311296,"convex":16.4227710943872,"yearn":29.43448}