{"stakedao":51.695280352772365,"convex":25.856486993664,"yearn":34.64779}