{"stakedao":42.569942883527794,"convex":21.08955193848,"yearn":30.10475}