{"stakedao":45.650824675423024,"convex":22.966062750360003,"yearn":32.55327}