{"stakedao":49.8834221287124,"convex":17.474758121519997,"yearn":17.59128}