{"stakedao":40.6625658292957,"convex":19.9834064734464,"yearn":29.44457}