{"stakedao":40.539604653615996,"convex":20.2088897848368,"yearn":28.51334}