{"stakedao":44.556617558954486,"convex":22.122655483176,"yearn":44.40651}