{"stakedao":74.0519853252338,"convex":24.569238221395203,"yearn":41.71937}