{"stakedao":48.82049836199639,"convex":22.942505547576,"yearn":29.97243}