{"stakedao":41.24261403758426,"convex":21.5099080324848,"yearn":26.99819}