{"stakedao":39.399472140060915,"convex":15.7363311672144,"yearn":25.02911}