{"stakedao":47.49168020002203,"convex":11.375400323808,"yearn":30.66085}