{"stakedao":39.603470829071206,"convex":15.7533531741792,"yearn":32.2545}