{"stakedao":41.15386626399351,"convex":21.522270595449598,"yearn":26.06608}