{"stakedao":49.91480505314111,"convex":10.6425094580496,"yearn":20.13012}