{"stakedao":42.35454300911067,"convex":22.147933122979204,"yearn":25.94319}