{"stakedao":45.87768555301153,"convex":20.5184117805984,"yearn":44.63174}