{"stakedao":42.779351477896775,"convex":13.2052696155936,"yearn":16.23722}