{"stakedao":61.250268574705004,"convex":18.9567422582832,"yearn":47.42858}