{"stakedao":42.54901893221365,"convex":23.082962240016,"yearn":29.43448}