{"stakedao":42.56003325210277,"convex":21.0896557896816,"yearn":30.02031}