{"stakedao":39.80471210689984,"convex":15.5441033152272,"yearn":33.85498}