{"stakedao":53.43730134317638,"convex":13.610300153371199,"yearn":32.53125}