{"stakedao":63.00811283848028,"convex":19.2454478450208,"yearn":46.96257}