{"stakedao":41.549528581375654,"convex":16.436594858990404,"yearn":19.0112}