{"stakedao":37.52253354482216,"convex":15.340526571384,"yearn":28.35088}