{"stakedao":43.37948243771604,"convex":23.664567938011196,"yearn":30.86059}