{"stakedao":43.02837369917666,"convex":15.8025324466512,"yearn":16.89663}