{"stakedao":37.58265695187534,"convex":14.0589915893568,"yearn":25.0932}