{"stakedao":27.868202612639998,"convex":13.6857683431728,"yearn":23.66499}