{"stakedao":51.98775809935571,"convex":14.730589807689599,"yearn":17.9153}