{"stakedao":67.43654675653374,"convex":24.159315264264,"yearn":36.18087}