{"stakedao":55.668404913012964,"convex":10.4267073959136,"yearn":15.72281}