{"stakedao":44.45373744791323,"convex":19.6415398473408,"yearn":43.33909}