{"stakedao":45.60722980530748,"convex":22.9403416008672,"yearn":32.92284}