{"stakedao":57.50367956717759,"convex":11.031971265504,"yearn":16.60425}