{"stakedao":40.89090930579462,"convex":20.858780752603202,"yearn":26.72693}