{"stakedao":43.70334785463245,"convex":19.5362900399088,"yearn":44.51267}