{"stakedao":52.86460896854746,"convex":11.291583602419202,"yearn":16.59383}