{"stakedao":45.607932593709265,"convex":22.0418760790944,"yearn":41.8901}