{"stakedao":53.89044024152901,"convex":11.731452681571199,"yearn":27.64058}