{"stakedao":47.49611392139245,"convex":13.0476230784432,"yearn":24.03301}