{"stakedao":52.55203264696014,"convex":28.119727766001603,"yearn":29.40156}