{"stakedao":53.46268367120233,"convex":14.386170512678401,"yearn":21.99449}