{"stakedao":42.57782793899711,"convex":13.2222222812016,"yearn":17.49045}