{"stakedao":43.5314685196041,"convex":26.491061528567997,"yearn":26.89067}