{"stakedao":52.69227620536451,"convex":17.177217336489598,"yearn":38.10392}