{"stakedao":37.698365350069274,"convex":23.51996491752,"yearn":30.11135}