{"stakedao":44.27476883868649,"convex":19.5604346290752,"yearn":42.86009}