{"stakedao":37.547444444039414,"convex":24.314687765683203,"yearn":29.59902}