{"stakedao":56.6800017364707,"convex":12.1856725328832,"yearn":17.67282}