{"stakedao":42.148588278704466,"convex":20.637300532752,"yearn":28.27652}