{"stakedao":55.25794511360603,"convex":10.6688948913072,"yearn":14.51746}