{"stakedao":49.29960150546735,"convex":22.4686603609632,"yearn":34.56538}