{"stakedao":48.48761175543544,"convex":13.060329245049601,"yearn":23.82859}