{"stakedao":42.44753690527216,"convex":21.0542342958864,"yearn":33.52844}