{"stakedao":82.38742741683103,"convex":25.518276228816,"yearn":41.64514}