{"stakedao":45.617008890503925,"convex":31.0214215912752,"yearn":40.82487}