{"stakedao":42.452294717232476,"convex":13.2190464262464,"yearn":16.36942}