{"stakedao":41.307513181237944,"convex":13.8814167347856,"yearn":21.35799}