{"stakedao":64.88896939173995,"convex":18.9737979110064,"yearn":42.16513}