{"stakedao":39.716522908660934,"convex":13.059453878222401,"yearn":16.80858}