{"stakedao":47.640967078753235,"convex":31.3445460414528,"yearn":29.21478}