{"stakedao":62.85185103130047,"convex":20.1885077810592,"yearn":45.54567}