{"stakedao":52.01420089297674,"convex":28.177898119214397,"yearn":29.22408}