{"stakedao":45.51667281998928,"convex":8.991379629547199,"yearn":27.36726}