{"stakedao":44.03490319138127,"convex":23.2992717700032,"yearn":31.90661}