{"stakedao":41.10328099976862,"convex":19.8366204017376,"yearn":27.28297}