{"stakedao":47.87659409347249,"convex":22.825689880608003,"yearn":38.33503}