{"stakedao":42.85263631104029,"convex":28.587713882328003,"yearn":27.82859}