{"stakedao":54.98547011581904,"convex":11.821275030499201,"yearn":17.99859}