{"stakedao":42.260153466119476,"convex":13.220359635744,"yearn":17.15876}