{"stakedao":62.4278429997392,"convex":20.5327565861472,"yearn":42.77285}