{"stakedao":54.55270325456803,"convex":10.578799014883199,"yearn":17.24907}