{"stakedao":45.721305138675646,"convex":31.016209683859202,"yearn":40.53155}