{"stakedao":56.01277068378346,"convex":12.2735794860864,"yearn":23.08107}