{"stakedao":40.75615581784464,"convex":13.169355712387201,"yearn":18.82238}