{"stakedao":51.70207590302935,"convex":25.0663933937808,"yearn":32.94363}