{"stakedao":45.06604713039952,"convex":21.730515351624,"yearn":50.20835}