{"stakedao":49.62539020925291,"convex":22.893637112841603,"yearn":32.46392}