{"stakedao":63.483006873598,"convex":20.17772444952,"yearn":38.34173}