{"stakedao":42.612488786965635,"convex":21.0936550969008,"yearn":29.80924}