{"stakedao":42.229528075985414,"convex":22.74987582288,"yearn":29.10261}