{"stakedao":49.06897948116982,"convex":29.1482141943168,"yearn":34.41005}