{"stakedao":37.46372113667557,"convex":15.36312206808,"yearn":27.3502}