{"stakedao":49.573425295345885,"convex":17.511480711835198,"yearn":18.35746}