{"stakedao":45.12979818365552,"convex":13.2214738562352,"yearn":25.01082}