{"stakedao":52.19923545219641,"convex":22.817766413304,"yearn":34.56538}