{"stakedao":41.13751174253713,"convex":13.7260537383168,"yearn":16.40382}