{"stakedao":40.424096371628984,"convex":16.2772201206576,"yearn":35.498}