{"stakedao":55.192703277415816,"convex":12.267580730241601,"yearn":26.29272}