{"stakedao":62.08859971386221,"convex":19.1013486657408,"yearn":46.666}