{"stakedao":53.537424929631804,"convex":15.776385154344,"yearn":23.83178}