{"stakedao":43.2237485155343,"convex":14.8369696004592,"yearn":18.09913}