{"stakedao":28.998418193862868,"convex":15.7474637914896,"yearn":23.9791}