{"stakedao":42.38214643802661,"convex":13.1874117910992,"yearn":15.59361}