{"stakedao":83.04704697923626,"convex":25.4462756839632,"yearn":41.64514}