{"stakedao":40.84528184749373,"convex":19.8345818737008,"yearn":27.31262}