{"stakedao":47.006523916708694,"convex":13.258310174827201,"yearn":26.66259}