{"stakedao":57.28930578595943,"convex":31.125094333804803,"yearn":47.581}