{"stakedao":46.88529540702463,"convex":32.4128415199392,"yearn":26.8304}