{"stakedao":54.544844512388394,"convex":10.6040730122784,"yearn":15.09721}