{"stakedao":46.167654677782906,"convex":12.2206388612832,"yearn":22.84976}