{"stakedao":40.65829991732242,"convex":19.1304933192432,"yearn":28.76108}