{"stakedao":65.28086685121991,"convex":18.938549322792,"yearn":43.01956}