{"stakedao":61.1913079926136,"convex":18.9567422582832,"yearn":47.46559}