{"stakedao":43.146302063131806,"convex":16.445514441312,"yearn":18.82281}