{"stakedao":40.543709271084644,"convex":18.878047664472,"yearn":29.24838}