{"stakedao":51.234029971427645,"convex":10.9864668547296,"yearn":17.25661}