{"stakedao":42.45692319026074,"convex":14.2363586973744,"yearn":17.07076}