{"stakedao":49.601408528127656,"convex":17.442838801439997,"yearn":19.65905}