{"stakedao":45.86927060099789,"convex":30.9872001747312,"yearn":42.07279}