{"stakedao":47.634529195277864,"convex":22.4070844981824,"yearn":38.13978}