{"stakedao":28.925522874111437,"convex":15.7423779523872,"yearn":25.81229}