{"stakedao":39.51334221277393,"convex":15.417269963496,"yearn":25.60773}