{"stakedao":40.65887187501085,"convex":12.973849059326401,"yearn":16.67119}