{"stakedao":51.411203757399186,"convex":29.479275722736,"yearn":36.99654}