{"stakedao":46.598042323448645,"convex":22.1487963579072,"yearn":44.82494}