{"stakedao":63.10066582090188,"convex":20.1845592468,"yearn":45.30353}