{"stakedao":39.676476866940334,"convex":15.682291506504,"yearn":33.31711}