{"stakedao":46.826183689068145,"convex":32.3914101872976,"yearn":26.97433}