{"stakedao":65.54938649839106,"convex":18.677315786342398,"yearn":32.50419}