{"stakedao":39.66877366443738,"convex":15.6050913248928,"yearn":35.70642}