{"stakedao":42.918454551786674,"convex":15.895654886606401,"yearn":16.76073}