{"stakedao":34.12526495082819,"convex":18.0631894871232,"yearn":29.43448}