{"stakedao":52.00095458377353,"convex":25.3167258779568,"yearn":42.19701}