{"stakedao":55.681825484567185,"convex":12.2539029520896,"yearn":26.00101}