{"stakedao":46.699194998020786,"convex":10.068870513672,"yearn":19.08271}