{"stakedao":40.667152550949076,"convex":18.8761932467568,"yearn":29.24838}