{"stakedao":61.35577473739506,"convex":18.9555609733344,"yearn":47.32306}