{"stakedao":63.726720700867965,"convex":20.1698570406096,"yearn":38.77827}