{"stakedao":43.24839983575141,"convex":15.2745052395168,"yearn":18.31257}