{"stakedao":53.463813150683166,"convex":10.7594239462272,"yearn":23.92214}