{"stakedao":47.432137834051936,"convex":22.3944013970064,"yearn":38.65084}