{"stakedao":44.21281546027344,"convex":12.3431834400048,"yearn":19.25033}