{"stakedao":54.67964098118429,"convex":12.174417208339198,"yearn":15.68872}