{"stakedao":55.167753844209514,"convex":9.789214797086402,"yearn":20.05198}