{"stakedao":44.29773730684271,"convex":23.866276631126397,"yearn":34.33394}