{"stakedao":39.63134977611153,"convex":15.604042844347202,"yearn":34.66058}