{"stakedao":49.04758772533941,"convex":21.8333066061888,"yearn":39.35812}