{"stakedao":50.714866650903204,"convex":9.9698079874464,"yearn":17.21067}