{"stakedao":40.72563433506904,"convex":16.689208594334403,"yearn":34.65596}