{"stakedao":52.48899241378108,"convex":14.6620638803952,"yearn":30.95609}