{"stakedao":53.42210559371143,"convex":28.101844586563203,"yearn":30.12915}