{"stakedao":48.075256965941264,"convex":10.988593289366401,"yearn":35.825}