{"stakedao":47.96044923309013,"convex":31.5845910693072,"yearn":28.28523}