{"stakedao":57.72947353666633,"convex":11.0103588216144,"yearn":15.56249}