{"stakedao":55.018446567576085,"convex":12.283476652872,"yearn":25.02365}