{"stakedao":63.139570980176565,"convex":20.241916359105602,"yearn":45.98344}