{"stakedao":45.41907343586578,"convex":10.7186542968816,"yearn":25.98379}