{"stakedao":42.607896622677885,"convex":12.204646990372801,"yearn":18.13853}