{"stakedao":45.76944640564703,"convex":10.618103211537601,"yearn":25.16257}