{"stakedao":51.58512644865615,"convex":25.2304411397472,"yearn":30.60535}