{"stakedao":48.45630733523583,"convex":29.3355987095808,"yearn":36.29189}