{"stakedao":52.15085723765263,"convex":25.6303235453616,"yearn":34.36075}