{"stakedao":63.98052538359094,"convex":20.345747156913603,"yearn":37.94986}