{"stakedao":38.94347753795642,"convex":15.966170426448002,"yearn":27.77921}