{"stakedao":45.45667918872685,"convex":20.4896990630736,"yearn":49.62763}