{"stakedao":51.91007449011151,"convex":12.198776507208002,"yearn":25.60112}