{"stakedao":56.02699447458857,"convex":11.216501220888,"yearn":15.31306}