{"stakedao":54.7341815544329,"convex":11.246238502056,"yearn":21.6763}