{"stakedao":55.571943172284136,"convex":10.669851466488002,"yearn":16.21828}