{"stakedao":54.38524009802127,"convex":10.44241657812,"yearn":16.03137}