{"stakedao":54.07255725042154,"convex":11.723337525844801,"yearn":16.27166}