{"stakedao":51.30419288990381,"convex":25.317480739420798,"yearn":30.35244}