{"stakedao":49.36891552001342,"convex":29.2946798444976,"yearn":34.69403}