{"stakedao":56.86095016383108,"convex":12.296529229824,"yearn":23.57968}