{"stakedao":54.01654407630329,"convex":12.236599836374399,"yearn":16.26284}