{"stakedao":45.71147354086734,"convex":23.3490870889056,"yearn":32.54393}