{"stakedao":39.0960351418237,"convex":18.0549695782656,"yearn":29.43448}