{"stakedao":62.46419380878392,"convex":19.1337855041952,"yearn":50.32315}