{"stakedao":37.46785044001377,"convex":15.343259805964799,"yearn":27.3502}