{"stakedao":41.437681029233005,"convex":20.6844514191648,"yearn":23.92653}