{"stakedao":52.27367065003001,"convex":15.954646588631999,"yearn":25.77299}