{"stakedao":44.486974969592666,"convex":22.109206347331202,"yearn":46.25209}