{"stakedao":38.92257806000657,"convex":17.664686762587202,"yearn":29.43448}