{"stakedao":43.567433088502234,"convex":25.114295086128003,"yearn":28.00661}