{"stakedao":47.43545977981523,"convex":26.007375810672,"yearn":27.21591}