{"stakedao":54.74944167744812,"convex":11.4013030859712,"yearn":16.38825}