{"stakedao":62.76223198895451,"convex":19.129825361534397,"yearn":50.05996}