{"stakedao":45.56998885295361,"convex":22.9403416008672,"yearn":32.96769}