{"stakedao":55.777882207386675,"convex":11.312884650384,"yearn":15.68421}