{"stakedao":37.58819866478858,"convex":14.0589959066352,"yearn":25.14452}