{"stakedao":49.12454194203087,"convex":11.156957547408,"yearn":32.75127}