{"stakedao":46.5179119166274,"convex":12.1966504005456,"yearn":25.17335}