{"stakedao":52.52782296750469,"convex":25.770702056904,"yearn":33.03677}