{"stakedao":74.07222185385461,"convex":24.4885198930848,"yearn":42.69746}