{"stakedao":38.70762175886806,"convex":16.3978096376736,"yearn":27.95499}