{"stakedao":47.643662799022145,"convex":29.281763380075198,"yearn":35.51521}