{"stakedao":51.70156525250037,"convex":12.1902827018832,"yearn":25.58549}