{"stakedao":39.49541326955078,"convex":15.4170530620416,"yearn":25.60773}