{"stakedao":47.85465605700817,"convex":11.5408003618368,"yearn":33.52302}