{"stakedao":38.88976665183097,"convex":16.412758143177598,"yearn":27.95499}