{"stakedao":43.757946684500865,"convex":23.3012828964096,"yearn":31.69993}