{"stakedao":40.20539211677895,"convex":13.133889957815999,"yearn":17.43112}