{"stakedao":51.53468150650819,"convex":13.8911312419056,"yearn":26.87601}