{"stakedao":46.01897144848116,"convex":21.646565305488,"yearn":42.19701}