{"stakedao":39.12297630002193,"convex":17.6622688470096,"yearn":29.43448}