{"stakedao":42.16166702571791,"convex":22.17520365192,"yearn":26.03128}