{"stakedao":55.65963068101632,"convex":11.406424485067202,"yearn":14.91591}