{"stakedao":45.73172098495393,"convex":10.6182424965888,"yearn":25.53254}