{"stakedao":65.50244008912128,"convex":18.557278944033598,"yearn":30.01492}