{"stakedao":52.71197502209887,"convex":24.3449045958816,"yearn":37.86494}