{"stakedao":47.06022972400483,"convex":21.524826909916797,"yearn":42.19701}