{"stakedao":40.4311806832122,"convex":16.5412224579888,"yearn":33.71262}