{"stakedao":64.26534040669618,"convex":20.224477074096,"yearn":46.57538}