{"stakedao":43.38798254121277,"convex":26.622253117656,"yearn":27.26975}