{"stakedao":57.04598975324137,"convex":11.6351322736176,"yearn":14.58068}