{"stakedao":57.62615656162738,"convex":17.020665615729598,"yearn":36.80016}