{"stakedao":39.392775440893686,"convex":15.739417037347199,"yearn":24.66142}