{"stakedao":52.84926072473927,"convex":24.3474354797184,"yearn":37.76035}