{"stakedao":42.84933309400539,"convex":24.8854251110832,"yearn":28.17887}