{"stakedao":57.61353003417203,"convex":11.038701082593601,"yearn":17.16075}