{"stakedao":51.57047174519542,"convex":13.882400153409602,"yearn":26.99372}