{"stakedao":54.41859096888943,"convex":12.2669930789568,"yearn":26.3241}