{"stakedao":49.02289873370887,"convex":29.126160019367997,"yearn":34.75915}