{"stakedao":45.34156865295732,"convex":20.4700236296832,"yearn":48.69618}