{"stakedao":63.58492423448289,"convex":20.245091539190398,"yearn":46.20537}