{"stakedao":38.85575826240504,"convex":17.6643767069424,"yearn":29.43448}