{"stakedao":38.857295656416696,"convex":15.9598476918144,"yearn":27.8517}