{"stakedao":52.73132754640815,"convex":17.202299765299202,"yearn":37.15827}