{"stakedao":50.81638365481183,"convex":9.5714068561344,"yearn":17.83729}