{"stakedao":54.944084465915196,"convex":12.1791312726912,"yearn":16.06863}