{"stakedao":44.47702378880519,"convex":22.6574035700976,"yearn":50.23213}