{"stakedao":47.952778944851616,"convex":8.9894277056736,"yearn":29.86194}