{"stakedao":52.97863593374525,"convex":24.287074159752002,"yearn":37.44996}