{"stakedao":44.123152887327784,"convex":19.5636493269216,"yearn":43.84268}