{"stakedao":52.255514941446954,"convex":22.8616631597952,"yearn":42.19701}