{"stakedao":44.37387369031086,"convex":23.854272695553597,"yearn":34.95874}