{"stakedao":42.3195341820697,"convex":22.820647668408,"yearn":29.43448}