{"stakedao":54.34309336175425,"convex":9.798942568248,"yearn":19.83667}