{"stakedao":39.457310566238284,"convex":16.478842651113602,"yearn":29.43448}