{"stakedao":39.634030602031,"convex":15.6819604541904,"yearn":33.45724}