{"stakedao":55.13509411696201,"convex":9.809716256078401,"yearn":20.3416}