{"stakedao":42.78486725163843,"convex":25.2386616130992,"yearn":27.55229}