{"stakedao":54.99931894655732,"convex":12.363020410248,"yearn":16.45086}