{"stakedao":47.78581188384879,"convex":31.467326462150396,"yearn":28.46215}