{"stakedao":43.899972123869915,"convex":14.1768720977472,"yearn":16.74948}