{"stakedao":43.39698441047903,"convex":19.5576584708448,"yearn":43.31702}