{"stakedao":43.504254556519705,"convex":19.5615769229136,"yearn":43.73292}