{"stakedao":41.25027033564198,"convex":21.5207421243696,"yearn":26.21603}