{"stakedao":55.03620749706723,"convex":12.363020410248,"yearn":16.45086}