{"stakedao":40.051688302188126,"convex":13.1403527028288,"yearn":17.28057}