{"stakedao":48.172350118334776,"convex":26.077490291433598,"yearn":27.2463}