{"stakedao":40.45184318805513,"convex":18.861825293784,"yearn":27.16614}