{"stakedao":46.45452478364403,"convex":21.6087684665616,"yearn":42.19701}