{"stakedao":43.4329661013402,"convex":19.5329564355744,"yearn":42.01814}