{"stakedao":57.27311205557619,"convex":12.285706080931199,"yearn":23.92362}