{"stakedao":65.00583996894431,"convex":18.934148874499197,"yearn":43.32987}