{"stakedao":54.680166600528594,"convex":10.4416849460736,"yearn":16.22757}