{"stakedao":44.695239553311325,"convex":22.117198395974402,"yearn":44.0748}