{"stakedao":43.09705803530919,"convex":15.8027595026976,"yearn":16.77944}