{"stakedao":37.52607175290387,"convex":24.315383916575996,"yearn":29.47122}