{"stakedao":57.253626186193415,"convex":12.2723568353664,"yearn":24.21542}