{"stakedao":37.42065026674677,"convex":25.4415702667824,"yearn":28.99298}