{"stakedao":80.08506121933115,"convex":26.0416623774384,"yearn":41.01569}