{"stakedao":42.19676908263592,"convex":22.816542485376,"yearn":29.43448}