{"stakedao":44.25844078956311,"convex":23.863308219979203,"yearn":34.12568}