{"stakedao":54.98972040584888,"convex":10.5820001680176,"yearn":16.93571}