{"stakedao":39.22674974418997,"convex":16.2631136894256,"yearn":27.95499}