{"stakedao":49.99487628630433,"convex":22.5914671426032,"yearn":34.56538}