{"stakedao":58.63643015554332,"convex":17.0731663101792,"yearn":35.79244}