{"stakedao":41.63600452897987,"convex":18.1584849687696,"yearn":31.30406}