{"stakedao":40.89122917183059,"convex":16.7518040632992,"yearn":33.80732}