{"stakedao":40.67223768288404,"convex":16.6902037916544,"yearn":34.88072}