{"stakedao":42.881402352471966,"convex":13.2160374124992,"yearn":16.94724}