{"stakedao":46.07790711451274,"convex":12.096836910705601,"yearn":23.54478}