{"stakedao":47.78767886290629,"convex":31.4205165965808,"yearn":28.46215}