{"stakedao":67.67662667535234,"convex":24.312994367630402,"yearn":35.27189}