{"stakedao":52.09896463665897,"convex":10.9957750236432,"yearn":17.16364}