{"stakedao":40.87711496017411,"convex":17.215051167144,"yearn":31.70567}