{"stakedao":73.50753209366161,"convex":20.316388919544,"yearn":32.51147}