{"stakedao":54.72634095779961,"convex":12.1790757882528,"yearn":16.17775}