{"stakedao":46.95038446359308,"convex":28.3742777675952,"yearn":29.8319}