{"stakedao":52.75938933812682,"convex":14.2629910638192,"yearn":22.07666}