{"stakedao":53.6282597950124,"convex":10.762553285582399,"yearn":24.25471}