{"stakedao":44.303860967783024,"convex":23.162996735395197,"yearn":35.32391}