{"stakedao":41.79302137596794,"convex":13.2637621122,"yearn":18.33758}