{"stakedao":42.46812329326447,"convex":13.2274245764448,"yearn":17.36865}