{"stakedao":56.42459527497084,"convex":10.4285412616176,"yearn":16.02571}