{"stakedao":39.420825689092666,"convex":16.9045281335952,"yearn":26.78211}