{"stakedao":49.39592187411752,"convex":22.707287277969602,"yearn":34.56538}