{"stakedao":45.60854229709921,"convex":13.2217442364384,"yearn":24.91397}