{"stakedao":52.503329696865414,"convex":22.8868934861376,"yearn":34.56538}