{"stakedao":45.846587272390835,"convex":20.4907655727504,"yearn":49.27849}