{"stakedao":41.31870635538532,"convex":13.2716718897264,"yearn":18.57517}