{"stakedao":47.78707117117833,"convex":21.0768634635696,"yearn":42.19701}