{"stakedao":42.948791506676486,"convex":14.8136697282816,"yearn":18.79692}