{"stakedao":48.59502413000591,"convex":11.070571070908802,"yearn":19.18649}