{"stakedao":42.46011757864012,"convex":22.120213420483203,"yearn":26.00408}