{"stakedao":38.69558179816221,"convex":16.4296363270608,"yearn":29.43448}