{"stakedao":43.354444942953975,"convex":25.122007246464,"yearn":31.00334}