{"stakedao":45.599110583024625,"convex":22.966062750360003,"yearn":32.50786}