{"stakedao":46.67004720040684,"convex":10.167549546369601,"yearn":19.66358}