{"stakedao":45.80391762493041,"convex":12.097608448406397,"yearn":23.54478}