{"stakedao":55.36848911563759,"convex":10.5339713666688,"yearn":21.95204}