{"stakedao":40.18500378183579,"convex":13.143171532420801,"yearn":17.50049}