{"stakedao":40.6846965187688,"convex":19.096791316387197,"yearn":29.12617}