{"stakedao":70.25670463195581,"convex":21.208214088705603,"yearn":32.95167}