{"stakedao":39.553477852154195,"convex":15.468046042406401,"yearn":25.60773}