{"stakedao":48.945135110672176,"convex":22.948549251681598,"yearn":29.97243}