{"stakedao":49.777815894712866,"convex":10.7439778310256,"yearn":36.45994}