{"stakedao":28.968956675280236,"convex":15.778548577555199,"yearn":24.09579}