{"stakedao":50.60800858833415,"convex":12.1907653004448,"yearn":25.42601}