{"stakedao":52.64831365962846,"convex":15.7701821114448,"yearn":26.0204}