{"stakedao":39.4550604472327,"convex":15.727148208835201,"yearn":32.98272}