{"stakedao":43.902414024617556,"convex":23.312299474512002,"yearn":28.56599}