{"stakedao":44.562331747762975,"convex":22.612063014072,"yearn":44.9794}