{"stakedao":40.79729333997073,"convex":16.689960762624,"yearn":34.57021}