{"stakedao":63.61275203411553,"convex":17.4065534136144,"yearn":34.63865}