{"stakedao":42.56685734464409,"convex":12.199006294272,"yearn":18.5713}