{"stakedao":38.97144829607494,"convex":18.116756420039998,"yearn":29.43448}