{"stakedao":55.021883006127794,"convex":10.5502239740736,"yearn":14.77392}