{"stakedao":41.51114987669487,"convex":18.0715184096256,"yearn":32.62939}