{"stakedao":42.433896884208366,"convex":20.7070793821728,"yearn":30.13865}