{"stakedao":37.54325667635626,"convex":15.364232245656,"yearn":26.32484}