{"stakedao":52.190702553362485,"convex":22.859809965676803,"yearn":42.19701}