{"stakedao":46.5466661981262,"convex":21.57422903784,"yearn":42.19701}