{"stakedao":44.254441730242505,"convex":22.5618209058672,"yearn":30.31966}