{"stakedao":43.446558486141306,"convex":19.534723126444803,"yearn":41.66592}