{"stakedao":42.854431464745154,"convex":24.8866344883008,"yearn":28.03484}