{"stakedao":46.47160857748313,"convex":22.0931440502256,"yearn":44.7232}