{"stakedao":45.570953287151795,"convex":20.9532134975904,"yearn":41.59251}