{"stakedao":55.781779013401334,"convex":10.67086572732,"yearn":14.34849}