{"stakedao":66.72108302837378,"convex":19.5550816737456,"yearn":40.68387}