{"stakedao":39.47746191093273,"convex":15.690960617299199,"yearn":26.7522}