{"stakedao":54.835306033535105,"convex":11.3086593341136,"yearn":21.86611}