{"stakedao":42.20301918425376,"convex":22.8124265075712,"yearn":29.43448}