{"stakedao":41.11131987781785,"convex":21.039301520539198,"yearn":23.7881}