{"stakedao":41.40992784355408,"convex":20.689636703889597,"yearn":23.74228}