{"stakedao":52.71788255416,"convex":11.2925844509904,"yearn":16.11045}