{"stakedao":39.02250714716608,"convex":17.6652623418912,"yearn":29.43448}