{"stakedao":41.46961490381103,"convex":17.5363708814208,"yearn":32.10136}