{"stakedao":49.32922489566956,"convex":16.823781542721598,"yearn":19.9249}