{"stakedao":65.85984031900159,"convex":10.1231583753168,"yearn":38.13909}