{"stakedao":43.8185820591377,"convex":14.8689531593712,"yearn":18.59549}