{"stakedao":47.83901774327373,"convex":11.0594112972912,"yearn":20.00819}