{"stakedao":48.278036141518456,"convex":31.344584568983997,"yearn":26.93465}