{"stakedao":70.2484081535789,"convex":20.587908218832,"yearn":37.36292}