{"stakedao":43.53770746779195,"convex":25.1083640664576,"yearn":27.9724}