{"stakedao":44.831719505423195,"convex":9.012356648265598,"yearn":26.58161}