{"stakedao":64.62904504573446,"convex":18.2137820107968,"yearn":31.87698}