{"stakedao":40.73865900047223,"convex":13.2261143344848,"yearn":15.89505}