{"stakedao":40.4468190711355,"convex":12.9922953613488,"yearn":16.59899}