{"stakedao":49.847760483119146,"convex":13.509420081321599,"yearn":17.29717}