{"stakedao":52.09208524151627,"convex":25.6267775807568,"yearn":34.44804}