{"stakedao":40.79701876240001,"convex":4.863721637750401,"yearn":19.97703}