{"stakedao":47.50354605127147,"convex":11.3845388479632,"yearn":31.52919}