{"stakedao":39.3531433680344,"convex":15.723048869424002,"yearn":26.79239}