{"stakedao":45.85875910299665,"convex":32.2994651533632,"yearn":26.90704}