{"stakedao":47.5753878847738,"convex":22.981152505608,"yearn":38.86879}