{"stakedao":40.51970102178132,"convex":18.878047664472,"yearn":29.24838}