{"stakedao":50.73542529235442,"convex":12.1706560231488,"yearn":25.26302}