{"stakedao":42.57967701115175,"convex":13.186787428756801,"yearn":16.77546}