{"stakedao":49.11741933943689,"convex":29.151252804600002,"yearn":34.36017}