{"stakedao":65.31462334793878,"convex":18.9385317320112,"yearn":42.94224}