{"stakedao":44.447628073015885,"convex":23.301338264164798,"yearn":31.71188}