{"stakedao":61.88921015698341,"convex":19.7490449644272,"yearn":41.63692}