{"stakedao":57.62708154180811,"convex":31.124531750486398,"yearn":47.69298}