{"stakedao":42.792740506293406,"convex":13.2178420947888,"yearn":16.6295}