{"stakedao":57.116679291265605,"convex":12.470751214718398,"yearn":14.19385}