{"stakedao":41.261644961783304,"convex":21.731663135879998,"yearn":27.71151}