{"stakedao":40.68193784062365,"convex":18.8777475899712,"yearn":29.24838}