{"stakedao":44.02795050036333,"convex":23.7268632220992,"yearn":32.97323}