{"stakedao":42.8100010642158,"convex":13.21611145272,"yearn":16.94724}