{"stakedao":42.36842954895645,"convex":13.274636822452802,"yearn":18.91444}