{"stakedao":47.62946785599271,"convex":22.4076503801664,"yearn":38.06755}