{"stakedao":47.296524052404315,"convex":19.8166162339296,"yearn":26.5923}