{"stakedao":67.40746828764678,"convex":23.5922325123744,"yearn":36.18087}