{"stakedao":52.86688039311704,"convex":24.3278247676608,"yearn":0}