{"stakedao":43.040890837408696,"convex":12.075802865438401,"yearn":22.47568}