{"stakedao":55.21384055908091,"convex":11.3978790490032,"yearn":18.71052}