{"stakedao":49.30406383560267,"convex":29.2946798444976,"yearn":34.64456}