{"stakedao":40.18465063114738,"convex":13.155328635192,"yearn":17.60429}