{"stakedao":45.86665537801043,"convex":10.723839928502402,"yearn":26.84933}