{"stakedao":42.49141581133239,"convex":23.0375833961328,"yearn":29.43448}