{"stakedao":45.38883796865727,"convex":23.1154476407568,"yearn":37.58384}