{"stakedao":45.465220481416154,"convex":22.01561249148,"yearn":41.14121}