{"stakedao":46.46357740110829,"convex":21.6087684665616,"yearn":42.19701}