{"stakedao":42.703655338693494,"convex":24.8866297736688,"yearn":27.55345}