{"stakedao":53.33284548633101,"convex":15.7730279673888,"yearn":23.55208}