{"stakedao":54.84515736486879,"convex":11.308456409414399,"yearn":21.86611}