{"stakedao":51.0204585149426,"convex":25.327571319647998,"yearn":30.16594}