{"stakedao":49.5985508722158,"convex":17.442838801439997,"yearn":19.65905}