{"stakedao":49.993339668254464,"convex":22.6260392205456,"yearn":34.56538}