{"stakedao":44.33607479699798,"convex":19.568749079707196,"yearn":43.51856}