{"stakedao":46.05715711074659,"convex":21.497284423972797,"yearn":42.19701}