{"stakedao":45.57698778547602,"convex":22.9403416008672,"yearn":32.96769}