{"stakedao":46.07074682587833,"convex":21.4966785164976,"yearn":42.19701}