{"stakedao":38.736750536759274,"convex":16.422774093460802,"yearn":29.43448}