{"stakedao":42.74095108440462,"convex":24.936813770486395,"yearn":26.83163}