{"stakedao":51.49656211503374,"convex":29.479275722736,"yearn":36.99654}