{"stakedao":46.473821188875434,"convex":28.399131434260802,"yearn":32.12691}