{"stakedao":42.320487431760995,"convex":13.274636822452802,"yearn":18.93848}