{"stakedao":51.46942746495213,"convex":22.873235897332798,"yearn":34.56538}