{"stakedao":46.76466088609079,"convex":8.9920624690944,"yearn":27.929}