{"stakedao":44.42395174358178,"convex":22.605589143158397,"yearn":49.06096}