{"stakedao":38.80808065894607,"convex":18.118720321286403,"yearn":29.43448}