{"stakedao":64.28291493766048,"convex":20.289504337632003,"yearn":31.16647}