{"stakedao":65.83987854379447,"convex":19.597760521992,"yearn":41.55229}