{"stakedao":44.20999642532365,"convex":9.2457262649376,"yearn":26.37586}