{"stakedao":56.83323643770157,"convex":30.9843945082656,"yearn":45.47674}