{"stakedao":53.355491656941176,"convex":11.390113744199999,"yearn":16.94627}