{"stakedao":45.434432350217385,"convex":10.6123291023888,"yearn":24.96123}