{"stakedao":45.46494495031118,"convex":10.617656961369601,"yearn":26.41206}