{"stakedao":49.52744002542834,"convex":22.340659688423997,"yearn":41.30216}