{"stakedao":41.691963075561574,"convex":13.2703421648256,"yearn":15.05502}