{"stakedao":45.618963673148755,"convex":20.8483729391376,"yearn":43.02094}