{"stakedao":63.4131227653681,"convex":20.1782572849296,"yearn":38.34173}