{"stakedao":61.20780078542427,"convex":17.4133704687408,"yearn":35.36536}