{"stakedao":38.96535641115145,"convex":15.9687993399408,"yearn":27.8517}