{"stakedao":55.66531250706666,"convex":12.266046216864,"yearn":24.79571}