{"stakedao":44.202520810503614,"convex":12.089991656088,"yearn":23.33808}