{"stakedao":41.42106884334219,"convex":21.521621493115198,"yearn":26.366}