{"stakedao":50.818675256591874,"convex":14.704001333049598,"yearn":17.84209}