{"stakedao":40.89367486338498,"convex":20.8573697531232,"yearn":26.6347}