{"stakedao":48.28740851928029,"convex":13.0910639531328,"yearn":24.01432}