{"stakedao":46.858874882162844,"convex":13.233097161748798,"yearn":24.46054}