{"stakedao":43.308539078408515,"convex":25.133007911500798,"yearn":28.65302}