{"stakedao":43.48396165705101,"convex":25.127968338864,"yearn":28.89138}