{"stakedao":42.50262149102844,"convex":20.707222937198402,"yearn":30.08597}