{"stakedao":43.49689443572221,"convex":26.5434330894048,"yearn":27.34692}