{"stakedao":45.85523572504911,"convex":13.2594175803888,"yearn":26.07073}