{"stakedao":56.43929926268147,"convex":30.971307534998402,"yearn":44.7197}