{"stakedao":45.59499135221502,"convex":10.6070341007664,"yearn":27.75412}