{"stakedao":40.665323561527266,"convex":19.0966632833808,"yearn":29.24838}