{"stakedao":52.45750220048089,"convex":22.8868934861376,"yearn":34.56538}