{"stakedao":41.01533343741217,"convex":21.7289667385008,"yearn":27.8876}