{"stakedao":47.314920906948196,"convex":13.2321100660272,"yearn":26.66259}