{"stakedao":47.436396725152974,"convex":22.8406031604,"yearn":39.04287}