{"stakedao":41.234655950743694,"convex":20.758652000524798,"yearn":27.8876}