{"stakedao":43.509437351049655,"convex":25.125468874344,"yearn":27.76781}