{"stakedao":55.748966253887346,"convex":12.0122018774208,"yearn":15.84199}