{"stakedao":49.7300830631181,"convex":10.746197356780801,"yearn":36.45994}