{"stakedao":67.19867132578977,"convex":24.314751099431998,"yearn":35.22035}