{"stakedao":42.09564608871978,"convex":14.198765691384,"yearn":17.45834}