{"stakedao":48.188896440642594,"convex":11.3761029080448,"yearn":30.92158}