{"stakedao":52.26895862643148,"convex":16.8533874322992,"yearn":18.2975}