{"stakedao":27.904811654314045,"convex":13.6850868596736,"yearn":23.66499}