{"stakedao":45.784851527963696,"convex":23.347204351862402,"yearn":32.69973}