{"stakedao":39.31673252390984,"convex":16.3818158241456,"yearn":27.95499}