{"stakedao":47.485235968134845,"convex":10.1791077300432,"yearn":18.45925}