{"stakedao":44.23187176296793,"convex":23.1596811791136,"yearn":35.16683}