{"stakedao":47.705090539058745,"convex":11.4645840025104,"yearn":34.19127}