{"stakedao":63.66381802662211,"convex":17.431146971352,"yearn":33.85036}