{"stakedao":42.17000571972156,"convex":22.750249470868802,"yearn":26.09722}