{"stakedao":47.442222526253126,"convex":22.3958331219456,"yearn":37.7139}