{"stakedao":45.58747132875705,"convex":10.72253139264,"yearn":26.46029}