{"stakedao":48.24191538247854,"convex":27.9505281382416,"yearn":27.5609}