{"stakedao":55.29134858841063,"convex":10.5340517960832,"yearn":21.90549}