{"stakedao":54.58666994710723,"convex":12.1787226765072,"yearn":16.19957}