{"stakedao":41.21663859255455,"convex":21.7293535306944,"yearn":27.8876}