{"stakedao":58.00740136879375,"convex":24.3100477226304,"yearn":39.39749}