{"stakedao":43.3988663649729,"convex":13.2612310044576,"yearn":16.84728}