{"stakedao":54.52648096157807,"convex":12.2667980004144,"yearn":26.51774}