{"stakedao":48.332308952454085,"convex":11.0792832409584,"yearn":37.95035}