{"stakedao":38.70157522741678,"convex":18.0620970359328,"yearn":29.43448}