{"stakedao":41.32608167290031,"convex":18.1303191422496,"yearn":32.06536}