{"stakedao":77.72266361314789,"convex":21.093817970880004,"yearn":33.63023}