{"stakedao":46.756285671393485,"convex":10.164636039398399,"yearn":19.44103}