{"stakedao":41.617449263231435,"convex":20.693449081468803,"yearn":26.23603}