{"stakedao":46.37939474279101,"convex":12.208301419896,"yearn":23.06613}