{"stakedao":40.53544603872344,"convex":16.2519079016304,"yearn":34.21859}