{"stakedao":43.25914937861857,"convex":25.1278712805168,"yearn":28.8573}