{"stakedao":51.7505390341653,"convex":26.7474623401584,"yearn":27.7427}