{"stakedao":40.68633725210997,"convex":18.8756368728768,"yearn":29.24838}