{"stakedao":42.578197022047625,"convex":21.535720163337597,"yearn":26.43367}