{"stakedao":48.07689150711113,"convex":23.1603947631072,"yearn":29.97243}