{"stakedao":39.68701701628892,"convex":15.604221489479999,"yearn":35.51958}