{"stakedao":41.38841604174223,"convex":17.5315066741728,"yearn":33.2899}