{"stakedao":65.92611066175147,"convex":20.5330692813552,"yearn":44.07617}