{"stakedao":42.82983618610681,"convex":16.4410897323744,"yearn":18.97025}