{"stakedao":55.417551801868456,"convex":12.1249418317488,"yearn":15.49304}