{"stakedao":42.43862329071397,"convex":20.6639389541088,"yearn":30.98205}