{"stakedao":43.618482559973074,"convex":26.8670683439424,"yearn":26.28524}