{"stakedao":42.89197371538674,"convex":14.8130907998544,"yearn":18.87173}