{"stakedao":40.458539187821636,"convex":18.861839958024,"yearn":27.16614}