{"stakedao":41.588998280778135,"convex":17.5194834511824,"yearn":32.52215}