{"stakedao":42.45374852083839,"convex":13.1899561944192,"yearn":17.11728}