{"stakedao":54.259400000923684,"convex":10.607367146155202,"yearn":15.38219}