{"stakedao":41.077563432559266,"convex":13.733120530180802,"yearn":16.3816}