{"stakedao":42.551201143335774,"convex":20.7239745229632,"yearn":32.03707}