{"stakedao":28.93499591078249,"convex":15.7431882194496,"yearn":25.81229}