{"stakedao":37.5795813305125,"convex":24.3094431838176,"yearn":29.78188}