{"stakedao":38.76513476478447,"convex":16.424382227630403,"yearn":29.43448}