{"stakedao":39.02522939720369,"convex":18.0629141368464,"yearn":29.43448}