{"stakedao":28.94681805862618,"convex":15.728575338979198,"yearn":23.68191}