{"stakedao":51.59221802109018,"convex":11.9940511118688,"yearn":25.06626}