{"stakedao":40.994997511936,"convex":17.2399161930768,"yearn":31.84128}