{"stakedao":41.95285923149786,"convex":17.5268906993952,"yearn":33.17238}