{"stakedao":54.68008074416312,"convex":10.618826893358401,"yearn":15.32234}