{"stakedao":38.960479198317984,"convex":15.968786101128002,"yearn":27.8517}