{"stakedao":44.09070635097847,"convex":22.519658797056003,"yearn":30.90916}