{"stakedao":54.365756708941824,"convex":12.270150315057602,"yearn":26.79419}