{"stakedao":41.01797435177725,"convex":17.2399161930768,"yearn":31.88626}