{"stakedao":51.036369226125885,"convex":25.249948735392,"yearn":30.75434}