{"stakedao":55.34404036773727,"convex":12.2657846131296,"yearn":26.22997}