{"stakedao":47.840160619958944,"convex":29.219852463062402,"yearn":36.70482}