{"stakedao":41.35059001923052,"convex":17.531488563047997,"yearn":34.24767}