{"stakedao":48.20470179374587,"convex":11.0794473385344,"yearn":20.23425}