{"stakedao":38.684268006502236,"convex":17.602160439456,"yearn":29.43448}