{"stakedao":45.89610797153857,"convex":20.528166183912,"yearn":45.14782}