{"stakedao":46.782697394689436,"convex":31.9168528484256,"yearn":27.57691}