{"stakedao":47.72692687665017,"convex":22.4004280022928,"yearn":38.21202}