{"stakedao":54.782080145879014,"convex":9.7989644132352,"yearn":19.89889}