{"stakedao":39.40422875178021,"convex":15.762745960488,"yearn":32.75375}