{"stakedao":41.40912285997733,"convex":18.085267049169598,"yearn":31.20912}