{"stakedao":45.245088002315384,"convex":13.217454466891201,"yearn":25.33422}