{"stakedao":58.990765926485274,"convex":16.963677222336003,"yearn":36.07982}