{"stakedao":44.92747262051509,"convex":23.298640958548802,"yearn":32.05127}