{"stakedao":44.77146199864919,"convex":13.9701556802016,"yearn":18.94503}