{"stakedao":44.30657323415943,"convex":22.6020664584288,"yearn":30.35982}