{"stakedao":49.23053036961147,"convex":21.7984484336544,"yearn":40.30249}