{"stakedao":41.961805355179116,"convex":17.5367596446144,"yearn":33.47699}