{"stakedao":52.630975351241986,"convex":16.9922183051808,"yearn":38.31004}