{"stakedao":52.620743787991294,"convex":25.819234166505602,"yearn":32.85926}