{"stakedao":63.990449204705385,"convex":12.6308362699152,"yearn":46.79803}