{"stakedao":44.12643123318946,"convex":23.301243851688,"yearn":31.69993}