{"stakedao":54.32386825037442,"convex":10.6438649005584,"yearn":15.23057}