{"stakedao":41.68239157592062,"convex":20.693449081468803,"yearn":26.26841}