{"stakedao":44.82947090906736,"convex":23.298640958548802,"yearn":32.05127}