{"stakedao":42.59227217955124,"convex":12.070885687171199,"yearn":21.9835}