{"stakedao":47.56728141971152,"convex":13.048105229193599,"yearn":24.31697}