{"stakedao":53.785106612582155,"convex":26.7810232919472,"yearn":29.80447}