{"stakedao":41.587532896183845,"convex":17.4879364987296,"yearn":33.05793}