{"stakedao":54.862338272443736,"convex":10.7688324185424,"yearn":16.04088}