{"stakedao":43.254766829329995,"convex":26.5445445410352,"yearn":25.84513}