{"stakedao":47.798471136422584,"convex":22.406412185352004,"yearn":38.11057}