{"stakedao":44.6010214009812,"convex":22.102807276656,"yearn":45.10718}