{"stakedao":51.116961775978695,"convex":9.592115241744,"yearn":18.08523}