{"stakedao":40.659120949830296,"convex":16.4659681327248,"yearn":33.82406}