{"stakedao":52.17526749721674,"convex":13.927078141228797,"yearn":18.14558}