{"stakedao":39.414248086333735,"convex":16.8989362016112,"yearn":26.64518}