{"stakedao":50.22124503168439,"convex":13.640181831576001,"yearn":17.17808}