{"stakedao":42.6017771549096,"convex":21.088361593238396,"yearn":32.93744}