{"stakedao":72.93148973948774,"convex":24.463052731382398,"yearn":43.02497}