{"stakedao":57.511902904163286,"convex":12.285461197584,"yearn":23.97672}