{"stakedao":56.11725664611857,"convex":11.459939563339201,"yearn":13.92236}