{"stakedao":49.28218987173059,"convex":29.294463081801602,"yearn":34.05182}