{"stakedao":40.88110771283628,"convex":16.7549470356672,"yearn":34.26706}