{"stakedao":42.862423578326094,"convex":22.180800270153597,"yearn":28.1515}