{"stakedao":40.326841491788095,"convex":13.2083475008112,"yearn":18.47603}