{"stakedao":56.41528178949336,"convex":30.969172065297602,"yearn":44.5305}