{"stakedao":47.18261918157627,"convex":22.4058372241536,"yearn":38.25487}