{"stakedao":55.92440394480414,"convex":10.2012477554448,"yearn":21.44042}