{"stakedao":37.57615893004153,"convex":24.3240742668672,"yearn":29.9283}