{"stakedao":58.17199234943893,"convex":12.5181740392128,"yearn":13.95352}