{"stakedao":43.40565328242175,"convex":16.445514441312,"yearn":18.82281}