{"stakedao":56.188123858671375,"convex":11.2210008215184,"yearn":15.66597}