{"stakedao":56.059905800588176,"convex":12.115686432024,"yearn":17.18868}