{"stakedao":47.59180564212473,"convex":22.3564032259488,"yearn":37.84879}