{"stakedao":44.06197911943651,"convex":23.726829352435203,"yearn":32.93068}