{"stakedao":76.61329888126664,"convex":20.3638431917376,"yearn":34.83409}