{"stakedao":53.199556206448364,"convex":14.6057555482272,"yearn":21.91305}