{"stakedao":38.72320643678533,"convex":16.404157563264,"yearn":27.95499}