{"stakedao":40.45228626498565,"convex":19.145212841851198,"yearn":28.59928}