{"stakedao":55.2943202682993,"convex":10.5336050760288,"yearn":22.04324}