{"stakedao":40.911389359924755,"convex":19.8381613705344,"yearn":26.9291}