{"stakedao":40.544328639768665,"convex":17.2179639456336,"yearn":31.36251}