{"stakedao":38.781776729003695,"convex":18.058171797316803,"yearn":29.43448}