{"stakedao":40.55451158760764,"convex":18.878302752868798,"yearn":29.24838}