{"stakedao":40.56729545702591,"convex":19.0966632833808,"yearn":29.24838}