{"stakedao":46.46758156528553,"convex":13.2266019788064,"yearn":24.47655}