{"stakedao":48.07516394754293,"convex":11.541000274847999,"yearn":33.43521}