{"stakedao":64.85471233799555,"convex":17.447430051993603,"yearn":32.02624}