{"stakedao":39.60015989575363,"convex":15.6930739108848,"yearn":25.60773}