{"stakedao":42.54430255098035,"convex":22.173799763808,"yearn":25.63563}