{"stakedao":53.26297805989935,"convex":14.2002952157664,"yearn":22.7533}