{"stakedao":39.36877315949183,"convex":15.698309561755199,"yearn":25.31916}