{"stakedao":43.775655830832505,"convex":26.831581895448004,"yearn":26.0371}