{"stakedao":55.316852598577306,"convex":12.2549207859504,"yearn":25.79352}