{"stakedao":50.881243380513936,"convex":29.4070897146672,"yearn":37.14197}