{"stakedao":49.25315374208018,"convex":22.9547076711408,"yearn":32.79878}