{"stakedao":46.17340356711263,"convex":10.615689146505602,"yearn":25.56616}