{"stakedao":50.87332812801917,"convex":12.2093518083696,"yearn":25.21356}