{"stakedao":47.69105720152953,"convex":29.2231329292368,"yearn":36.45411}