{"stakedao":42.27690465273272,"convex":22.8170769228144,"yearn":29.43448}