{"stakedao":52.62660326508407,"convex":13.411605923424002,"yearn":38.31004}