{"stakedao":41.44999445714094,"convex":18.073738745855998,"yearn":31.42742}