{"stakedao":39.67365248708715,"convex":14.7922267525488,"yearn":21.61325}