{"stakedao":73.80705031273537,"convex":24.461991608054397,"yearn":43.10596}