{"stakedao":44.95983350922893,"convex":20.4578350192944,"yearn":47.01136}