{"stakedao":43.92130791264274,"convex":12.341244064305599,"yearn":19.13603}