{"stakedao":40.00914280167075,"convex":13.140715849329599,"yearn":17.08578}