{"stakedao":79.88753909025553,"convex":21.114418626360003,"yearn":33.63023}