{"stakedao":42.97044238448937,"convex":15.2869962738384,"yearn":17.84256}