{"stakedao":46.1417329607645,"convex":22.1736852755136,"yearn":40.36832}