{"stakedao":56.112675100878775,"convex":12.6158889596256,"yearn":25.59617}