{"stakedao":51.60639856261706,"convex":22.9678090122096,"yearn":34.56538}