{"stakedao":46.75212890767701,"convex":12.2024037432384,"yearn":25.08476}