{"stakedao":58.21909741828737,"convex":12.6670426159104,"yearn":15.18497}