{"stakedao":63.96297089947764,"convex":17.335664156404803,"yearn":33.1767}