{"stakedao":54.49426772175717,"convex":10.490829563635199,"yearn":16.19102}