{"stakedao":53.998901977071974,"convex":10.6091077283712,"yearn":15.46887}