{"stakedao":44.71237589379274,"convex":23.224102084209598,"yearn":36.37369}