{"stakedao":47.314520210374475,"convex":11.4688662381072,"yearn":33.83058}