{"stakedao":48.67867176314198,"convex":12.203547118761598,"yearn":22.76239}