{"stakedao":55.48464528025216,"convex":12.1764919333968,"yearn":15.88995}