{"stakedao":52.6438376284967,"convex":11.2804207256592,"yearn":0}