{"stakedao":38.77242068629641,"convex":16.404075446673602,"yearn":27.95499}