{"stakedao":45.58099066434398,"convex":21.8132410850928,"yearn":39.24269}