{"stakedao":40.155077938689374,"convex":13.0377115722384,"yearn":19.25924}