{"stakedao":62.34450891507225,"convex":20.184050757182398,"yearn":44.33764}