{"stakedao":45.47623639437792,"convex":8.9911609778448,"yearn":27.36726}