{"stakedao":57.95897213952253,"convex":11.002080779294399,"yearn":15.13083}