{"stakedao":49.07997095975724,"convex":11.158316222356799,"yearn":32.78076}