{"stakedao":43.95874490100619,"convex":12.355659917308799,"yearn":18.30808}