{"stakedao":39.539857016924024,"convex":15.7547381123088,"yearn":32.1552}