{"stakedao":41.41633540018344,"convex":18.08524817172,"yearn":31.26342}