{"stakedao":65.14967657710251,"convex":19.0170775673568,"yearn":41.94741}