{"stakedao":40.94006640820801,"convex":14.8042763774784,"yearn":20.89144}