{"stakedao":40.81270700882598,"convex":16.5264477473808,"yearn":33.69805}