{"stakedao":52.098079406662606,"convex":26.7110843815584,"yearn":28.41118}