{"stakedao":56.35033449766611,"convex":11.603792452766399,"yearn":14.00354}