{"stakedao":44.57885348777111,"convex":22.1030175208608,"yearn":45.37106}