{"stakedao":44.21289523219774,"convex":19.5726034127808,"yearn":43.16671}