{"stakedao":42.764534667049965,"convex":13.2216095777184,"yearn":17.89337}