{"stakedao":42.231207658642646,"convex":13.1823023126112,"yearn":16.51586}