{"stakedao":40.64384972923883,"convex":19.1048318453232,"yearn":29.24838}