{"stakedao":42.91034972995913,"convex":24.8903643330144,"yearn":28.2271}