{"stakedao":42.362516899182395,"convex":12.415009130352,"yearn":17.46297}