{"stakedao":53.13488774944025,"convex":13.701674568614399,"yearn":33.30373}