{"stakedao":47.347858508638396,"convex":19.811592025632002,"yearn":26.6897}