{"stakedao":52.53578358681546,"convex":26.7111019218816,"yearn":28.54763}