{"stakedao":42.651395474472174,"convex":13.2222222812016,"yearn":17.51845}