{"stakedao":40.6630782894384,"convex":20.207871222494397,"yearn":27.13457}