{"stakedao":39.04972164836087,"convex":18.094219264944,"yearn":29.43448}