{"stakedao":55.38489188232935,"convex":12.1249418317488,"yearn":15.49304}