{"stakedao":59.48847758028915,"convex":17.048125600344,"yearn":35.79244}