{"stakedao":53.87279748450678,"convex":13.6225573671744,"yearn":32.64825}