{"stakedao":41.51763166642522,"convex":21.521599405300798,"yearn":26.80457}