{"stakedao":41.7173331644221,"convex":18.3359376371088,"yearn":30.99314}