{"stakedao":52.82232567709883,"convex":24.351502128912,"yearn":37.28471}