{"stakedao":62.532502426484875,"convex":19.7951746457808,"yearn":40.21449}