{"stakedao":73.39020482490487,"convex":24.4637996079312,"yearn":42.86027}