{"stakedao":40.79699898065996,"convex":16.0287445707696,"yearn":19.97703}