{"stakedao":42.75425602084142,"convex":24.937398025344002,"yearn":26.78332}