{"stakedao":48.349906808080746,"convex":28.0038247067232,"yearn":27.36074}