{"stakedao":46.01473425725982,"convex":22.1736852755136,"yearn":40.41326}