{"stakedao":41.02850264676504,"convex":19.811979760751996,"yearn":27.36426}