{"stakedao":70.55405197412824,"convex":21.1853166064272,"yearn":32.30318}