{"stakedao":39.2743161642251,"convex":16.280840292624,"yearn":27.95499}