{"stakedao":39.871942759679044,"convex":14.7006865557072,"yearn":19.76123}