{"stakedao":41.06248857832344,"convex":20.9142722992176,"yearn":26.07552}