{"stakedao":46.228840042340785,"convex":28.3767828675984,"yearn":28.72039}