{"stakedao":45.687177451822166,"convex":31.0169154500784,"yearn":49.40915}