{"stakedao":42.54275029650735,"convex":13.1890958198064,"yearn":16.86146}