{"stakedao":54.91421278534577,"convex":10.5333762318912,"yearn":22.15649}