{"stakedao":57.05791201734714,"convex":11.6351322736176,"yearn":14.60313}