{"stakedao":44.92070611468899,"convex":22.118771859465603,"yearn":43.6625}