{"stakedao":45.31175802926235,"convex":22.9388241106224,"yearn":33.73926}