{"stakedao":38.748798812806335,"convex":16.4041820225856,"yearn":27.95499}