{"stakedao":40.54444887487394,"convex":17.1553678301808,"yearn":30.62515}