{"stakedao":44.594853686509396,"convex":22.1030175208608,"yearn":45.37106}