{"stakedao":61.37527504879753,"convex":19.1225585967408,"yearn":47.32306}