{"stakedao":45.31759719445485,"convex":22.93621116696,"yearn":33.82799}