{"stakedao":46.61880352273387,"convex":20.1542038474176,"yearn":43.95054}