{"stakedao":39.545777307580906,"convex":15.684003233279999,"yearn":25.60773}