{"stakedao":51.07997085469164,"convex":10.9645849893312,"yearn":17.80453}