{"stakedao":55.3266160123527,"convex":10.5336050760288,"yearn":22.02047}