{"stakedao":45.84573676118534,"convex":10.7080202946096,"yearn":27.41637}