{"stakedao":39.05504254857016,"convex":18.0942500093904,"yearn":29.43448}