{"stakedao":73.93592606142073,"convex":24.4885198930848,"yearn":42.61619}