{"stakedao":44.108572654408135,"convex":23.7850192516608,"yearn":33.10602}