{"stakedao":41.47459395744583,"convex":15.0433033317984,"yearn":14.84093}