{"stakedao":45.439477851132075,"convex":10.6123291023888,"yearn":24.96123}