{"stakedao":41.17125119773663,"convex":21.0327465894912,"yearn":23.7881}