{"stakedao":40.53375783130471,"convex":17.22449575764,"yearn":30.23145}