{"stakedao":40.88084692113862,"convex":21.7289667385008,"yearn":27.8876}