{"stakedao":42.28721937030304,"convex":20.6437089980016,"yearn":29.13984}