{"stakedao":41.135235391314474,"convex":20.6735469830784,"yearn":23.27149}