{"stakedao":39.31982323677606,"convex":15.7720121549856,"yearn":26.79239}