{"stakedao":43.60187643147111,"convex":14.767082680320001,"yearn":18.6019}