{"stakedao":38.65096787193305,"convex":16.4484058163184,"yearn":29.43448}