{"stakedao":42.402733301689,"convex":15.331634649288,"yearn":14.59242}