{"stakedao":55.46683853062342,"convex":11.404290595320001,"yearn":15.37675}