{"stakedao":43.51541718464424,"convex":14.1770281914864,"yearn":16.74948}