{"stakedao":37.62777512851261,"convex":15.3351185920416,"yearn":27.3738}