{"stakedao":47.33879493790929,"convex":11.375620571232002,"yearn":30.51504}