{"stakedao":42.4878358082176,"convex":16.4391256955232,"yearn":19.00528}