{"stakedao":58.61385535567704,"convex":24.345723661488,"yearn":38.53353}