{"stakedao":43.00283811977478,"convex":13.2724415541888,"yearn":17.05582}