{"stakedao":55.28140634904821,"convex":11.3840492357952,"yearn":14.19795}