{"stakedao":42.38124212851743,"convex":13.258361364062399,"yearn":18.33758}