{"stakedao":49.30104097066672,"convex":29.303233965576,"yearn":34.59509}