{"stakedao":38.964394502995205,"convex":16.090204696430398,"yearn":27.74142}