{"stakedao":45.37358011662092,"convex":22.058732206699197,"yearn":40.3349}