{"stakedao":44.339669047638964,"convex":23.2338769859232,"yearn":35.53316}