{"stakedao":42.09358916073093,"convex":21.541549592937603,"yearn":26.08583}