{"stakedao":41.33749349502206,"convex":21.520674817084803,"yearn":26.24604}