{"stakedao":44.17748597167997,"convex":23.7839259395376,"yearn":32.35802}