{"stakedao":45.2380246560908,"convex":20.4655461673248,"yearn":48.075}