{"stakedao":47.60421911739439,"convex":22.9792766118768,"yearn":39.30239}