{"stakedao":47.94173160117578,"convex":8.989306572743999,"yearn":29.86194}