{"stakedao":42.32632064376064,"convex":13.1820803496288,"yearn":16.47832}