{"stakedao":43.23895857522219,"convex":19.533448826064,"yearn":42.58914}