{"stakedao":40.16606837225322,"convex":13.172406631171201,"yearn":18.60813}