{"stakedao":54.42998271881558,"convex":26.8129304139024,"yearn":29.21127}