{"stakedao":39.10254434169621,"convex":16.312574433312,"yearn":27.95499}