{"stakedao":56.9788287194383,"convex":30.4493202381888,"yearn":42.15499}