{"stakedao":52.301537538918026,"convex":14.7742031369952,"yearn":30.95609}