{"stakedao":67.79005630618875,"convex":23.592200222663998,"yearn":36.18087}