{"stakedao":51.65694407209212,"convex":24.3019283347728,"yearn":41.30264}