{"stakedao":47.489367178352325,"convex":22.8403928878128,"yearn":39.07901}