{"stakedao":65.74871911691076,"convex":10.1001612991968,"yearn":38.26888}