{"stakedao":40.11720810806131,"convex":5.3955922507344,"yearn":19.66601}