{"stakedao":71.7900733036955,"convex":24.4265273262144,"yearn":43.34995}