{"stakedao":41.4519954977729,"convex":18.085000957862402,"yearn":31.37282}