{"stakedao":42.10241581161111,"convex":13.189491331704,"yearn":17.31711}