{"stakedao":40.753091121941516,"convex":13.264079030078399,"yearn":15.47349}