{"stakedao":42.63818284416911,"convex":15.276840373094402,"yearn":18.39044}