{"stakedao":44.48873525224549,"convex":22.109206347331202,"yearn":46.07597}