{"stakedao":42.47702066637565,"convex":20.6654793647184,"yearn":30.71811}