{"stakedao":41.60085198260455,"convex":17.5194834511824,"yearn":32.52215}