{"stakedao":41.49619798555745,"convex":18.1577824949088,"yearn":31.52204}