{"stakedao":44.60809023773619,"convex":22.1030937402192,"yearn":45.19488}