{"stakedao":46.45364958962094,"convex":21.5742693124656,"yearn":42.19701}