{"stakedao":61.19956015190878,"convex":18.9553447435968,"yearn":47.57373}