{"stakedao":66.37871767220409,"convex":18.4157153253792,"yearn":31.05033}