{"stakedao":45.44065669802298,"convex":8.9911609778448,"yearn":27.30712}