{"stakedao":38.634221612214205,"convex":16.448468970312,"yearn":29.43448}