{"stakedao":40.932279514876,"convex":20.909094971025603,"yearn":25.86373}