{"stakedao":44.48425532259108,"convex":22.658074359739203,"yearn":50.23213}