{"stakedao":47.67795764978243,"convex":22.980697381209602,"yearn":50.20835}