{"stakedao":46.62142619759357,"convex":12.1972782444624,"yearn":23.10884}