{"stakedao":42.52366709813761,"convex":20.676072556252798,"yearn":29.8223}