{"stakedao":46.190308066064766,"convex":21.4950066606864,"yearn":42.19701}