{"stakedao":45.882839821929075,"convex":20.527936996031997,"yearn":45.14782}