{"stakedao":42.70616079994625,"convex":13.2162699400416,"yearn":16.6449}