{"stakedao":48.19802689700467,"convex":10.987174525723201,"yearn":35.37354}