{"stakedao":41.75588147892272,"convex":20.7011670192,"yearn":25.61248}