{"stakedao":40.5633509161676,"convex":20.000798577446403,"yearn":29.4697}