{"stakedao":40.676427682050786,"convex":12.973849059326401,"yearn":16.67119}