{"stakedao":47.42806695244656,"convex":11.002827920745599,"yearn":34.82907}