{"stakedao":41.549021098041685,"convex":18.071754652108798,"yearn":31.97338}