{"stakedao":53.88488088777555,"convex":10.763929043582399,"yearn":23.75377}