{"stakedao":65.29763807305793,"convex":18.828898792704,"yearn":41.94741}