{"stakedao":42.212984800972606,"convex":13.181656029595201,"yearn":15.6771}