{"stakedao":43.8962443795239,"convex":12.341244064305599,"yearn":19.13603}