{"stakedao":46.40132900766556,"convex":28.375899096427197,"yearn":30.66727}