{"stakedao":40.55769686365083,"convex":13.176834717614401,"yearn":18.70704}