{"stakedao":40.68555746326008,"convex":20.2079377161504,"yearn":26.48629}