{"stakedao":43.393981646239695,"convex":19.5329564355744,"yearn":42.01814}