{"stakedao":42.82148441359242,"convex":24.911702382168002,"yearn":28.70065}