{"stakedao":41.457421073897514,"convex":20.6934303522384,"yearn":28.97846}