{"stakedao":54.35300626310827,"convex":15.9183728785872,"yearn":23.43273}