{"stakedao":71.57681386585185,"convex":24.426564415704,"yearn":43.432}