{"stakedao":42.4591944200203,"convex":13.7385542019024,"yearn":17.83539}