{"stakedao":44.51711546628812,"convex":22.126643557271997,"yearn":46.51588}