{"stakedao":57.971682372854076,"convex":12.518825894639999,"yearn":14.04898}