{"stakedao":41.28959581322724,"convex":17.5300305528528,"yearn":33.82611}