{"stakedao":48.92049966149278,"convex":21.820627390248003,"yearn":40.08044}