{"stakedao":47.923195200866274,"convex":22.8259993717584,"yearn":38.33503}