{"stakedao":40.29358842221191,"convex":16.2769491097344,"yearn":35.35142}