{"stakedao":44.51627931817824,"convex":19.576245082838398,"yearn":43.3862}