{"stakedao":37.5868234976919,"convex":14.0582826695376,"yearn":25.247}