{"stakedao":39.72261621575502,"convex":15.60452360436,"yearn":35.03423}