{"stakedao":41.27851723226634,"convex":20.9990763717696,"yearn":25.07232}