{"stakedao":46.872407189669566,"convex":13.2586224758352,"yearn":25.65758}