{"stakedao":54.18658039034658,"convex":10.4410871748864,"yearn":15.94237}