{"stakedao":39.34722347408923,"convex":16.8868501116048,"yearn":26.38992}