{"stakedao":42.76724891713669,"convex":13.21611145272,"yearn":16.84109}