{"stakedao":56.73569841695132,"convex":30.559239313084795,"yearn":40.98525}