{"stakedao":56.24116209527749,"convex":11.408261785041601,"yearn":14.6622}