{"stakedao":41.42267918761246,"convex":18.147716361388802,"yearn":31.84788}