{"stakedao":47.67639208296645,"convex":14.322907789257599,"yearn":17.96013}