{"stakedao":40.53441070639961,"convex":17.2179639456336,"yearn":31.36251}