{"stakedao":51.098072108615874,"convex":10.969009799184,"yearn":17.95826}