{"stakedao":38.91819015719727,"convex":17.663296157438403,"yearn":29.43448}