{"stakedao":40.299696639549865,"convex":16.1663233225392,"yearn":35.20502}