{"stakedao":40.909635620173894,"convex":16.752097322870398,"yearn":34.05334}