{"stakedao":54.93659140873936,"convex":11.349326359008,"yearn":22.37706}