{"stakedao":41.53505550682428,"convex":13.2703421648256,"yearn":15.05502}