{"stakedao":42.863790775776835,"convex":28.587713882328003,"yearn":27.91809}