{"stakedao":55.711566649798065,"convex":11.313933641812799,"yearn":15.45494}