{"stakedao":41.153806980508115,"convex":21.730973528707203,"yearn":27.67629}