{"stakedao":65.1409782785817,"convex":20.574322942075202,"yearn":37.8756}