{"stakedao":46.03827702447833,"convex":21.646565305488,"yearn":42.19701}