{"stakedao":47.53204884608344,"convex":13.0381056839376,"yearn":24.47951}