{"stakedao":66.5768357036426,"convex":20.535228144460802,"yearn":43.33477}