{"stakedao":42.1479419522627,"convex":14.2522195519728,"yearn":17.20916}