{"stakedao":37.620926700436314,"convex":14.1595774399872,"yearn":24.64869}