{"stakedao":45.3249958324829,"convex":22.9388241106224,"yearn":33.78499}