{"stakedao":40.50305100086386,"convex":16.4534766127488,"yearn":18.63893}