{"stakedao":45.09917109532492,"convex":11.5850710559088,"yearn":25.65945}