{"stakedao":45.22036419853541,"convex":20.4686661436416,"yearn":48.0363}