{"stakedao":42.88426913813545,"convex":24.888696226833602,"yearn":27.9867}