{"stakedao":42.5380621996289,"convex":12.3818261659056,"yearn":20.72892}