{"stakedao":58.01256917866895,"convex":12.0858238867104,"yearn":14.16366}