{"stakedao":56.84808649788994,"convex":13.310881623446399,"yearn":18.06459}