{"stakedao":66.99638913597485,"convex":20.462505049929597,"yearn":43.29849}