{"stakedao":47.336137516643056,"convex":19.8166162339296,"yearn":26.60854}