{"stakedao":52.64290074156067,"convex":24.3474354797184,"yearn":37.76035}