{"stakedao":48.0260992843501,"convex":12.700631076552,"yearn":23.33306}