{"stakedao":42.42319337937011,"convex":22.17509745444,"yearn":25.63563}