{"stakedao":41.0626423375348,"convex":21.7478321823456,"yearn":27.14774}