{"stakedao":49.42888235064237,"convex":10.7482223148768,"yearn":36.8255}