{"stakedao":42.577099084628344,"convex":21.0860442081216,"yearn":32.51197}