{"stakedao":38.66568292649468,"convex":16.421547775104,"yearn":27.95499}