{"stakedao":52.57915841112481,"convex":13.6843544203056,"yearn":31.59889}