{"stakedao":46.473596701321554,"convex":8.993663463513599,"yearn":27.73533}