{"stakedao":57.14354486649385,"convex":12.2723568353664,"yearn":24.21542}