{"stakedao":55.705541948691064,"convex":11.3494530738096,"yearn":22.93345}