{"stakedao":42.2077185103919,"convex":14.2522195519728,"yearn":17.20916}