{"stakedao":50.23152017048911,"convex":10.011252724790399,"yearn":17.47219}