{"stakedao":40.11006669129106,"convex":13.1300803869408,"yearn":17.43112}