{"stakedao":39.693312029086066,"convex":15.605797611455998,"yearn":34.40239}