{"stakedao":42.64943720131767,"convex":13.6998451431792,"yearn":16.52122}