{"stakedao":42.755686152625344,"convex":23.084934671750403,"yearn":29.43448}