{"stakedao":67.76105355698877,"convex":20.198053040774397,"yearn":31.68482}