{"stakedao":46.47177957124156,"convex":28.341711215265597,"yearn":31.15048}