{"stakedao":45.410832763054714,"convex":20.5322033248704,"yearn":44.30352}