{"stakedao":46.81530063626683,"convex":26.022712849156797,"yearn":28.54481}