{"stakedao":47.646629392577985,"convex":31.390725048263995,"yearn":29.17068}