{"stakedao":44.38645416263868,"convex":23.8543630083504,"yearn":35.01063}