{"stakedao":42.64922194649288,"convex":24.8886117923472,"yearn":27.27709}