{"stakedao":41.480493083686106,"convex":20.7009534605616,"yearn":25.57517}