{"stakedao":68.9132021850146,"convex":18.457921221926398,"yearn":30.07941}