{"stakedao":41.735572648478154,"convex":21.521691323280002,"yearn":25.95399}