{"stakedao":42.561197956691075,"convex":12.131764989091199,"yearn":21.58143}