{"stakedao":47.46767501020307,"convex":11.375400323808,"yearn":30.51504}