{"stakedao":52.78651325196849,"convex":13.7538140213376,"yearn":27.9006}