{"stakedao":46.098163134686736,"convex":21.5618106277728,"yearn":42.19701}