{"stakedao":48.95135507702714,"convex":22.9692477381408,"yearn":29.97243}