{"stakedao":54.90210626928368,"convex":10.5333234217056,"yearn":0}