{"stakedao":45.57529894934983,"convex":20.519946353894397,"yearn":45.52854}