{"stakedao":47.532180224398424,"convex":22.9814997012,"yearn":38.65228}