{"stakedao":45.74639822176576,"convex":31.0165781725584,"yearn":49.52694}