{"stakedao":62.571781470660305,"convex":20.180594468347202,"yearn":44.79666}