{"stakedao":52.63318774740289,"convex":13.5795289833648,"yearn":32.38559}