{"stakedao":45.40463301624347,"convex":20.4706594963584,"yearn":48.85142}