{"stakedao":42.319089454716796,"convex":13.2723136630944,"yearn":18.81692}