{"stakedao":42.24789786311912,"convex":13.274636822452802,"yearn":18.93848}