{"stakedao":65.3783880584346,"convex":18.5725950268464,"yearn":42.80342}