{"stakedao":39.50836357822894,"convex":15.692651278027201,"yearn":33.15188}