{"stakedao":41.685352354229416,"convex":20.7200903189904,"yearn":25.70175}