{"stakedao":37.35079695406738,"convex":25.6838331868272,"yearn":29.5232}