{"stakedao":41.29389519780507,"convex":20.983229386704,"yearn":24.00264}