{"stakedao":49.32185978182416,"convex":29.2946798444976,"yearn":34.64456}