{"stakedao":44.13837554753877,"convex":19.5722783743824,"yearn":43.25496}