{"stakedao":51.39271115427327,"convex":14.727730410187199,"yearn":17.93551}