{"stakedao":57.461149790112245,"convex":11.031971265504,"yearn":16.60425}