{"stakedao":46.32079487790625,"convex":22.1901667775136,"yearn":40.54853}