{"stakedao":55.05020332647025,"convex":10.5944324160816,"yearn":14.64564}