{"stakedao":46.420982797489955,"convex":28.3754300772672,"yearn":31.98738}