{"stakedao":40.98209234061126,"convex":20.9090119367376,"yearn":25.63093}