{"stakedao":55.390284741389934,"convex":12.1764919333968,"yearn":15.88995}