{"stakedao":53.79065301076205,"convex":15.776416047009597,"yearn":23.89909}