{"stakedao":39.26093786831487,"convex":16.265784069604802,"yearn":27.95499}