{"stakedao":41.36823649252885,"convex":20.6934303522384,"yearn":29.04891}