{"stakedao":43.16834176539209,"convex":15.2745052395168,"yearn":18.19592}