{"stakedao":42.666414816539906,"convex":15.701684689540802,"yearn":17.01509}