{"stakedao":52.854299609429624,"convex":27.013043350727997,"yearn":28.29243}