{"stakedao":65.6760726070386,"convex":20.461348558584,"yearn":45.20319}