{"stakedao":43.34030149397327,"convex":25.120972711137597,"yearn":27.5292}