{"stakedao":40.735233348379964,"convex":16.687378894536,"yearn":34.99808}