{"stakedao":53.99930492757612,"convex":14.1858523900224,"yearn":23.08505}