{"stakedao":66.63758533903882,"convex":21.2011017746256,"yearn":31.68482}