{"stakedao":53.11481940174623,"convex":27.994234202308796,"yearn":30.53012}