{"stakedao":54.05023119296361,"convex":11.88679809672,"yearn":27.28756}