{"stakedao":37.612284440750415,"convex":14.0702617011312,"yearn":25.91429}