{"stakedao":47.828180118692124,"convex":31.351992340694398,"yearn":29.70132}