{"stakedao":40.99617465240706,"convex":15.1233062123376,"yearn":20.09998}