{"stakedao":37.698389561965755,"convex":14.106662289964802,"yearn":25.37743}