{"stakedao":46.55678742258813,"convex":20.279519677368,"yearn":41.32098}