{"stakedao":51.287848573991226,"convex":9.6013165446144,"yearn":18.27328}