{"stakedao":42.257133825714305,"convex":22.10045615748,"yearn":26.38004}