{"stakedao":55.82890637210608,"convex":11.407483211659201,"yearn":15.45553}