{"stakedao":47.50644719458583,"convex":10.6489881981216,"yearn":20.39831}