{"stakedao":45.33445545758951,"convex":23.1158203205904,"yearn":37.44835}