{"stakedao":44.828754613599386,"convex":20.4577705912464,"yearn":46.98539}