{"stakedao":27.92086994999888,"convex":13.6912616147808,"yearn":25.59591}