{"stakedao":43.27475543985825,"convex":18.9024269855472,"yearn":27.81179}