{"stakedao":42.5696159439622,"convex":21.0920619013344,"yearn":29.85216}