{"stakedao":48.782678518138276,"convex":31.3360158057408,"yearn":27.19807}