{"stakedao":47.615895291265204,"convex":11.468770844860801,"yearn":33.83058}