{"stakedao":58.133492606637354,"convex":24.3081450926784,"yearn":39.91279}