{"stakedao":43.1635529206135,"convex":14.7634898185296,"yearn":17.98705}