{"stakedao":37.52720735724348,"convex":15.3648165541248,"yearn":26.54261}