{"stakedao":52.27238610124856,"convex":10.969006560436801,"yearn":17.57032}