{"stakedao":45.81881660335136,"convex":22.0675303218096,"yearn":39.58615}