{"stakedao":47.09243863554558,"convex":13.3759116905328,"yearn":25.17158}