{"stakedao":45.90097379682939,"convex":21.822896515824,"yearn":39.96147}