{"stakedao":43.16087698915087,"convex":22.3196032841328,"yearn":28.11904}