{"stakedao":54.20600329394982,"convex":12.209870301206397,"yearn":15.57854}