{"stakedao":43.819543520509946,"convex":23.3119824998688,"yearn":28.52311}