{"stakedao":65.46099786184378,"convex":18.5896820421216,"yearn":42.31411}