{"stakedao":40.57788127488265,"convex":20.2094677419552,"yearn":28.56205}