{"stakedao":49.388135570384925,"convex":22.8949564781664,"yearn":32.58568}