{"stakedao":40.940172849775614,"convex":19.1346097953168,"yearn":29.10117}