{"stakedao":51.69010828725643,"convex":9.6344697958416,"yearn":18.83971}