{"stakedao":29.130351522093733,"convex":15.859470518049601,"yearn":25.81229}