{"stakedao":51.78941357900531,"convex":13.890933864388801,"yearn":26.87601}