{"stakedao":58.016311148845304,"convex":17.020031445691203,"yearn":36.80016}