{"stakedao":53.37049446406699,"convex":24.3505914890688,"yearn":37.70068}