{"stakedao":49.21864796229759,"convex":11.079442680667201,"yearn":37.91737}