{"stakedao":42.15506161821231,"convex":22.820647668408,"yearn":29.43448}