{"stakedao":43.29127540182911,"convex":13.725615536136,"yearn":17.45311}