{"stakedao":45.87688033461089,"convex":30.9819041166528,"yearn":42.14053}