{"stakedao":65.7293096876971,"convex":20.4419090239344,"yearn":41.97713}