{"stakedao":45.86821419435462,"convex":23.314487439038402,"yearn":30.34804}