{"stakedao":45.37131571364846,"convex":20.5322513762736,"yearn":44.34315}