{"stakedao":52.151758704171925,"convex":25.6892933330208,"yearn":34.09852}