{"stakedao":64.51223851832498,"convex":19.0180844361504,"yearn":41.94741}