{"stakedao":46.45747300275208,"convex":8.991850550328,"yearn":28.31706}