{"stakedao":54.85268115331159,"convex":10.4931715720608,"yearn":16.323}