{"stakedao":40.72274101299683,"convex":16.686749067004797,"yearn":35.08378}