{"stakedao":53.617917435142715,"convex":25.552440669268798,"yearn":33.87178}