{"stakedao":42.89689994125497,"convex":13.7629150649568,"yearn":16.83404}