{"stakedao":39.451168760688496,"convex":15.7233652007328,"yearn":26.79239}