{"stakedao":53.93560427062513,"convex":12.209870301206397,"yearn":15.57854}