{"stakedao":52.48773872310581,"convex":10.988990690270398,"yearn":17.03984}