{"stakedao":40.92890095806695,"convex":20.9118194701344,"yearn":26.0504}