{"stakedao":40.65390643331901,"convex":19.1176674230592,"yearn":28.76108}