{"stakedao":41.75378662257133,"convex":20.7245496765312,"yearn":26.02423}