{"stakedao":65.27917754353531,"convex":18.8291137704624,"yearn":41.94741}