{"stakedao":37.574661498232814,"convex":24.3156866527152,"yearn":29.9283}