{"stakedao":42.828700017668005,"convex":13.2612360912144,"yearn":15.45425}