{"stakedao":48.06736119434524,"convex":11.37502952352,"yearn":30.97966}