{"stakedao":45.26809561891885,"convex":22.9368852741888,"yearn":33.73926}