{"stakedao":52.1106396436446,"convex":28.180357000056,"yearn":29.15326}