{"stakedao":39.46912314084554,"convex":15.7271467928688,"yearn":33.01532}