{"stakedao":39.551976623102334,"convex":15.7020269024448,"yearn":32.55187}