{"stakedao":52.01131835821689,"convex":22.858619393376,"yearn":42.19701}