{"stakedao":39.01565263389425,"convex":16.0905057201648,"yearn":27.74142}