{"stakedao":28.8961113269026,"convex":15.7259470183632,"yearn":23.85737}