{"stakedao":46.099993006896284,"convex":10.6188621789888,"yearn":25.297}