{"stakedao":67.46196684482081,"convex":20.5786682433648,"yearn":41.91416}