{"stakedao":52.7502545379739,"convex":13.7609684139024,"yearn":27.9006}