{"stakedao":49.96063881929644,"convex":22.580943579403197,"yearn":34.56538}