{"stakedao":51.87984709959399,"convex":14.730589807689599,"yearn":17.9153}