{"stakedao":45.25004234952711,"convex":13.2214738562352,"yearn":25.01082}