{"stakedao":64.82080246081581,"convex":20.574224105097603,"yearn":37.94986}