{"stakedao":38.67468833499047,"convex":16.4477678430384,"yearn":29.43448}