{"stakedao":45.787258459922136,"convex":12.233215402315201,"yearn":24.5027}