{"stakedao":45.67927374971493,"convex":31.0165781725584,"yearn":49.46785}