{"stakedao":42.81460441282982,"convex":13.21611145272,"yearn":16.94724}