{"stakedao":67.14557117613948,"convex":19.610058284784003,"yearn":40.68387}