{"stakedao":44.960163817677,"convex":21.752749619208004,"yearn":50.20835}