{"stakedao":39.58787688346878,"convex":15.426986797972798,"yearn":25.60773}