{"stakedao":43.12139080047929,"convex":25.4123313017184,"yearn":30.28962}