{"stakedao":48.52059603148892,"convex":29.3370158365056,"yearn":36.15603}