{"stakedao":43.480704304701945,"convex":19.53442316232,"yearn":41.70964}