{"stakedao":43.38729799701001,"convex":27.7500327864192,"yearn":27.24853}