{"stakedao":42.29458590217211,"convex":15.2768158443936,"yearn":19.37969}