{"stakedao":40.61511588822059,"convex":17.237292167664002,"yearn":31.79771}