{"stakedao":66.13748688540272,"convex":12.4799908685184,"yearn":36.93296}