{"stakedao":47.77247185085708,"convex":31.4377306767072,"yearn":28.46215}