{"stakedao":43.312213650080906,"convex":25.133007911500798,"yearn":28.68697}