{"stakedao":47.43560372724381,"convex":22.3958331219456,"yearn":37.75036}