{"stakedao":53.63995953075991,"convex":25.552440669268798,"yearn":33.87178}