{"stakedao":39.46898790767051,"convex":15.701150551694399,"yearn":25.60773}