{"stakedao":55.963833119383416,"convex":11.0115098635392,"yearn":15.86148}