{"stakedao":41.027976047531254,"convex":19.8163977556752,"yearn":26.41432}