{"stakedao":41.01668809402148,"convex":17.1156037566528,"yearn":30.11449}