{"stakedao":47.921104433249354,"convex":11.3748796297584,"yearn":31.2208}