{"stakedao":28.948286208152606,"convex":15.778581362380798,"yearn":24.15544}