{"stakedao":51.18209530920477,"convex":10.9645849893312,"yearn":17.86979}