{"stakedao":57.49338933478364,"convex":12.470751214718398,"yearn":14.09696}