{"stakedao":42.45732115475846,"convex":13.181443782854402,"yearn":15.6771}