{"stakedao":45.77128272103997,"convex":21.812575145688,"yearn":43.40256}