{"stakedao":40.83785551117877,"convex":17.248331871115198,"yearn":30.35991}