{"stakedao":53.93148769211889,"convex":9.7993154152224,"yearn":19.76958}