{"stakedao":51.34791650958903,"convex":25.1493241364784,"yearn":32.59206}