{"stakedao":56.898260473874345,"convex":12.271899727353599,"yearn":23.55313}