{"stakedao":42.68220591922486,"convex":24.9105940242192,"yearn":28.98168}