{"stakedao":54.14873019965413,"convex":12.2700897753984,"yearn":26.82164}