{"stakedao":51.40813711261572,"convex":13.8878758626192,"yearn":26.87601}