{"stakedao":42.61710950808782,"convex":13.2162104852208,"yearn":16.84109}