{"stakedao":40.05771562965061,"convex":13.140428742432,"yearn":17.28057}