{"stakedao":57.301596160313096,"convex":31.125094333804803,"yearn":47.581}