{"stakedao":70.16455361457443,"convex":21.2110457597568,"yearn":32.70638}