{"stakedao":45.36238097379429,"convex":20.469785785171197,"yearn":48.81248}