{"stakedao":40.87736445687027,"convex":20.914274137766398,"yearn":25.88868}