{"stakedao":52.71545537957937,"convex":11.286046924660798,"yearn":16.52467}