{"stakedao":46.82319167904129,"convex":10.167544052798402,"yearn":19.66358}