{"stakedao":40.232880232625405,"convex":13.148138547028799,"yearn":17.67366}