{"stakedao":39.34532980554738,"convex":15.772012170753602,"yearn":26.79239}