{"stakedao":41.634597742137146,"convex":13.7998992558528,"yearn":15.82611}