{"stakedao":38.91984567468752,"convex":16.3042864350768,"yearn":27.95499}