{"stakedao":54.351141326509534,"convex":10.6373896231392,"yearn":23.44511}