{"stakedao":41.330781389370685,"convex":20.9977040984976,"yearn":24.79376}