{"stakedao":73.3389645279521,"convex":20.3157557176608,"yearn":32.51147}