{"stakedao":43.61241567192985,"convex":27.473624442129598,"yearn":26.45205}