{"stakedao":51.29827747888501,"convex":9.597644313019199,"yearn":18.48243}