{"stakedao":54.182401069806275,"convex":14.185856398248001,"yearn":23.05785}