{"stakedao":54.78268735887488,"convex":24.974062412817602,"yearn":38.7478}