{"stakedao":37.53570505932846,"convex":15.3647026460928,"yearn":26.49162}