{"stakedao":43.07289154200525,"convex":25.477415695871997,"yearn":30.65501}