{"stakedao":66.40360964424953,"convex":20.448853900776,"yearn":42.29827}