{"stakedao":44.61743305125745,"convex":22.6576862493408,"yearn":49.36006}