{"stakedao":40.88432284658725,"convex":18.8800227988416,"yearn":29.24838}