{"stakedao":40.992138720672344,"convex":15.1194916020096,"yearn":20.2723}