{"stakedao":44.93333053432575,"convex":22.114802688048,"yearn":43.10447}