{"stakedao":54.6544120646451,"convex":12.1787226765072,"yearn":16.25405}