{"stakedao":47.39689339792694,"convex":8.982104258073601,"yearn":29.66383}