{"stakedao":65.78991714114069,"convex":10.1014734585456,"yearn":38.13909}