{"stakedao":55.55138117239353,"convex":12.254811535785601,"yearn":25.69401}