{"stakedao":49.49591145546322,"convex":22.89481843248,"yearn":34.53858}