{"stakedao":53.27153691590851,"convex":13.633188796108803,"yearn":32.82391}