{"stakedao":37.68548981889711,"convex":23.5171685068704,"yearn":30.20279}