{"stakedao":47.147386874036386,"convex":28.373094924767997,"yearn":29.55207}