{"stakedao":40.39703464500934,"convex":15.544196160364798,"yearn":33.56309}