{"stakedao":43.02115647093001,"convex":22.3183165491072,"yearn":28.1515}