{"stakedao":57.56630100964939,"convex":11.0323256859936,"yearn":16.60425}