{"stakedao":55.5275418539222,"convex":12.2549207859504,"yearn":25.81844}