{"stakedao":43.55495086735592,"convex":19.5532101477504,"yearn":44.09649}