{"stakedao":44.26833091969712,"convex":23.866276631126397,"yearn":34.33394}