{"stakedao":64.67262746343063,"convex":19.0267282645344,"yearn":41.94741}