{"stakedao":40.5579777828425,"convex":16.279333360632,"yearn":34.77104}