{"stakedao":56.79322357413909,"convex":11.0187356977584,"yearn":16.14366}