{"stakedao":41.50517298175646,"convex":20.7005802383088,"yearn":25.57517}