{"stakedao":44.6280592917434,"convex":22.657712815267203,"yearn":49.36006}