{"stakedao":45.34739995546281,"convex":8.99115902892,"yearn":27.30712}