{"stakedao":48.9975810130606,"convex":11.0750508669312,"yearn":20.41317}