{"stakedao":58.05492962976566,"convex":12.092094583790399,"yearn":14.03613}