{"stakedao":39.68300969985013,"convex":15.604221489479999,"yearn":35.48211}