{"stakedao":46.586017495663725,"convex":28.3780007816112,"yearn":30.83421}