{"stakedao":67.11140212905741,"convex":19.589953469832,"yearn":40.68387}