{"stakedao":41.49559989348584,"convex":18.0716782656096,"yearn":31.91879}