{"stakedao":40.89841018624023,"convex":16.751752214961602,"yearn":34.02763}