{"stakedao":43.06294170511333,"convex":21.042518548896,"yearn":29.68028}