{"stakedao":42.60807513889222,"convex":20.69223972948,"yearn":31.72047}