{"stakedao":42.64451267726233,"convex":24.910635550823997,"yearn":28.98168}