{"stakedao":43.56221759554014,"convex":25.124610164832,"yearn":27.83589}