{"stakedao":59.666196185710454,"convex":17.2112598240768,"yearn":35.7727}