{"stakedao":42.880716073731925,"convex":16.4582842065696,"yearn":17.99296}