{"stakedao":44.622693363803414,"convex":22.6623451856112,"yearn":46.91027}