{"stakedao":39.73335828219799,"convex":15.605164955145598,"yearn":35.14614}