{"stakedao":46.46764123875132,"convex":28.375899096427197,"yearn":30.61162}