{"stakedao":39.89653029561287,"convex":13.1394759957216,"yearn":17.84107}