{"stakedao":80.4302077968924,"convex":19.697832055152002,"yearn":40.78649}