{"stakedao":42.61192123645422,"convex":24.8860565627184,"yearn":27.42134}