{"stakedao":47.671900100885864,"convex":31.412787652785596,"yearn":28.06375}