{"stakedao":41.744335165507735,"convex":21.5167866458832,"yearn":25.73612}