{"stakedao":51.380211295863894,"convex":17.5215344800896,"yearn":17.15341}