{"stakedao":64.65215425123534,"convex":19.025398189584,"yearn":41.94741}