{"stakedao":47.62403606751507,"convex":22.4064819240624,"yearn":38.50774}