{"stakedao":55.16498628104901,"convex":12.1791343064544,"yearn":16.06863}