{"stakedao":41.692864643467516,"convex":20.693449081468803,"yearn":26.13912}