{"stakedao":55.58761628838366,"convex":11.3499466122096,"yearn":22.7442}