{"stakedao":45.833688908706876,"convex":20.49076560744,"yearn":49.2394}