{"stakedao":54.535316938888094,"convex":10.44241657812,"yearn":16.067}