{"stakedao":44.11290129314064,"convex":22.4989180807392,"yearn":32.03445}