{"stakedao":52.7463356734853,"convex":11.291583602419202,"yearn":16.59383}