{"stakedao":40.60610153089628,"convex":16.529679802641603,"yearn":33.09951}