{"stakedao":41.341859415610294,"convex":14.74551860004,"yearn":20.66643}