{"stakedao":51.467967981802396,"convex":22.862680321939198,"yearn":34.56538}