{"stakedao":40.39499146552882,"convex":16.6109728556304,"yearn":33.62678}