{"stakedao":52.508890994208436,"convex":17.588244769488,"yearn":18.42423}