{"stakedao":42.44383595599424,"convex":12.3824766211344,"yearn":20.72892}