{"stakedao":46.85593204592786,"convex":32.3931101069952,"yearn":27.01037}