{"stakedao":43.725032394318724,"convex":12.341226874032,"yearn":19.17771}