{"stakedao":44.20949532203402,"convex":23.770679274273597,"yearn":32.53802}