{"stakedao":59.23363695790597,"convex":24.342492246408,"yearn":38.47782}