{"stakedao":54.99523463415567,"convex":12.174597852854397,"yearn":15.76703}