{"stakedao":49.04507040315732,"convex":16.823781542721598,"yearn":19.85088}