{"stakedao":52.522430128917435,"convex":24.2351690699664,"yearn":37.8441}