{"stakedao":41.51281154488592,"convex":20.6934303522384,"yearn":29.01362}