{"stakedao":47.56013798934087,"convex":13.0476056894928,"yearn":24.07348}