{"stakedao":39.15863680690184,"convex":16.43667349716,"yearn":19.2224}