{"stakedao":45.59484498205512,"convex":22.051358556940798,"yearn":39.77331}