{"stakedao":40.73754865538571,"convex":13.266174543667201,"yearn":15.73979}