{"stakedao":45.09871453888602,"convex":9.0125983307088,"yearn":27.15632}