{"stakedao":43.4809031703183,"convex":19.5615745482528,"yearn":43.62882}