{"stakedao":47.51704679123439,"convex":11.469082184020799,"yearn":33.77063}