{"stakedao":47.80686642973868,"convex":11.8107535455216,"yearn":23.78283}