{"stakedao":52.86976611992499,"convex":11.3011303127904,"yearn":15.9882}