{"stakedao":49.12410040577565,"convex":17.543698624224,"yearn":17.7816}