{"stakedao":52.517316455802785,"convex":26.711611430112,"yearn":28.54763}