{"stakedao":55.249169386881405,"convex":10.664636528462403,"yearn":14.51746}