{"stakedao":42.23512317035464,"convex":23.633808877828802,"yearn":29.43448}