{"stakedao":43.39904683996099,"convex":13.725615536136,"yearn":17.45311}