{"stakedao":37.636058279917876,"convex":14.1235079160816,"yearn":25.07375}