{"stakedao":42.40775214802667,"convex":15.2915157736848,"yearn":15.17585}