{"stakedao":39.44715372177948,"convex":15.7213907443872,"yearn":26.79239}