{"stakedao":49.67818949390028,"convex":17.441011627675202,"yearn":19.4674}