{"stakedao":42.49876304771325,"convex":21.0541505047344,"yearn":33.30111}