{"stakedao":46.841442171399905,"convex":13.233113781220801,"yearn":24.46054}