{"stakedao":38.929626888914115,"convex":16.37599846968,"yearn":27.95499}