{"stakedao":39.3141052612759,"convex":15.7193987224896,"yearn":26.79239}