{"stakedao":45.413131939283964,"convex":20.531296037304003,"yearn":44.30352}