{"stakedao":46.52735993848525,"convex":28.341711215265597,"yearn":30.96461}