{"stakedao":49.55199303277818,"convex":16.8129537422688,"yearn":20.1277}