{"stakedao":47.80869591691146,"convex":11.375194488336,"yearn":30.66085}