{"stakedao":42.720870680398995,"convex":16.4410897323744,"yearn":18.97025}