{"stakedao":45.20990600776076,"convex":23.192353291895998,"yearn":32.11323}