{"stakedao":44.42830580809079,"convex":10.6441546186368,"yearn":25.85052}