{"stakedao":40.3016513818793,"convex":18.8739813306384,"yearn":27.3362}