{"stakedao":53.97512108326075,"convex":15.9144481003968,"yearn":23.45369}