{"stakedao":39.294644324627725,"convex":16.3733129175312,"yearn":27.95499}