{"stakedao":64.52353526559455,"convex":17.397739230912,"yearn":33.99028}