{"stakedao":64.20849074655625,"convex":17.336924978299198,"yearn":32.84784}