{"stakedao":57.294234404131956,"convex":12.271394684620802,"yearn":24.02947}