{"stakedao":52.93309159401146,"convex":24.2941023105552,"yearn":38.3003}