{"stakedao":71.38792907453944,"convex":21.228745361831997,"yearn":31.89589}