{"stakedao":62.31031153499916,"convex":20.2766236192656,"yearn":43.96643}