{"stakedao":46.41982797889743,"convex":28.342542280319996,"yearn":31.24333}