{"stakedao":45.7043769911993,"convex":20.569991759452797,"yearn":45.98335}