{"stakedao":51.45107313449515,"convex":13.8214772214336,"yearn":18.04416}