{"stakedao":48.50680407413758,"convex":31.3363611659376,"yearn":27.19807}