{"stakedao":42.281088871277454,"convex":22.8124265075712,"yearn":29.43448}