{"stakedao":56.180773616920824,"convex":12.1815434518704,"yearn":17.30571}