{"stakedao":41.25144571098526,"convex":20.931331269528002,"yearn":23.75308}