{"stakedao":41.565667489510005,"convex":15.033272401915202,"yearn":14.94948}