{"stakedao":45.90195379453769,"convex":10.6182475738848,"yearn":25.43157}