{"stakedao":39.386162169971854,"convex":15.772012170753602,"yearn":26.79239}