{"stakedao":46.07033737904716,"convex":21.647727533232,"yearn":42.19701}