{"stakedao":52.637475989263066,"convex":14.660146822723199,"yearn":30.95609}