{"stakedao":40.005742733814884,"convex":16.434703096344,"yearn":19.45052}