{"stakedao":44.61843042890963,"convex":22.65833990232,"yearn":49.09766}