{"stakedao":40.23525553893715,"convex":13.1569405095312,"yearn":19.08316}