{"stakedao":48.43573439274006,"convex":10.987209524376002,"yearn":35.37354}