{"stakedao":45.82897313686873,"convex":22.955382131572797,"yearn":32.87205}