{"stakedao":28.90632853913317,"convex":15.7203959728032,"yearn":23.81013}