{"stakedao":40.7955854143604,"convex":13.6934154573552,"yearn":16.3816}