{"stakedao":44.50389197537419,"convex":23.3046707805072,"yearn":32.18574}