{"stakedao":42.313597256290535,"convex":22.3241591102976,"yearn":25.94319}