{"stakedao":64.35162271758259,"convex":19.2873376940832,"yearn":47.07961}