{"stakedao":43.52950527274505,"convex":19.561833118224,"yearn":43.73292}