{"stakedao":62.550130348729155,"convex":19.133714415744,"yearn":50.47082}