{"stakedao":39.407202928783974,"convex":15.7363306405632,"yearn":24.95634}