{"stakedao":41.28855125029538,"convex":14.744311417728,"yearn":20.81928}