{"stakedao":52.89627002167892,"convex":15.938342514475199,"yearn":24.08278}