{"stakedao":42.66316184011269,"convex":25.3979560481616,"yearn":29.88138}