{"stakedao":47.401850955012556,"convex":11.375261581176,"yearn":30.51504}