{"stakedao":37.42557812715638,"convex":25.44930294444,"yearn":28.99298}