{"stakedao":51.020455334020085,"convex":22.848962108328,"yearn":42.19701}