{"stakedao":51.74670536967599,"convex":24.9741279919296,"yearn":38.60185}