{"stakedao":52.721227248930475,"convex":28.1202372048528,"yearn":29.53975}