{"stakedao":45.77859838437741,"convex":30.9900458761488,"yearn":41.53063}