{"stakedao":46.048497038999336,"convex":8.9907388306416,"yearn":28.47711}