{"stakedao":40.63511499209912,"convex":16.4649839761584,"yearn":33.78796}