{"stakedao":43.81066339849501,"convex":23.311425763324802,"yearn":28.48869}