{"stakedao":40.824589220176975,"convex":17.259690280536,"yearn":30.71563}