{"stakedao":58.431520171515146,"convex":24.3465414971904,"yearn":38.8316}