{"stakedao":44.18276170619744,"convex":23.772064978728,"yearn":33.70896}