{"stakedao":44.95989445236691,"convex":21.752749619208004,"yearn":50.20835}