{"stakedao":41.13758425826868,"convex":20.9833139221056,"yearn":24.23516}