{"stakedao":47.528857236302805,"convex":22.3940908084032,"yearn":37.82172}