{"stakedao":54.00608521531594,"convex":12.211807210790399,"yearn":15.57854}