{"stakedao":51.02462703430382,"convex":25.249948735392,"yearn":30.84255}