{"stakedao":39.131990752496655,"convex":17.6622688470096,"yearn":29.43448}