{"stakedao":47.550573752330465,"convex":29.265675914088,"yearn":36.01742}