{"stakedao":52.75557440650695,"convex":24.3504407659104,"yearn":38.04336}