{"stakedao":37.67787858985491,"convex":14.141656146139201,"yearn":26.39745}