{"stakedao":48.2587485827687,"convex":17.4081969059472,"yearn":18.6743}