{"stakedao":52.68388613569154,"convex":11.2925842901568,"yearn":16.05709}