{"stakedao":38.771797375455236,"convex":16.4296363270608,"yearn":29.43448}