{"stakedao":45.33436194740442,"convex":12.2288812426944,"yearn":24.59226}