{"stakedao":52.87701283971995,"convex":14.262987780921602,"yearn":22.07666}