{"stakedao":42.63021647794475,"convex":12.198291966028801,"yearn":18.5713}