{"stakedao":49.28670948836553,"convex":21.7893766932864,"yearn":38.58547}