{"stakedao":43.65407849273885,"convex":27.387834929496,"yearn":26.10483}