{"stakedao":39.552928440026434,"convex":15.6925643017392,"yearn":25.60773}