{"stakedao":54.63033219319669,"convex":11.342018767708801,"yearn":22.24622}