{"stakedao":46.365581359708315,"convex":28.341745321449597,"yearn":30.57968}