{"stakedao":42.82723903386872,"convex":13.216221305222401,"yearn":16.6449}