{"stakedao":41.20975690364003,"convex":19.128970161979197,"yearn":30.05465}