{"stakedao":39.43285389772958,"convex":15.6984975383904,"yearn":25.60773}