{"stakedao":47.13160348778446,"convex":10.1695754694672,"yearn":19.66358}