{"stakedao":45.512864922719835,"convex":20.519740900008,"yearn":45.36287}