{"stakedao":55.08552397807293,"convex":12.283292848449598,"yearn":25.17592}