{"stakedao":55.12128531606944,"convex":10.9974132053136,"yearn":15.53399}