{"stakedao":41.05445207016708,"convex":15.1233062123376,"yearn":20.09998}