{"stakedao":39.55676292495802,"convex":15.7533531741792,"yearn":32.2545}