{"stakedao":51.02770649015599,"convex":25.117305291936,"yearn":34.78808}