{"stakedao":44.809798202566526,"convex":9.0120519821232,"yearn":26.58161}