{"stakedao":64.9702771463559,"convex":19.066048664385598,"yearn":32.46626}