{"stakedao":53.43640815355744,"convex":14.195814826867199,"yearn":22.72666}