{"stakedao":46.785057650623216,"convex":13.233097161748798,"yearn":24.46054}