{"stakedao":42.50355947251838,"convex":13.699212035904,"yearn":16.2806}