{"stakedao":52.93293663779218,"convex":17.1767295155664,"yearn":38.23033}