{"stakedao":42.36259963272103,"convex":22.141969958664,"yearn":26.46865}