{"stakedao":40.834754243078216,"convex":13.2661823362128,"yearn":15.67314}