{"stakedao":45.80027070186089,"convex":31.000518429868798,"yearn":41.9373}