{"stakedao":41.44437678577948,"convex":18.0831336419232,"yearn":31.42742}