{"stakedao":54.23233054623779,"convex":10.441042299158399,"yearn":15.65227}