{"stakedao":54.74903448390825,"convex":10.4416849460736,"yearn":16.24566}