{"stakedao":49.64019982417238,"convex":10.836900275976,"yearn":36.92729}