{"stakedao":50.029152631552925,"convex":10.8391906473552,"yearn":37.26578}