{"stakedao":66.89794293303872,"convex":20.4520993209936,"yearn":42.9325}