{"stakedao":49.642892637143945,"convex":16.813258187659198,"yearn":20.15341}