{"stakedao":53.74014072913141,"convex":14.191530251299199,"yearn":22.91907}