{"stakedao":48.11654813482004,"convex":12.2006219056272,"yearn":22.89811}