{"stakedao":56.78139771697731,"convex":30.4644890951856,"yearn":41.9361}