{"stakedao":45.72802019316453,"convex":20.487324752323197,"yearn":44.50784}