{"stakedao":57.5527628778013,"convex":11.0105479366992,"yearn":15.56249}