{"stakedao":42.232455422180536,"convex":23.634350994283203,"yearn":29.43448}