{"stakedao":53.52652151979207,"convex":10.7594389289808,"yearn":24.03404}