{"stakedao":40.413940721125265,"convex":18.8633500719984,"yearn":29.24838}