{"stakedao":46.09459377679065,"convex":28.378956454862397,"yearn":29.19243}