{"stakedao":47.80870580545123,"convex":10.988158442616001,"yearn":35.73324}