{"stakedao":47.85748725141718,"convex":10.6424403626736,"yearn":20.13012}