{"stakedao":55.26525621451926,"convex":9.7841866436352,"yearn":20.09676}