{"stakedao":58.18715799458271,"convex":12.194381498875199,"yearn":14.71857}