{"stakedao":61.413636484617726,"convex":19.758150631223998,"yearn":41.33554}