{"stakedao":66.00340710988088,"convex":10.315369292472,"yearn":37.51821}