{"stakedao":45.688953888600025,"convex":22.014740221488,"yearn":41.60176}