{"stakedao":43.411819675681954,"convex":12.3665108273424,"yearn":20.52806}