{"stakedao":43.184057248201434,"convex":19.533439381031997,"yearn":42.53734}