{"stakedao":41.480722967864466,"convex":20.7009534605616,"yearn":25.62329}