{"stakedao":39.3709310772738,"convex":15.7737250990512,"yearn":26.79239}