{"stakedao":68.28953791857492,"convex":24.228855089726398,"yearn":35.89434}