{"stakedao":28.930716630898807,"convex":15.777748950739202,"yearn":24.27526}