{"stakedao":44.202875325879646,"convex":19.575429155064,"yearn":42.76982}