{"stakedao":44.22382282300306,"convex":22.6045063451376,"yearn":49.5893}