{"stakedao":40.71809822099502,"convex":18.8782112953152,"yearn":29.24838}