{"stakedao":45.40698702222221,"convex":20.1712240379088,"yearn":42.13458}