{"stakedao":45.77627927492861,"convex":23.347224020865596,"yearn":32.69973}