{"stakedao":62.65221792030647,"convex":20.180594468347202,"yearn":44.79666}