{"stakedao":52.18086741891667,"convex":15.9545501610048,"yearn":25.78877}