{"stakedao":51.36884858572089,"convex":13.831360474536,"yearn":27.9006}