{"stakedao":45.44059150278968,"convex":13.221697645152,"yearn":25.01082}