{"stakedao":48.77962148275077,"convex":17.4438329076144,"yearn":19.19699}