{"stakedao":37.562784442038186,"convex":24.315383916575996,"yearn":29.52599}