{"stakedao":53.88472934517982,"convex":26.8744204735344,"yearn":29.11841}