{"stakedao":63.074299604296,"convex":20.1916643517504,"yearn":45.07329}