{"stakedao":37.565432468729384,"convex":14.0879237217552,"yearn":26.35451}