{"stakedao":51.98313771058097,"convex":22.976321493153602,"yearn":34.56538}