{"stakedao":52.34088977537324,"convex":24.300446934326402,"yearn":41.15629}