{"stakedao":43.55226037029909,"convex":12.3692580607536,"yearn":20.27678}