{"stakedao":55.484516231211,"convex":12.114009284471999,"yearn":17.18868}