{"stakedao":46.62963689024161,"convex":10.16004599352,"yearn":19.32862}