{"stakedao":51.82246508662563,"convex":24.3019283347728,"yearn":41.30264}