{"stakedao":41.41444239623119,"convex":17.4516584934816,"yearn":33.17513}