{"stakedao":44.1454325675965,"convex":19.572232208832,"yearn":43.34306}