{"stakedao":49.17139767059024,"convex":21.792020879664,"yearn":40.41364}