{"stakedao":48.09170320102831,"convex":10.987102633104,"yearn":35.22469}