{"stakedao":44.02518081703807,"convex":12.355659917308799,"yearn":18.37677}