{"stakedao":67.56562308334978,"convex":23.461728360782402,"yearn":36.18087}