{"stakedao":40.8389657576588,"convex":13.226104911528001,"yearn":15.94803}