{"stakedao":49.77491220965984,"convex":22.558967790336,"yearn":29.97243}