{"stakedao":45.92604825704929,"convex":8.990744232758399,"yearn":28.47711}