{"stakedao":42.45685668216703,"convex":13.1779518804144,"yearn":16.0971}