{"stakedao":41.62512819446269,"convex":20.689124455180803,"yearn":25.37502}