{"stakedao":42.45765005004566,"convex":22.197435229483197,"yearn":26.46865}