{"stakedao":40.99317545432723,"convex":13.726549872129599,"yearn":16.47003}