{"stakedao":55.81337330282305,"convex":11.407483211659201,"yearn":15.45553}