{"stakedao":49.21516592242895,"convex":29.3036969550528,"yearn":34.54546}