{"stakedao":40.85288346496558,"convex":21.7539609075072,"yearn":27.8876}