{"stakedao":45.097292908435904,"convex":11.5850710559088,"yearn":25.65945}