{"stakedao":52.171395627312776,"convex":15.954598839974398,"yearn":25.78877}