{"stakedao":64.4942597697171,"convex":19.017461603304,"yearn":41.94741}