{"stakedao":54.336417938191985,"convex":10.441042299158399,"yearn":15.79895}