{"stakedao":39.4910476318058,"convex":15.564620974262402,"yearn":26.71326}