{"stakedao":50.07537425651923,"convex":13.490869398292798,"yearn":17.53221}