{"stakedao":47.840051794417334,"convex":29.2231329292368,"yearn":36.51644}