{"stakedao":37.38866342605765,"convex":15.402970604476803,"yearn":28.11928}