{"stakedao":48.82013790764233,"convex":11.0736415388592,"yearn":20.50837}