{"stakedao":41.01908978338161,"convex":20.9090551315968,"yearn":25.6775}