{"stakedao":43.357829187772055,"convex":14.1771183623712,"yearn":16.74948}