{"stakedao":41.45495647163569,"convex":20.6845776861552,"yearn":23.88307}