{"stakedao":37.433220520413045,"convex":25.4392363252656,"yearn":28.97362}