{"stakedao":43.49479667096992,"convex":12.3506069513328,"yearn":18.17582}