{"stakedao":58.04980877645069,"convex":12.0803521068864,"yearn":14.64666}