{"stakedao":41.196027681190344,"convex":19.1276356436064,"yearn":30.15919}