{"stakedao":40.52155927441203,"convex":16.2529806144384,"yearn":34.88065}