{"stakedao":43.39895389027098,"convex":25.1141238803376,"yearn":28.27864}