{"stakedao":48.14759497998631,"convex":14.312625608908801,"yearn":17.47551}