{"stakedao":44.83326021474188,"convex":20.4955079312016,"yearn":47.50781}