{"stakedao":40.821260072341055,"convex":13.176037673596799,"yearn":18.67412}