{"stakedao":37.61158244131703,"convex":14.1595774399872,"yearn":24.74138}