{"stakedao":51.04134270077334,"convex":12.2093542587168,"yearn":25.16539}