{"stakedao":49.24018936683325,"convex":11.0798184384144,"yearn":37.91737}