{"stakedao":40.47995743425801,"convex":17.2179639456336,"yearn":31.47197}