{"stakedao":45.441394044454526,"convex":20.4689988673632,"yearn":47.68689}