{"stakedao":42.44443034592307,"convex":23.1073203405168,"yearn":29.43448}