{"stakedao":44.52951349969369,"convex":22.6577928347136,"yearn":49.70912}