{"stakedao":44.288489954053716,"convex":19.5606748923984,"yearn":42.86009}