{"stakedao":40.89592863972767,"convex":16.754971611671998,"yearn":34.19017}