{"stakedao":53.69656945737964,"convex":14.191473915388801,"yearn":23.00197}