{"stakedao":46.69723019321895,"convex":28.3749270276096,"yearn":30.38922}