{"stakedao":42.52778656775064,"convex":16.4394085356,"yearn":18.97025}