{"stakedao":44.55106440121528,"convex":22.558266634680002,"yearn":29.95399}