{"stakedao":42.41616235222096,"convex":15.331634649288,"yearn":14.51933}