{"stakedao":43.74209852892578,"convex":12.341226874032,"yearn":19.17771}