{"stakedao":40.60337298020444,"convex":16.25318624808,"yearn":33.96341}