{"stakedao":55.13005857709654,"convex":10.4336891887968,"yearn":16.11264}