{"stakedao":44.047771195187934,"convex":22.497518642356802,"yearn":31.6969}