{"stakedao":47.19370573849013,"convex":26.0329473186912,"yearn":27.50806}