{"stakedao":42.27521443156897,"convex":14.200291418831998,"yearn":17.42512}