{"stakedao":44.27611921654152,"convex":19.578576889368,"yearn":43.79069}