{"stakedao":43.34636903802587,"convex":27.7500327864192,"yearn":27.15918}