{"stakedao":40.47943024204881,"convex":16.2641973168432,"yearn":34.44263}