{"stakedao":43.264116299247284,"convex":25.1107947415008,"yearn":30.92689}