{"stakedao":41.03005658549259,"convex":21.7486131871536,"yearn":27.14774}