{"stakedao":28.937861764167888,"convex":15.7428185229216,"yearn":25.81229}