{"stakedao":39.670851108497224,"convex":15.6040960928832,"yearn":35.63162}