{"stakedao":56.85667531288506,"convex":12.292774749187199,"yearn":23.65881}