{"stakedao":38.85241703277239,"convex":16.4238423155424,"yearn":29.43448}