{"stakedao":54.79922372483286,"convex":10.4398137669744,"yearn":15.53323}