{"stakedao":52.00706576657815,"convex":26.7438302601984,"yearn":27.78709}