{"stakedao":61.28137199460958,"convex":18.955363485441598,"yearn":47.46559}