{"stakedao":42.58229590038143,"convex":22.829136462662397,"yearn":29.43448}