{"stakedao":41.254001558321576,"convex":13.263838482931202,"yearn":15.33784}