{"stakedao":52.87407189191438,"convex":15.9375905827056,"yearn":24.05595}