{"stakedao":45.394743024553634,"convex":10.7225561042496,"yearn":26.23792}