{"stakedao":43.42606093259238,"convex":12.346149940070399,"yearn":18.66985}