{"stakedao":63.680466118373076,"convex":18.6480271331568,"yearn":33.80222}