{"stakedao":42.64303511042281,"convex":13.230885315009601,"yearn":16.27574}