{"stakedao":53.16737076710888,"convex":16.614902140315202,"yearn":38.31004}