{"stakedao":44.484921052755055,"convex":22.6581001278048,"yearn":49.2725}