{"stakedao":43.4877085875923,"convex":25.114295086128003,"yearn":28.07443}