{"stakedao":44.38080980295267,"convex":19.5852311935056,"yearn":43.79069}