{"stakedao":49.30803635595833,"convex":29.2625815576176,"yearn":33.51352}