{"stakedao":53.09524177266008,"convex":25.740007405847997,"yearn":33.17061}