{"stakedao":45.769458586147806,"convex":31.014659806142397,"yearn":40.64887}