{"stakedao":46.254715472929895,"convex":12.2341655409984,"yearn":24.41858}