{"stakedao":52.671725682179726,"convex":11.2925844509904,"yearn":16.20284}