{"stakedao":58.06950125095455,"convex":12.0753932096448,"yearn":14.40769}