{"stakedao":47.45390448369321,"convex":29.3306035301712,"yearn":34.66654}