{"stakedao":48.501462082434884,"convex":29.3398411341312,"yearn":36.68503}