{"stakedao":41.09639549626503,"convex":14.805202410043199,"yearn":21.12097}