{"stakedao":52.70430747020161,"convex":11.288921147236799,"yearn":16.52467}