{"stakedao":40.89930312803687,"convex":20.8573697531232,"yearn":26.6347}