{"stakedao":43.06021479166428,"convex":22.18135506408,"yearn":28.1515}