{"stakedao":41.15882595125857,"convex":14.7892153136832,"yearn":14.72824}