{"stakedao":43.61849405795165,"convex":26.7692224229856,"yearn":26.82326}