{"stakedao":50.984910635797476,"convex":9.5718389687136,"yearn":18.06435}