{"stakedao":42.370093018132415,"convex":13.2584368738608,"yearn":18.33758}