{"stakedao":47.44005486433292,"convex":22.8260073787488,"yearn":39.18721}