{"stakedao":51.034769491748904,"convex":25.2029480044896,"yearn":31.80616}