{"stakedao":51.09598986319813,"convex":25.2029480044896,"yearn":31.71909}