{"stakedao":42.15606976919425,"convex":20.63313432756,"yearn":28.09603}