{"stakedao":39.48338383344195,"convex":15.7224146079312,"yearn":26.79239}