{"stakedao":39.35252809941584,"convex":15.7402312022592,"yearn":24.66142}