{"stakedao":52.529355779390826,"convex":11.2787720393472,"yearn":16.70875}