{"stakedao":41.63615155892404,"convex":15.0331918337424,"yearn":14.84093}