{"stakedao":39.68768349946581,"convex":15.682587046127999,"yearn":33.20477}