{"stakedao":41.12278359420358,"convex":14.804863347585599,"yearn":21.01537}