{"stakedao":67.93351975582617,"convex":24.2100904980096,"yearn":35.94642}