{"stakedao":42.70916438522612,"convex":14.7672593103024,"yearn":18.68639}