{"stakedao":37.662013258160314,"convex":23.520253415155203,"yearn":30.11135}