{"stakedao":54.40721937248407,"convex":11.3174509906512,"yearn":15.45908}