{"stakedao":40.70584285513952,"convex":17.2189715618304,"yearn":31.48174}