{"stakedao":41.28986762495171,"convex":20.758701234528,"yearn":27.8876}