{"stakedao":54.19197307528176,"convex":10.606441302806399,"yearn":15.22632}