{"stakedao":45.41711149242437,"convex":20.4902835386832,"yearn":49.55024}