{"stakedao":45.543560458135936,"convex":20.9517343771968,"yearn":43.35964}