{"stakedao":47.500180114340445,"convex":22.39525200492,"yearn":37.67793}