{"stakedao":39.47973038688589,"convex":15.7213940367456,"yearn":32.88599}