{"stakedao":49.715906750882276,"convex":27.7997700001104,"yearn":27.42962}