{"stakedao":48.65756341638336,"convex":28.010783147198396,"yearn":27.06173}