{"stakedao":47.361518618378675,"convex":12.201447543336002,"yearn":23.28525}