{"stakedao":53.147533694674664,"convex":28.0815935675616,"yearn":30.26272}