{"stakedao":42.74875747985102,"convex":12.4595264864016,"yearn":19.2613}