{"stakedao":47.61444268509824,"convex":21.076557766199997,"yearn":42.19701}