{"stakedao":46.43699877592415,"convex":20.3087833477344,"yearn":44.2582}