{"stakedao":54.9793720448529,"convex":10.440902045951999,"yearn":16.46635}