{"stakedao":49.594111589887675,"convex":10.836939437380801,"yearn":36.92729}