{"stakedao":41.578854479896705,"convex":17.5221414724032,"yearn":32.40761}