{"stakedao":53.20799279288636,"convex":14.1527692086336,"yearn":22.62004}