{"stakedao":39.16249395454613,"convex":16.3801209439008,"yearn":27.95499}