{"stakedao":41.2209795621959,"convex":21.041927744011204,"yearn":24.46815}