{"stakedao":42.09767658137007,"convex":15.345060606172801,"yearn":14.94948}