{"stakedao":38.787051696161306,"convex":18.0929884495536,"yearn":29.43448}