{"stakedao":49.05319081475243,"convex":17.521211087870398,"yearn":18.19865}