{"stakedao":41.42559112037697,"convex":18.1528135124544,"yearn":31.79356}