{"stakedao":45.74025441067917,"convex":20.1820224215808,"yearn":42.60638}