{"stakedao":42.89308520701138,"convex":13.2295901945616,"yearn":16.27574}