{"stakedao":55.72302001416572,"convex":11.313933641812799,"yearn":15.45494}