{"stakedao":53.17854591746459,"convex":21.2705248128192,"yearn":42.19701}