{"stakedao":42.71431630265454,"convex":12.2053250805984,"yearn":17.9051}