{"stakedao":41.331597969721955,"convex":14.743911389875201,"yearn":20.89596}