{"stakedao":51.19465930576719,"convex":9.5975563181184,"yearn":18.35687}