{"stakedao":56.60375416459732,"convex":31.0405157215776,"yearn":47.11432}