{"stakedao":37.61896644588931,"convex":15.3402095683584,"yearn":28.04176}