{"stakedao":42.16661259632457,"convex":13.262820872976,"yearn":17.93623}