{"stakedao":50.874355188550545,"convex":13.759624040529602,"yearn":16.75634}