{"stakedao":55.8225017336948,"convex":12.1737714456672,"yearn":15.57712}