{"stakedao":39.17358101587367,"convex":16.3801209439008,"yearn":27.95499}