{"stakedao":39.04453419709017,"convex":18.0395631574272,"yearn":29.43448}