{"stakedao":52.58450234095114,"convex":14.6460414006432,"yearn":31.07264}