{"stakedao":40.549912707386376,"convex":17.176936741776,"yearn":30.51691}