{"stakedao":42.48236533738968,"convex":12.2046323860512,"yearn":18.13853}