{"stakedao":53.20908503975019,"convex":13.702351249180799,"yearn":33.21852}