{"stakedao":40.88785175725228,"convex":15.1391189398464,"yearn":20.71258}