{"stakedao":43.06160749637604,"convex":15.8027595026976,"yearn":16.77944}