{"stakedao":41.46274239729466,"convex":17.535599974439997,"yearn":34.01752}