{"stakedao":43.311462355254804,"convex":25.1139456136368,"yearn":28.31254}