{"stakedao":65.07853356891214,"convex":18.8291137704624,"yearn":41.94741}