{"stakedao":28.915963430565252,"convex":15.726110050022399,"yearn":23.77371}