{"stakedao":56.81756755312378,"convex":12.188153457388799,"yearn":17.64426}