{"stakedao":49.379154766022026,"convex":10.747444924094399,"yearn":36.2481}