{"stakedao":52.72381631283647,"convex":11.2886381431728,"yearn":16.47863}