{"stakedao":39.081767687863106,"convex":18.0649443109968,"yearn":29.43448}