{"stakedao":52.953995465496064,"convex":11.381629696113599,"yearn":15.77099}