{"stakedao":43.0608743998376,"convex":16.4450944858608,"yearn":18.91484}