{"stakedao":54.46114541545376,"convex":12.2289093791136,"yearn":16.14068}