{"stakedao":48.56105703651045,"convex":11.0793350703744,"yearn":37.95035}