{"stakedao":46.08651708641693,"convex":12.187609108185601,"yearn":22.12882}