{"stakedao":41.09662831451905,"convex":20.9833139221056,"yearn":24.23516}