{"stakedao":38.94403965787765,"convex":15.968786101128002,"yearn":27.83444}