{"stakedao":72.71678932376128,"convex":24.4206098228736,"yearn":43.63658}