{"stakedao":27.881338162947277,"convex":13.6853870887008,"yearn":25.53394}