{"stakedao":54.58873720777626,"convex":26.8129304139024,"yearn":29.25688}