{"stakedao":43.535792472234235,"convex":14.767082680320001,"yearn":18.6019}