{"stakedao":45.401064518839746,"convex":10.6163501032224,"yearn":24.85996}