{"stakedao":50.94107060377673,"convex":25.206772085078402,"yearn":31.45576}