{"stakedao":44.32796244837061,"convex":22.6769159402928,"yearn":31.78941}