{"stakedao":55.48830652411428,"convex":11.4018608064384,"yearn":16.29468}