{"stakedao":53.6315846868644,"convex":10.7639139472992,"yearn":23.80986}