{"stakedao":49.74216837226057,"convex":22.690182009657597,"yearn":34.56538}