{"stakedao":49.32402398905866,"convex":29.245368802003203,"yearn":33.96195}