{"stakedao":46.587631726872324,"convex":20.0400921811584,"yearn":43.53081}