{"stakedao":40.246979444410364,"convex":13.1522183467344,"yearn":19.00671}