{"stakedao":38.971250751850434,"convex":17.665701527995203,"yearn":29.43448}