{"stakedao":37.639045320097495,"convex":14.1235079160816,"yearn":25.07375}