{"stakedao":28.944913659040864,"convex":15.7473069471936,"yearn":23.9791}