{"stakedao":72.63551114104496,"convex":21.2007170291184,"yearn":33.47626}