{"stakedao":46.953272849776056,"convex":32.3231622025392,"yearn":27.43857}