{"stakedao":40.414682273010825,"convex":19.1481881183856,"yearn":28.76108}