{"stakedao":41.294144005933084,"convex":20.9977040984976,"yearn":24.84057}