{"stakedao":45.89142639945353,"convex":20.1493402362,"yearn":43.01225}