{"stakedao":72.00745268796167,"convex":21.101145297408003,"yearn":33.63023}