{"stakedao":40.56545270711586,"convex":20.2094991202752,"yearn":28.54985}