{"stakedao":43.83084079677686,"convex":23.3012828964096,"yearn":31.73437}