{"stakedao":45.52589603232103,"convex":22.670443545264,"yearn":30.95067}