{"stakedao":39.87706677398497,"convex":13.112759759284799,"yearn":16.89112}