{"stakedao":41.636997300440854,"convex":18.0360660105504,"yearn":31.45095}