{"stakedao":42.535427704605084,"convex":14.7671268969456,"yearn":18.68639}