{"stakedao":72.71086534445024,"convex":20.252807597376,"yearn":32.75128}