{"stakedao":39.14915687603265,"convex":18.0394504824528,"yearn":29.43448}