{"stakedao":51.20285919118162,"convex":25.772110120382397,"yearn":32.69774}