{"stakedao":37.584622261215316,"convex":23.7463385059584,"yearn":30.42387}