{"stakedao":40.62086318050191,"convex":16.6864698787968,"yearn":33.45558}