{"stakedao":52.78559833827063,"convex":11.3816227045824,"yearn":15.72258}