{"stakedao":48.7886700454731,"convex":22.908135486096,"yearn":29.97243}