{"stakedao":44.434403126256754,"convex":14.190068204496,"yearn":19.41502}