{"stakedao":46.357317152136645,"convex":28.3414453226352,"yearn":31.70855}