{"stakedao":39.34658616181181,"convex":16.4603520757008,"yearn":26.43063}