{"stakedao":44.18096651920096,"convex":19.5631207394112,"yearn":42.73854}