{"stakedao":40.57267002089969,"convex":18.8777289427344,"yearn":29.24838}