{"stakedao":61.95160915402316,"convex":19.132612327152,"yearn":49.76428}