{"stakedao":49.18374776019267,"convex":16.8161657343264,"yearn":19.9304}