{"stakedao":75.25889117791652,"convex":20.2731046747056,"yearn":31.88615}