{"stakedao":42.58338003279242,"convex":20.6862114559392,"yearn":29.5066}