{"stakedao":28.947028478608296,"convex":15.7431882194496,"yearn":25.81229}