{"stakedao":49.89835430947923,"convex":31.171608451612798,"yearn":27.2053}