{"stakedao":53.342393583953154,"convex":15.9393978793296,"yearn":23.91394}