{"stakedao":72.00203323864096,"convex":24.4265273262144,"yearn":43.34995}