{"stakedao":46.574465060503904,"convex":21.575307808713603,"yearn":42.19701}