{"stakedao":56.35121648259968,"convex":31.1177781489456,"yearn":43.4711}