{"stakedao":47.87314337841259,"convex":22.4149181888016,"yearn":38.47043}