{"stakedao":47.18739401290584,"convex":21.5023526817552,"yearn":42.19701}