{"stakedao":51.99022158509053,"convex":26.692426170230398,"yearn":27.96305}