{"stakedao":53.339418345217794,"convex":11.3816227045824,"yearn":15.72258}