{"stakedao":39.79935486173537,"convex":15.544196160364798,"yearn":33.70892}