{"stakedao":54.86250859435157,"convex":10.5333762318912,"yearn":22.15649}