{"stakedao":52.715205983084495,"convex":13.57799343876,"yearn":32.38559}