{"stakedao":49.286486279576934,"convex":29.294463081801602,"yearn":34.05182}