{"stakedao":62.582981951624305,"convex":19.1337855041952,"yearn":50.24585}