{"stakedao":61.408806277085056,"convex":18.9578895537312,"yearn":47.86232}