{"stakedao":71.2595946254055,"convex":21.1012482971376,"yearn":33.63023}