{"stakedao":79.0427543924329,"convex":21.010474901289598,"yearn":33.63023}