{"stakedao":39.74934703993149,"convex":15.608207387592,"yearn":35.22082}