{"stakedao":44.65089878148235,"convex":13.9179694658976,"yearn":19.2073}