{"stakedao":52.98567268060944,"convex":24.249232618545598,"yearn":37.21654}