{"stakedao":55.05042862096498,"convex":12.2549869579392,"yearn":25.74287}