{"stakedao":68.02792641337743,"convex":24.193838997518398,"yearn":36.05054}