{"stakedao":42.285818869744304,"convex":15.311356007904,"yearn":14.66531}