{"stakedao":66.86245456468808,"convex":20.477523092313596,"yearn":42.87534}