{"stakedao":45.15982715712758,"convex":13.9979107534752,"yearn":18.94503}