{"stakedao":57.663664301022095,"convex":31.1076655534368,"yearn":48.028}