{"stakedao":50.95406400312626,"convex":25.772110120382397,"yearn":32.78494}