{"stakedao":48.487211708372556,"convex":10.987209524376002,"yearn":35.37354}