{"stakedao":53.9943309209407,"convex":27.804121368926403,"yearn":28.97284}