{"stakedao":45.83153755163082,"convex":22.955382131572797,"yearn":32.82679}