{"stakedao":43.10559213336511,"convex":25.4765907677232,"yearn":30.65501}