{"stakedao":42.83628807904027,"convex":16.459823018304,"yearn":18.36593}