{"stakedao":48.140684449463635,"convex":11.471190996340798,"yearn":34.40154}