{"stakedao":54.21160976487509,"convex":11.741982037934399,"yearn":16.84658}