{"stakedao":57.38339232061686,"convex":11.031971265504,"yearn":16.60425}