{"stakedao":47.32303766826375,"convex":13.0476230784432,"yearn":23.95167}