{"stakedao":44.87152360444231,"convex":22.1192930013264,"yearn":43.41241}