{"stakedao":51.821490936260325,"convex":22.849625468088,"yearn":34.56538}