{"stakedao":54.44652931611384,"convex":13.7982024929088,"yearn":19.6853}