{"stakedao":41.09317732629615,"convex":19.8102552335136,"yearn":26.91697}