{"stakedao":42.174764357723035,"convex":16.4388965581008,"yearn":19.00882}