{"stakedao":51.38872351006187,"convex":13.887771472152,"yearn":26.87601}