{"stakedao":38.99856776003575,"convex":17.665240859568,"yearn":29.43448}