{"stakedao":39.393344624518676,"convex":16.9090606357344,"yearn":26.91508}