{"stakedao":44.85958362828504,"convex":9.0129336372288,"yearn":26.12301}