{"stakedao":48.93488693290115,"convex":22.939747532006397,"yearn":29.97243}