{"stakedao":41.71091446709838,"convex":20.6940529044144,"yearn":25.94553}