{"stakedao":64.53201742882277,"convex":20.2821787708128,"yearn":31.85461}