{"stakedao":49.23500155103023,"convex":10.7438499903888,"yearn":36.72428}