{"stakedao":44.21387236597237,"convex":22.5048337739136,"yearn":31.7326}