{"stakedao":44.532554855564484,"convex":22.612063014072,"yearn":44.89154}