{"stakedao":48.897660077046766,"convex":21.820627390248003,"yearn":39.80251}