{"stakedao":42.463388051972814,"convex":22.1739861131856,"yearn":25.63563}