{"stakedao":27.90659606506278,"convex":13.690624120848,"yearn":25.62312}