{"stakedao":55.942567247439044,"convex":11.389651334985599,"yearn":14.43529}