{"stakedao":44.139020068312675,"convex":23.771302138656,"yearn":33.29644}