{"stakedao":41.579587060451345,"convex":13.2290209161504,"yearn":16.22155}