{"stakedao":41.96521403347157,"convex":15.2839265091408,"yearn":19.73699}