{"stakedao":53.380811501247905,"convex":13.610300153371199,"yearn":32.53125}