{"stakedao":65.6431042081463,"convex":20.524032492336,"yearn":44.24938}