{"stakedao":52.94924371049017,"convex":24.3454267563552,"yearn":37.81983}