{"stakedao":43.36409490083488,"convex":27.7500327864192,"yearn":27.29328}