{"stakedao":39.707769969824135,"convex":15.605387012736,"yearn":35.10892}