{"stakedao":72.35652265798939,"convex":21.109161981974403,"yearn":33.63023}