{"stakedao":47.75861758193266,"convex":13.0415814714816,"yearn":24.39831}