{"stakedao":49.17160230495476,"convex":10.995045088233601,"yearn":36.2481}