{"stakedao":56.436904317605006,"convex":31.009994414452798,"yearn":46.61273}