{"stakedao":40.01249998083371,"convex":13.172406631171201,"yearn":18.60813}