{"stakedao":51.091395604762624,"convex":17.520197006793598,"yearn":17.30234}