{"stakedao":46.69452991829611,"convex":22.1487963579072,"yearn":39.9947}