{"stakedao":52.06377223553279,"convex":13.893687420768003,"yearn":27.17224}