{"stakedao":47.61567653289082,"convex":11.0033434649664,"yearn":34.82907}