{"stakedao":38.697728344413854,"convex":17.602160439456,"yearn":29.43448}