{"stakedao":45.56407751814894,"convex":23.1133679487792,"yearn":37.67421}