{"stakedao":28.955363012825096,"convex":15.743295567993599,"yearn":25.81229}