{"stakedao":41.83077411930217,"convex":20.7011049500448,"yearn":25.68235}