{"stakedao":52.57414176137375,"convex":24.3377556779664,"yearn":37.62674}