{"stakedao":44.47737609208595,"convex":22.6574581147632,"yearn":50.0576}