{"stakedao":39.11776163011668,"convex":18.0394509523392,"yearn":29.43448}