{"stakedao":50.97407189880833,"convex":25.294142815905598,"yearn":30.55816}