{"stakedao":64.54470162764528,"convex":18.983498321534398,"yearn":43.8128}