{"stakedao":40.89088767410285,"convex":16.751830667068802,"yearn":33.80732}