{"stakedao":54.4201025107058,"convex":11.722041752601601,"yearn":16.52299}