{"stakedao":45.7386325015766,"convex":22.0674056316192,"yearn":39.58615}