{"stakedao":47.07062093198541,"convex":8.9910423425664,"yearn":28.02596}