{"stakedao":56.88314221656049,"convex":12.2929418395296,"yearn":23.60606}