{"stakedao":63.78973423020682,"convex":20.223715416624,"yearn":37.94986}