{"stakedao":39.00706183669364,"convex":16.059458802528,"yearn":27.64107}