{"stakedao":45.94223481581335,"convex":21.822896515824,"yearn":39.86212}