{"stakedao":52.132057581264306,"convex":22.8484110861072,"yearn":34.56538}