{"stakedao":40.79134844970821,"convex":16.4577754362816,"yearn":33.95578}