{"stakedao":52.034112675182094,"convex":14.980759767936,"yearn":25.69503}