{"stakedao":39.62807111721414,"convex":14.8623928861248,"yearn":21.61325}