{"stakedao":41.14936865842357,"convex":20.9833139221056,"yearn":24.23516}