{"stakedao":42.74446207217544,"convex":13.21611145272,"yearn":16.84109}