{"stakedao":55.24239776654751,"convex":11.405933715528,"yearn":14.78906}