{"stakedao":57.32291766346647,"convex":31.150404849887998,"yearn":42.74029}