{"stakedao":42.735120202525415,"convex":24.9368649786432,"yearn":26.89251}