{"stakedao":44.406496033460506,"convex":22.6769159402928,"yearn":31.90265}