{"stakedao":40.23272640797802,"convex":13.15544084028,"yearn":19.00671}