{"stakedao":29.151231348579234,"convex":15.888672078263998,"yearn":25.81229}