{"stakedao":55.477384715167304,"convex":10.1860416670464,"yearn":21.21664}