{"stakedao":71.99176870195848,"convex":20.3175447959376,"yearn":32.46559}