{"stakedao":43.982536194729164,"convex":23.3126901677088,"yearn":28.72386}