{"stakedao":41.547225234175315,"convex":18.0715453035264,"yearn":32.62939}