{"stakedao":54.61927449130801,"convex":11.4179610823488,"yearn":18.39347}