{"stakedao":43.592591547753,"convex":12.3551884068048,"yearn":18.55254}