{"stakedao":39.48734679584568,"convex":15.4947882487392,"yearn":33.01948}