{"stakedao":47.53929159706948,"convex":10.1864979078192,"yearn":17.81989}