{"stakedao":61.76789470910768,"convex":19.1316514788432,"yearn":49.39413}