{"stakedao":66.24979501113378,"convex":19.5657841974384,"yearn":41.55229}