{"stakedao":43.414337802499574,"convex":19.5615745482528,"yearn":43.62882}