{"stakedao":56.8010137391655,"convex":11.014192788739201,"yearn":15.36936}