{"stakedao":41.36548169528988,"convex":14.743911389875201,"yearn":20.89596}