{"stakedao":42.592550061283475,"convex":12.2055473431728,"yearn":17.66384}