{"stakedao":66.60746175017391,"convex":19.593817843968,"yearn":41.55229}