{"stakedao":65.80285433566571,"convex":20.439950673024,"yearn":42.06443}