{"stakedao":57.46579958761275,"convex":12.056063666256,"yearn":13.78311}