{"stakedao":39.144661342049645,"convex":16.3668736920672,"yearn":26.58268}