{"stakedao":48.04001504905212,"convex":10.9884212384112,"yearn":35.825}