{"stakedao":42.884626797615226,"convex":24.888696226833602,"yearn":27.90247}