{"stakedao":65.04534655858598,"convex":17.4847183287696,"yearn":31.87698}