{"stakedao":54.34877249553369,"convex":12.228923907748799,"yearn":16.14068}