{"stakedao":48.02802327042204,"convex":11.3747245609392,"yearn":31.43699}