{"stakedao":40.8297653237759,"convex":19.094488538745598,"yearn":29.60422}