{"stakedao":52.72205739264766,"convex":9.591387337252801,"yearn":19.29664}