{"stakedao":46.4337655462957,"convex":28.341745321449597,"yearn":30.62846}