{"stakedao":39.215037587574336,"convex":16.064493461856,"yearn":26.79239}