{"stakedao":39.198629992730574,"convex":16.4720414081376,"yearn":26.56806}