{"stakedao":51.06443656289045,"convex":25.169230593144,"yearn":31.89317}