{"stakedao":52.870931462766265,"convex":27.998037497520002,"yearn":31.06704}