{"stakedao":42.25653953841132,"convex":22.1439020779296,"yearn":26.46865}