{"stakedao":45.784849729425815,"convex":8.9907453964368,"yearn":28.47711}