{"stakedao":56.669588230944825,"convex":30.984365192400002,"yearn":45.0353}