{"stakedao":53.336252223228975,"convex":27.8172886517712,"yearn":31.7386}