{"stakedao":49.47124003068321,"convex":21.790400623056,"yearn":40.8581}