{"stakedao":37.64726552121238,"convex":14.141656146139201,"yearn":26.49063}