{"stakedao":38.83601589759978,"convex":17.755836982099197,"yearn":29.43448}