{"stakedao":45.57156588696064,"convex":31.083950285913602,"yearn":48.58924}