{"stakedao":41.31795723752937,"convex":14.7462962872608,"yearn":21.20383}