{"stakedao":45.24031957494071,"convex":22.864176724060798,"yearn":33.91414}