{"stakedao":72.10400158849414,"convex":20.3172698871648,"yearn":32.51147}