{"stakedao":38.780684493459816,"convex":16.4335541326416,"yearn":29.43448}