{"stakedao":44.43273524203509,"convex":23.2998895413216,"yearn":31.82501}