{"stakedao":37.53797946178618,"convex":24.3705638528208,"yearn":29.36178}