{"stakedao":48.287319656561195,"convex":17.4081969059472,"yearn":18.6743}