{"stakedao":40.75195833814848,"convex":16.689208594334403,"yearn":34.65596}