{"stakedao":42.51557008911543,"convex":22.991967174470396,"yearn":29.43448}