{"stakedao":47.33736197737546,"convex":21.084331756017598,"yearn":42.19701}