{"stakedao":39.09832754470155,"convex":16.395036689808002,"yearn":27.21494}