{"stakedao":41.03223826918293,"convex":19.8355998431664,"yearn":27.08824}