{"stakedao":41.059806747354635,"convex":13.263838482931202,"yearn":15.36629}