{"stakedao":47.64240905818469,"convex":22.980697381209602,"yearn":50.20835}