{"stakedao":38.9111044599411,"convex":17.6653794476736,"yearn":29.43448}