{"stakedao":39.54947902852287,"convex":15.7459992754176,"yearn":32.38665}