{"stakedao":43.370037091013224,"convex":27.7500327864192,"yearn":27.29328}