{"stakedao":42.32852025684217,"convex":15.2768158443936,"yearn":19.50212}