{"stakedao":39.129175742115024,"convex":18.0394504824528,"yearn":29.43448}