{"stakedao":62.63906641324019,"convex":19.1337855041952,"yearn":50.20832}