{"stakedao":43.16061156251285,"convex":25.4784940630848,"yearn":30.79145}