{"stakedao":64.6257022954843,"convex":20.422815965856003,"yearn":37.94986}