{"stakedao":52.77506545429055,"convex":14.141287982260799,"yearn":22.32179}