{"stakedao":55.930895924416454,"convex":12.266073861321601,"yearn":26.09228}