{"stakedao":41.63777431521838,"convex":20.693449081468803,"yearn":26.20387}