{"stakedao":45.668166161522315,"convex":21.657127837723202,"yearn":42.74997}