{"stakedao":48.81375714161556,"convex":22.9071625248096,"yearn":30.01733}