{"stakedao":45.37984615796332,"convex":22.0156956077616,"yearn":40.98264}