{"stakedao":42.42888158633919,"convex":13.2187428197136,"yearn":17.15876}