{"stakedao":51.6035553629164,"convex":9.583601300683199,"yearn":18.69254}