{"stakedao":38.938895677232736,"convex":16.298302658832,"yearn":27.95499}