{"stakedao":54.357209661858526,"convex":11.7216386626032,"yearn":16.6269}