{"stakedao":54.462371680099025,"convex":12.2111817541488,"yearn":15.72413}