{"stakedao":42.95076171414952,"convex":15.89568043392,"yearn":16.66658}