{"stakedao":48.92602763962656,"convex":11.0750508669312,"yearn":20.50198}