{"stakedao":46.73082262136565,"convex":22.1487963579072,"yearn":39.94726}