{"stakedao":47.112977487993575,"convex":10.1845558011024,"yearn":18.19343}