{"stakedao":78.63589624374026,"convex":24.781860486576,"yearn":40.74141}