{"stakedao":55.45424427460315,"convex":10.4267073959136,"yearn":15.68643}