{"stakedao":51.38646375637893,"convex":29.360194112174398,"yearn":37.43393}