{"stakedao":43.17378889216252,"convex":16.445514441312,"yearn":18.82281}