{"stakedao":43.479456196777306,"convex":19.5445033955856,"yearn":44.20025}