{"stakedao":42.441140304563945,"convex":21.024667138824,"yearn":29.48042}