{"stakedao":42.32746637774929,"convex":15.2768158443936,"yearn":19.50212}