{"stakedao":41.506612222713215,"convex":18.0715232567088,"yearn":32.57471}