{"stakedao":48.54522551261179,"convex":11.0815815057984,"yearn":20.29336}