{"stakedao":49.27233676311592,"convex":11.0943148185936,"yearn":37.64962}