{"stakedao":53.62901962415014,"convex":11.4053725103328,"yearn":16.56776}