{"stakedao":38.73397534634701,"convex":16.4217427684992,"yearn":27.95499}