{"stakedao":49.67565735842733,"convex":9.129085897132798,"yearn":17.34652}