{"stakedao":38.822490971568854,"convex":17.9680233283056,"yearn":29.43448}