{"stakedao":40.643896162499814,"convex":19.128197416449602,"yearn":28.76108}