{"stakedao":42.83163053573689,"convex":13.21611145272,"yearn":16.94724}