{"stakedao":54.73897435130022,"convex":12.1787226765072,"yearn":16.25405}