{"stakedao":40.135551152039355,"convex":13.152259242619202,"yearn":17.84107}