{"stakedao":42.36081558513513,"convex":22.0987817882496,"yearn":25.94319}