{"stakedao":47.8547591314813,"convex":11.0594112972912,"yearn":20.00819}