{"stakedao":40.80287230232631,"convex":17.232800274431998,"yearn":30.98349}