{"stakedao":63.915458153911615,"convex":17.4312120269664,"yearn":33.85036}