{"stakedao":41.22528452669303,"convex":14.7593058995664,"yearn":20.20993}