{"stakedao":40.251974543216974,"convex":16.2419823051408,"yearn":34.83943}