{"stakedao":27.90384928104931,"convex":13.6855249041744,"yearn":23.66499}