{"stakedao":40.132284620133746,"convex":13.1524371687312,"yearn":17.84107}