{"stakedao":43.95013484536551,"convex":12.341244064305599,"yearn":19.13603}