{"stakedao":40.556765085501084,"convex":16.4649839761584,"yearn":33.78796}