{"stakedao":54.29544818062868,"convex":10.6045993544256,"yearn":15.18816}