{"stakedao":40.528056713924244,"convex":20.2114307128896,"yearn":27.63696}