{"stakedao":78.66309175287694,"convex":21.0100222871568,"yearn":33.63023}