{"stakedao":44.95703587962127,"convex":21.6485276141664,"yearn":42.19701}