{"stakedao":44.937339342965224,"convex":22.6590317895456,"yearn":48.57396}