{"stakedao":45.59813138054365,"convex":22.9403416008672,"yearn":32.92284}