{"stakedao":51.201940836231465,"convex":25.772110120382397,"yearn":32.78494}