{"stakedao":43.34970878244455,"convex":25.1219270756448,"yearn":27.42729}