{"stakedao":42.521254746726314,"convex":14.224417348147199,"yearn":17.34194}