{"stakedao":44.29120193533436,"convex":23.7715270786368,"yearn":34.02137}