{"stakedao":47.557000919017725,"convex":13.0381056839376,"yearn":24.47951}