{"stakedao":48.87598422458446,"convex":22.9592138375664,"yearn":29.97243}