{"stakedao":52.55850410749204,"convex":17.179196050195202,"yearn":37.53604}