{"stakedao":42.56753921704341,"convex":23.083032231014396,"yearn":29.43448}