{"stakedao":42.073793767303236,"convex":21.541549592937603,"yearn":26.04159}