{"stakedao":44.09748838692252,"convex":23.7850192516608,"yearn":33.10602}