{"stakedao":39.191358864859666,"convex":16.064493461856,"yearn":26.79239}