{"stakedao":40.8042005266199,"convex":13.1743879087536,"yearn":18.82238}