{"stakedao":44.19441272280946,"convex":19.5778641883824,"yearn":43.67038}