{"stakedao":37.39361515152333,"convex":15.419607736636799,"yearn":29.42188}