{"stakedao":53.92234268470702,"convex":11.4047723203344,"yearn":16.54405}