{"stakedao":43.66197696350635,"convex":12.3448151788704,"yearn":19.17771}