{"stakedao":57.93714097367551,"convex":24.311364520924798,"yearn":39.59054}