{"stakedao":52.944860109436576,"convex":24.3454267563552,"yearn":37.81983}