{"stakedao":42.2907262116838,"convex":23.5415280296448,"yearn":29.43448}