{"stakedao":46.209784955754564,"convex":28.3767828675984,"yearn":28.72039}