{"stakedao":45.45588555561328,"convex":20.4907304700288,"yearn":49.16241}