{"stakedao":43.017044097430066,"convex":16.4597343264576,"yearn":18.42528}