{"stakedao":52.132024870422924,"convex":28.2039994383408,"yearn":29.11779}