{"stakedao":41.038426254305946,"convex":20.9309992995168,"yearn":0}