{"stakedao":45.965203622162335,"convex":20.528166183912,"yearn":45.22681}