{"stakedao":42.45992336342475,"convex":13.2729433960176,"yearn":18.72061}