{"stakedao":55.87651778228298,"convex":12.192006510100798,"yearn":17.22359}