{"stakedao":56.739643498915214,"convex":11.637534796473599,"yearn":14.39961}