{"stakedao":47.44112425754092,"convex":17.3986607222928,"yearn":18.81}