{"stakedao":52.72612014870314,"convex":11.347739221507199,"yearn":22.36765}