{"stakedao":44.82714523681241,"convex":21.7529287878384,"yearn":50.20835}