{"stakedao":38.9808449426955,"convex":16.058790888969597,"yearn":27.64107}