{"stakedao":77.69687329087469,"convex":24.738832585267197,"yearn":41.20112}