{"stakedao":57.7292255695204,"convex":24.261831247392003,"yearn":38.99877}