{"stakedao":43.3932114254503,"convex":25.133007911500798,"yearn":28.58479}