{"stakedao":42.61988552472277,"convex":23.2714647821664,"yearn":29.43448}