{"stakedao":55.75870216008669,"convex":11.312884650384,"yearn":15.68421}