{"stakedao":67.2724989109127,"convex":23.5935100262736,"yearn":36.18087}