{"stakedao":37.4183896755935,"convex":25.4955466631232,"yearn":29.67858}