{"stakedao":47.88558280429555,"convex":31.3947693762768,"yearn":28.99327}