{"stakedao":43.02438694758222,"convex":22.3183165491072,"yearn":28.1515}