{"stakedao":38.919190432691664,"convex":15.963721451064,"yearn":27.8517}