{"stakedao":44.88580074247843,"convex":22.1187889141344,"yearn":43.6625}