{"stakedao":43.40534133349493,"convex":12.346149940070399,"yearn":18.66985}