{"stakedao":40.64074446547526,"convex":19.998020211696,"yearn":29.45294}