{"stakedao":41.270708918412296,"convex":21.0239400101184,"yearn":23.90504}