{"stakedao":40.761411541744295,"convex":19.1098521904608,"yearn":28.76108}