{"stakedao":47.56107486526173,"convex":10.1884140572544,"yearn":17.76321}