{"stakedao":73.78641168504495,"convex":20.329290303451202,"yearn":32.51147}