{"stakedao":43.49501664145885,"convex":26.844169448851197,"yearn":26.6592}