{"stakedao":42.88911147396012,"convex":28.5890923965744,"yearn":26.61982}