{"stakedao":48.32790435183709,"convex":17.4598603637472,"yearn":19.01021}