{"stakedao":40.61468426456698,"convex":20.211481646683204,"yearn":27.55619}