{"stakedao":40.275236589215375,"convex":13.204687079448,"yearn":18.50901}