{"stakedao":57.38211465342201,"convex":31.151277961891203,"yearn":42.6669}