{"stakedao":53.26023662116109,"convex":25.758253457423997,"yearn":33.28099}