{"stakedao":48.167910148268504,"convex":12.7009063889856,"yearn":23.47836}