{"stakedao":38.94361725430374,"convex":15.963509056104,"yearn":27.8517}