{"stakedao":40.24127318960947,"convex":15.1324963577712,"yearn":20.50896}