{"stakedao":65.71102970933826,"convex":19.082811161606397,"yearn":32.46626}