{"stakedao":42.60245208419639,"convex":21.0276957017376,"yearn":28.96606}