{"stakedao":37.483269470313076,"convex":15.3641320053264,"yearn":27.29881}