{"stakedao":42.5098707338837,"convex":13.27367529612,"yearn":18.81692}