{"stakedao":53.10760321304109,"convex":11.347739221507199,"yearn":22.36641}