{"stakedao":48.75463586751657,"convex":23.292364033108797,"yearn":29.97243}