{"stakedao":41.55036625917995,"convex":20.699793680011204,"yearn":29.75045}