{"stakedao":42.68432091190145,"convex":13.221521198078399,"yearn":17.89337}