{"stakedao":27.899730717245298,"convex":13.685718434299199,"yearn":23.66499}