{"stakedao":41.26958518903488,"convex":20.759197626936,"yearn":27.8876}