{"stakedao":42.47058584701642,"convex":13.218113720664,"yearn":17.33875}