{"stakedao":50.03850960518102,"convex":13.676019209524801,"yearn":17.17808}