{"stakedao":73.77782789328504,"convex":24.540396442790403,"yearn":42.53465}