{"stakedao":48.29522898977203,"convex":11.1576458143008,"yearn":33.19874}