{"stakedao":45.870744614978236,"convex":20.5184117805984,"yearn":44.673}