{"stakedao":43.64780216655055,"convex":14.8689531593712,"yearn":18.59549}