{"stakedao":45.471806208141444,"convex":22.938690259224003,"yearn":33.42076}