{"stakedao":45.23154768918674,"convex":23.183924665176,"yearn":32.50407}