{"stakedao":64.03267662941717,"convex":20.216449932192,"yearn":37.94986}