{"stakedao":63.89202083404319,"convex":17.3965047636528,"yearn":33.85036}