{"stakedao":46.093744127926726,"convex":20.088177308956798,"yearn":42.69974}