{"stakedao":28.955743558585098,"convex":15.777405343943999,"yearn":24.33173}