{"stakedao":45.85886694552154,"convex":20.1492932664816,"yearn":42.38874}