{"stakedao":44.62115635919215,"convex":22.6577928347136,"yearn":49.5343}