{"stakedao":56.97336836189927,"convex":12.248553579249599,"yearn":24.3748}