{"stakedao":28.970802874277865,"convex":15.778699411089601,"yearn":25.81229}