{"stakedao":41.647302391494804,"convex":13.853848206412799,"yearn":21.54048}