{"stakedao":42.561371197477214,"convex":23.082994280592,"yearn":29.43448}