{"stakedao":44.89823560342385,"convex":22.114144374048003,"yearn":43.22806}