{"stakedao":45.71218158775562,"convex":21.812575145688,"yearn":43.40256}