{"stakedao":46.479912465060444,"convex":21.657565721390398,"yearn":42.19701}