{"stakedao":61.42481619198541,"convex":18.831998727892802,"yearn":48.69066}