{"stakedao":55.17323631967939,"convex":11.3541569867232,"yearn":22.3752}