{"stakedao":45.84080032728813,"convex":23.3503284972384,"yearn":32.50482}