{"stakedao":42.51451816884104,"convex":13.699212035904,"yearn":16.44087}