{"stakedao":58.32699554324374,"convex":30.741694183900798,"yearn":40.36477}