{"stakedao":40.6642359923119,"convex":19.1066906623104,"yearn":28.76108}