{"stakedao":55.34249341445656,"convex":12.1791343064544,"yearn":15.96825}