{"stakedao":37.52473971703553,"convex":14.071048641014398,"yearn":25.61908}