{"stakedao":44.430773383794886,"convex":19.5849023297904,"yearn":41.09322}