{"stakedao":48.24877738911053,"convex":13.0928511487104,"yearn":24.01432}