{"stakedao":39.3212691441886,"convex":15.7219275974832,"yearn":24.59256}