{"stakedao":54.83168172850728,"convex":10.414810531368,"yearn":15.96379}