{"stakedao":54.79457295756916,"convex":10.582210929412799,"yearn":16.88013}