{"stakedao":52.225933115372214,"convex":11.7447142948992,"yearn":17.00754}