{"stakedao":50.70315031533704,"convex":13.749056970264,"yearn":16.9933}