{"stakedao":43.757409927880104,"convex":14.8689531593712,"yearn":18.59549}