{"stakedao":45.660295518028214,"convex":21.814006981003203,"yearn":39.66377}