{"stakedao":52.92976385613058,"convex":11.744109371347202,"yearn":16.96752}