{"stakedao":44.54688297590831,"convex":22.558266634680002,"yearn":29.95399}