{"stakedao":53.270047972796036,"convex":21.2747070982176,"yearn":42.19701}