{"stakedao":45.95171197396948,"convex":32.2994651533632,"yearn":26.86234}