{"stakedao":43.5058187009983,"convex":26.7692224229856,"yearn":26.86466}