{"stakedao":49.788306963833314,"convex":17.4403084757904,"yearn":19.65905}