{"stakedao":44.96375138499045,"convex":20.484443462529597,"yearn":47.71473}