{"stakedao":45.781582244021294,"convex":31.005503883575997,"yearn":41.66611}