{"stakedao":45.6052967262156,"convex":20.4905457289872,"yearn":49.43378}