{"stakedao":57.78784399025123,"convex":31.0787535536208,"yearn":48.42068}