{"stakedao":39.60050432988799,"convex":14.864329672718398,"yearn":21.56308}