{"stakedao":55.76368969211489,"convex":12.115686432024,"yearn":17.18868}