{"stakedao":42.951565287233805,"convex":16.4598548318208,"yearn":18.42528}