{"stakedao":54.1768000614818,"convex":10.7900184610224,"yearn":23.64141}