{"stakedao":56.64221346964025,"convex":11.602118856167998,"yearn":14.17944}