{"stakedao":40.642450990169394,"convex":17.2346779089504,"yearn":31.84302}