{"stakedao":55.8874192940887,"convex":11.6036110198512,"yearn":13.92547}