{"stakedao":54.023634798938005,"convex":10.6091077283712,"yearn":15.46887}