{"stakedao":49.67470761220505,"convex":17.442415049054397,"yearn":19.65905}