{"stakedao":47.38086740548765,"convex":11.387222917919999,"yearn":30.428}