{"stakedao":40.81328803968062,"convex":13.2261143344848,"yearn":15.91724}