{"stakedao":54.03316289694939,"convex":11.8865601828288,"yearn":27.23634}