{"stakedao":54.11976342546505,"convex":10.6076316196656,"yearn":15.26303}