{"stakedao":41.677410279202505,"convex":13.1760602533728,"yearn":15.81671}