{"stakedao":44.3032601450976,"convex":23.2208070830928,"yearn":35.68967}