{"stakedao":55.39224325856898,"convex":9.777109794940799,"yearn":20.18558}