{"stakedao":56.170255688661214,"convex":11.3854387182624,"yearn":14.29266}