{"stakedao":55.40462321759848,"convex":11.349421171991999,"yearn":22.86205}