{"stakedao":53.132492054381444,"convex":24.152179351795198,"yearn":38.1862}