{"stakedao":42.793883233856434,"convex":15.5397266040816,"yearn":17.64542}