{"stakedao":54.30932721720306,"convex":10.441122145156799,"yearn":15.65227}