{"stakedao":52.051255495571766,"convex":14.775589065355199,"yearn":30.95609}