{"stakedao":52.04647694157856,"convex":12.198776507208002,"yearn":25.61671}