{"stakedao":57.70186610844201,"convex":31.101030971913598,"yearn":48.028}