{"stakedao":49.300658725386015,"convex":22.8949564781664,"yearn":32.62627}