{"stakedao":41.32911356462464,"convex":20.6258400602208,"yearn":24.16395}