{"stakedao":40.43445504758917,"convex":16.5412224579888,"yearn":33.71262}