{"stakedao":39.51456409188688,"convex":16.4786689382112,"yearn":29.43448}