{"stakedao":47.44964345997348,"convex":11.3901748262784,"yearn":30.05998}