{"stakedao":46.209840316500404,"convex":28.3778788192848,"yearn":28.96081}