{"stakedao":46.51149190299981,"convex":28.372496122353603,"yearn":30.61162}