{"stakedao":56.807613180879265,"convex":12.453031779652799,"yearn":14.19385}