{"stakedao":39.459340246581206,"convex":15.6978694737216,"yearn":25.60773}