{"stakedao":53.673217934503015,"convex":26.8210598365152,"yearn":28.83327}