{"stakedao":46.47335277595972,"convex":21.6089016588576,"yearn":42.19701}