{"stakedao":55.57216210818384,"convex":12.179152070683198,"yearn":15.96825}