{"stakedao":47.89153676179514,"convex":10.987344924192,"yearn":35.10435}