{"stakedao":46.37867218161922,"convex":20.2860851319792,"yearn":44.56622}