{"stakedao":64.55592158345614,"convex":19.0176265965024,"yearn":41.94741}