{"stakedao":49.54365926649455,"convex":22.8949564781664,"yearn":32.46392}