{"stakedao":40.56985184218705,"convex":17.2372995218592,"yearn":32.15939}