{"stakedao":43.19860663584599,"convex":26.5445445410352,"yearn":25.92214}