{"stakedao":47.66681330036758,"convex":11.54067677856,"yearn":33.52302}