{"stakedao":39.37252999068473,"convex":14.7889529215488,"yearn":21.82484}