{"stakedao":42.50914673977505,"convex":21.138094738785597,"yearn":29.47151}