{"stakedao":52.586119287418796,"convex":28.1213397191808,"yearn":29.64239}