{"stakedao":40.85480598350759,"convex":13.1747938149168,"yearn":18.94601}