{"stakedao":42.4416105426147,"convex":20.6831869769376,"yearn":31.14031}