{"stakedao":48.10968428313855,"convex":11.5419812588928,"yearn":33.43521}