{"stakedao":54.413642425017656,"convex":11.7217401422976,"yearn":16.7033}