{"stakedao":55.461255510369895,"convex":10.180560571488,"yearn":20.92611}