{"stakedao":42.21815482447545,"convex":22.1730751359072,"yearn":26.03128}