{"stakedao":49.395300650355274,"convex":29.294451823449602,"yearn":34.20028}