{"stakedao":46.913065362038104,"convex":12.19172638212,"yearn":23.78283}