{"stakedao":42.8783031294107,"convex":28.5571618906752,"yearn":27.11832}