{"stakedao":47.43495780277934,"convex":11.389612047436799,"yearn":30.37145}