{"stakedao":45.35057209797925,"convex":23.1311609037216,"yearn":31.83896}