{"stakedao":43.47226934717301,"convex":14.83594303428,"yearn":18.21556}