{"stakedao":45.85728509523127,"convex":20.5241126379264,"yearn":45.06897}