{"stakedao":43.31674906308529,"convex":26.5449603904992,"yearn":25.99913}