{"stakedao":45.20328722064146,"convex":20.4578350192944,"yearn":47.01136}