{"stakedao":47.63726401462213,"convex":31.390725048263995,"yearn":29.17068}