{"stakedao":42.75315097884991,"convex":13.205292334128,"yearn":16.15291}