{"stakedao":41.64144195964808,"convex":15.3413864445744,"yearn":14.94948}