{"stakedao":54.90173765340911,"convex":10.440978861340799,"yearn":16.41125}