{"stakedao":55.33403133422344,"convex":12.2827806438912,"yearn":25.25167}