{"stakedao":47.66998579873063,"convex":22.400444454624,"yearn":38.39249}