{"stakedao":67.86518821649787,"convex":23.639776267968,"yearn":36.61276}