{"stakedao":65.85708327098291,"convex":20.3552903194848,"yearn":42.42153}