{"stakedao":51.250331063547684,"convex":25.362894317054398,"yearn":29.90425}