{"stakedao":55.42898276460598,"convex":11.3494297844736,"yearn":22.88603}