{"stakedao":56.06862934266614,"convex":11.4063467803632,"yearn":14.99197}