{"stakedao":27.872017015229474,"convex":13.685387136004802,"yearn":25.53394}