{"stakedao":40.10221433206212,"convex":13.0637264480352,"yearn":16.83522}