{"stakedao":55.74452652354191,"convex":12.266094334492799,"yearn":24.64108}