{"stakedao":40.30740526333096,"convex":16.1663233225392,"yearn":35.13187}