{"stakedao":55.165512262976094,"convex":12.283476652872,"yearn":25.02365}