{"stakedao":52.104685739585264,"convex":10.9682216451648,"yearn":17.52629}