{"stakedao":50.32444954781773,"convex":22.7459506158,"yearn":34.56538}