{"stakedao":39.18283995278745,"convex":16.389573361632,"yearn":27.95499}