{"stakedao":40.516852115788026,"convex":17.2179639456336,"yearn":31.43643}