{"stakedao":53.23572546516297,"convex":25.4809234356912,"yearn":32.64554}