{"stakedao":44.22114989456645,"convex":23.7839259395376,"yearn":32.35802}