{"stakedao":48.721656429647446,"convex":17.494148497852798,"yearn":18.60615}