{"stakedao":52.538341719987606,"convex":25.862750689752,"yearn":32.73031}