{"stakedao":43.657823404667184,"convex":14.872289207745602,"yearn":18.36063}