{"stakedao":54.813988312620815,"convex":11.7409325734656,"yearn":16.82653}