{"stakedao":41.38074719731742,"convex":20.6986586678352,"yearn":29.46987}