{"stakedao":63.756936707684645,"convex":17.4311965900944,"yearn":33.85036}