{"stakedao":50.344508029550035,"convex":9.981667797192,"yearn":17.36373}