{"stakedao":43.243957474741606,"convex":23.6613496135248,"yearn":31.1563}