{"stakedao":41.7331750177541,"convex":20.7011670192,"yearn":25.64753}