{"stakedao":48.902952897469234,"convex":11.075961494160001,"yearn":20.11475}