{"stakedao":43.087274152969584,"convex":14.1766725726288,"yearn":16.97229}