{"stakedao":44.051733811578615,"convex":22.519083574108798,"yearn":30.96545}