{"stakedao":52.52668649148776,"convex":26.7111019218816,"yearn":28.54763}