{"stakedao":45.94882868598049,"convex":21.6469817825184,"yearn":42.19701}