{"stakedao":43.65746046692787,"convex":14.7978725574816,"yearn":18.29612}