{"stakedao":48.993705077279905,"convex":28.0105253214768,"yearn":27.02451}