{"stakedao":40.52322413456485,"convex":20.2113763637472,"yearn":27.65315}