{"stakedao":49.180341971238576,"convex":21.834899968896,"yearn":38.80241}