{"stakedao":42.836360651442035,"convex":15.7013996293296,"yearn":16.95581}