{"stakedao":42.45013920971516,"convex":22.1739861131856,"yearn":25.63563}