{"stakedao":29.14284135446118,"convex":15.859470518049601,"yearn":25.81229}