{"stakedao":41.50434795198588,"convex":18.157809461342403,"yearn":31.52204}