{"stakedao":49.598010395208654,"convex":22.3663707022464,"yearn":38.88322}