{"stakedao":40.57162566055925,"convex":16.279277734281603,"yearn":34.73443}