{"stakedao":44.69424131541881,"convex":22.120822941984002,"yearn":47.13011}