{"stakedao":52.94907567629634,"convex":14.1417791270784,"yearn":22.53947}