{"stakedao":41.06878999478526,"convex":20.9142722992176,"yearn":26.07552}