{"stakedao":40.57968309346484,"convex":19.0966632833808,"yearn":29.24838}