{"stakedao":40.885540139386585,"convex":15.130921235486401,"yearn":20.61996}