{"stakedao":40.636418015627065,"convex":17.153197860096,"yearn":30.74535}