{"stakedao":51.48897285220516,"convex":13.8093413550048,"yearn":27.9006}