{"stakedao":55.395896129647184,"convex":10.5292593647712,"yearn":16.47145}