{"stakedao":77.14989097461537,"convex":24.7258113235632,"yearn":41.38513}