{"stakedao":54.78737759047088,"convex":10.414810531368,"yearn":15.96379}