{"stakedao":44.51125714641337,"convex":22.6063063758672,"yearn":48.5345}