{"stakedao":72.74875107838909,"convex":24.4618328873664,"yearn":43.02497}