{"stakedao":40.715466531789595,"convex":19.1061931472208,"yearn":28.76108}