{"stakedao":43.635273401510744,"convex":12.374748011620799,"yearn":20.07543}