{"stakedao":52.853816887735746,"convex":11.347739221507199,"yearn":22.32753}