{"stakedao":40.87330606374691,"convex":17.2715781415536,"yearn":32.69883}