{"stakedao":41.41466592387757,"convex":17.5334918054544,"yearn":32.36921}