{"stakedao":47.04235351021256,"convex":13.2392824530336,"yearn":26.66259}