{"stakedao":42.589803015069066,"convex":12.2055473431728,"yearn":17.66384}