{"stakedao":47.32256479437988,"convex":10.184883188932801,"yearn":17.98996}