{"stakedao":43.38721145679941,"convex":28.563302832883203,"yearn":26.81807}