{"stakedao":39.486676484925816,"convex":14.789673866044799,"yearn":21.75448}