{"stakedao":43.46989205093315,"convex":19.534831730121603,"yearn":41.75395}