{"stakedao":38.864491684077045,"convex":17.6644890444816,"yearn":29.43448}