{"stakedao":41.751363171656756,"convex":18.3693010000896,"yearn":30.99314}