{"stakedao":54.37909097368892,"convex":15.890550873307202,"yearn":23.45514}