{"stakedao":41.15808783338588,"convex":21.522270595449598,"yearn":26.09597}