{"stakedao":49.3507052471269,"convex":17.475234154286397,"yearn":17.61493}