{"stakedao":48.688343455197696,"convex":11.0759599709712,"yearn":20.17465}