{"stakedao":53.57677837663422,"convex":11.3979611592864,"yearn":17.06863}