{"stakedao":39.575521695820086,"convex":15.417177348571201,"yearn":25.60773}