{"stakedao":50.942776458518885,"convex":25.293551799729602,"yearn":30.55816}