{"stakedao":41.10590121428982,"convex":13.2256803202848,"yearn":15.98674}