{"stakedao":40.65829094590407,"convex":19.1304933192432,"yearn":28.76108}