{"stakedao":54.20320057055161,"convex":10.7900184610224,"yearn":23.64141}