{"stakedao":56.9535387558408,"convex":12.453031779652799,"yearn":14.19385}