{"stakedao":56.23158113002974,"convex":31.0405157215776,"yearn":47.05141}