{"stakedao":42.67781167022153,"convex":24.888124684137598,"yearn":27.74592}