{"stakedao":42.62321546926012,"convex":13.7245485408048,"yearn":17.64655}