{"stakedao":39.15689606419028,"convex":16.0702847802,"yearn":26.79239}