{"stakedao":38.7421850838848,"convex":16.423233781118398,"yearn":29.43448}