{"stakedao":52.526064232897184,"convex":14.6620638803952,"yearn":30.95609}