{"stakedao":45.34886445841751,"convex":20.4689821406688,"yearn":47.5314}