{"stakedao":42.34094043993572,"convex":13.273377864336,"yearn":19.13259}