{"stakedao":43.166577333507895,"convex":13.7251681002144,"yearn":17.19297}