{"stakedao":50.3919614392631,"convex":9.5668611624864,"yearn":17.59404}