{"stakedao":71.34601200451846,"convex":21.224581597526402,"yearn":31.97697}