{"stakedao":51.81049571341856,"convex":26.7137159503824,"yearn":27.65195}