{"stakedao":41.283104135491094,"convex":19.1345727026736,"yearn":29.03914}