{"stakedao":43.27305796358404,"convex":14.763675688560001,"yearn":17.98705}