{"stakedao":40.4177485365952,"convex":13.0302534249216,"yearn":19.31719}