{"stakedao":45.461112654348675,"convex":31.052068752268802,"yearn":48.86584}