{"stakedao":43.5196927165027,"convex":27.106350216364802,"yearn":26.57646}