{"stakedao":41.238611973911475,"convex":21.6935087039424,"yearn":27.20542}