{"stakedao":37.56231471234504,"convex":24.315440949432002,"yearn":29.5625}