{"stakedao":51.03472979725722,"convex":17.520209428823996,"yearn":17.30234}