{"stakedao":38.86134097022933,"convex":18.0633567067632,"yearn":29.43448}