{"stakedao":40.54235909087201,"convex":18.877817278224,"yearn":29.24838}