{"stakedao":42.525335241275165,"convex":21.0932016754464,"yearn":29.85216}