{"stakedao":62.726454571296834,"convex":20.533145109667203,"yearn":42.66491}