{"stakedao":56.919721942513746,"convex":11.0141873866224,"yearn":15.47728}