{"stakedao":46.59697662087961,"convex":12.212797002840002,"yearn":24.90579}