{"stakedao":48.5666617188664,"convex":29.3370158365056,"yearn":36.05609}