{"stakedao":40.99463516128811,"convex":20.8437487113888,"yearn":26.54113}