{"stakedao":52.96430648145409,"convex":24.2434738611216,"yearn":37.67261}