{"stakedao":41.742096634452615,"convex":20.693449081468803,"yearn":26.07456}