{"stakedao":45.856954128449374,"convex":20.490781753872,"yearn":49.27849}