{"stakedao":41.25652598016544,"convex":21.552192617659202,"yearn":25.88858}