{"stakedao":40.467561310657835,"convex":16.5412224579888,"yearn":33.75525}