{"stakedao":39.383514151383665,"convex":15.7219886732544,"yearn":24.66142}