{"stakedao":41.258768808782804,"convex":20.759197626936,"yearn":27.8876}