{"stakedao":39.09393230008485,"convex":16.395036689808002,"yearn":27.21494}