{"stakedao":45.76015754865774,"convex":31.0197476793168,"yearn":40.7662}