{"stakedao":37.5760092702397,"convex":14.0882421123648,"yearn":26.35451}