{"stakedao":44.29970115333146,"convex":22.5569581555824,"yearn":30.07681}