{"stakedao":50.08072164145176,"convex":22.625594165592,"yearn":34.56538}