{"stakedao":45.46158004381092,"convex":21.814006981003203,"yearn":39.46558}