{"stakedao":72.39434064502024,"convex":24.3822555914544,"yearn":43.63658}