{"stakedao":64.03000103284614,"convex":17.3319181463376,"yearn":33.01267}