{"stakedao":44.35676448461513,"convex":23.8537689741792,"yearn":34.85443}