{"stakedao":67.09289030108928,"convex":19.6075301445792,"yearn":40.75038}