{"stakedao":42.268367335585936,"convex":22.9189025765952,"yearn":29.43448}