{"stakedao":49.77684888435108,"convex":17.44164642528,"yearn":19.32212}