{"stakedao":43.067686047100864,"convex":22.492599363792,"yearn":28.05114}