{"stakedao":53.97172729790379,"convex":9.7993154152224,"yearn":19.76958}