{"stakedao":45.53575593954416,"convex":31.090096958212797,"yearn":41.25737}