{"stakedao":67.50862212853593,"convex":24.3336357518544,"yearn":35.37531}