{"stakedao":39.37651186630688,"convex":15.721906714344001,"yearn":24.52}