{"stakedao":40.54237469423931,"convex":17.2179639456336,"yearn":31.31716}