{"stakedao":53.83317193126889,"convex":11.8409089025952,"yearn":27.51547}