{"stakedao":52.08445887981902,"convex":15.9253336653408,"yearn":25.7105}