{"stakedao":47.41106449377346,"convex":10.1849563934496,"yearn":17.81989}