{"stakedao":48.025309319455324,"convex":14.3135668607472,"yearn":17.47551}