{"stakedao":42.38073946558414,"convex":13.2476794081488,"yearn":18.98664}