{"stakedao":48.95351428411769,"convex":22.7247227818128,"yearn":34.56538}