{"stakedao":43.12178004298015,"convex":25.425572514408003,"yearn":30.83379}