{"stakedao":57.134442441187986,"convex":13.3110806881392,"yearn":18.06459}