{"stakedao":41.23202795998272,"convex":20.6550747016992,"yearn":24.31328}