{"stakedao":48.54743554970719,"convex":22.7196642465792,"yearn":34.56538}