{"stakedao":45.69331918952467,"convex":23.0728665320352,"yearn":37.71969}