{"stakedao":55.45742116693505,"convex":10.1860416670464,"yearn":21.239}