{"stakedao":48.8182538873013,"convex":17.5561445399904,"yearn":17.82946}