{"stakedao":71.84884068652948,"convex":24.425344278403198,"yearn":43.432}