{"stakedao":48.337209471599266,"convex":12.7042874896896,"yearn":23.28454}