{"stakedao":42.44710465404254,"convex":21.0541505047344,"yearn":33.39189}