{"stakedao":57.91110736808239,"convex":24.3456031403568,"yearn":38.79029}