{"stakedao":41.37545377544803,"convex":14.743917961977598,"yearn":20.99856}