{"stakedao":39.10925361112224,"convex":17.665294357238402,"yearn":29.43448}