{"stakedao":52.1542220206335,"convex":26.697229572916797,"yearn":28.5929}