{"stakedao":41.45537639411546,"convex":20.689124455180803,"yearn":25.47894}