{"stakedao":53.81052049689478,"convex":11.3977681274304,"yearn":15.60001}