{"stakedao":42.46509391847808,"convex":20.66550563736,"yearn":30.78387}