{"stakedao":52.97580639679414,"convex":11.282708230415999,"yearn":16.69444}