{"stakedao":40.2796098304707,"convex":16.241616288863998,"yearn":34.76629}