{"stakedao":54.42723050023235,"convex":10.344194470526398,"yearn":15.91619}