{"stakedao":42.932322868129184,"convex":13.229692323897602,"yearn":16.27574}