{"stakedao":45.99072423352436,"convex":20.5176656451456,"yearn":44.83226}