{"stakedao":52.65496840438114,"convex":11.2787720393472,"yearn":16.6858}