{"stakedao":48.29627660441695,"convex":14.9751997314624,"yearn":17.42395}