{"stakedao":52.461196316574004,"convex":14.6620638803952,"yearn":30.95609}