{"stakedao":37.35896127478572,"convex":15.407532450864,"yearn":28.32431}