{"stakedao":43.26773068783127,"convex":25.120972711137597,"yearn":27.56312}