{"stakedao":53.617396951035275,"convex":11.3979611592864,"yearn":15.53807}