{"stakedao":52.675942844217516,"convex":11.2925844509904,"yearn":16.13716}