{"stakedao":54.124210109074625,"convex":11.400701073192,"yearn":16.89877}