{"stakedao":47.63520870174392,"convex":11.002827920745599,"yearn":34.82907}