{"stakedao":47.70874479711403,"convex":11.540302058347201,"yearn":33.74406}