{"stakedao":41.46941517185326,"convex":20.6984554309296,"yearn":23.38719}