{"stakedao":39.46224182702525,"convex":15.7271467928688,"yearn":32.98272}