{"stakedao":47.599927675392784,"convex":22.394101026067197,"yearn":37.92992}