{"stakedao":44.27676774733445,"convex":23.2204087455696,"yearn":35.68967}