{"stakedao":45.238383543554704,"convex":11.6199852048432,"yearn":25.43171}