{"stakedao":43.90351052771808,"convex":12.374748011620799,"yearn":20.04882}