{"stakedao":49.8079449208392,"convex":22.7047010831424,"yearn":34.56538}