{"stakedao":67.31050634129468,"convex":19.5877222442208,"yearn":40.68387}