{"stakedao":39.868862886852156,"convex":13.1081625547344,"yearn":17.08578}