{"stakedao":55.81800035674597,"convex":11.389651334985599,"yearn":14.39126}