{"stakedao":41.939838091994325,"convex":17.536761461088,"yearn":33.40068}