{"stakedao":54.978382731845606,"convex":11.823552402739201,"yearn":17.46167}