{"stakedao":43.27930977518513,"convex":26.5445445410352,"yearn":25.84513}