{"stakedao":41.54323764906329,"convex":13.8545202669552,"yearn":15.43413}