{"stakedao":44.62946870479596,"convex":22.1255042593536,"yearn":44.32306}