{"stakedao":45.94447352222071,"convex":20.5273364969808,"yearn":45.3058}