{"stakedao":54.10767532540589,"convex":11.733494126687999,"yearn":27.76693}