{"stakedao":58.87863876144752,"convex":16.962673784659202,"yearn":36.03806}