{"stakedao":41.536792397231494,"convex":13.2703421648256,"yearn":15.05502}