{"stakedao":54.76507287962074,"convex":10.6438171550544,"yearn":15.01222}