{"stakedao":47.97518052453229,"convex":22.9955526189936,"yearn":29.97243}