{"stakedao":48.468993621448064,"convex":14.975270501399999,"yearn":17.42395}