{"stakedao":47.86028250923992,"convex":31.3947693762768,"yearn":28.99327}