{"stakedao":49.81541544795633,"convex":10.6425094580496,"yearn":20.30895}