{"stakedao":46.47325715723097,"convex":20.0400921811584,"yearn":43.53081}