{"stakedao":51.76725821631484,"convex":13.8911176971936,"yearn":26.88976}