{"stakedao":64.55066212676189,"convex":17.3956659186672,"yearn":33.85036}