{"stakedao":42.5904425468539,"convex":12.204756883872001,"yearn":18.10558}