{"stakedao":47.865691656993036,"convex":31.4121056867856,"yearn":28.10801}