{"stakedao":56.31818261859213,"convex":10.4285412616176,"yearn":15.9287}