{"stakedao":46.16017848422733,"convex":20.2778539805376,"yearn":41.99666}