{"stakedao":63.57703918289188,"convex":18.6481320345072,"yearn":34.01116}