{"stakedao":45.75988737478636,"convex":23.34879578772,"yearn":32.50482}