{"stakedao":55.5869902130233,"convex":10.4267073959136,"yearn":15.66763}