{"stakedao":47.166948990685604,"convex":28.377172482264,"yearn":29.55207}