{"stakedao":40.8532365125529,"convex":21.7539609075072,"yearn":27.8876}