{"stakedao":45.75185609624381,"convex":22.7557345147344,"yearn":30.77885}