{"stakedao":52.62865497539081,"convex":22.8868934861376,"yearn":34.56538}