{"stakedao":47.41138009630619,"convex":22.395258097675203,"yearn":38.75916}