{"stakedao":54.45709211938009,"convex":12.270150315057602,"yearn":26.79419}