{"stakedao":51.88592197034001,"convex":13.704405952032001,"yearn":19.88076}