{"stakedao":51.75529791348808,"convex":25.0976102841504,"yearn":33.90997}