{"stakedao":67.34162873288889,"convex":20.625261671059203,"yearn":42.0864}