{"stakedao":43.48591720196424,"convex":14.7634898185296,"yearn":18.07449}