{"stakedao":53.1293890360193,"convex":15.771459041927999,"yearn":23.56751}