{"stakedao":49.32380823337053,"convex":22.8942732885696,"yearn":34.37595}