{"stakedao":45.17336987706611,"convex":9.014774790902399,"yearn":25.52899}