{"stakedao":42.889271731162374,"convex":14.7675768872832,"yearn":18.8846}