{"stakedao":46.923267084946175,"convex":28.374215130792003,"yearn":29.77612}