{"stakedao":44.31157955169334,"convex":9.2457262649376,"yearn":26.37586}