{"stakedao":66.49049634333892,"convex":20.3264203603104,"yearn":42.23558}