{"stakedao":46.915783743028236,"convex":26.0230709404368,"yearn":28.4325}