{"stakedao":37.45054751415899,"convex":15.415291420084799,"yearn":29.34638}