{"stakedao":40.77882540076028,"convex":17.220868745515197,"yearn":30.60596}