{"stakedao":52.33808791320853,"convex":26.69274779328,"yearn":27.87461}