{"stakedao":40.99763040911833,"convex":19.8352747826928,"yearn":27.07199}