{"stakedao":55.59936325013048,"convex":10.4289652536768,"yearn":16.02571}