{"stakedao":46.4373215017413,"convex":28.341745321449597,"yearn":30.67724}