{"stakedao":58.50755041458302,"convex":24.3107196223392,"yearn":39.65518}