{"stakedao":38.7242181523093,"convex":16.3978096376736,"yearn":27.95499}