{"stakedao":41.86349219581078,"convex":20.690938018007998,"yearn":25.27225}