{"stakedao":34.12526495082819,"convex":20.2069629068544,"yearn":28.44863}