{"stakedao":45.47097758341852,"convex":10.6211390718816,"yearn":26.27739}