{"stakedao":47.43444182237197,"convex":22.3952522288256,"yearn":37.7139}