{"stakedao":49.374031937738714,"convex":29.3116725040608,"yearn":34.2984}