{"stakedao":42.95902246449103,"convex":15.8014526004,"yearn":16.76073}