{"stakedao":43.32818380145259,"convex":23.664567938011196,"yearn":30.86059}