{"stakedao":55.06063599564251,"convex":10.5820001680176,"yearn":16.9911}