{"stakedao":62.48856387177055,"convex":19.131942073622398,"yearn":49.05331}