{"stakedao":28.928970561724213,"convex":15.742445723251201,"yearn":25.81229}