{"stakedao":44.632733907098896,"convex":22.658285367115198,"yearn":48.92309}