{"stakedao":44.86299845256143,"convex":23.1158371103568,"yearn":37.17687}