{"stakedao":48.494036590768985,"convex":11.1610172807568,"yearn":32.42492}