{"stakedao":40.31012343497357,"convex":13.0524507953856,"yearn":16.75218}