{"stakedao":54.42591057445469,"convex":10.6437783563136,"yearn":15.15698}