{"stakedao":42.39328963288327,"convex":22.984765916256,"yearn":29.43448}