{"stakedao":41.394433293846234,"convex":14.7462962872608,"yearn":21.12675}