{"stakedao":54.40625260323052,"convex":9.7984580838336,"yearn":19.90391}