{"stakedao":41.07532492957287,"convex":20.843643065788804,"yearn":26.35531}