{"stakedao":46.16738013767127,"convex":28.3785449573664,"yearn":28.86799}