{"stakedao":55.66364288732882,"convex":12.2827409905248,"yearn":25.32606}