{"stakedao":39.36889846558683,"convex":16.9090606357344,"yearn":26.91508}