{"stakedao":38.9351119582004,"convex":16.3722573130032,"yearn":27.95499}