{"stakedao":51.72609594854637,"convex":13.882267676980799,"yearn":27.01655}