{"stakedao":37.54308647467278,"convex":24.3313340937408,"yearn":29.39822}