{"stakedao":64.22585283903453,"convex":17.3960051261904,"yearn":33.85036}