{"stakedao":41.00569992119699,"convex":19.8366204017376,"yearn":27.27084}