{"stakedao":48.79564762942391,"convex":11.072359310328,"yearn":20.50837}