{"stakedao":52.078480738531816,"convex":15.954954364224,"yearn":25.7576}