{"stakedao":41.019040150143894,"convex":19.816413955718403,"yearn":26.46383}