{"stakedao":53.288576200298415,"convex":25.7548177647504,"yearn":33.28099}