{"stakedao":43.631630289554764,"convex":14.871843099489599,"yearn":18.27387}