{"stakedao":53.354661399192125,"convex":24.931744907212803,"yearn":38.8935}