{"stakedao":46.20288626885654,"convex":20.2724940210624,"yearn":42.61187}