{"stakedao":39.59561999465968,"convex":15.693161543121597,"yearn":25.60773}