{"stakedao":45.449736737126386,"convex":22.07721641184,"yearn":40.56498}