{"stakedao":41.186181823465,"convex":20.6670913998912,"yearn":23.03458}