{"stakedao":48.27286530056515,"convex":10.9951590372624,"yearn":35.97593}