{"stakedao":40.60004672502258,"convex":17.225488633910402,"yearn":31.50754}