{"stakedao":46.58450685718863,"convex":8.9921081237616,"yearn":27.83247}