{"stakedao":52.72384056823094,"convex":24.344420843102398,"yearn":37.9834}