{"stakedao":37.56509492117851,"convex":24.323062768588798,"yearn":29.85516}