{"stakedao":42.8729634722776,"convex":25.389167778590398,"yearn":29.4962}