{"stakedao":39.15667901541965,"convex":16.366850412192,"yearn":26.67901}