{"stakedao":57.23382576630221,"convex":11.0136171274416,"yearn":15.33955}