{"stakedao":45.93822849434541,"convex":20.115838140047998,"yearn":42.49517}