{"stakedao":42.663560400822874,"convex":24.9282699080688,"yearn":26.63618}