{"stakedao":39.45597076049586,"convex":15.7211609604768,"yearn":32.88599}