{"stakedao":43.318084734557345,"convex":12.074296696617601,"yearn":22.47568}