{"stakedao":40.68302266141072,"convex":17.2163454014304,"yearn":30.43116}