{"stakedao":46.480126580809326,"convex":10.623450408393602,"yearn":25.56616}