{"stakedao":42.405595445212796,"convex":13.7225049323184,"yearn":17.83539}