{"stakedao":49.478888078530375,"convex":17.5683167043552,"yearn":17.82946}