{"stakedao":38.968093030784736,"convex":17.6652623418912,"yearn":29.43448}