{"stakedao":42.65925795144885,"convex":20.6923216537008,"yearn":31.72047}