{"stakedao":42.29593424645054,"convex":13.230885315009601,"yearn":16.36542}