{"stakedao":41.49754010553394,"convex":20.7009534605616,"yearn":25.59915}