{"stakedao":41.10039810266033,"convex":20.926599302188798,"yearn":0}