{"stakedao":47.5464543830708,"convex":13.0476056894928,"yearn":24.23591}