{"stakedao":46.96670311602344,"convex":13.2601559737536,"yearn":26.55584}