{"stakedao":54.74273100614647,"convex":9.7989644132352,"yearn":19.90188}