{"stakedao":49.298842455863216,"convex":31.2744443769216,"yearn":27.53162}