{"stakedao":39.04890396316321,"convex":18.0946811191248,"yearn":29.43448}