{"stakedao":39.26542276993018,"convex":16.381497367310402,"yearn":27.95499}