{"stakedao":40.70753056902603,"convex":20.208766129027204,"yearn":26.4539}