{"stakedao":48.38345022081816,"convex":26.040442318977604,"yearn":27.51909}