{"stakedao":63.60647581722516,"convex":17.338941522590403,"yearn":33.42356}