{"stakedao":37.50367090326829,"convex":14.0585054429952,"yearn":25.34982}