{"stakedao":43.81082009087068,"convex":12.341244064305599,"yearn":19.13603}