{"stakedao":43.21680957902924,"convex":15.2745052395168,"yearn":18.28682}