{"stakedao":39.216909211652165,"convex":16.0684045818048,"yearn":26.79239}