{"stakedao":54.204094777514186,"convex":10.606441302806399,"yearn":15.24401}