{"stakedao":45.183785324791515,"convex":11.618185202495999,"yearn":25.65945}