{"stakedao":51.081828947437316,"convex":9.5717573062416,"yearn":17.91859}