{"stakedao":57.44269545003446,"convex":12.470751214718398,"yearn":14.09696}