{"stakedao":67.88081305764172,"convex":23.5466191257984,"yearn":36.53848}