{"stakedao":55.73135058071076,"convex":11.3494530738096,"yearn":22.93345}