{"stakedao":44.1997094739572,"convex":19.576087642512,"yearn":42.7325}