{"stakedao":45.546538145289944,"convex":10.621043117294402,"yearn":26.41206}