{"stakedao":45.41060138167771,"convex":10.7224609695984,"yearn":26.23792}