{"stakedao":39.204826537339336,"convex":16.4724948012096,"yearn":26.53743}