{"stakedao":43.22003091545058,"convex":19.5329102511024,"yearn":42.48555}