{"stakedao":42.701231335671864,"convex":13.2648300725328,"yearn":17.36604}