{"stakedao":52.03490170308331,"convex":14.775672484382401,"yearn":30.95609}