{"stakedao":53.076531923543826,"convex":14.1417401769648,"yearn":22.53947}