{"stakedao":68.83099266734042,"convex":23.521978323979198,"yearn":36.18087}