{"stakedao":46.38703154327419,"convex":20.0400921811584,"yearn":43.47107}