{"stakedao":39.653689720071434,"convex":15.6050913248928,"yearn":35.66897}