{"stakedao":43.29293128678567,"convex":25.1326892812176,"yearn":28.51676}