{"stakedao":40.791191171632796,"convex":17.156279400336,"yearn":30.76601}