{"stakedao":34.12526495082819,"convex":16.3668592391184,"yearn":26.60723}