{"stakedao":43.341773428053614,"convex":23.6612935362096,"yearn":31.07874}