{"stakedao":40.02598702463605,"convex":16.434703096344,"yearn":19.45052}