{"stakedao":41.18051721704105,"convex":21.7290190535712,"yearn":27.46526}