{"stakedao":41.441214809735754,"convex":18.0721971463392,"yearn":31.53679}