{"stakedao":46.545759941392554,"convex":20.279519677368,"yearn":41.32098}