{"stakedao":52.21685581256274,"convex":14.7642299274528,"yearn":30.95609}