{"stakedao":37.707294146997576,"convex":14.162479540387201,"yearn":26.10909}