{"stakedao":41.42147331179898,"convex":13.269034855713599,"yearn":15.05502}