{"stakedao":40.36229715579567,"convex":18.8961788367072,"yearn":27.53743}