{"stakedao":37.511174890356024,"convex":15.365789209512002,"yearn":26.42021}