{"stakedao":46.09884220788558,"convex":28.378956454862397,"yearn":29.19243}