{"stakedao":44.31310274332772,"convex":23.3013723325056,"yearn":31.69993}