{"stakedao":45.094811725251525,"convex":20.4578350192944,"yearn":47.01136}