{"stakedao":53.965063073244295,"convex":14.185856398248001,"yearn":23.05785}