{"stakedao":42.34011385096408,"convex":12.129555359332798,"yearn":21.86}