{"stakedao":45.6243884181943,"convex":20.5706338008768,"yearn":45.8182}