{"stakedao":28.92065930546426,"convex":15.7285311318144,"yearn":23.7548}