{"stakedao":41.65277556963759,"convex":13.8545202669552,"yearn":15.43413}