{"stakedao":57.07464114574824,"convex":11.6351395489728,"yearn":14.55763}