{"stakedao":53.782738760830384,"convex":13.8505111173504,"yearn":19.3501}