{"stakedao":40.285409626122,"convex":16.1663233225392,"yearn":35.20502}