{"stakedao":43.47390495323562,"convex":28.563302832883203,"yearn":26.81807}