{"stakedao":40.301397037858116,"convex":16.241616288863998,"yearn":34.65659}