{"stakedao":44.40372306195442,"convex":22.6769159402928,"yearn":31.95945}