{"stakedao":48.002834480700194,"convex":10.9884036602448,"yearn":35.825}