{"stakedao":40.79365566793462,"convex":17.203664173492797,"yearn":31.47977}