{"stakedao":48.31854533874167,"convex":10.9951590372624,"yearn":36.09649}