{"stakedao":53.74934624144222,"convex":13.808060012635202,"yearn":19.3501}