{"stakedao":40.6715274966576,"convex":19.1073188278944,"yearn":28.76108}