{"stakedao":40.581282427247075,"convex":17.0599998125808,"yearn":30.49683}