{"stakedao":40.78962689497273,"convex":19.9824280059744,"yearn":29.28887}