{"stakedao":49.49848694991184,"convex":22.3315221608064,"yearn":38.73695}