{"stakedao":51.35615501478154,"convex":13.928600730844801,"yearn":27.9006}