{"stakedao":52.79129315064047,"convex":11.2804207256592,"yearn":16.99305}