{"stakedao":44.283262341195446,"convex":22.611694033411197,"yearn":30.35982}