{"stakedao":41.2041407057982,"convex":17.1925351254,"yearn":29.88061}