{"stakedao":41.34519020802813,"convex":14.743872953798402,"yearn":20.89596}