{"stakedao":42.59979307875756,"convex":24.8854869500256,"yearn":27.31335}