{"stakedao":45.52068784121912,"convex":10.707873913958402,"yearn":27.58536}