{"stakedao":51.20026075422679,"convex":25.249948735392,"yearn":30.75434}