{"stakedao":43.71517095124769,"convex":12.0748324774896,"yearn":23.09618}