{"stakedao":28.982521173601405,"convex":15.778884820694397,"yearn":24.41463}