{"stakedao":40.613721569867295,"convex":17.193509458502398,"yearn":30.78031}