{"stakedao":48.173788033034924,"convex":21.127387875739203,"yearn":42.19701}