{"stakedao":40.125282278831975,"convex":13.1488666060464,"yearn":17.67366}