{"stakedao":53.43566690616957,"convex":25.574242010644802,"yearn":33.77468}