{"stakedao":40.6304048820675,"convex":13.1796717844752,"yearn":18.17398}