{"stakedao":40.55506325883555,"convex":18.878047664472,"yearn":29.24838}