{"stakedao":53.1208526029002,"convex":27.998037497520002,"yearn":31.02244}