{"stakedao":40.86019842679867,"convex":17.2150965600624,"yearn":31.75099}