{"stakedao":39.01777842302412,"convex":17.665240859568,"yearn":29.43448}