{"stakedao":45.87985460088582,"convex":20.5239672727344,"yearn":45.02941}