{"stakedao":44.28896109418994,"convex":23.2250471266752,"yearn":35.89953}