{"stakedao":43.93418283176756,"convex":27.4771639166256,"yearn":26.57707}