{"stakedao":43.1115442959438,"convex":15.802684472246401,"yearn":16.8176}