{"stakedao":37.61906094376213,"convex":14.1228080565552,"yearn":26.67666}