{"stakedao":53.385759680296715,"convex":25.6255000195536,"yearn":33.4832}