{"stakedao":51.752335577221984,"convex":25.856486993664,"yearn":34.53536}