{"stakedao":42.65027223189794,"convex":24.9295797715968,"yearn":26.63618}