{"stakedao":49.40530476301059,"convex":16.8091300905696,"yearn":19.9304}