{"stakedao":47.49353559683734,"convex":22.826289922387197,"yearn":37.86168}