{"stakedao":53.27925787370519,"convex":14.1527692086336,"yearn":22.64676}