{"stakedao":45.55683655562076,"convex":13.2217036496064,"yearn":24.75255}