{"stakedao":42.705918818107946,"convex":24.9105940242192,"yearn":29.02844}