{"stakedao":39.25216424189516,"convex":16.2792219786336,"yearn":27.95499}