{"stakedao":53.18997315167942,"convex":28.099600535260798,"yearn":30.17365}