{"stakedao":40.81608854774456,"convex":13.1747951173536,"yearn":18.88536}