{"stakedao":40.71026412174424,"convex":18.877231601092802,"yearn":29.24838}