{"stakedao":46.82397034103509,"convex":31.395889903968005,"yearn":27.75414}