{"stakedao":44.459501815410555,"convex":10.6216013517984,"yearn":26.05687}