{"stakedao":53.85201580843758,"convex":9.760630364855999,"yearn":19.70193}