{"stakedao":43.59792922575215,"convex":26.819425398168,"yearn":26.98885}