{"stakedao":61.36040770395743,"convex":18.9582326464896,"yearn":47.78927}