{"stakedao":49.456692069039796,"convex":22.3189745004432,"yearn":41.30216}