{"stakedao":51.438661161541916,"convex":14.727661119287998,"yearn":17.93551}