{"stakedao":39.37659360704348,"convex":15.719531687726402,"yearn":26.79239}