{"stakedao":37.58248472419144,"convex":14.086867836556802,"yearn":26.71428}