{"stakedao":39.07691283472992,"convex":16.322491483545598,"yearn":27.95499}