{"stakedao":53.56204401873919,"convex":14.6176227626256,"yearn":21.96737}