{"stakedao":54.49264464872678,"convex":10.5786201584592,"yearn":16.5655}