{"stakedao":77.11514167944708,"convex":24.616758189384,"yearn":41.47713}