{"stakedao":43.8414234601724,"convex":27.4332828025296,"yearn":26.36045}