{"stakedao":40.93526450190314,"convex":17.239877807457603,"yearn":32.11188}