{"stakedao":57.38612593854987,"convex":31.151277961891203,"yearn":42.6669}