{"stakedao":43.47848095993102,"convex":19.542574887192,"yearn":44.20025}