{"stakedao":52.71690972377253,"convex":15.762029740084799,"yearn":23.44532}