{"stakedao":46.33896981940204,"convex":28.3464196535952,"yearn":30.53091}