{"stakedao":39.37876652692089,"convex":15.7363306405632,"yearn":25.02911}