{"stakedao":52.33149649073871,"convex":24.3273099235392,"yearn":0}