{"stakedao":63.545909698882305,"convex":19.1240997106032,"yearn":46.115}