{"stakedao":40.95990135235433,"convex":13.2256789295472,"yearn":15.9539}