{"stakedao":41.111910796279155,"convex":21.511335436992,"yearn":26.82956}