{"stakedao":48.47105322044271,"convex":29.3355987095808,"yearn":36.2484}