{"stakedao":64.27651579519019,"convex":20.2452254883504,"yearn":46.4643}