{"stakedao":54.187122467141016,"convex":11.733494126687999,"yearn":27.71632}