{"stakedao":44.243189157040796,"convex":23.8669272724176,"yearn":34.49014}