{"stakedao":41.37348105676816,"convex":17.5443303722976,"yearn":33.4048}