{"stakedao":41.68360668843721,"convex":21.541549592937603,"yearn":25.99793}