{"stakedao":43.36257631150703,"convex":19.5565119574896,"yearn":43.10915}