{"stakedao":51.61752607527341,"convex":12.1904584993152,"yearn":25.5698}