{"stakedao":40.9663634456608,"convex":19.836837728928,"yearn":27.01038}