{"stakedao":63.94170429173939,"convex":20.2885239275424,"yearn":37.94986}