{"stakedao":45.385518340611675,"convex":20.4706606253472,"yearn":48.85142}