{"stakedao":44.336062136192396,"convex":23.2338769859232,"yearn":35.53316}