{"stakedao":73.19761361722334,"convex":20.3305302737424,"yearn":32.51147}