{"stakedao":54.684170708845336,"convex":10.4929878559392,"yearn":16.41629}