{"stakedao":54.36594642251244,"convex":10.4923904694912,"yearn":16.15319}