{"stakedao":37.434097528239164,"convex":15.415004351030401,"yearn":29.19333}