{"stakedao":44.71481360899833,"convex":22.120932740875197,"yearn":47.21755}