{"stakedao":39.7192018135225,"convex":15.605164955145598,"yearn":35.14614}