{"stakedao":45.506994524186446,"convex":10.616472860256,"yearn":24.85996}