{"stakedao":65.0194154402705,"convex":19.0170775673568,"yearn":41.94741}