{"stakedao":48.97119931255683,"convex":29.127201013267204,"yearn":34.85873}