{"stakedao":49.39502101854379,"convex":22.7618012968848,"yearn":34.56538}