{"stakedao":42.186733691113645,"convex":22.8106114562448,"yearn":29.43448}