{"stakedao":51.39993775747893,"convex":9.564079958496,"yearn":18.58741}