{"stakedao":44.69361485109532,"convex":22.6623451856112,"yearn":47.08659}