{"stakedao":43.29196757280174,"convex":19.5330010274784,"yearn":42.15012}