{"stakedao":56.75562421693733,"convex":11.602153630915199,"yearn":14.22352}