{"stakedao":42.136391982235814,"convex":16.4388035615904,"yearn":19.0112}