{"stakedao":48.27569170323909,"convex":29.219852463062402,"yearn":36.85089}