{"stakedao":49.2173851048549,"convex":22.4937854895168,"yearn":34.56538}