{"stakedao":41.25761094413149,"convex":21.5168014078848,"yearn":25.71019}