{"stakedao":45.66933180928881,"convex":22.0406556831984,"yearn":42.19227}