{"stakedao":41.655367200292815,"convex":15.3413864445744,"yearn":14.94948}