{"stakedao":43.24846673609814,"convex":23.7292056972576,"yearn":30.69943}