{"stakedao":45.639365590968495,"convex":10.618103211537601,"yearn":25.16257}