{"stakedao":54.95492772982271,"convex":12.283292848449598,"yearn":25.12508}