{"stakedao":56.49406407473415,"convex":11.3852526369408,"yearn":14.53729}