{"stakedao":40.529293793620845,"convex":16.2404246128032,"yearn":34.58845}