{"stakedao":43.091441325882535,"convex":22.1814617535216,"yearn":28.1515}