{"stakedao":44.49317367520686,"convex":22.658669510284803,"yearn":49.88307}