{"stakedao":40.58941879826459,"convex":17.2170319496112,"yearn":31.75256}