{"stakedao":56.39113511682605,"convex":11.3853647758032,"yearn":14.51414}