{"stakedao":46.23587080694045,"convex":11.3798492145504,"yearn":31.82989}