{"stakedao":45.8222403945237,"convex":10.723839928502402,"yearn":26.84933}