{"stakedao":55.19491272630586,"convex":11.405966449895999,"yearn":14.68772}