{"stakedao":58.505602580776,"convex":17.175304674936,"yearn":35.8699}