{"stakedao":44.865753028393115,"convex":9.0129401809488,"yearn":26.12301}