{"stakedao":54.62383697777013,"convex":10.341083194991999,"yearn":15.8203}