{"stakedao":53.02889540772077,"convex":28.010543397912002,"yearn":30.48555}