{"stakedao":46.285580012981384,"convex":28.342020580272,"yearn":31.70855}