{"stakedao":57.60731080355382,"convex":12.0610435191696,"yearn":13.76038}