{"stakedao":52.656950885343335,"convex":13.705310473891203,"yearn":19.88076}