{"stakedao":44.89174771017741,"convex":22.7004441678,"yearn":47.7863}