{"stakedao":55.61988975936658,"convex":10.5292593647712,"yearn":16.5157}