{"stakedao":49.027927008657244,"convex":22.4605092668112,"yearn":34.56538}