{"stakedao":54.244039257301445,"convex":15.9168696016176,"yearn":23.38472}