{"stakedao":50.61996779959661,"convex":9.5718458845584,"yearn":17.77646}