{"stakedao":28.971520398323776,"convex":15.778432411545602,"yearn":24.09579}