{"stakedao":42.49813033568209,"convex":13.699212035904,"yearn":16.4676}