{"stakedao":43.194286865630446,"convex":21.0420733677984,"yearn":29.68028}