{"stakedao":37.34552249577298,"convex":15.4073583469152,"yearn":28.32431}