{"stakedao":41.05974047808736,"convex":14.805737481355198,"yearn":20.96223}