{"stakedao":49.3538065578808,"convex":21.7890589523184,"yearn":38.63608}