{"stakedao":46.38741715631136,"convex":21.5739209405808,"yearn":42.19701}