{"stakedao":71.35085942458086,"convex":21.2041131819552,"yearn":31.69428}