{"stakedao":40.84259903331076,"convex":19.094488538745598,"yearn":28.76108}