{"stakedao":77.82045549576968,"convex":24.650935707816,"yearn":41.01651}