{"stakedao":43.13548649375385,"convex":14.8149671540112,"yearn":18.96904}