{"stakedao":53.70335238027454,"convex":15.776416047009597,"yearn":23.86516}