{"stakedao":51.62851743566733,"convex":25.3190442469968,"yearn":30.7244}