{"stakedao":70.97452127437589,"convex":20.287406389463996,"yearn":30.90979}