{"stakedao":42.07144995535052,"convex":16.4388965581008,"yearn":19.00765}