{"stakedao":61.891802491732484,"convex":19.758367797580803,"yearn":41.03387}