{"stakedao":50.65975779778484,"convex":12.174329276510399,"yearn":25.34435}