{"stakedao":53.76022544370802,"convex":13.851213644822401,"yearn":19.3501}