{"stakedao":51.41945955511166,"convex":13.8909706069824,"yearn":26.87601}