{"stakedao":49.00125367460544,"convex":29.322146353910398,"yearn":33.8976}