{"stakedao":45.61265540710108,"convex":22.0406556831984,"yearn":42.19227}