{"stakedao":40.58159050198289,"convex":13.206953401473601,"yearn":18.24136}