{"stakedao":54.85328364831159,"convex":10.6445879390448,"yearn":14.97578}