{"stakedao":47.200589533108,"convex":26.0299250818992,"yearn":27.55704}