{"stakedao":73.78767857707862,"convex":24.540396442790403,"yearn":42.53465}