{"stakedao":39.173754519006124,"convex":16.3801265541552,"yearn":27.95499}