{"stakedao":52.56988608586558,"convex":16.974226487376,"yearn":38.23033}