{"stakedao":43.25653770991742,"convex":25.1278712805168,"yearn":28.82311}