{"stakedao":48.80944466550733,"convex":21.832349387673602,"yearn":39.02482}