{"stakedao":58.48002933506557,"convex":24.3465414971904,"yearn":38.03918}