{"stakedao":42.619601445364246,"convex":12.0715898608224,"yearn":21.95278}