{"stakedao":28.944469186875892,"convex":15.7473053861616,"yearn":23.9791}