{"stakedao":45.543759710823295,"convex":20.949790756752,"yearn":43.56309}