{"stakedao":47.32114537472859,"convex":19.8077675382288,"yearn":26.73835}