{"stakedao":51.96117439687091,"convex":17.179196050195202,"yearn":37.53604}