{"stakedao":57.902131111952954,"convex":12.1959268070256,"yearn":14.86222}