{"stakedao":52.452005457218036,"convex":14.6460414006432,"yearn":30.95609}