{"stakedao":55.42404450687364,"convex":10.443547235174401,"yearn":14.03858}