{"stakedao":42.63827672917131,"convex":13.2650967850992,"yearn":17.3315}