{"stakedao":66.46670146465749,"convex":20.1408299249328,"yearn":31.68482}