{"stakedao":54.44071758414917,"convex":10.618385439816,"yearn":15.28567}