{"stakedao":49.25304207679457,"convex":22.7376070195968,"yearn":34.56538}