{"stakedao":47.27108913201842,"convex":13.233808746360001,"yearn":24.37557}