{"stakedao":41.26060631175767,"convex":22.100643635846403,"yearn":26.06025}