{"stakedao":77.29512154893948,"convex":24.7263296776416,"yearn":41.29313}