{"stakedao":41.48226068431029,"convex":13.2290209161504,"yearn":16.22155}