{"stakedao":45.304574736282405,"convex":13.217493615681601,"yearn":25.23651}