{"stakedao":38.76998456067276,"convex":16.3891434723408,"yearn":27.95499}