{"stakedao":54.92225534305635,"convex":10.5819996003696,"yearn":16.91716}