{"stakedao":37.670727786343214,"convex":14.1621529441104,"yearn":26.15739}