{"stakedao":45.429919997410586,"convex":20.5313053057344,"yearn":44.06762}