{"stakedao":42.522550021466316,"convex":12.381875254843198,"yearn":20.72892}