{"stakedao":38.865832531926095,"convex":16.372416169296,"yearn":27.95499}