{"stakedao":42.051347581674904,"convex":15.345073353024002,"yearn":14.94948}