{"stakedao":38.86829528343475,"convex":17.670244928975997,"yearn":29.43448}