{"stakedao":45.95437522790738,"convex":10.6182475738848,"yearn":25.49892}