{"stakedao":41.357057645786085,"convex":17.5305259487232,"yearn":33.90257}