{"stakedao":62.65921591656707,"convex":19.725528380011202,"yearn":41.91583}