{"stakedao":43.33659704688709,"convex":26.5449603904992,"yearn":25.99913}