{"stakedao":42.19955713081588,"convex":22.8124265075712,"yearn":29.43448}