{"stakedao":41.06460558517265,"convex":20.909030744808,"yearn":25.30481}