{"stakedao":55.81563841393655,"convex":11.387022569712,"yearn":14.60691}