{"stakedao":41.40233490769812,"convex":20.758912888392,"yearn":27.8876}