{"stakedao":76.96667461827658,"convex":24.609302810928,"yearn":41.56975}