{"stakedao":49.1668208840088,"convex":29.3177009825856,"yearn":34.2138}