{"stakedao":44.68569872865942,"convex":9.2456884532736,"yearn":26.46296}