{"stakedao":39.16419914817502,"convex":16.3897969644864,"yearn":27.53514}