{"stakedao":58.25684652709373,"convex":24.3111112868448,"yearn":39.97731}