{"stakedao":72.80178485095507,"convex":20.3443627012848,"yearn":32.51147}