{"stakedao":55.798344021041416,"convex":12.1248133824672,"yearn":15.57712}