{"stakedao":42.30683992548377,"convex":12.129555359332798,"yearn":21.86}