{"stakedao":51.61403999087166,"convex":25.2301136352336,"yearn":30.42875}