{"stakedao":54.61293055782512,"convex":12.2668970676048,"yearn":26.4901}