{"stakedao":48.4742270579122,"convex":31.335874284787202,"yearn":27.06709}