{"stakedao":45.67768259615127,"convex":21.617612665228805,"yearn":42.81794}