{"stakedao":47.81925409589172,"convex":21.1225639904208,"yearn":42.19701}