{"stakedao":43.61185794533991,"convex":12.3448151788704,"yearn":19.17771}