{"stakedao":41.38011985517796,"convex":17.52990204996,"yearn":33.63448}