{"stakedao":54.09924446274549,"convex":11.4047723203344,"yearn":16.40317}