{"stakedao":51.8441237106511,"convex":13.7244886791696,"yearn":18.83071}