{"stakedao":65.51419358657711,"convex":18.5834774539584,"yearn":42.15209}