{"stakedao":42.4144968985691,"convex":21.5362302928272,"yearn":26.46352}