{"stakedao":75.45703629129173,"convex":24.582385778472,"yearn":41.67961}