{"stakedao":54.03861054587885,"convex":11.4047723203344,"yearn":16.45042}