{"stakedao":54.61596981639599,"convex":26.8130616825024,"yearn":29.30249}