{"stakedao":65.42441083050453,"convex":18.677315786342398,"yearn":32.64933}