{"stakedao":66.95261728094357,"convex":19.6085834785152,"yearn":40.68387}