{"stakedao":42.37188577552863,"convex":12.38166991764,"yearn":20.72892}