{"stakedao":49.157387114090156,"convex":17.475234154286397,"yearn":17.75833}