{"stakedao":52.27158504198181,"convex":25.2161839475136,"yearn":42.19701}