{"stakedao":64.67114825290548,"convex":20.4240453873552,"yearn":37.94986}