{"stakedao":53.113519289348346,"convex":9.590165348788801,"yearn":19.31839}