{"stakedao":42.418359133702396,"convex":23.04288089856,"yearn":29.43448}