{"stakedao":40.61100044417943,"convex":19.143232472505602,"yearn":29.50742}