{"stakedao":52.36304273370036,"convex":17.592618623472,"yearn":18.37349}