{"stakedao":38.82334133954738,"convex":16.407125693740802,"yearn":27.95499}