{"stakedao":51.86868172478543,"convex":14.9803428210192,"yearn":25.64803}