{"stakedao":62.42266826753454,"convex":20.2764844130544,"yearn":44.05977}