{"stakedao":44.12959758944857,"convex":23.771661475608,"yearn":33.8131}