{"stakedao":45.88711696510077,"convex":8.9904377312208,"yearn":28.47711}