{"stakedao":47.28930290407241,"convex":13.232052159624,"yearn":26.66259}