{"stakedao":48.35581046987553,"convex":28.010783147198396,"yearn":27.06173}