{"stakedao":49.233701343208445,"convex":22.7276906158512,"yearn":34.56538}