{"stakedao":48.18443786542411,"convex":14.309762827593598,"yearn":17.47551}