{"stakedao":38.99828706014494,"convex":18.0370219833936,"yearn":29.43448}