{"stakedao":43.93830827336453,"convex":13.9145397839856,"yearn":19.29035}