{"stakedao":43.79867264294661,"convex":12.341226874032,"yearn":19.17771}