{"stakedao":40.79600477796892,"convex":13.264121764512002,"yearn":15.49553}