{"stakedao":46.76657925322076,"convex":31.916546145057602,"yearn":27.62151}