{"stakedao":46.45446290601343,"convex":12.196664560209598,"yearn":25.17335}