{"stakedao":41.53548475355015,"convex":20.758912888392,"yearn":27.8876}