{"stakedao":42.29274475833205,"convex":12.1274808045696,"yearn":21.76753}