{"stakedao":53.797674511440604,"convex":15.943801897497599,"yearn":23.6177}