{"stakedao":44.06795241413138,"convex":22.4968963550832,"yearn":31.6969}