{"stakedao":39.54144227143861,"convex":15.701019727752,"yearn":32.58505}