{"stakedao":56.58972482660873,"convex":30.9737365449408,"yearn":44.25146}