{"stakedao":44.584779114381085,"convex":22.102912796112,"yearn":45.01893}