{"stakedao":55.381232771373675,"convex":12.114009284471999,"yearn":17.18868}