{"stakedao":42.2137603580189,"convex":13.262820872976,"yearn":17.93623}