{"stakedao":64.83126863718672,"convex":18.2137820107968,"yearn":31.87698}