{"stakedao":55.959878117416245,"convex":12.217214073758399,"yearn":17.44681}