{"stakedao":41.14470546312291,"convex":13.227327742003201,"yearn":16.04098}