{"stakedao":41.143737080779246,"convex":21.517570633996797,"yearn":25.82631}