{"stakedao":40.97910073682141,"convex":14.2784961450336,"yearn":17.5754}