{"stakedao":64.28892108746935,"convex":18.547831732896,"yearn":30.01492}