{"stakedao":81.25368340150732,"convex":25.0779553743888,"yearn":41.79295}