{"stakedao":55.898311387370526,"convex":10.533436282742398,"yearn":16.2479}