{"stakedao":42.57051257199183,"convex":15.8956986838032,"yearn":16.51586}