{"stakedao":63.16533542951093,"convex":19.2766691725056,"yearn":47.25595}