{"stakedao":45.22227834929327,"convex":20.465097097838402,"yearn":48.0363}