{"stakedao":48.31669982034376,"convex":28.006668522288,"yearn":27.17378}