{"stakedao":47.82973751707981,"convex":11.003523081408002,"yearn":34.7378}