{"stakedao":52.19529455392451,"convex":10.9889822386224,"yearn":17.06274}