{"stakedao":40.67794999328403,"convex":16.689144103214403,"yearn":34.69908}