{"stakedao":41.94906767779381,"convex":17.5367596446144,"yearn":33.51495}