{"stakedao":57.833023101209804,"convex":31.115513160892796,"yearn":47.97229}