{"stakedao":64.62120362532895,"convex":19.016194013784,"yearn":42.00947}