{"stakedao":42.39059583636961,"convex":22.3424785839888,"yearn":25.94319}