{"stakedao":41.47672059554178,"convex":18.1528334242848,"yearn":31.73924}