{"stakedao":58.043534511518146,"convex":17.001973452744,"yearn":36.80016}