{"stakedao":40.4594801890857,"convex":16.2308046001536,"yearn":34.47413}