{"stakedao":40.50746556866241,"convex":18.878047664472,"yearn":29.24838}