{"stakedao":54.217471231579935,"convex":11.7948640562352,"yearn":18.21527}