{"stakedao":41.91396904662274,"convex":17.4976683758784,"yearn":33.7075}