{"stakedao":45.05984022881417,"convex":23.258104038576,"yearn":32.16459}