{"stakedao":43.929505437615006,"convex":23.3083244973168,"yearn":31.97545}