{"stakedao":42.52782875413454,"convex":15.2768792002176,"yearn":18.4423}