{"stakedao":42.38553648401532,"convex":16.4406396316608,"yearn":17.77981}