{"stakedao":50.51447082722026,"convex":13.492052118129598,"yearn":17.6968}