{"stakedao":48.14899607369995,"convex":10.8531366612624,"yearn":30.05998}