{"stakedao":52.36065347260218,"convex":9.636469206624001,"yearn":19.03438}