{"stakedao":38.636190282432786,"convex":16.4776671971712,"yearn":29.43448}