{"stakedao":38.76931171989622,"convex":16.4364103670832,"yearn":29.43448}