{"stakedao":37.58163722785795,"convex":15.3346855775328,"yearn":27.42516}