{"stakedao":42.83676913632499,"convex":22.8072325252176,"yearn":29.43448}