{"stakedao":65.64613721262606,"convex":19.0786991194944,"yearn":32.46626}