{"stakedao":37.58202361888822,"convex":14.0885096164848,"yearn":26.20015}