{"stakedao":42.61540914646077,"convex":21.088381016260797,"yearn":32.98287}