{"stakedao":40.39059921074468,"convex":13.152238564464,"yearn":19.04713}