{"stakedao":55.87443829341883,"convex":12.1236368909904,"yearn":15.84199}