{"stakedao":51.75902370464546,"convex":13.8912402050928,"yearn":26.87601}