{"stakedao":55.93304541814874,"convex":10.427552778312,"yearn":15.84683}