{"stakedao":46.62125155425413,"convex":21.57574678668,"yearn":42.19701}