{"stakedao":40.75189737745449,"convex":19.117580251248,"yearn":28.76108}