{"stakedao":28.867052459522696,"convex":15.7345018206192,"yearn":24.22766}