{"stakedao":51.64449217658165,"convex":9.583601300683199,"yearn":18.69254}