{"stakedao":54.37835916157192,"convex":11.3424914450448,"yearn":22.13758}