{"stakedao":49.835108681096564,"convex":9.0650231495424,"yearn":20.25703}