{"stakedao":57.94037200161464,"convex":24.344865283104,"yearn":38.77167}