{"stakedao":53.88864319503012,"convex":13.848515850398403,"yearn":18.98477}