{"stakedao":42.25446598981114,"convex":15.2768158443936,"yearn":19.37969}