{"stakedao":45.38239857754687,"convex":22.07721641184,"yearn":40.5076}