{"stakedao":48.353357300832656,"convex":17.3998845366912,"yearn":19.01021}