{"stakedao":47.66010361829912,"convex":22.821190762478402,"yearn":38.21757}