{"stakedao":43.18483907598235,"convex":25.4123313017184,"yearn":30.28962}