{"stakedao":44.47761743983718,"convex":22.6574035700976,"yearn":50.23213}