{"stakedao":44.03757864631504,"convex":22.4973129172608,"yearn":31.41562}