{"stakedao":46.753473289746154,"convex":10.164306879244801,"yearn":19.41303}