{"stakedao":55.685879854996315,"convex":11.3498377278624,"yearn":22.67426}