{"stakedao":46.2184919401697,"convex":8.9904758456304,"yearn":28.41328}