{"stakedao":61.42088453047511,"convex":18.958194355478398,"yearn":47.78927}