{"stakedao":40.80225215267333,"convex":17.236221615071997,"yearn":31.3467}