{"stakedao":55.60063562796786,"convex":11.3498377278624,"yearn":22.67426}