{"stakedao":61.79077442872386,"convex":19.758150631223998,"yearn":41.24927}