{"stakedao":48.380854476572715,"convex":28.0192620423024,"yearn":27.06173}