{"stakedao":61.941732763327344,"convex":19.0084154007888,"yearn":49.05331}