{"stakedao":41.85972380529578,"convex":20.690938018007998,"yearn":25.36286}