{"stakedao":48.08539615249071,"convex":12.7004037839856,"yearn":23.07575}