{"stakedao":39.05774426274289,"convex":16.2983634791616,"yearn":27.95499}