{"stakedao":50.10172946318009,"convex":17.441716845168,"yearn":19.44625}