{"stakedao":49.17681430561366,"convex":10.7484002378352,"yearn":36.79165}