{"stakedao":64.42552631006279,"convex":17.3369467381392,"yearn":32.68352}