{"stakedao":54.50612473245472,"convex":11.3442593973552,"yearn":22.08353}