{"stakedao":41.351686789809904,"convex":14.7462962872608,"yearn":21.12675}