{"stakedao":48.78057046852953,"convex":22.9432352180832,"yearn":29.97243}