{"stakedao":39.699085694286865,"convex":15.668585115739202,"yearn":36.15597}