{"stakedao":37.59106901932349,"convex":24.3094732060896,"yearn":29.76364}