{"stakedao":44.13826547841234,"convex":22.498680400214397,"yearn":32.03445}