{"stakedao":62.38668730353476,"convex":19.133714415744,"yearn":50.39526}