{"stakedao":41.57438933643587,"convex":18.0764067356064,"yearn":32.24646}