{"stakedao":55.39470308492643,"convex":12.1882162014144,"yearn":25.71836}