{"stakedao":49.77233348080345,"convex":31.2196215322656,"yearn":26.82788}