{"stakedao":38.94874369688381,"convex":15.9687993399408,"yearn":27.8517}