{"stakedao":50.754643207034505,"convex":25.117550105904,"yearn":34.78808}