{"stakedao":49.266987169486725,"convex":17.5228241700384,"yearn":18.22151}