{"stakedao":40.644172910303936,"convex":19.096791316387197,"yearn":29.20827}