{"stakedao":45.9241681580138,"convex":21.6469772350272,"yearn":42.19701}