{"stakedao":46.37360589853772,"convex":22.1901253108272,"yearn":40.54853}