{"stakedao":40.96981324183082,"convex":14.180058044222399,"yearn":17.5417}