{"stakedao":42.479025598008974,"convex":14.217723207734402,"yearn":17.34194}