{"stakedao":53.66841756114268,"convex":11.4053725103328,"yearn":16.61477}