{"stakedao":43.12644225296073,"convex":25.47086497488,"yearn":30.76592}