{"stakedao":44.5716293170828,"convex":10.623146224752002,"yearn":25.34868}