{"stakedao":42.34018086283794,"convex":13.7225049323184,"yearn":17.83539}