{"stakedao":75.14927770967671,"convex":24.577531927646397,"yearn":41.67961}