{"stakedao":42.57738412620304,"convex":13.1779518804144,"yearn":15.95773}