{"stakedao":45.089331934388085,"convex":10.6163501032224,"yearn":27.99075}