{"stakedao":39.005727760211784,"convex":16.0586097493392,"yearn":27.64107}