{"stakedao":57.722607291995665,"convex":24.3456000309072,"yearn":38.89444}