{"stakedao":41.710899770858646,"convex":21.5180097917184,"yearn":26.55338}