{"stakedao":55.46071611882408,"convex":11.313933641812799,"yearn":15.45494}