{"stakedao":46.46657040463391,"convex":28.3695158063664,"yearn":31.9412}