{"stakedao":54.30786958284567,"convex":11.342768804164798,"yearn":22.00219}