{"stakedao":44.07918294331313,"convex":19.5756616983744,"yearn":42.64017}