{"stakedao":42.32175195385442,"convex":24.7196310212736,"yearn":29.43448}