{"stakedao":64.60108507633431,"convex":18.9857158384464,"yearn":42.08833}