{"stakedao":53.342938537617684,"convex":25.499224801411202,"yearn":33.67724}