{"stakedao":54.10489331066281,"convex":14.1859124944848,"yearn":23.05785}