{"stakedao":47.48832839354009,"convex":10.1864979078192,"yearn":17.81989}