{"stakedao":53.66594004555025,"convex":13.848840828878402,"yearn":19.19981}