{"stakedao":46.177613665548954,"convex":28.3767828675984,"yearn":28.77556}