{"stakedao":67.48679731899838,"convex":21.208571908776,"yearn":31.68482}