{"stakedao":57.93518575936907,"convex":31.071943676087997,"yearn":48.19655}