{"stakedao":54.232606590632884,"convex":15.886394321284797,"yearn":23.48876}