{"stakedao":54.83204910060711,"convex":10.7608335265872,"yearn":16.02977}