{"stakedao":42.76437908250669,"convex":13.2052696155936,"yearn":16.23722}