{"stakedao":45.53063275905227,"convex":10.618195066444802,"yearn":25.33559}