{"stakedao":42.54527032861475,"convex":20.707309913486398,"yearn":32.4592}