{"stakedao":63.059503397488314,"convex":20.1916643517504,"yearn":45.07329}