{"stakedao":45.06739785821155,"convex":21.730515351624,"yearn":50.20835}