{"stakedao":39.02300698712672,"convex":16.0594489412208,"yearn":27.64107}