{"stakedao":45.88496590295095,"convex":21.812575145688,"yearn":43.34483}