{"stakedao":66.81602926539158,"convex":20.4572648925648,"yearn":42.87534}