{"stakedao":65.28791916097373,"convex":18.828898792704,"yearn":41.94741}