{"stakedao":51.75741135501339,"convex":12.0238374914352,"yearn":24.98475}