{"stakedao":42.364354149143765,"convex":14.2235807895216,"yearn":17.34194}