{"stakedao":40.63019802896587,"convex":17.153197860096,"yearn":30.78031}