{"stakedao":53.41838803790935,"convex":27.8172886517712,"yearn":28.52511}