{"stakedao":48.45846744710006,"convex":11.157759996696,"yearn":33.13978}