{"stakedao":52.931688860208155,"convex":11.2918711634352,"yearn":16.34077}