{"stakedao":42.26282813241795,"convex":14.188295912832,"yearn":17.37512}