{"stakedao":42.42640978338528,"convex":20.6639389541088,"yearn":30.87619}