{"stakedao":45.66265686841183,"convex":20.5197559962912,"yearn":45.44584}