{"stakedao":44.172599497092236,"convex":19.563147201268798,"yearn":43.76179}