{"stakedao":39.045737289361014,"convex":16.0502942422512,"yearn":27.64107}