{"stakedao":65.76469792864553,"convex":19.54234539972,"yearn":41.55229}