{"stakedao":45.211188952588955,"convex":22.0622781681504,"yearn":40.00364}