{"stakedao":39.49794223529307,"convex":15.726066126681598,"yearn":33.06788}