{"stakedao":46.90138474387396,"convex":32.3250826251024,"yearn":27.36656}