{"stakedao":45.4537873092991,"convex":20.4891639286896,"yearn":45.32076}