{"stakedao":54.6645411959373,"convex":10.4920983262944,"yearn":16.07742}