{"stakedao":37.573569138477104,"convex":15.354954133704002,"yearn":26.06825}