{"stakedao":51.464091176183274,"convex":25.4703830228064,"yearn":29.12513}