{"stakedao":49.07120005711004,"convex":29.1294200376,"yearn":34.50979}