{"stakedao":41.04708852078233,"convex":21.7067526192672,"yearn":26.46743}