{"stakedao":42.22315795747387,"convex":13.2626738710656,"yearn":18.05011}