{"stakedao":54.54176427123574,"convex":10.6048945376928,"yearn":15.1347}