{"stakedao":56.28714176179578,"convex":12.378741718046399,"yearn":14.14151}