{"stakedao":42.572695169659674,"convex":20.6862114559392,"yearn":29.5066}