{"stakedao":43.82768806938945,"convex":14.8006292390784,"yearn":18.58204}