{"stakedao":41.415147239267135,"convex":20.6986586678352,"yearn":29.46987}