{"stakedao":43.67528140457205,"convex":26.8323160314528,"yearn":26.24404}