{"stakedao":44.15343968413232,"convex":19.5752105979696,"yearn":42.66816}