{"stakedao":48.42801251909208,"convex":29.328404241067197,"yearn":36.37945}