{"stakedao":64.86677999303849,"convex":17.4851160355728,"yearn":31.87698}