{"stakedao":39.07371837458297,"convex":16.0606150037424,"yearn":27.64107}