{"stakedao":45.680926308094435,"convex":8.98042819536,"yearn":29.32494}