{"stakedao":45.42167478504675,"convex":20.4891639286896,"yearn":45.32076}