{"stakedao":46.32134272736635,"convex":20.072559092342402,"yearn":43.29219}