{"stakedao":41.75085271836819,"convex":20.6940529044144,"yearn":25.99395}