{"stakedao":54.66941798822684,"convex":10.618826893358401,"yearn":15.32234}