{"stakedao":45.18414540766783,"convex":14.0066812020528,"yearn":18.90121}