{"stakedao":73.49290214519246,"convex":20.316961581768002,"yearn":32.51147}