{"stakedao":41.340727925282266,"convex":20.997316618819198,"yearn":24.65439}