{"stakedao":39.372763304824076,"convex":15.741303388416,"yearn":25.17394}