{"stakedao":49.57255304746912,"convex":22.8949564781664,"yearn":32.5045}