{"stakedao":52.2048003811506,"convex":17.005227513825602,"yearn":36.80016}