{"stakedao":39.729048255184836,"convex":15.668585115739202,"yearn":36.11839}