{"stakedao":44.02705040706914,"convex":22.4971400842128,"yearn":31.13412}