{"stakedao":37.57743436390784,"convex":14.070275034552001,"yearn":25.91429}