{"stakedao":40.85730399014732,"convex":16.768284959808,"yearn":34.39872}