{"stakedao":45.931818220222596,"convex":8.994088590868799,"yearn":27.67106}