{"stakedao":39.57457736272922,"convex":15.417177348571201,"yearn":25.60773}