{"stakedao":38.934247893350786,"convex":16.303919523177598,"yearn":27.95499}