{"stakedao":42.682953014382235,"convex":16.4410897323744,"yearn":18.91484}