{"stakedao":62.35843352962331,"convex":20.2766236192656,"yearn":43.96643}