{"stakedao":42.76470337158796,"convex":13.2294022746912,"yearn":16.27574}