{"stakedao":43.21910809808641,"convex":19.5330010274784,"yearn":42.15012}