{"stakedao":58.15396228798755,"convex":12.075434953848,"yearn":14.32591}