{"stakedao":63.99492756221308,"convex":17.3336354928288,"yearn":33.75272}