{"stakedao":44.09361221869047,"convex":19.575647693236803,"yearn":42.60768}