{"stakedao":45.43465548900806,"convex":20.5747392298896,"yearn":48.92902}