{"stakedao":47.357559731395696,"convex":10.184610522369601,"yearn":17.98996}