{"stakedao":45.72331738620652,"convex":8.986198684176,"yearn":29.12742}