{"stakedao":46.312711305985914,"convex":21.573268848633603,"yearn":42.19701}