{"stakedao":42.73834162750076,"convex":24.9124700977056,"yearn":28.74757}