{"stakedao":41.41213565001478,"convex":14.8054251204288,"yearn":21.35053}