{"stakedao":42.752717706812376,"convex":13.6999004415552,"yearn":16.78478}