{"stakedao":52.678088103032955,"convex":11.2925842901568,"yearn":16.05709}