{"stakedao":42.50227415168411,"convex":23.0375833961328,"yearn":29.43448}