{"stakedao":49.34499661406166,"convex":22.8946162583376,"yearn":34.45727}