{"stakedao":42.59543043014665,"convex":20.7072585255744,"yearn":32.24813}