{"stakedao":40.07674013086756,"convex":16.4342190250512,"yearn":19.55213}