{"stakedao":46.904087033077914,"convex":12.194530109121601,"yearn":23.78283}