{"stakedao":46.38989472092243,"convex":10.627904423735998,"yearn":25.56616}