{"stakedao":52.51319816726623,"convex":17.5729390809408,"yearn":18.5252}