{"stakedao":54.745773727977785,"convex":10.4394303838224,"yearn":15.41416}