{"stakedao":42.49039630125189,"convex":21.134029713696,"yearn":29.30264}