{"stakedao":38.960413641294565,"convex":16.0905327559776,"yearn":27.64107}