{"stakedao":45.595964660003204,"convex":10.709506595750401,"yearn":27.1824}