{"stakedao":43.97579453930943,"convex":27.4702698379728,"yearn":26.49417}