{"stakedao":40.30449972887131,"convex":16.241616288863998,"yearn":34.62007}