{"stakedao":40.30273745377532,"convex":18.8739813306384,"yearn":29.24838}