{"stakedao":37.527885508317176,"convex":15.3351032686992,"yearn":27.57924}