{"stakedao":69.92390389258782,"convex":21.210379593292803,"yearn":32.7904}