{"stakedao":54.469409309468034,"convex":10.644140714414402,"yearn":15.06627}