{"stakedao":54.7595236849196,"convex":10.441707604689599,"yearn":16.15609}