{"stakedao":57.42597161011352,"convex":11.0323103626512,"yearn":16.60425}