{"stakedao":48.87311586540719,"convex":28.0105253214768,"yearn":27.02451}