{"stakedao":40.45803334622777,"convex":16.5412224579888,"yearn":33.79803}