{"stakedao":58.71267094916279,"convex":17.043874024046403,"yearn":35.79244}