{"stakedao":53.82785962926505,"convex":11.401150171060799,"yearn":16.39786}