{"stakedao":52.233849435831345,"convex":22.8617770205232,"yearn":42.19701}