{"stakedao":52.799319153798294,"convex":27.013043350727997,"yearn":28.29243}