{"stakedao":48.29335824693148,"convex":27.932190291676797,"yearn":27.20274}