{"stakedao":44.31122631501604,"convex":23.862393969263998,"yearn":33.96982}