{"stakedao":48.356871052783546,"convex":28.005170865033598,"yearn":27.36074}