{"stakedao":61.9555874498963,"convex":19.006839739238398,"yearn":49.05331}