{"stakedao":65.69988293853976,"convex":20.3682484965744,"yearn":42.42153}