{"stakedao":55.9711162688932,"convex":10.4269050225648,"yearn":15.86694}