{"stakedao":57.269681282560256,"convex":31.125094333804803,"yearn":47.581}