{"stakedao":43.486677289960184,"convex":14.1765851989872,"yearn":17.07076}