{"stakedao":52.38144344960241,"convex":14.6788847696736,"yearn":30.95609}