{"stakedao":45.731241062460896,"convex":8.9862402423168,"yearn":29.10565}