{"stakedao":39.6402298709394,"convex":15.6018946309488,"yearn":35.93113}