{"stakedao":44.199636012139905,"convex":23.7839259395376,"yearn":32.35802}