{"stakedao":54.43592045988396,"convex":11.3424914450448,"yearn":22.16479}