{"stakedao":41.54539742110799,"convex":18.0728095281552,"yearn":32.79326}