{"stakedao":55.79590772592954,"convex":12.2660705910384,"yearn":26.11519}