{"stakedao":49.759523390807075,"convex":31.171608451612798,"yearn":27.2053}