{"stakedao":65.93890576020543,"convex":20.3679168482304,"yearn":42.42153}