{"stakedao":38.57955109147932,"convex":16.422774093460802,"yearn":29.43448}