{"stakedao":41.60881705249258,"convex":15.032725097788802,"yearn":14.84093}