{"stakedao":51.68950825976754,"convex":22.9501368779904,"yearn":34.56538}