{"stakedao":49.20181687151524,"convex":22.499137375776,"yearn":34.56538}