{"stakedao":57.82629205581311,"convex":12.1959268070256,"yearn":14.86222}