{"stakedao":39.50726724824665,"convex":15.692651278027201,"yearn":33.21796}