{"stakedao":52.58680956572407,"convex":11.2925844509904,"yearn":16.11045}