{"stakedao":42.201210095170026,"convex":13.2626738710656,"yearn":18.1941}