{"stakedao":43.96721206166443,"convex":22.4973129172608,"yearn":31.47187}