{"stakedao":64.63551146622319,"convex":19.0252578669984,"yearn":41.94741}