{"stakedao":53.301528885056136,"convex":13.6319470944912,"yearn":33.1312}