{"stakedao":48.568889968385726,"convex":29.3398411341312,"yearn":36.77254}