{"stakedao":45.73203663171143,"convex":20.4875749652544,"yearn":46.10729}