{"stakedao":44.49242782667818,"convex":19.6416903655152,"yearn":43.26014}