{"stakedao":46.44632352620721,"convex":21.6089016588576,"yearn":42.19701}