{"stakedao":65.80291096011561,"convex":19.082811161606397,"yearn":32.46626}