{"stakedao":42.50111994740443,"convex":23.034905113032003,"yearn":29.43448}