{"stakedao":45.678824389562436,"convex":8.988755260391999,"yearn":29.24036}