{"stakedao":51.287794830462566,"convex":25.3809293990976,"yearn":29.90425}