{"stakedao":42.1365626001744,"convex":15.345060606172801,"yearn":14.94948}