{"stakedao":39.31077889495688,"convex":16.458155154950397,"yearn":26.44509}