{"stakedao":49.007624413396876,"convex":29.388614159851194,"yearn":35.50731}