{"stakedao":74.08856699666381,"convex":24.5402006294592,"yearn":42.61619}