{"stakedao":40.49508703488314,"convex":19.145584531454404,"yearn":28.47787}