{"stakedao":39.554187818073785,"convex":15.711040597651198,"yearn":32.41961}