{"stakedao":61.35038978235806,"convex":18.8450863255728,"yearn":48.36625}