{"stakedao":45.935796532585734,"convex":20.0727979428528,"yearn":43.2329}