{"stakedao":47.0208992921697,"convex":13.2603662810304,"yearn":25.65758}