{"stakedao":62.292989515726674,"convex":17.3731659949728,"yearn":34.80149}