{"stakedao":62.81964860995235,"convex":20.242872007128,"yearn":45.61308}