{"stakedao":39.52374701945901,"convex":15.7017421039824,"yearn":32.618}