{"stakedao":40.15915497263139,"convex":13.0377115722384,"yearn":19.28826}