{"stakedao":37.28417803711549,"convex":25.6774257717264,"yearn":29.48261}