{"stakedao":39.34444530808325,"convex":16.3816845650064,"yearn":27.95499}