{"stakedao":46.53916056950608,"convex":32.3845648412256,"yearn":27.09015}