{"stakedao":37.512111014734046,"convex":14.070445839835198,"yearn":25.55477}