{"stakedao":49.260256319297795,"convex":22.7366616302352,"yearn":34.56538}