{"stakedao":37.624730725281125,"convex":23.746947387278396,"yearn":30.36861}