{"stakedao":45.6512249780732,"convex":8.9887597006608,"yearn":29.12742}