{"stakedao":42.07099216135961,"convex":13.188708627105601,"yearn":17.31711}