{"stakedao":47.28534087528597,"convex":26.0293876422336,"yearn":27.60522}