{"stakedao":56.562211790514205,"convex":30.448492597944004,"yearn":41.57024}