{"stakedao":42.50103935970003,"convex":15.2839265091408,"yearn":19.80355}