{"stakedao":40.671739026610695,"convex":18.8756368728768,"yearn":29.24838}