{"stakedao":44.3408978834708,"convex":19.5852311935056,"yearn":41.05376}