{"stakedao":39.3754052143799,"convex":15.6983458817664,"yearn":25.39224}