{"stakedao":44.01960290568416,"convex":27.4780807564464,"yearn":25.83112}