{"stakedao":46.558222700638964,"convex":13.259594636107199,"yearn":26.44754}