{"stakedao":41.50172780138626,"convex":18.0719919100512,"yearn":32.46516}