{"stakedao":43.06715035156196,"convex":15.3133532647776,"yearn":14.71452}