{"stakedao":28.837352666715613,"convex":15.723715698143998,"yearn":24.15503}