{"stakedao":48.08509856026361,"convex":11.5408003618368,"yearn":33.52302}