{"stakedao":47.00373657626591,"convex":10.179174911184,"yearn":18.34132}