{"stakedao":46.844141578986395,"convex":32.391263907561594,"yearn":26.93841}