{"stakedao":44.895128103317674,"convex":20.4588569244528,"yearn":47.95101}