{"stakedao":46.38508157773402,"convex":12.2200365268368,"yearn":23.05993}