{"stakedao":43.43944023971186,"convex":12.346149940070399,"yearn":18.66985}