{"stakedao":47.11823908467409,"convex":14.319496991102397,"yearn":18.09478}