{"stakedao":43.581837937686714,"convex":14.8224152634192,"yearn":18.29612}