{"stakedao":63.988665839870286,"convex":17.333817925435202,"yearn":33.67015}