{"stakedao":45.717366021736,"convex":22.015470566865602,"yearn":41.78893}