{"stakedao":45.533183200165155,"convex":13.2217442364384,"yearn":24.75255}