{"stakedao":49.303641444872504,"convex":11.0790068689152,"yearn":37.71637}