{"stakedao":39.745341803523864,"convex":15.605602873502399,"yearn":34.25632}