{"stakedao":40.898442328962275,"convex":13.726549872129599,"yearn":16.46445}