{"stakedao":52.634552022598605,"convex":24.239142662731197,"yearn":37.72984}