{"stakedao":46.45777396169391,"convex":12.196311297091201,"yearn":23.15313}