{"stakedao":41.504011557443654,"convex":22.1108363769456,"yearn":25.7502}