{"stakedao":56.69922630038357,"convex":30.997577562264,"yearn":46.42375}