{"stakedao":47.40240380882272,"convex":10.188499718491201,"yearn":17.59308}