{"stakedao":46.29697739225179,"convex":12.2084186486688,"yearn":23.06613}