{"stakedao":44.39542151043695,"convex":14.3413835742864,"yearn":18.74818}