{"stakedao":43.69734110666997,"convex":14.786613622065598,"yearn":18.15976}