{"stakedao":39.146606327161535,"convex":16.367188083911998,"yearn":26.58268}