{"stakedao":44.80574907308862,"convex":23.2321733165952,"yearn":36.58427}