{"stakedao":72.25462508761834,"convex":20.3443627012848,"yearn":32.51147}