{"stakedao":43.07256731719322,"convex":25.4790668388384,"yearn":30.42954}