{"stakedao":40.23712485488556,"convex":13.156890461899202,"yearn":19.08316}