{"stakedao":48.05364580178556,"convex":22.9976725382928,"yearn":29.97243}