{"stakedao":44.20130631261185,"convex":19.576087642512,"yearn":42.7325}