{"stakedao":48.60849154186572,"convex":11.1514618696032,"yearn":32.42492}