{"stakedao":40.45920831664329,"convex":19.145242968192,"yearn":28.55881}