{"stakedao":51.646081037916645,"convex":24.3002561572944,"yearn":41.37606}