{"stakedao":53.174760209545056,"convex":27.995099455540796,"yearn":30.79864}