{"stakedao":46.40177459164808,"convex":12.1952345918256,"yearn":22.37229}