{"stakedao":41.8577162454254,"convex":20.6906931157392,"yearn":25.36286}