{"stakedao":39.33356726117874,"convex":16.89813939096,"yearn":26.38045}