{"stakedao":41.539084726575524,"convex":17.9687993378112,"yearn":33.1367}