{"stakedao":53.931514114025816,"convex":11.741982037934399,"yearn":16.84658}