{"stakedao":38.65170233467149,"convex":18.057435847992,"yearn":29.43448}