{"stakedao":52.630944636436254,"convex":24.2352153805824,"yearn":37.90095}