{"stakedao":50.34813445161113,"convex":22.3512868726128,"yearn":34.56538}