{"stakedao":56.23197602159797,"convex":12.378833342740798,"yearn":14.11754}