{"stakedao":47.440122370404325,"convex":22.9855827238848,"yearn":47.12654}