{"stakedao":53.91312699084423,"convex":10.7628952588128,"yearn":24.39246}