{"stakedao":44.272927040881335,"convex":14.0881684285008,"yearn":19.29035}