{"stakedao":47.27531900047277,"convex":13.2208754511744,"yearn":24.72048}