{"stakedao":49.33815411793766,"convex":22.9543733548512,"yearn":32.74845}