{"stakedao":51.235128065333086,"convex":25.775830245700803,"yearn":32.96049}