{"stakedao":46.743011273933206,"convex":10.068531987326402,"yearn":19.23866}