{"stakedao":40.55489760292136,"convex":20.2090093031232,"yearn":28.52965}