{"stakedao":62.65513751796202,"convex":20.2766236192656,"yearn":43.8301}