{"stakedao":58.70238000116145,"convex":17.074631545272002,"yearn":35.79244}