{"stakedao":45.934352351686954,"convex":8.990744232758399,"yearn":28.47711}