{"stakedao":40.839694907829085,"convex":20.914270520587202,"yearn":25.88868}