{"stakedao":39.37967501729075,"convex":16.478842651113602,"yearn":29.43448}