{"stakedao":53.97514112438468,"convex":11.840726898878401,"yearn":27.41337}