{"stakedao":45.47276985150087,"convex":10.617592419792,"yearn":26.41206}