{"stakedao":50.00276680518623,"convex":17.524137442607998,"yearn":18.31227}