{"stakedao":43.2229832905743,"convex":28.5801979642128,"yearn":27.60557}