{"stakedao":55.590218730042594,"convex":11.4075529503696,"yearn":15.53399}