{"stakedao":40.89582353133575,"convex":17.2473612624144,"yearn":32.47282}