{"stakedao":49.33702166266856,"convex":29.2447142124048,"yearn":33.8622}