{"stakedao":45.925836200236745,"convex":21.6438159402432,"yearn":42.19701}