{"stakedao":41.45021857546918,"convex":20.7002822641056,"yearn":25.67154}