{"stakedao":42.34069757299399,"convex":24.716964756542403,"yearn":29.43448}