{"stakedao":42.537594972465484,"convex":21.1383481810032,"yearn":29.38708}