{"stakedao":52.5549387595277,"convex":14.6565550173888,"yearn":30.95609}