{"stakedao":48.6684330696329,"convex":17.494429426848,"yearn":18.6743}