{"stakedao":50.883532856995785,"convex":12.180554760427201,"yearn":25.3607}