{"stakedao":43.3461684532249,"convex":23.6643204182544,"yearn":30.84595}