{"stakedao":45.376603752192594,"convex":20.4711333878304,"yearn":48.57988}