{"stakedao":41.13009047832771,"convex":19.8120790140048,"yearn":26.93312}