{"stakedao":44.65511962278763,"convex":10.6274929230864,"yearn":25.64361}