{"stakedao":51.588191907688326,"convex":9.562283768851199,"yearn":18.67177}