{"stakedao":43.06342251910121,"convex":22.18135506408,"yearn":28.1515}