{"stakedao":47.163373525631535,"convex":10.179138830846401,"yearn":18.37041}