{"stakedao":51.028274175521915,"convex":10.964661520896,"yearn":17.9467}