{"stakedao":41.2246949461874,"convex":14.805672678028799,"yearn":21.24443}