{"stakedao":45.52032230877353,"convex":20.491096420079998,"yearn":49.04529}