{"stakedao":47.85357135927865,"convex":10.988158442616001,"yearn":35.73324}