{"stakedao":55.323828884680076,"convex":11.827514879064001,"yearn":17.62047}