{"stakedao":40.56240735332694,"convex":16.4659681327248,"yearn":33.89685}