{"stakedao":42.78490286761108,"convex":13.21611145272,"yearn":16.84109}