{"stakedao":40.281714580232475,"convex":18.8793582911712,"yearn":27.3362}