{"stakedao":40.98934533535506,"convex":20.857278387024,"yearn":26.6347}