{"stakedao":39.740778944209275,"convex":15.60452360436,"yearn":34.92207}