{"stakedao":40.400830633860565,"convex":13.0300846852464,"yearn":19.49173}