{"stakedao":42.70585745676963,"convex":24.886832225328,"yearn":27.50556}