{"stakedao":45.86484317155897,"convex":31.078897017192,"yearn":48.47709}