{"stakedao":48.455052374852926,"convex":29.3355987095808,"yearn":36.20459}