{"stakedao":47.85004268190739,"convex":11.003523081408002,"yearn":34.7378}