{"stakedao":45.85390973436774,"convex":8.99047114992,"yearn":27.60862}