{"stakedao":39.310091456946566,"convex":16.3817272237536,"yearn":27.95499}