{"stakedao":45.43892061806387,"convex":20.489573767392002,"yearn":49.62763}