{"stakedao":40.57024493465436,"convex":17.1925351254,"yearn":29.66956}