{"stakedao":54.436542317192604,"convex":12.219976526443197,"yearn":16.05988}