{"stakedao":38.87047094154572,"convex":16.303919523177598,"yearn":27.95499}