{"stakedao":28.92140089483989,"convex":15.7259624047776,"yearn":23.81013}