{"stakedao":44.39577838989191,"convex":9.324924886022401,"yearn":26.25953}