{"stakedao":52.80061133906095,"convex":11.2943732328288,"yearn":16.94809}