{"stakedao":66.2575721839857,"convex":21.375520629307204,"yearn":31.68482}