{"stakedao":43.799000889770184,"convex":23.3012828964096,"yearn":31.73437}