{"stakedao":42.76230094020192,"convex":12.074634535478399,"yearn":22.35239}