{"stakedao":54.63767467098195,"convex":10.4920983262944,"yearn":16.07742}