{"stakedao":41.766088195098156,"convex":15.276556757232001,"yearn":19.50212}