{"stakedao":67.2797381152481,"convex":24.159315264264,"yearn":36.152}