{"stakedao":65.42775285478251,"convex":20.2450385397888,"yearn":41.55229}