{"stakedao":46.75324868431757,"convex":14.3005375952064,"yearn":18.40058}