{"stakedao":49.22461460470022,"convex":22.7374470153936,"yearn":34.56538}