{"stakedao":70.1738167907914,"convex":21.204436388112,"yearn":33.19398}