{"stakedao":42.465608380285836,"convex":13.2211235101968,"yearn":17.60863}