{"stakedao":41.7194870311016,"convex":20.694038401008,"yearn":25.84878}