{"stakedao":51.297035462270316,"convex":25.0850491421472,"yearn":33.47091}