{"stakedao":40.874025411121636,"convex":21.7539609075072,"yearn":27.8876}