{"stakedao":68.1413232691774,"convex":24.228855089726398,"yearn":35.89434}