{"stakedao":40.81041749250486,"convex":19.832534017315197,"yearn":27.1669}