{"stakedao":41.05744821917498,"convex":15.1195178241936,"yearn":20.14902}