{"stakedao":45.46959249649815,"convex":22.938690259224003,"yearn":33.37516}