{"stakedao":50.61944083451495,"convex":9.982646185823999,"yearn":17.25338}