{"stakedao":48.3968816533819,"convex":12.7158923939472,"yearn":23.41004}