{"stakedao":47.39804841626804,"convex":11.3896122082704,"yearn":30.31452}