{"stakedao":42.104388224170265,"convex":20.6484760901376,"yearn":28.32088}