{"stakedao":43.665538320386,"convex":27.4399112755296,"yearn":26.07228}