{"stakedao":45.477516479802965,"convex":20.952286149974398,"yearn":43.22416}