{"stakedao":40.51784288350021,"convex":16.2795581145504,"yearn":34.80754}