{"stakedao":44.175531770951146,"convex":19.5753992778576,"yearn":42.81378}