{"stakedao":53.33439275268465,"convex":13.588231932288,"yearn":32.53125}