{"stakedao":49.63842979808922,"convex":21.8775995615232,"yearn":40.91358}