{"stakedao":42.686460677518355,"convex":24.9104403682128,"yearn":28.98168}