{"stakedao":41.054227356285786,"convex":21.706621662873598,"yearn":26.46743}