{"stakedao":40.789415951642795,"convex":16.7170053991968,"yearn":34.57021}