{"stakedao":40.23821271600928,"convex":13.1567751694368,"yearn":19.08316}