{"stakedao":44.48818196460437,"convex":22.109206347331202,"yearn":46.33992}