{"stakedao":44.940019585606905,"convex":21.752749619208004,"yearn":50.20835}