{"stakedao":51.992796769211665,"convex":13.585925742451202,"yearn":32.05846}