{"stakedao":41.209937158264886,"convex":21.731663135879998,"yearn":27.67629}