{"stakedao":79.05561514268064,"convex":21.0423642148656,"yearn":33.63023}