{"stakedao":49.21920661976429,"convex":22.7282594212224,"yearn":34.56538}