{"stakedao":41.40818044606145,"convex":13.2716718897264,"yearn":18.57517}