{"stakedao":74.24329906318508,"convex":20.2652161082928,"yearn":32.00142}