{"stakedao":67.00237046906805,"convex":20.4505558955424,"yearn":43.14991}