{"stakedao":43.581636015772126,"convex":12.346084565942402,"yearn":18.90384}