{"stakedao":52.107891388833664,"convex":15.954954364224,"yearn":25.7576}