{"stakedao":38.999138910961115,"convex":16.0582724686656,"yearn":27.64107}