{"stakedao":39.55370522094468,"convex":15.7020269024448,"yearn":32.55187}