{"stakedao":50.894608228617614,"convex":25.772110120382397,"yearn":32.78494}