{"stakedao":41.56666145174714,"convex":13.8545202669552,"yearn":15.43413}