{"stakedao":44.695563167718475,"convex":22.1260989715488,"yearn":47.30529}