{"stakedao":62.64717617056275,"convex":19.725528380011202,"yearn":41.84675}