{"stakedao":45.26110539929346,"convex":13.221742158216,"yearn":25.01082}