{"stakedao":41.18602570116233,"convex":20.6678068255872,"yearn":22.99948}