{"stakedao":44.37938721828239,"convex":22.6769159402928,"yearn":31.90265}