{"stakedao":45.45129125499841,"convex":20.516290120512004,"yearn":44.50103}