{"stakedao":41.218606373815305,"convex":17.1925351254,"yearn":29.88061}