{"stakedao":62.69567814509038,"convex":20.2674573907344,"yearn":43.69224}