{"stakedao":58.02257996027133,"convex":12.085892496431999,"yearn":14.10558}