{"stakedao":55.069291718614,"convex":9.799414072444801,"yearn":19.9633}