{"stakedao":58.0826431408631,"convex":31.115581780075203,"yearn":47.91658}