{"stakedao":48.84236873248642,"convex":11.0790614955744,"yearn":19.99554}