{"stakedao":52.621574339432094,"convex":15.765031901059201,"yearn":23.47553}