{"stakedao":37.65606962924547,"convex":14.1247163314512,"yearn":24.97782}