{"stakedao":44.68965863261946,"convex":13.9242179647872,"yearn":19.1856}