{"stakedao":43.43552921938719,"convex":19.5329564355744,"yearn":41.97395}