{"stakedao":53.3567740774077,"convex":14.8263793670016,"yearn":30.95609}