{"stakedao":54.31306845173651,"convex":10.644137686958402,"yearn":15.10224}