{"stakedao":45.84458398632752,"convex":20.088177308956798,"yearn":42.75708}