{"stakedao":48.39687596643542,"convex":28.000942379395198,"yearn":27.47339}