{"stakedao":49.379154766022026,"convex":10.7464611049632,"yearn":36.2481}