{"stakedao":55.03459120004363,"convex":12.1791343064544,"yearn":15.96825}