{"stakedao":47.38216650269928,"convex":29.327934436660797,"yearn":34.77261}