{"stakedao":42.74979166745523,"convex":13.217632487611201,"yearn":16.6295}