{"stakedao":39.02939192350242,"convex":16.370959048415997,"yearn":26.99823}