{"stakedao":37.48283766460516,"convex":24.443788593657597,"yearn":29.30712}