{"stakedao":45.00904655075318,"convex":21.7221822663696,"yearn":50.20835}