{"stakedao":52.28607940251625,"convex":28.179651262219203,"yearn":29.29502}