{"stakedao":44.65412559613673,"convex":22.662971777548798,"yearn":46.64756}