{"stakedao":39.285755849664426,"convex":15.7720121549856,"yearn":26.79239}