{"stakedao":45.74208619783889,"convex":22.042407615220803,"yearn":42.35065}