{"stakedao":40.999612416824746,"convex":15.1194983254848,"yearn":20.22292}