{"stakedao":39.63603352463977,"convex":15.6050913248928,"yearn":35.74387}