{"stakedao":55.35378678066854,"convex":10.443574977393599,"yearn":14.10977}