{"stakedao":42.401681421968405,"convex":22.1739861131856,"yearn":25.63563}