{"stakedao":55.93984420745454,"convex":10.4285412616176,"yearn":16.02571}