{"stakedao":53.839123285232546,"convex":15.9168696016176,"yearn":23.36012}