{"stakedao":40.53715406528191,"convex":16.2519079016304,"yearn":34.21859}