{"stakedao":40.56549371684906,"convex":16.4659681327248,"yearn":33.86051}