{"stakedao":54.72831831135522,"convex":10.599934688064,"yearn":15.70439}