{"stakedao":54.51242080808009,"convex":12.219976526443197,"yearn":16.05988}