{"stakedao":48.4804888939054,"convex":13.060329245049601,"yearn":23.78195}