{"stakedao":64.65869202422665,"convex":18.611464269528,"yearn":32.0464}