{"stakedao":54.682856728428064,"convex":12.1725426201984,"yearn":15.68872}