{"stakedao":38.89448346964224,"convex":15.9672935243232,"yearn":27.38954}