{"stakedao":37.52656567582027,"convex":24.3313256294784,"yearn":29.38}