{"stakedao":44.48202670917945,"convex":22.5583328508192,"yearn":29.8701}