{"stakedao":42.65876969956906,"convex":13.187816962473601,"yearn":16.57714}