{"stakedao":44.88388448282292,"convex":22.122602609918403,"yearn":42.9815}