{"stakedao":39.17722272597588,"convex":16.4724948012096,"yearn":26.54692}