{"stakedao":39.181189335019305,"convex":16.059938414630402,"yearn":26.79239}