{"stakedao":42.445744447584175,"convex":22.134906115416,"yearn":26.00408}