{"stakedao":42.73243082010273,"convex":25.405309306742403,"yearn":30.02145}