{"stakedao":40.81446084191048,"convex":18.8784080294976,"yearn":29.24838}