{"stakedao":56.35458401010879,"convex":12.3765039928656,"yearn":16.74755}