{"stakedao":57.916432700026945,"convex":24.3125681428224,"yearn":39.26865}