{"stakedao":52.89237454610272,"convex":11.745199974528,"yearn":17.02752}