{"stakedao":40.529511400088275,"convex":16.2641973168432,"yearn":34.47909}