{"stakedao":55.318866195701546,"convex":10.443584892312,"yearn":14.12744}