{"stakedao":79.61967859367846,"convex":21.0461678191296,"yearn":33.63023}