{"stakedao":39.12384545719188,"convex":16.367004509702397,"yearn":26.78118}