{"stakedao":50.98619438870211,"convex":22.4551789448688,"yearn":34.56538}