{"stakedao":56.77838619932747,"convex":12.2699883966192,"yearn":23.35136}