{"stakedao":56.797411971884266,"convex":12.061487325297598,"yearn":14.74067}