{"stakedao":56.1456521828284,"convex":12.217214073758399,"yearn":17.44681}