{"stakedao":43.437613039868396,"convex":13.259623097347202,"yearn":16.87756}