{"stakedao":50.549058596755756,"convex":14.7009112970112,"yearn":17.80832}