{"stakedao":63.514225723383205,"convex":20.2128279815952,"yearn":38.12459}