{"stakedao":55.72875820721704,"convex":12.2735794860864,"yearn":23.0332}