{"stakedao":55.18729547195425,"convex":10.657639938888,"yearn":14.55398}