{"stakedao":40.917047522416624,"convex":19.8383613844608,"yearn":26.9291}