{"stakedao":45.8838765638984,"convex":20.516361070204802,"yearn":44.63174}