{"stakedao":46.938658068830534,"convex":26.020639186862397,"yearn":28.20869}