{"stakedao":55.5061158572593,"convex":12.1249418317488,"yearn":15.49304}