{"stakedao":52.147358439393614,"convex":17.2094842999728,"yearn":37.78906}