{"stakedao":45.35019844330457,"convex":20.471841440409598,"yearn":48.50199}