{"stakedao":40.64526722600583,"convex":19.1094218975088,"yearn":28.76108}