{"stakedao":40.557464282734216,"convex":16.2670289721264,"yearn":34.22394}