{"stakedao":42.638673049948785,"convex":12.2167058648112,"yearn":17.99204}