{"stakedao":45.35940070293794,"convex":20.4718914281232,"yearn":48.54068}