{"stakedao":77.18453132701487,"convex":21.106560435422402,"yearn":33.63023}