{"stakedao":47.705602659122874,"convex":21.0767831729136,"yearn":42.19701}