{"stakedao":39.24248281655018,"convex":16.064493461856,"yearn":26.79239}