{"stakedao":55.72868317823,"convex":10.6686422879472,"yearn":14.42124}