{"stakedao":42.20317483011634,"convex":22.9801348672704,"yearn":29.43448}