{"stakedao":53.226740992105775,"convex":11.2837471271712,"yearn":16.76374}