{"stakedao":39.49926087954525,"convex":15.4170214535088,"yearn":25.60773}