{"stakedao":49.283178443496425,"convex":22.33166249916,"yearn":38.51583}