{"stakedao":46.503214777931035,"convex":28.399131434260802,"yearn":31.98738}