{"stakedao":44.033556686762616,"convex":27.4771639166256,"yearn":26.6185}