{"stakedao":54.71791948017891,"convex":11.3418754492032,"yearn":21.94776}