{"stakedao":28.920708693143254,"convex":15.7284379996992,"yearn":23.73702}