{"stakedao":44.068841957169795,"convex":22.4980493396256,"yearn":32.20322}