{"stakedao":55.88487111593655,"convex":10.532616365664001,"yearn":21.62632}