{"stakedao":44.060956888725464,"convex":23.7397533539616,"yearn":32.71758}