{"stakedao":52.509344670365074,"convex":10.9676811748896,"yearn":17.42251}