{"stakedao":38.954469578674235,"convex":16.372184676134403,"yearn":27.95499}