{"stakedao":47.045911835627294,"convex":26.029306812312,"yearn":27.70403}