{"stakedao":54.71721188951304,"convex":10.441707604689599,"yearn":16.15609}