{"stakedao":39.66367309368578,"convex":15.4324955884464,"yearn":25.60773}