{"stakedao":40.563837662763675,"convex":16.4621966667984,"yearn":33.96953}