{"stakedao":48.20428573398647,"convex":26.042164351718398,"yearn":27.334}