{"stakedao":29.179757099086917,"convex":15.888672078263998,"yearn":25.81229}