{"stakedao":45.807194240408805,"convex":23.347204351862402,"yearn":32.69973}