{"stakedao":47.384000273261066,"convex":11.376728995406399,"yearn":30.51504}