{"stakedao":48.73830149079491,"convex":29.3398411341312,"yearn":36.9038}