{"stakedao":39.69835100109548,"convex":15.60452360436,"yearn":34.88473}