{"stakedao":43.33030247707869,"convex":19.5689048013216,"yearn":42.74521}