{"stakedao":47.35919298597732,"convex":29.2872970461456,"yearn":34.93172}