{"stakedao":75.08826504338126,"convex":24.5778175018944,"yearn":41.67961}