{"stakedao":48.827721584315285,"convex":17.494148497852798,"yearn":18.60615}