{"stakedao":53.52495086837527,"convex":9.7657100512848,"yearn":19.65629}