{"stakedao":37.36565321725636,"convex":25.624538231472002,"yearn":29.6012}