{"stakedao":54.87078068100956,"convex":11.321717609620801,"yearn":15.68395}