{"stakedao":50.3608239036939,"convex":9.9817245872208,"yearn":17.36373}