{"stakedao":43.601597966334175,"convex":25.1278712805168,"yearn":28.89138}