{"stakedao":53.38786205799843,"convex":27.8172886517712,"yearn":28.48032}