{"stakedao":44.22804776625003,"convex":19.5671891672352,"yearn":43.59959}