{"stakedao":52.197643184638835,"convex":11.7447142948992,"yearn":16.96752}