{"stakedao":45.82963197331605,"convex":10.6201394784432,"yearn":26.17468}