{"stakedao":58.04473957900479,"convex":12.074748989083199,"yearn":14.62272}