{"stakedao":52.27174809293211,"convex":24.300775116864,"yearn":41.01018}