{"stakedao":42.31219450129288,"convex":13.2731214009696,"yearn":19.13259}