{"stakedao":51.83472040680763,"convex":25.301174306371202,"yearn":31.52697}