{"stakedao":48.01146982651074,"convex":23.119594706750398,"yearn":29.97243}