{"stakedao":44.23674529839531,"convex":23.1596811791136,"yearn":35.16683}