{"stakedao":42.605622468804796,"convex":12.198291966028801,"yearn":18.53843}