{"stakedao":43.634826824331604,"convex":27.4513684304736,"yearn":26.00864}