{"stakedao":47.84591953218438,"convex":11.374937791603198,"yearn":30.97966}