{"stakedao":40.47598602857684,"convex":18.8663017123008,"yearn":29.24838}