{"stakedao":49.7774246636597,"convex":31.217062527777603,"yearn":26.86503}