{"stakedao":39.7206635264125,"convex":14.716425763339199,"yearn":20.05181}