{"stakedao":54.525407066858364,"convex":11.4177616739136,"yearn":18.32059}