{"stakedao":46.15065659797099,"convex":28.3785449573664,"yearn":28.86799}