{"stakedao":42.47024466136269,"convex":23.034779423150397,"yearn":29.43448}