{"stakedao":45.7843171458381,"convex":22.953990772713603,"yearn":33.2367}