{"stakedao":38.84634211594706,"convex":16.372416169296,"yearn":27.95499}