{"stakedao":45.73381303721375,"convex":20.524375389571198,"yearn":46.10729}