{"stakedao":54.54734122333019,"convex":12.2318238826224,"yearn":16.14068}