{"stakedao":48.01008010927586,"convex":31.5870611422752,"yearn":28.19669}