{"stakedao":44.53172365062052,"convex":12.0740352411024,"yearn":23.26877}