{"stakedao":49.76208339292127,"convex":10.8386248442112,"yearn":37.16441}