{"stakedao":39.13189881123455,"convex":16.3673662118544,"yearn":26.58268}