{"stakedao":62.64658633441191,"convex":19.129825361534397,"yearn":50.05996}