{"stakedao":56.761178387797415,"convex":30.5593884499824,"yearn":41.05862}