{"stakedao":41.36738272577638,"convex":13.272116250888,"yearn":14.82744}