{"stakedao":48.48325437505505,"convex":29.3283482772816,"yearn":36.59777}