{"stakedao":42.1896577999219,"convex":13.188707725176002,"yearn":14.68284}