{"stakedao":43.516576309093296,"convex":19.5474394854864,"yearn":44.20025}