{"stakedao":54.958786963004556,"convex":9.8097538532976,"yearn":20.49838}