{"stakedao":46.029691673118045,"convex":21.647727533232,"yearn":42.19701}