{"stakedao":56.488506652237405,"convex":30.946377617438397,"yearn":43.90979}