{"stakedao":42.47079044808419,"convex":13.2190201567584,"yearn":16.18054}