{"stakedao":40.38925424976072,"convex":13.1627549311488,"yearn":18.0569}