{"stakedao":45.57407526707023,"convex":31.052068752268802,"yearn":49.04505}