{"stakedao":53.64981073266273,"convex":11.3410499944032,"yearn":22.30043}