{"stakedao":54.31041141745696,"convex":10.441042299158399,"yearn":15.78042}