{"stakedao":48.84031015060559,"convex":22.936702671288,"yearn":29.97243}