{"stakedao":41.18829857382485,"convex":20.6677694775024,"yearn":22.99948}