{"stakedao":40.629459797055866,"convex":16.4659681327248,"yearn":33.86051}