{"stakedao":56.94101374238292,"convex":12.262598723419199,"yearn":24.42802}