{"stakedao":37.59406381029413,"convex":14.101956898012801,"yearn":26.04613}