{"stakedao":63.97220707135307,"convex":17.348111226388802,"yearn":32.35461}