{"stakedao":42.54792064466305,"convex":24.8862922060176,"yearn":27.50556}