{"stakedao":40.63879637653651,"convex":17.2170015079104,"yearn":31.57202}