{"stakedao":50.98776509203804,"convex":29.4304157554176,"yearn":36.99654}