{"stakedao":40.20242183876707,"convex":13.143028459896,"yearn":17.50049}