{"stakedao":51.28028702180776,"convex":9.601314192028799,"yearn":18.14801}