{"stakedao":43.449311298677785,"convex":12.368411410608001,"yearn":20.37729}