{"stakedao":41.47498797513203,"convex":20.7009534605616,"yearn":25.62329}