{"stakedao":41.18759479619241,"convex":19.128885150384,"yearn":30.01996}