{"stakedao":41.15387559138439,"convex":14.805202410043199,"yearn":21.12097}