{"stakedao":50.14487362851587,"convex":22.507959467707202,"yearn":29.97243}