{"stakedao":55.14415048328361,"convex":10.5340250188656,"yearn":21.85893}