{"stakedao":52.0930782455807,"convex":25.827129279792,"yearn":35.26829}