{"stakedao":45.97412209721729,"convex":21.644382285806397,"yearn":42.19701}