{"stakedao":42.06641410201091,"convex":22.978083567153597,"yearn":29.43448}