{"stakedao":48.74340742756152,"convex":22.908135486096,"yearn":29.97243}