{"stakedao":43.0934800303443,"convex":22.3183165491072,"yearn":28.1515}