{"stakedao":48.66290490032763,"convex":12.203837688312,"yearn":22.63036}