{"stakedao":54.82774456649988,"convex":10.7608335265872,"yearn":16.02977}