{"stakedao":43.14843025849508,"convex":25.476940606032,"yearn":30.79145}