{"stakedao":40.71391777192619,"convex":20.208801553416,"yearn":26.4539}