{"stakedao":52.28408283128164,"convex":13.704136357075202,"yearn":19.9368}