{"stakedao":39.66088530048676,"convex":15.772190560444798,"yearn":33.61606}