{"stakedao":54.62378197479654,"convex":11.308246874769601,"yearn":15.45908}