{"stakedao":50.048068935678586,"convex":17.5491889125264,"yearn":18.33483}