{"stakedao":64.78451912018375,"convex":19.065917471471998,"yearn":32.46626}