{"stakedao":64.68676031444599,"convex":20.422639862524804,"yearn":37.94986}