{"stakedao":41.12595214675969,"convex":13.759826236747202,"yearn":16.45336}