{"stakedao":41.184736171989364,"convex":20.6672562133344,"yearn":23.10478}