{"stakedao":47.7704332156537,"convex":11.003105554228801,"yearn":34.7378}