{"stakedao":57.62541510540438,"convex":11.0105479366992,"yearn":15.56249}