{"stakedao":53.89307277155412,"convex":11.4047723203344,"yearn":16.56776}