{"stakedao":42.46323493933296,"convex":22.134906115416,"yearn":26.00408}