{"stakedao":43.20449045558706,"convex":28.5801979642128,"yearn":27.56111}