{"stakedao":55.40288461433221,"convex":12.267523050897601,"yearn":26.30083}