{"stakedao":47.27642846581003,"convex":13.0551269971104,"yearn":25.00835}