{"stakedao":66.84006531794313,"convex":20.7165396271392,"yearn":42.87534}