{"stakedao":53.18447031147099,"convex":13.7027401195968,"yearn":33.26105}