{"stakedao":46.03082315167219,"convex":10.619953794475201,"yearn":25.36446}