{"stakedao":45.29251730598765,"convex":20.4648405524784,"yearn":48.30791}