{"stakedao":43.853982756896215,"convex":23.3126901677088,"yearn":28.62605}