{"stakedao":39.66374123680747,"convex":15.604042844347202,"yearn":34.81004}