{"stakedao":47.89460259647167,"convex":22.983076270987198,"yearn":29.97243}