{"stakedao":48.203721178703866,"convex":11.471456110032001,"yearn":34.34166}