{"stakedao":57.52656956437431,"convex":11.038701082593601,"yearn":17.13204}