{"stakedao":44.405592954991434,"convex":22.5583328508192,"yearn":29.78636}