{"stakedao":46.784717837530266,"convex":10.164333028896,"yearn":19.44103}