{"stakedao":44.95464983500365,"convex":9.0127351906416,"yearn":25.81002}