{"stakedao":44.14157982626922,"convex":22.5250688199312,"yearn":30.74028}