{"stakedao":58.14585452648063,"convex":12.075414865416,"yearn":14.36092}