{"stakedao":55.61142877462655,"convex":11.3131080135648,"yearn":15.81323}