{"stakedao":41.72578517889064,"convex":17.519659929792,"yearn":32.86668}