{"stakedao":43.95041413380363,"convex":23.3126901677088,"yearn":28.6896}