{"stakedao":40.77575824400179,"convex":13.2261143344848,"yearn":15.91724}