{"stakedao":51.74625350851233,"convex":13.897839065788801,"yearn":26.90455}