{"stakedao":41.922797474238116,"convex":20.648760525936,"yearn":28.84298}