{"stakedao":64.89604100800535,"convex":18.564287958792,"yearn":32.25871}