{"stakedao":55.72839897155913,"convex":11.388483383457599,"yearn":14.33854}