{"stakedao":67.21442670439944,"convex":20.0988743863824,"yearn":31.93838}