{"stakedao":41.65387688808175,"convex":13.8545202669552,"yearn":15.43413}