{"stakedao":48.41503908234063,"convex":28.000942379395198,"yearn":27.47339}