{"stakedao":42.37206158045108,"convex":22.9852767300768,"yearn":29.43448}