{"stakedao":53.172399147227736,"convex":15.765428431569601,"yearn":23.5368}