{"stakedao":40.61094973055964,"convex":20.0562790233888,"yearn":26.34206}