{"stakedao":64.78265139113785,"convex":19.0252578669984,"yearn":41.94741}