{"stakedao":54.65637034972039,"convex":11.4195458262672,"yearn":18.29643}