{"stakedao":49.04401426250242,"convex":21.7984484336544,"yearn":40.24692}