{"stakedao":45.786498880038906,"convex":23.3481182714496,"yearn":32.69973}