{"stakedao":44.06430456270096,"convex":22.499464747838402,"yearn":31.80942}