{"stakedao":65.17500356715529,"convex":18.9385317320112,"yearn":42.78627}