{"stakedao":53.3643762800194,"convex":27.8172002532096,"yearn":31.60417}