{"stakedao":50.53167981177305,"convex":22.6577893373712,"yearn":29.97243}