{"stakedao":48.693730964761215,"convex":29.331578475072,"yearn":36.99101}