{"stakedao":42.2838286953773,"convex":12.1274808045696,"yearn":21.67454}