{"stakedao":37.488155506968965,"convex":23.7293767832112,"yearn":30.57125}