{"stakedao":28.923100387284226,"convex":15.728474732831998,"yearn":23.73702}