{"stakedao":40.32875983515787,"convex":13.027908918844801,"yearn":19.31719}