{"stakedao":64.83064326632402,"convex":20.4344639892864,"yearn":37.94986}