{"stakedao":52.88223650335633,"convex":24.3491577237504,"yearn":38.45951}