{"stakedao":41.505561004738645,"convex":20.699793680011204,"yearn":29.68893}