{"stakedao":52.732093702533,"convex":24.3474354797184,"yearn":37.76035}