{"stakedao":40.562329120564456,"convex":16.4659681327248,"yearn":33.93319}