{"stakedao":42.42248661149274,"convex":13.2663036047472,"yearn":18.93848}