{"stakedao":42.133381355338706,"convex":13.1887031429952,"yearn":14.74178}