{"stakedao":47.51686985819905,"convex":26.007375810672,"yearn":27.26474}