{"stakedao":55.47464490789997,"convex":11.3494297844736,"yearn":22.88603}