{"stakedao":56.85982454595005,"convex":11.6371986447888,"yearn":14.46671}