{"stakedao":45.16248301083831,"convex":11.6181837455328,"yearn":25.65945}