{"stakedao":44.405206568038885,"convex":19.6079040038592,"yearn":43.74362}