{"stakedao":46.38959951337462,"convex":28.341745321449597,"yearn":30.67724}