{"stakedao":67.749339522593,"convex":23.4836498227824,"yearn":36.18087}