{"stakedao":39.367715760630745,"convex":15.719531687726402,"yearn":26.79239}