{"stakedao":40.9021144365781,"convex":17.245583540251197,"yearn":32.20213}