{"stakedao":39.16871817936525,"convex":16.389369938663997,"yearn":27.95499}