{"stakedao":42.614934100232965,"convex":22.8164542602624,"yearn":29.43448}