{"stakedao":47.84764847960663,"convex":31.470004360512,"yearn":28.41818}