{"stakedao":49.37019316342288,"convex":29.245954983710398,"yearn":33.66322}