{"stakedao":45.17658672709935,"convex":23.1831234489456,"yearn":32.44753}