{"stakedao":45.720180134985405,"convex":31.0165781725584,"yearn":49.46785}