{"stakedao":57.50813190636821,"convex":12.056007267273598,"yearn":13.86243}