{"stakedao":64.83021974766406,"convex":17.4063059506224,"yearn":34.23372}