{"stakedao":41.70070749467275,"convex":22.1151463169184,"yearn":26.06025}