{"stakedao":49.355027130762096,"convex":31.171608451612798,"yearn":27.09317}