{"stakedao":65.40357252758619,"convex":19.6364955064608,"yearn":39.84505}