{"stakedao":66.10180150946275,"convex":19.562362847337603,"yearn":40.68387}