{"stakedao":53.07435577098939,"convex":25.740007405847997,"yearn":33.12608}