{"stakedao":41.35976141578378,"convex":17.5297081130208,"yearn":33.55801}