{"stakedao":39.413732351176144,"convex":16.9084866584592,"yearn":26.84872}