{"stakedao":53.195133118212354,"convex":13.7288584713168,"yearn":18.92304}