{"stakedao":47.554145573936395,"convex":22.9792034798928,"yearn":39.22985}