{"stakedao":45.574322903014824,"convex":22.0151978151552,"yearn":41.54436}