{"stakedao":53.70361140647595,"convex":9.7656871372272,"yearn":19.63396}