{"stakedao":44.20333710592385,"convex":23.766194820383998,"yearn":32.53802}