{"stakedao":52.325576496856485,"convex":13.8947411110608,"yearn":27.21766}