{"stakedao":45.69688760560108,"convex":8.9862402423168,"yearn":29.10565}