{"stakedao":53.555254807622966,"convex":24.3505914890688,"yearn":37.58172}