{"stakedao":38.77581840068707,"convex":15.959483328024,"yearn":27.8517}