{"stakedao":40.804576231507866,"convex":17.2007577526608,"yearn":31.19089}