{"stakedao":42.614170581933244,"convex":23.2714647821664,"yearn":29.43448}