{"stakedao":45.802879983869374,"convex":10.620143026243202,"yearn":26.2427}