{"stakedao":45.593063675151484,"convex":8.9803966372848,"yearn":29.24036}