{"stakedao":55.82054091720352,"convex":10.6688948913072,"yearn":14.49922}