{"stakedao":45.9683134352998,"convex":22.9547810806416,"yearn":32.96334}