{"stakedao":45.69090230782354,"convex":20.487324752323197,"yearn":44.50784}