{"stakedao":61.16319734101142,"convex":18.831063742257598,"yearn":48.43834}