{"stakedao":52.6474235722455,"convex":17.1972107852112,"yearn":38.10392}