{"stakedao":41.69831254856383,"convex":17.5197304474416,"yearn":32.82841}