{"stakedao":42.690513841980746,"convex":15.540101459899198,"yearn":17.64542}