{"stakedao":40.70486416020209,"convex":19.1494826333424,"yearn":29.38493}