{"stakedao":49.39155182848241,"convex":17.475234154286397,"yearn":17.61493}