{"stakedao":45.10941665335777,"convex":21.652302933792,"yearn":42.19701}