{"stakedao":47.70757892009361,"convex":29.281275010425603,"yearn":35.19687}