{"stakedao":53.15964720713411,"convex":27.922432214419196,"yearn":31.47003}