{"stakedao":45.92484457033402,"convex":10.707469858958401,"yearn":27.28296}