{"stakedao":37.67177050741992,"convex":14.105803138948799,"yearn":25.68655}