{"stakedao":63.735984225649105,"convex":20.2080159790416,"yearn":38.19657}