{"stakedao":48.03151089540991,"convex":31.5966178464048,"yearn":28.15243}