{"stakedao":67.36177955703795,"convex":23.5343941638624,"yearn":36.18087}