{"stakedao":37.656118831610634,"convex":14.124648365064001,"yearn":24.97782}