{"stakedao":61.197851766721705,"convex":18.9567422582832,"yearn":47.42858}