{"stakedao":38.97421220194018,"convex":15.9640638563376,"yearn":27.27203}