{"stakedao":44.626475789814236,"convex":22.6163040478848,"yearn":46.64756}