{"stakedao":46.394005430492264,"convex":21.4950066606864,"yearn":42.19701}