{"stakedao":44.26453378718071,"convex":23.8668306965712,"yearn":34.43807}