{"stakedao":58.21896785453376,"convex":30.746838790339197,"yearn":39.97731}