{"stakedao":51.60714598670704,"convex":25.856486993664,"yearn":34.60414}