{"stakedao":47.00760268431361,"convex":13.2603138524304,"yearn":25.73262}