{"stakedao":51.17849725841364,"convex":9.5975466144912,"yearn":18.33585}