{"stakedao":53.21727086629092,"convex":13.631735191492801,"yearn":32.8675}