{"stakedao":45.19333006209138,"convex":10.6070341007664,"yearn":27.85558}