{"stakedao":52.57029874671973,"convex":10.988990690270398,"yearn":17.01694}