{"stakedao":40.66858386640045,"convex":19.9834064734464,"yearn":29.43199}