{"stakedao":53.64152779121716,"convex":10.762553285582399,"yearn":24.25471}