{"stakedao":44.54729409925648,"convex":22.6577928347136,"yearn":49.5343}