{"stakedao":46.28704319093851,"convex":20.2786462657728,"yearn":41.81242}