{"stakedao":44.04477638460793,"convex":22.497232251326402,"yearn":31.58457}