{"stakedao":54.18175332215414,"convex":10.607426947872,"yearn":15.24401}