{"stakedao":41.15829567175782,"convex":19.8102283869168,"yearn":26.90117}