{"stakedao":45.52748380933991,"convex":22.9400729582976,"yearn":33.23835}