{"stakedao":40.36206653760715,"convex":18.901667847801598,"yearn":0}