{"stakedao":42.447968614971124,"convex":23.042865884270398,"yearn":29.43448}