{"stakedao":28.912007716379662,"convex":15.726110050022399,"yearn":23.79209}