{"stakedao":42.37981943687238,"convex":23.5413712200384,"yearn":29.43448}