{"stakedao":50.895153296017526,"convex":12.2093542587168,"yearn":25.16539}