{"stakedao":52.775432127654206,"convex":11.2943732328288,"yearn":16.94809}