{"stakedao":42.602954418565865,"convex":13.177545977404801,"yearn":16.0971}