{"stakedao":46.55343100664831,"convex":10.623459799814402,"yearn":25.56616}