{"stakedao":45.72689129041807,"convex":10.706492167272,"yearn":27.1824}