{"stakedao":45.77454742821969,"convex":12.101759440632,"yearn":23.47636}