{"stakedao":43.533815433391915,"convex":19.5536923615728,"yearn":43.88865}