{"stakedao":47.68975766590885,"convex":22.4010697630464,"yearn":38.21202}