{"stakedao":43.41444960478677,"convex":12.0717896823792,"yearn":22.72018}