{"stakedao":55.12629679754207,"convex":10.433492006803199,"yearn":16.13151}