{"stakedao":53.59388056153258,"convex":11.380902595790399,"yearn":15.67336}