{"stakedao":51.56413691823879,"convex":22.9643113954464,"yearn":34.56538}