{"stakedao":67.59386002919078,"convex":20.1456604233504,"yearn":31.68482}