{"stakedao":37.3757905122906,"convex":15.419607736636799,"yearn":29.42188}