{"stakedao":39.34398720066416,"convex":15.719033519841599,"yearn":26.79239}