{"stakedao":45.47376456751047,"convex":20.9517343771968,"yearn":43.35964}