{"stakedao":54.27137089626751,"convex":10.7498020887216,"yearn":24.53068}