{"stakedao":57.926228873808704,"convex":31.0787535536208,"yearn":48.42068}