{"stakedao":56.79890165711889,"convex":30.5592775189488,"yearn":40.98525}