{"stakedao":42.775461051712796,"convex":22.8072325252176,"yearn":29.43448}