{"stakedao":64.70806753649612,"convex":18.6611107888368,"yearn":43.244}