{"stakedao":43.825074698658156,"convex":23.311425763324802,"yearn":32.18188}