{"stakedao":54.49168367439005,"convex":10.343440782201599,"yearn":15.7879}