{"stakedao":42.34665813687618,"convex":22.8098009778912,"yearn":29.43448}