{"stakedao":74.18410246246424,"convex":24.568895030875197,"yearn":41.71937}