{"stakedao":52.262991682955466,"convex":13.886977237992001,"yearn":27.10501}