{"stakedao":47.8557209921614,"convex":21.075918641856,"yearn":42.19701}