{"stakedao":49.90976792415768,"convex":17.44164642528,"yearn":19.32212}