{"stakedao":49.43419763656197,"convex":22.9504738401504,"yearn":33.11539}