{"stakedao":59.06975318801544,"convex":16.927597692057603,"yearn":36.20564}