{"stakedao":53.77812755955841,"convex":15.782611067150398,"yearn":23.91461}