{"stakedao":39.132243469505525,"convex":16.367004509702397,"yearn":26.78118}