{"stakedao":43.66178588565856,"convex":26.829762876892797,"yearn":26.74193}