{"stakedao":39.502135502000094,"convex":15.701579627356798,"yearn":32.78357}