{"stakedao":42.43511696268544,"convex":22.134906115416,"yearn":26.00408}