{"stakedao":40.989361555670044,"convex":20.910128049388803,"yearn":26.00388}