{"stakedao":75.87079515447164,"convex":20.4027379186608,"yearn":34.48562}