{"stakedao":42.45824719686284,"convex":13.1779518804144,"yearn":16.0971}