{"stakedao":52.48355171871216,"convex":14.6460414006432,"yearn":31.00758}