{"stakedao":39.247165261744,"convex":16.062748950254402,"yearn":26.79239}