{"stakedao":47.793565352706544,"convex":22.4057848050144,"yearn":37.92103}