{"stakedao":47.94157128785689,"convex":22.8258333157968,"yearn":38.33503}