{"stakedao":39.042174756109006,"convex":17.665294357238402,"yearn":29.43448}