{"stakedao":40.83428964282737,"convex":13.2639487359408,"yearn":15.4513}