{"stakedao":54.98291553962816,"convex":12.283476652872,"yearn":25.02365}