{"stakedao":41.02947230774494,"convex":18.880022745230402,"yearn":29.24838}