{"stakedao":57.60973102771966,"convex":11.0323256859936,"yearn":16.60425}