{"stakedao":44.27769868499555,"convex":22.559697889732803,"yearn":30.23866}