{"stakedao":40.382262671213546,"convex":16.2772201206576,"yearn":35.498}