{"stakedao":42.59814763171542,"convex":12.2055473431728,"yearn":17.66384}