{"stakedao":41.004893360755815,"convex":21.7486131871536,"yearn":27.21847}