{"stakedao":39.04413775714551,"convex":16.373380366728,"yearn":27.10863}