{"stakedao":58.028240829096745,"convex":12.195935094686398,"yearn":14.76661}