{"stakedao":41.277479712552264,"convex":21.5169031240992,"yearn":25.73886}