{"stakedao":44.646452698444534,"convex":9.009475027344,"yearn":26.58161}