{"stakedao":44.52261873510266,"convex":22.606310803521602,"yearn":48.44644}