{"stakedao":37.50437931557038,"convex":24.44966858808,"yearn":29.125}