{"stakedao":47.38114412488693,"convex":11.384335447070399,"yearn":31.52919}