{"stakedao":42.23143273870156,"convex":12.4140657592944,"yearn":17.46297}