{"stakedao":55.091799801236114,"convex":11.318662171727999,"yearn":15.45908}