{"stakedao":53.839492841622544,"convex":15.9169404062448,"yearn":23.29554}