{"stakedao":49.28120449495176,"convex":23.2888893146352,"yearn":29.97243}