{"stakedao":45.40239966981171,"convex":22.07721641184,"yearn":40.45004}