{"stakedao":44.5406543542618,"convex":19.576252370808,"yearn":43.34587}