{"stakedao":57.671549006706186,"convex":31.1054170618656,"yearn":48.14063}