{"stakedao":40.611497202617045,"convex":20.2061906627472,"yearn":28.44863}