{"stakedao":61.646547471668185,"convex":19.758150631223998,"yearn":41.24927}