{"stakedao":40.59912108251033,"convex":20.2094624659824,"yearn":28.56205}