{"stakedao":51.68498798162977,"convex":13.815413457278398,"yearn":18.01888}