{"stakedao":40.05729336156109,"convex":13.130130232742399,"yearn":17.39635}