{"stakedao":46.14260067859094,"convex":22.1761914193584,"yearn":40.23272}