{"stakedao":45.75117965323087,"convex":22.966153876785597,"yearn":32.59899}