{"stakedao":47.47797149045229,"convex":22.3953067766448,"yearn":38.79538}