{"stakedao":41.675455316875016,"convex":20.693449081468803,"yearn":26.1715}