{"stakedao":66.06804098173663,"convex":19.5668376259824,"yearn":41.55229}