{"stakedao":42.391920483415106,"convex":15.8956986838032,"yearn":16.51586}