{"stakedao":64.34681777679094,"convex":20.2899352833792,"yearn":31.08043}