{"stakedao":40.43236361814484,"convex":16.5412224579888,"yearn":33.71262}