{"stakedao":43.67328604143864,"convex":12.3551884068048,"yearn":18.47775}