{"stakedao":40.940805396693015,"convex":20.910128049388803,"yearn":25.91038}