{"stakedao":46.849777249955146,"convex":13.2595955380368,"yearn":26.44754}