{"stakedao":53.32762853444362,"convex":13.702099314384,"yearn":33.26105}