{"stakedao":45.74867662632951,"convex":10.723547539324802,"yearn":26.65088}