{"stakedao":53.91559915043789,"convex":11.731452681571199,"yearn":27.64058}