{"stakedao":39.761869712227934,"convex":15.6010799425392,"yearn":34.11051}