{"stakedao":27.873572951446196,"convex":13.685183599507198,"yearn":25.53394}