{"stakedao":52.62336504300533,"convex":24.3503840925648,"yearn":38.04336}