{"stakedao":40.958363889053686,"convex":13.6912377704112,"yearn":16.3816}