{"stakedao":55.73320677766992,"convex":12.1242196037376,"yearn":15.49304}