{"stakedao":56.74893566831875,"convex":12.286897328102398,"yearn":23.76475}