{"stakedao":38.81182997761605,"convex":17.967525964588802,"yearn":29.43448}