{"stakedao":42.60336253711271,"convex":24.8854869500256,"yearn":27.31335}