{"stakedao":64.41464890492043,"convex":20.3711101047504,"yearn":37.94986}