{"stakedao":42.90912307934349,"convex":13.7356503922512,"yearn":17.09564}