{"stakedao":54.94517672231367,"convex":10.4336891887968,"yearn":16.0936}