{"stakedao":41.06057019561025,"convex":19.791195906340796,"yearn":25.14195}