{"stakedao":45.46565608925124,"convex":20.918827248681602,"yearn":41.93082}