{"stakedao":54.826461672999265,"convex":10.768912999329599,"yearn":16.08972}