{"stakedao":40.58483169394652,"convex":20.2069629068544,"yearn":28.43643}