{"stakedao":42.10466067628013,"convex":20.6486981761104,"yearn":28.53851}