{"stakedao":42.78573257921987,"convex":12.38166991764,"yearn":20.72892}