{"stakedao":55.60738383573863,"convex":11.3498377278624,"yearn":22.69781}