{"stakedao":40.95839560803844,"convex":20.9090119367376,"yearn":25.39794}