{"stakedao":41.34633947817996,"convex":13.263328999929598,"yearn":18.55079}