{"stakedao":47.81563127281012,"convex":11.003523081408002,"yearn":34.7378}