{"stakedao":40.73657934357662,"convex":17.1564285277728,"yearn":30.80123}