{"stakedao":65.44748361191252,"convex":18.6060853884528,"yearn":43.244}