{"stakedao":42.50099487988818,"convex":22.1204379568032,"yearn":26.00408}