{"stakedao":42.79426290526945,"convex":28.5571618906752,"yearn":27.163}