{"stakedao":44.91508387373503,"convex":22.1188628155968,"yearn":43.62109}