{"stakedao":43.25161548714134,"convex":25.4355039355968,"yearn":27.20404}