{"stakedao":44.400342350903585,"convex":22.557155857919998,"yearn":30.11724}