{"stakedao":42.84764844515053,"convex":28.587713882328003,"yearn":27.87349}