{"stakedao":46.30698800784194,"convex":13.26103629804,"yearn":26.29676}