{"stakedao":43.47219551863495,"convex":14.821958436076802,"yearn":18.24423}