{"stakedao":39.162134217826846,"convex":16.4360223197568,"yearn":19.32371}