{"stakedao":41.12483931553609,"convex":21.517570633996797,"yearn":25.85615}