{"stakedao":42.64813018942732,"convex":23.084934671750403,"yearn":29.43448}