{"stakedao":39.28094551176189,"convex":16.062678943488,"yearn":26.79239}