{"stakedao":63.21912184214443,"convex":18.577233657086396,"yearn":31.52033}