{"stakedao":42.556580687493046,"convex":12.131764989091199,"yearn":21.58143}