{"stakedao":38.769562574804205,"convex":18.092989042430396,"yearn":29.43448}