{"stakedao":46.63046445517955,"convex":32.3427816973728,"yearn":27.35565}