{"stakedao":37.476786276672705,"convex":23.7292600054032,"yearn":30.68118}