{"stakedao":42.629041246917666,"convex":24.8863577315184,"yearn":27.42134}