{"stakedao":63.058101573685214,"convex":20.1845592468,"yearn":45.44194}