{"stakedao":65.01903912990541,"convex":19.0689597304704,"yearn":32.46626}