{"stakedao":40.7866001378829,"convex":15.130921235486401,"yearn":20.6017}