{"stakedao":43.86920569978302,"convex":19.58665781592,"yearn":41.40373}