{"stakedao":41.72116951192031,"convex":20.693449081468803,"yearn":25.23079}