{"stakedao":51.482151847062994,"convex":17.5214707521408,"yearn":17.15341}