{"stakedao":52.728274114792185,"convex":24.349419131961604,"yearn":37.28471}