{"stakedao":45.821629956288824,"convex":23.323565496067197,"yearn":30.45837}