{"stakedao":55.680760438094,"convex":10.6688948913072,"yearn":14.44057}