{"stakedao":44.43544075918833,"convex":9.326238987988802,"yearn":26.05687}