{"stakedao":37.47863114900067,"convex":15.4150459438608,"yearn":29.19333}