{"stakedao":42.857543205218356,"convex":15.895696517280001,"yearn":16.66658}