{"stakedao":52.773996304424294,"convex":11.2943732328288,"yearn":16.87907}