{"stakedao":53.04899564899186,"convex":25.745983424236798,"yearn":33.20814}