{"stakedao":44.54664868497583,"convex":22.612063014072,"yearn":44.89154}