{"stakedao":51.5364056269447,"convex":25.229966560790402,"yearn":30.42875}