{"stakedao":64.27677688309359,"convex":20.282142813465597,"yearn":31.68287}