{"stakedao":53.27870561993915,"convex":26.916869966759997,"yearn":29.41204}