{"stakedao":45.30289125212565,"convex":20.4651050102208,"yearn":48.30791}