{"stakedao":55.762771192941536,"convex":11.387518694064,"yearn":14.33854}