{"stakedao":44.945123146839606,"convex":9.0129336372288,"yearn":25.96647}