{"stakedao":49.03878818717384,"convex":29.4066435559536,"yearn":35.35796}