{"stakedao":44.66283062188982,"convex":22.1896696219344,"yearn":47.91963}