{"stakedao":57.31495374422779,"convex":12.2718971035584,"yearn":24.10915}