{"stakedao":45.55826211494755,"convex":22.9509637676784,"yearn":33.41946}