{"stakedao":42.36053660335743,"convex":13.1899561944192,"yearn":17.23143}