{"stakedao":49.49215490261502,"convex":29.294463081801602,"yearn":34.00238}