{"stakedao":51.60745276439643,"convex":25.471503752327997,"yearn":28.97259}