{"stakedao":42.105183157639246,"convex":20.6333996115456,"yearn":28.18643}