{"stakedao":43.02068908327444,"convex":16.4582842065696,"yearn":17.99296}