{"stakedao":40.27847327715236,"convex":16.241616288863998,"yearn":34.80286}