{"stakedao":54.562341209627824,"convex":12.2283393123024,"yearn":16.05988}