{"stakedao":43.36110139276434,"convex":26.544340458964797,"yearn":27.50113}