{"stakedao":40.65400782177386,"convex":17.2338431604912,"yearn":30.75839}