{"stakedao":41.04171764220329,"convex":20.9278305149328,"yearn":23.59611}