{"stakedao":43.44435822817871,"convex":12.367299703535998,"yearn":20.42754}