{"stakedao":45.02511753381843,"convex":21.6485276141664,"yearn":42.19701}