{"stakedao":40.91421380661842,"convex":17.2478182442832,"yearn":32.42768}