{"stakedao":37.63132031975791,"convex":14.070962456279998,"yearn":25.86298}