{"stakedao":55.28041179873192,"convex":10.6688948913072,"yearn":14.51746}