{"stakedao":50.63375730526634,"convex":9.5714025325488,"yearn":17.69529}