{"stakedao":44.5848345819076,"convex":9.009475027344,"yearn":26.58161}