{"stakedao":37.566832246856684,"convex":24.315383916575996,"yearn":29.52599}