{"stakedao":44.148334584915425,"convex":22.6045063451376,"yearn":49.67754}