{"stakedao":55.58520058831128,"convex":9.777109794940799,"yearn":20.16315}