{"stakedao":37.67394901524817,"convex":14.1228080565552,"yearn":26.58349}