{"stakedao":38.727144485147996,"convex":16.437137776459203,"yearn":29.43448}