{"stakedao":42.70528893546554,"convex":22.1204117093904,"yearn":28.1515}