{"stakedao":79.70063942551775,"convex":24.920029453507198,"yearn":39.73009}