{"stakedao":61.07095703754934,"convex":17.4133809323856,"yearn":35.28576}