{"stakedao":48.26488960498935,"convex":10.9951590372624,"yearn":36.03631}