{"stakedao":65.27828853518899,"convex":18.661115919744,"yearn":43.244}