{"stakedao":52.0680230200328,"convex":25.1023823810496,"yearn":34.34903}