{"stakedao":40.63016501731967,"convex":17.2170319496112,"yearn":31.75256}