{"stakedao":52.01794470871831,"convex":10.9682216451648,"yearn":17.50557}