{"stakedao":67.42333107490413,"convex":21.375818985095997,"yearn":31.68482}