{"stakedao":50.7392733755514,"convex":25.4490852167424,"yearn":29.64455}