{"stakedao":44.45759811703182,"convex":19.5853512195216,"yearn":41.21293}