{"stakedao":51.17326986163897,"convex":22.841308860393603,"yearn":42.19701}