{"stakedao":45.269080742109246,"convex":11.6181837455328,"yearn":25.65945}