{"stakedao":46.629288101871985,"convex":12.208401089424001,"yearn":23.05993}