{"stakedao":49.035293387505305,"convex":29.4066435559536,"yearn":35.35796}