{"stakedao":50.791219855940014,"convex":24.9046347798288,"yearn":38.01825}