{"stakedao":40.58794062807969,"convex":13.2039333280512,"yearn":18.24136}