{"stakedao":52.12255691511232,"convex":10.9682216451648,"yearn":17.48472}