{"stakedao":55.33126279051088,"convex":10.664636528462403,"yearn":14.51746}