{"stakedao":51.23927260701174,"convex":10.9645849893312,"yearn":17.84799}