{"stakedao":48.979049936438685,"convex":11.070563294131201,"yearn":19.18649}