{"stakedao":40.97203074211536,"convex":21.517570633996797,"yearn":25.85615}