{"stakedao":38.765220364325636,"convex":16.4343132924624,"yearn":29.43448}