{"stakedao":50.79422929663725,"convex":9.571539988511999,"yearn":17.71549}