{"stakedao":39.5271785369528,"convex":15.684003233279999,"yearn":25.60773}