{"stakedao":44.446486403698735,"convex":22.1891026456512,"yearn":48.18257}