{"stakedao":46.43063054531841,"convex":21.5757360896688,"yearn":42.19701}