{"stakedao":64.26262732908998,"convex":17.3489787502128,"yearn":32.35461}