{"stakedao":49.02526240311365,"convex":29.126160019367997,"yearn":34.80936}