{"stakedao":53.970452587401695,"convex":9.7838785558368,"yearn":19.49757}