{"stakedao":67.54432228073134,"convex":23.4622525900176,"yearn":36.18087}