{"stakedao":65.26382020013779,"convex":19.5650003449296,"yearn":41.55229}