{"stakedao":55.858010843047325,"convex":11.6036110198512,"yearn":13.92627}