{"stakedao":62.87216801622369,"convex":20.2410888008544,"yearn":46.1323}