{"stakedao":39.1923600651779,"convex":17.662294747526403,"yearn":29.43448}