{"stakedao":64.48735817982174,"convex":20.4172277141232,"yearn":37.94986}