{"stakedao":54.286924792848026,"convex":9.798942568248,"yearn":19.81478}