{"stakedao":42.610532642800564,"convex":12.204646990372801,"yearn":18.13853}