{"stakedao":51.444705252097435,"convex":13.8911312419056,"yearn":26.87601}