{"stakedao":40.911874140348,"convex":17.248703611175998,"yearn":32.38299}