{"stakedao":42.50584374834085,"convex":23.0978975571648,"yearn":29.43448}