{"stakedao":42.431897873450154,"convex":12.3824766211344,"yearn":20.72892}