{"stakedao":37.61285703467054,"convex":15.335725521283198,"yearn":27.9903}