{"stakedao":74.01100731026882,"convex":24.5402006294592,"yearn":42.61619}