{"stakedao":50.17090568154552,"convex":10.642532482483201,"yearn":20.13012}