{"stakedao":49.1912282584461,"convex":28.0716967665936,"yearn":27.6163}