{"stakedao":43.463012122902704,"convex":14.870533743691201,"yearn":17.89572}