{"stakedao":66.87991563913118,"convex":18.427751222688,"yearn":30.71945}