{"stakedao":51.552623559924896,"convex":12.1904584993152,"yearn":25.55422}