{"stakedao":41.465560679388965,"convex":17.531376386342398,"yearn":34.05598}