{"stakedao":43.64137436056664,"convex":14.822953822612803,"yearn":18.29612}