{"stakedao":40.51942521376536,"convex":18.878047664472,"yearn":29.24838}