{"stakedao":41.34737295899659,"convex":18.1282436256384,"yearn":31.10058}