{"stakedao":45.76357345562305,"convex":23.2820233566336,"yearn":32.2306}