{"stakedao":64.58365764971629,"convex":20.4240171847104,"yearn":37.94986}