{"stakedao":51.83311280922808,"convex":25.3099136068416,"yearn":31.13871}