{"stakedao":52.389447779716036,"convex":17.523108769824,"yearn":18.75216}