{"stakedao":37.597612327880874,"convex":24.313467931128,"yearn":29.73162}