{"stakedao":43.66009118916013,"convex":12.3448151788704,"yearn":19.17771}