{"stakedao":45.67091948849559,"convex":31.0214215912752,"yearn":40.88333}