{"stakedao":54.24080862641458,"convex":27.826078857652803,"yearn":28.8832}