{"stakedao":42.526181373018254,"convex":23.097977078342396,"yearn":29.43448}