{"stakedao":72.64071591994468,"convex":20.344998344054403,"yearn":32.51147}