{"stakedao":63.34256460138145,"convex":19.2766691725056,"yearn":47.31528}