{"stakedao":54.25299927266201,"convex":10.6045993544256,"yearn":15.17017}