{"stakedao":45.418683249826486,"convex":20.517477696892797,"yearn":44.46175}