{"stakedao":49.04418111397443,"convex":29.448103102603202,"yearn":35.1583}