{"stakedao":37.61980073771254,"convex":23.746225941360002,"yearn":30.38697}