{"stakedao":43.65299008210127,"convex":14.170267301975999,"yearn":19.37334}