{"stakedao":37.599705179400104,"convex":24.332505671908798,"yearn":30.00156}