{"stakedao":54.138027007340725,"convex":11.4047723203344,"yearn":16.42633}