{"stakedao":40.34589612561582,"convex":13.1567751694368,"yearn":19.08316}