{"stakedao":68.92554265724661,"convex":23.532263065051197,"yearn":36.18087}