{"stakedao":47.59311055088823,"convex":22.9850861454144,"yearn":39.30239}