{"stakedao":64.47254566456705,"convex":20.3063825057472,"yearn":31.59686}