{"stakedao":58.117743315973286,"convex":24.3474289675344,"yearn":38.31489}