{"stakedao":56.030584584458296,"convex":11.463216588936,"yearn":14.43529}