{"stakedao":42.57319400812051,"convex":21.1383481810032,"yearn":29.42929}