{"stakedao":42.125067112519716,"convex":16.4388965581008,"yearn":19.00882}