{"stakedao":43.38352609509317,"convex":13.259623097347202,"yearn":16.87756}