{"stakedao":47.57371999944767,"convex":22.9819516183872,"yearn":50.20835}