{"stakedao":53.73550489579304,"convex":26.861057932392,"yearn":28.79465}