{"stakedao":64.73883417267608,"convex":20.4152747653296,"yearn":37.94986}