{"stakedao":41.097016910964626,"convex":14.8052207923776,"yearn":21.12097}