{"stakedao":45.8486971216297,"convex":30.9898112420016,"yearn":42.07279}