{"stakedao":48.36361908115677,"convex":14.8971604714992,"yearn":17.34652}