{"stakedao":39.74323913683058,"convex":15.608207387592,"yearn":35.25817}