{"stakedao":48.935583701221034,"convex":29.491780355380797,"yearn":35.10859}