{"stakedao":40.135716710015714,"convex":13.152390719356799,"yearn":17.84107}