{"stakedao":39.31063110289851,"convex":16.3816845650064,"yearn":27.95499}