{"stakedao":44.58579927186017,"convex":22.1030175208608,"yearn":45.45915}