{"stakedao":43.40974745325606,"convex":13.251591802152,"yearn":15.37061}