{"stakedao":49.39419706998332,"convex":22.7361348087408,"yearn":34.56538}