{"stakedao":42.429020780680816,"convex":21.0542342958864,"yearn":33.43736}