{"stakedao":52.51560059293244,"convex":17.5230939447504,"yearn":18.82763}