{"stakedao":39.323196131962014,"convex":15.721906714344001,"yearn":24.52}