{"stakedao":52.65241325805951,"convex":11.288921147236799,"yearn":16.52467}