{"stakedao":65.47077240711636,"convex":19.637462507443203,"yearn":39.84505}