{"stakedao":40.625727133170635,"convex":17.2002494396448,"yearn":30.87309}