{"stakedao":56.944333993918875,"convex":12.2590428975072,"yearn":24.26834}