{"stakedao":66.13139781148931,"convex":20.1408299249328,"yearn":31.68482}