{"stakedao":54.4755883657277,"convex":11.4195458262672,"yearn":18.27048}