{"stakedao":48.19459358781964,"convex":26.034832547078402,"yearn":27.61648}