{"stakedao":41.54212585094981,"convex":20.699793680011204,"yearn":29.68893}