{"stakedao":57.56110072084757,"convex":12.2701696939296,"yearn":24.00292}