{"stakedao":40.87785830494193,"convex":19.8377991480384,"yearn":26.96159}