{"stakedao":58.89294023364285,"convex":16.9582590095616,"yearn":36.12213}