{"stakedao":42.636411275689596,"convex":12.1985923306608,"yearn":18.47197}