{"stakedao":38.98828060339047,"convex":16.0584627884256,"yearn":27.64107}