{"stakedao":39.66054032644267,"convex":15.772190560444798,"yearn":32.58357}