{"stakedao":54.60217102096671,"convex":11.4179610823488,"yearn":18.36915}