{"stakedao":53.26556360988991,"convex":24.1588703259936,"yearn":38.1862}