{"stakedao":42.34227029400817,"convex":12.415009130352,"yearn":17.39775}