{"stakedao":41.746657616657735,"convex":20.6936631919872,"yearn":25.56117}