{"stakedao":42.28500265217832,"convex":13.1821306842384,"yearn":16.44061}