{"stakedao":40.87273643049853,"convex":17.215310471903997,"yearn":31.79616}