{"stakedao":37.37786686755064,"convex":15.4066043432304,"yearn":28.63171}