{"stakedao":52.53740694279682,"convex":11.2838088620448,"yearn":17.08614}