{"stakedao":41.04009542693529,"convex":13.260895704244799,"yearn":15.39483}