{"stakedao":47.58886098475028,"convex":11.375194488336,"yearn":30.66085}