{"stakedao":53.09777244031676,"convex":15.7719577301568,"yearn":23.58357}