{"stakedao":46.49021166792805,"convex":28.342667194416002,"yearn":31.56903}