{"stakedao":49.168641128295135,"convex":21.788733188592,"yearn":40.69164}