{"stakedao":47.766162967777035,"convex":13.048092617947201,"yearn":23.95167}