{"stakedao":42.25143141141728,"convex":22.983146779176,"yearn":29.43448}