{"stakedao":28.971688146115888,"convex":15.779015972611198,"yearn":24.41463}