{"stakedao":52.351777227568995,"convex":14.6788332776928,"yearn":30.95609}