{"stakedao":55.94644554744616,"convex":12.6158889596256,"yearn":25.6449}