{"stakedao":49.080008588622995,"convex":21.834899968896,"yearn":38.91409}