{"stakedao":37.49949218316943,"convex":15.3655106141808,"yearn":26.73249}