{"stakedao":44.83433518221821,"convex":20.458801440014398,"yearn":48.014}