{"stakedao":46.620514302479066,"convex":14.323592322288,"yearn":18.40058}