{"stakedao":44.33444178432558,"convex":23.2338769859232,"yearn":35.58527}