{"stakedao":40.658749764762604,"convex":17.08985225376,"yearn":30.72297}