{"stakedao":42.56024232492127,"convex":20.6861894911152,"yearn":29.45413}