{"stakedao":72.68300509403144,"convex":20.3305302737424,"yearn":32.51147}