{"stakedao":42.41496476426893,"convex":22.0987817882496,"yearn":25.94319}