{"stakedao":53.420570429599024,"convex":27.8172886517712,"yearn":28.52511}