{"stakedao":53.90026598657002,"convex":15.9144481003968,"yearn":23.45442}