{"stakedao":50.29956123099885,"convex":22.6577893373712,"yearn":29.97243}