{"stakedao":55.729973243828425,"convex":12.0122018774208,"yearn":15.84199}