{"stakedao":45.74712237866065,"convex":10.616596862961602,"yearn":24.92745}