{"stakedao":43.888081329808486,"convex":12.375340491067199,"yearn":19.63241}