{"stakedao":45.945873615174996,"convex":10.6186213322496,"yearn":26.00532}