{"stakedao":52.96124239425255,"convex":27.998037497520002,"yearn":31.06704}