{"stakedao":46.923347546929826,"convex":13.2601559737536,"yearn":26.55584}