{"stakedao":43.36242385331055,"convex":25.1326892812176,"yearn":28.51676}