{"stakedao":39.05698333690793,"convex":18.0395631574272,"yearn":29.43448}