{"stakedao":52.397660263254885,"convex":14.6788847696736,"yearn":30.95609}