{"stakedao":58.04976652187477,"convex":24.3474289675344,"yearn":38.2599}