{"stakedao":44.99192262000051,"convex":21.754340973071997,"yearn":50.20835}