{"stakedao":55.71637824303285,"convex":10.5333373763856,"yearn":16.60214}