{"stakedao":41.42010341244713,"convex":13.8504580548768,"yearn":21.46221}