{"stakedao":45.293660915405795,"convex":20.4648405524784,"yearn":48.34673}