{"stakedao":45.183369738275545,"convex":13.9960610409312,"yearn":18.94503}