{"stakedao":54.26300602356057,"convex":10.4409915703488,"yearn":15.85341}