{"stakedao":44.21709501331621,"convex":23.300577830289598,"yearn":31.56206}