{"stakedao":39.36930200924255,"convex":15.7402312022592,"yearn":24.66142}