{"stakedao":43.1469506721607,"convex":26.5445445410352,"yearn":25.84513}