{"stakedao":39.33596937636649,"convex":15.519626970494402,"yearn":30.90194}