{"stakedao":56.172500533347105,"convex":11.214827731512,"yearn":15.46442}