{"stakedao":42.43090964613188,"convex":13.1915606577984,"yearn":15.59361}