{"stakedao":42.81716533172465,"convex":15.540100835486399,"yearn":17.68295}