{"stakedao":49.224231540336135,"convex":10.7552805226416,"yearn":36.72428}