{"stakedao":37.685482217987754,"convex":14.1065976033216,"yearn":25.42897}