{"stakedao":55.37219457627227,"convex":10.5292593647712,"yearn":16.47145}