{"stakedao":41.18545882156478,"convex":21.0327465894912,"yearn":23.7881}