{"stakedao":44.114686645374725,"convex":12.355659917308799,"yearn":18.30808}