{"stakedao":40.492070450490125,"convex":17.176322007374402,"yearn":30.40934}