{"stakedao":46.20741705303964,"convex":28.3469604991488,"yearn":30.48247}