{"stakedao":54.390647373583,"convex":11.8868480875872,"yearn":27.18562}