{"stakedao":59.14722037877183,"convex":16.927597692057603,"yearn":36.1636}