{"stakedao":70.56354797768061,"convex":20.2877467953552,"yearn":30.90979}