{"stakedao":40.625878439085355,"convex":13.6485606976416,"yearn":16.2994}