{"stakedao":55.63625353634986,"convex":10.5333373763856,"yearn":16.57965}