{"stakedao":39.0894086931244,"convex":16.322491483545598,"yearn":27.95499}