{"stakedao":52.82760090524132,"convex":17.1972107852112,"yearn":38.10392}