{"stakedao":42.08622681498721,"convex":20.6494053614496,"yearn":28.88647}