{"stakedao":55.395060522286,"convex":10.5340518654624,"yearn":21.92868}