{"stakedao":67.83452635223478,"convex":24.1937079559776,"yearn":36.05054}