{"stakedao":53.17249393810368,"convex":16.597897872350398,"yearn":38.31004}