{"stakedao":41.38758312224155,"convex":18.1477755796896,"yearn":32.01086}