{"stakedao":43.32451128188286,"convex":15.291763842167999,"yearn":15.23154}