{"stakedao":44.15101602800555,"convex":22.510500821496002,"yearn":31.39309}