{"stakedao":67.67031031412736,"convex":21.2016698042112,"yearn":31.68482}