{"stakedao":64.22478808455637,"convex":18.4912206488208,"yearn":30.01492}