{"stakedao":41.45780810600424,"convex":18.152751370766403,"yearn":31.79356}