{"stakedao":45.636424480414895,"convex":13.221742158216,"yearn":25.01082}