{"stakedao":40.88434709648611,"convex":20.9118194701344,"yearn":26.0504}