{"stakedao":41.692096293171225,"convex":13.7999901268368,"yearn":15.66792}