{"stakedao":45.777321560979296,"convex":21.812575145688,"yearn":43.40256}