{"stakedao":41.34064073486442,"convex":14.8051987676352,"yearn":21.17366}