{"stakedao":44.41790282249541,"convex":23.2999614024048,"yearn":31.76844}