{"stakedao":41.575925322035786,"convex":20.758912888392,"yearn":27.8876}