{"stakedao":52.2931330593319,"convex":10.9645849893312,"yearn":17.76122}