{"stakedao":41.51474420581076,"convex":18.076846133001602,"yearn":32.24646}