{"stakedao":42.34358504542344,"convex":12.415009130352,"yearn":17.46297}