{"stakedao":53.004093127143676,"convex":15.765428431569601,"yearn":23.52132}