{"stakedao":53.13675236889649,"convex":27.9980597524752,"yearn":31.33575}