{"stakedao":43.45149354251737,"convex":12.367299703535998,"yearn":20.42754}