{"stakedao":57.0231406974467,"convex":11.034259911864,"yearn":16.46598}