{"stakedao":47.735969234645935,"convex":29.2231329292368,"yearn":36.32966}