{"stakedao":50.58930862054361,"convex":13.492053486791999,"yearn":17.67322}