{"stakedao":43.304890476536,"convex":19.5565119574896,"yearn":43.16095}