{"stakedao":44.26436177168442,"convex":23.771557933459203,"yearn":33.91723}