{"stakedao":65.22981471084253,"convex":20.2450385397888,"yearn":41.55229}