{"stakedao":42.55477781666141,"convex":23.081870873664002,"yearn":29.43448}