{"stakedao":42.45653171435287,"convex":23.1139789461648,"yearn":29.43448}