{"stakedao":63.074686096997695,"convex":20.0233099424016,"yearn":39.5244}