{"stakedao":42.48635935322637,"convex":16.458138664776,"yearn":18.08966}