{"stakedao":42.300157583924175,"convex":13.273377864336,"yearn":19.13259}