{"stakedao":47.533043316644715,"convex":10.1887195212576,"yearn":18.45925}