{"stakedao":44.497155545309305,"convex":14.806476710424,"yearn":18.73508}