{"stakedao":46.4014666055033,"convex":28.3945333277808,"yearn":29.89899}