{"stakedao":52.713638693798785,"convex":17.0131665851424,"yearn":36.84581}