{"stakedao":49.88317074102736,"convex":16.7720018684544,"yearn":19.65905}