{"stakedao":56.44740414129048,"convex":11.3853647758032,"yearn":14.51414}