{"stakedao":54.604667861176054,"convex":12.20962235256,"yearn":16.26496}