{"stakedao":49.04319973510099,"convex":21.075970912776,"yearn":42.19701}