{"stakedao":42.45700575684295,"convex":20.692261678536,"yearn":31.35115}