{"stakedao":39.73021399949486,"convex":15.605602873502399,"yearn":34.32929}