{"stakedao":45.82530777539292,"convex":10.618637182243202,"yearn":25.43157}