{"stakedao":39.64437107874497,"convex":15.4323867924,"yearn":25.60773}