{"stakedao":39.1947117232583,"convex":16.064493461856,"yearn":26.79239}