{"stakedao":40.78768021173526,"convex":17.2007577526608,"yearn":31.2259}