{"stakedao":54.571407649754285,"convex":10.578927208723199,"yearn":15.07777}