{"stakedao":39.193750438673064,"convex":16.064757402408,"yearn":26.79239}