{"stakedao":39.47288360085061,"convex":15.7214389660848,"yearn":26.79239}