{"stakedao":51.23176368528563,"convex":24.8856396410304,"yearn":38.52887}