{"stakedao":52.004652759745554,"convex":15.9255046882224,"yearn":25.7105}