{"stakedao":42.64594498121619,"convex":24.9295818876624,"yearn":0}