{"stakedao":49.54628898844167,"convex":22.707287277969602,"yearn":34.56538}