{"stakedao":67.81099474594566,"convex":20.2530588982992,"yearn":31.68482}