{"stakedao":48.75529724964598,"convex":17.4433539199248,"yearn":19.11413}