{"stakedao":40.88562545587999,"convex":15.134019108220802,"yearn":20.61996}