{"stakedao":53.20413941061577,"convex":24.3500070418416,"yearn":37.38861}