{"stakedao":50.709751077989864,"convex":13.492062553392,"yearn":17.6968}