{"stakedao":42.5170283356016,"convex":20.66550563736,"yearn":30.82362}