{"stakedao":47.304421577711544,"convex":31.413520842710398,"yearn":28.01977}