{"stakedao":47.60781940154699,"convex":10.1890343451456,"yearn":20.39831}