{"stakedao":41.33289322699623,"convex":21.520674817084803,"yearn":26.27595}