{"stakedao":49.75092314948502,"convex":31.2196215322656,"yearn":26.86503}