{"stakedao":40.75813467106632,"convex":16.525691410032,"yearn":33.78355}