{"stakedao":44.24636457523533,"convex":12.343194461836799,"yearn":19.25033}