{"stakedao":45.46933307585238,"convex":22.022089140715202,"yearn":40.69485}