{"stakedao":42.2444976475024,"convex":15.369297226848001,"yearn":19.31749}