{"stakedao":40.55497927750628,"convex":13.1765224449888,"yearn":18.74012}