{"stakedao":39.38191105214599,"convex":15.7363306405632,"yearn":24.95634}