{"stakedao":39.419573205256256,"convex":15.7233652007328,"yearn":26.79239}