{"stakedao":41.92435717041377,"convex":13.1766941522016,"yearn":15.95773}