{"stakedao":42.74496208986205,"convex":25.2180323418528,"yearn":27.60321}