{"stakedao":45.27814256470886,"convex":20.4648405524784,"yearn":48.34673}