{"stakedao":53.25850075809319,"convex":25.756438056048,"yearn":33.31772}