{"stakedao":53.256800330080154,"convex":11.389537445875199,"yearn":17.01983}