{"stakedao":56.95743253552518,"convex":11.6174824038144,"yearn":14.6719}