{"stakedao":46.26271193998515,"convex":12.097608448406397,"yearn":23.54478}