{"stakedao":39.4882873928093,"convex":15.524160696230403,"yearn":30.90194}