{"stakedao":46.22501899662237,"convex":28.341711215265597,"yearn":30.82277}