{"stakedao":56.71733853999159,"convex":11.0186947703376,"yearn":16.14366}