{"stakedao":53.78846066305755,"convex":9.7152833754864,"yearn":19.42937}