{"stakedao":40.97167307155091,"convex":20.8437487113888,"yearn":26.4946}