{"stakedao":39.34325591040199,"convex":15.719033519841599,"yearn":26.79239}