{"stakedao":43.49772770524723,"convex":26.491061528567997,"yearn":26.89067}