{"stakedao":40.626224588618854,"convex":19.1091995970912,"yearn":28.76108}