{"stakedao":51.55004310475361,"convex":24.8860461085344,"yearn":38.52887}