{"stakedao":41.50986926837122,"convex":15.030775523347199,"yearn":14.94948}