{"stakedao":45.719933146673604,"convex":22.966153876785597,"yearn":32.59899}