{"stakedao":54.68988200391634,"convex":11.342018767708801,"yearn":22.1919}