{"stakedao":57.02710035211688,"convex":12.272930002166401,"yearn":23.30211}