{"stakedao":41.161863645496794,"convex":21.706795189713603,"yearn":26.71474}