{"stakedao":43.345066458170734,"convex":19.5615745482528,"yearn":43.62882}