{"stakedao":56.622549477994355,"convex":12.2896641642912,"yearn":23.7382}