{"stakedao":28.94187059124564,"convex":15.8646676066992,"yearn":25.81229}