{"stakedao":54.679620084359996,"convex":12.1787226765072,"yearn":16.17775}