{"stakedao":43.10080151695957,"convex":14.1765851989872,"yearn":17.07076}