{"stakedao":67.51651637282978,"convex":18.4538310878736,"yearn":30.31846}