{"stakedao":47.62685257736278,"convex":22.3603276887792,"yearn":39.09962}