{"stakedao":40.26991653715525,"convex":16.241616288863998,"yearn":34.69315}