{"stakedao":45.75826461591089,"convex":31.016545848158398,"yearn":40.53155}