{"stakedao":44.207373014053125,"convex":19.576087642512,"yearn":42.70033}