{"stakedao":38.895807033727664,"convex":16.423890057892798,"yearn":29.43448}