{"stakedao":51.94370924950832,"convex":10.9645849893312,"yearn":17.73905}