{"stakedao":39.35381422506209,"convex":15.519626970494402,"yearn":31.19688}