{"stakedao":42.36732716353631,"convex":12.4141363431696,"yearn":19.2613}