{"stakedao":47.374675816909274,"convex":10.1868352168752,"yearn":18.87376}