{"stakedao":56.2810003146834,"convex":11.219136678100801,"yearn":15.61552}