{"stakedao":41.54102418345123,"convex":22.1108363769456,"yearn":25.7502}