{"stakedao":52.338486352143484,"convex":22.861598050569597,"yearn":42.19701}