{"stakedao":48.878948771109975,"convex":21.832349387673602,"yearn":39.08037}