{"stakedao":66.64504734099259,"convex":18.4291865616528,"yearn":30.71945}