{"stakedao":39.34792055099849,"convex":16.0591901252688,"yearn":26.79239}