{"stakedao":48.68977763764787,"convex":29.322086091768,"yearn":37.03491}