{"stakedao":55.404111357111766,"convex":10.4267062448496,"yearn":16.14849}