{"stakedao":56.365368643646875,"convex":12.378850075742399,"yearn":14.21103}