{"stakedao":43.23767286403401,"convex":13.725615536136,"yearn":17.55068}