{"stakedao":46.04048411464564,"convex":10.6200085725072,"yearn":25.39785}