{"stakedao":56.73164607728811,"convex":30.4987697867952,"yearn":41.20486}