{"stakedao":54.80736391097275,"convex":11.318662171727999,"yearn":15.45908}