{"stakedao":39.27498226062799,"convex":15.7720121549856,"yearn":26.79239}