{"stakedao":50.721288023599875,"convex":22.8491411003568,"yearn":34.56538}