{"stakedao":40.79141167123313,"convex":16.689837472632,"yearn":34.57021}