{"stakedao":45.381841742800205,"convex":13.221742158216,"yearn":25.01082}