{"stakedao":41.06278141379859,"convex":19.8361382509872,"yearn":27.1531}