{"stakedao":48.28370029583627,"convex":10.9951590372624,"yearn":36.03631}