{"stakedao":55.80551293147287,"convex":13.712660802777599,"yearn":18.35632}