{"stakedao":41.238247532796336,"convex":20.925889540358398,"yearn":23.3154}