{"stakedao":53.41411895540726,"convex":25.499736236491202,"yearn":33.62843}