{"stakedao":52.9747574662785,"convex":14.1417401769648,"yearn":22.56667}