{"stakedao":55.268319047907326,"convex":12.265892100432001,"yearn":26.27511}