{"stakedao":46.916131457407396,"convex":11.165928943377601,"yearn":31.93773}