{"stakedao":42.57165422141712,"convex":20.7239745229632,"yearn":32.03707}