{"stakedao":39.447896174822844,"convex":16.894004482094402,"yearn":26.44965}