{"stakedao":54.11966611611807,"convex":12.265811737243201,"yearn":27.03388}