{"stakedao":64.29217849326672,"convex":17.39532311604,"yearn":33.85036}