{"stakedao":58.181249211969686,"convex":30.7383232094064,"yearn":40.23569}