{"stakedao":49.413602094618696,"convex":21.8544084916992,"yearn":41.1357}