{"stakedao":44.32508378563079,"convex":23.30141838768,"yearn":31.66531}