{"stakedao":45.685212307271726,"convex":22.953990772713603,"yearn":33.32808}