{"stakedao":45.61327149503042,"convex":31.083950285913602,"yearn":48.58924}