{"stakedao":56.620278426451414,"convex":11.6037738307584,"yearn":14.09149}