{"stakedao":45.958120513039056,"convex":20.1493402362,"yearn":42.18607}