{"stakedao":41.89463775927516,"convex":13.176046305,"yearn":15.95773}