{"stakedao":55.4828842007487,"convex":11.011503398659201,"yearn":15.69108}