{"stakedao":51.42474593924794,"convex":13.801597715433601,"yearn":27.9006}