{"stakedao":41.08307401437548,"convex":21.705904477468803,"yearn":26.38488}