{"stakedao":39.47573369053568,"convex":15.7211609604768,"yearn":32.85278}