{"stakedao":42.51082712118612,"convex":22.8291334036704,"yearn":29.43448}