{"stakedao":42.88687257651274,"convex":13.272509315592,"yearn":17.05582}