{"stakedao":52.4802637359781,"convex":11.930951114208,"yearn":24.90277}