{"stakedao":40.5884230673855,"convex":16.4567170881216,"yearn":33.57609}