{"stakedao":40.88196235136677,"convex":15.76965973968,"yearn":20.09998}