{"stakedao":45.04558857730714,"convex":9.244272751775998,"yearn":25.41301}