{"stakedao":53.746031690497574,"convex":15.9169404062448,"yearn":23.29554}