{"stakedao":49.262350901066895,"convex":21.834899968896,"yearn":38.85816}