{"stakedao":47.90913366695695,"convex":11.3748797874384,"yearn":31.2208}