{"stakedao":48.70103477303877,"convex":12.202447139928001,"yearn":22.76239}