{"stakedao":45.535197217205514,"convex":10.618195066444802,"yearn":25.33559}