{"stakedao":41.869482481267184,"convex":17.4976683758784,"yearn":33.63492}