{"stakedao":52.84271718044818,"convex":24.240938606395197,"yearn":37.72984}