{"stakedao":42.697887167563835,"convex":15.2841937294368,"yearn":19.89198}