{"stakedao":49.167137487892425,"convex":22.891926486672,"yearn":34.08586}