{"stakedao":47.60504750489867,"convex":22.4064819240624,"yearn":38.54384}