{"stakedao":45.983306221434255,"convex":21.814006981003203,"yearn":39.76311}