{"stakedao":73.69188656704893,"convex":24.487076461982397,"yearn":42.779}