{"stakedao":43.133603337704386,"convex":22.3196032841328,"yearn":28.11904}