{"stakedao":52.283829234797935,"convex":28.2039994383408,"yearn":29.04551}