{"stakedao":42.61573613439693,"convex":12.1303675248624,"yearn":21.6434}