{"stakedao":40.65519028684743,"convex":17.237292167664002,"yearn":31.84302}