{"stakedao":41.47577000044488,"convex":20.7009534605616,"yearn":25.62329}