{"stakedao":75.12262606621175,"convex":24.5782179397152,"yearn":41.67961}