{"stakedao":49.47419037358117,"convex":17.445879202968,"yearn":19.21788}