{"stakedao":41.31811229929038,"convex":14.7462962872608,"yearn":21.20383}