{"stakedao":42.625437117692975,"convex":21.086985456806396,"yearn":32.71028}