{"stakedao":55.38803667124714,"convex":10.4150625544656,"yearn":15.77732}