{"stakedao":37.52388435346316,"convex":24.44966858808,"yearn":29.125}