{"stakedao":51.45536649147363,"convex":13.837612625294401,"yearn":27.9006}