{"stakedao":52.18276404748327,"convex":10.9682216451648,"yearn":17.48472}