{"stakedao":65.86835479819133,"convex":19.082811161606397,"yearn":32.46626}