{"stakedao":53.0360649179825,"convex":15.938342514475199,"yearn":24.14969}