{"stakedao":61.6302871680177,"convex":18.816696618681597,"yearn":49.05187}