{"stakedao":46.492642074082724,"convex":28.3695158063664,"yearn":31.98738}