{"stakedao":39.95772876046408,"convex":16.43413264164,"yearn":19.62973}