{"stakedao":51.623381397194436,"convex":17.57123344692,"yearn":18.5252}