{"stakedao":45.020555330902496,"convex":9.0126450828288,"yearn":26.97575}