{"stakedao":42.393943276667535,"convex":23.5209868384464,"yearn":29.43448}