{"stakedao":45.10555381169557,"convex":11.6174277992304,"yearn":25.52931}