{"stakedao":54.69747529604186,"convex":10.3441074563952,"yearn":15.96725}