{"stakedao":39.38647937696699,"convex":15.7394999423376,"yearn":24.66142}