{"stakedao":43.21611681625619,"convex":25.1188084269936,"yearn":27.56312}