{"stakedao":42.46072668405812,"convex":13.2729433960176,"yearn":18.7682}