{"stakedao":41.96539902715209,"convex":14.2364617065648,"yearn":17.20916}