{"stakedao":55.529690700754315,"convex":10.1870085229632,"yearn":21.26144}