{"stakedao":40.547908582256625,"convex":20.2055203871424,"yearn":27.06989}