{"stakedao":45.65898713952828,"convex":21.814006981003203,"yearn":39.61402}