{"stakedao":46.45794212928863,"convex":28.5352022070432,"yearn":32.17373}