{"stakedao":42.3372263947099,"convex":13.7948684912208,"yearn":16.2806}