{"stakedao":51.762928152304454,"convex":11.9944572797808,"yearn":25.08296}