{"stakedao":49.05145577607619,"convex":29.4479951769504,"yearn":35.25838}