{"stakedao":71.43039841072434,"convex":21.204080293060805,"yearn":31.69428}