{"stakedao":37.5138360594124,"convex":15.3654125656032,"yearn":26.26615}