{"stakedao":38.749946931753186,"convex":16.421029572398403,"yearn":27.95499}