{"stakedao":47.64177509929816,"convex":22.414861985342398,"yearn":38.57875}