{"stakedao":51.247998499571786,"convex":13.889536794360001,"yearn":26.87601}