{"stakedao":45.59498964002962,"convex":23.072060213280004,"yearn":37.90028}