{"stakedao":46.93613139620059,"convex":31.397194232928,"yearn":27.79823}