{"stakedao":47.646194390150306,"convex":22.3999767883584,"yearn":38.46508}