{"stakedao":45.75396348801118,"convex":31.016545848158398,"yearn":40.53155}