{"stakedao":72.88070031304783,"convex":20.315952262627203,"yearn":32.51147}