{"stakedao":43.90376715069503,"convex":12.375340491067199,"yearn":19.63241}