{"stakedao":47.359476273221546,"convex":12.1080549786192,"yearn":23.78283}