{"stakedao":46.330442271345326,"convex":28.3408741804464,"yearn":31.75492}