{"stakedao":63.38853708803771,"convex":19.5895281847968,"yearn":42.33735}