{"stakedao":39.320464752776964,"convex":16.8868526281776,"yearn":26.38992}