{"stakedao":44.041755479345476,"convex":22.502378437718402,"yearn":31.02174}