{"stakedao":48.13248869041298,"convex":28.005170865033598,"yearn":27.36074}