{"stakedao":42.41916342496051,"convex":20.66550563736,"yearn":30.87619}