{"stakedao":55.631946635864246,"convex":11.4018608064384,"yearn":16.36953}