{"stakedao":42.3176781251203,"convex":13.2731214009696,"yearn":19.13259}