{"stakedao":44.9562239095704,"convex":22.1172033755088,"yearn":43.95104}