{"stakedao":43.73669591310643,"convex":12.341226874032,"yearn":19.17771}