{"stakedao":49.095726421908,"convex":22.410053874331197,"yearn":34.56538}