{"stakedao":54.42101299382601,"convex":11.7224221745232,"yearn":16.39641}