{"stakedao":56.45510147108246,"convex":31.040410331419203,"yearn":46.86373}