{"stakedao":40.753480984152844,"convex":18.877433800464004,"yearn":29.24838}