{"stakedao":39.01646758831344,"convex":16.0558255178928,"yearn":27.64107}