{"stakedao":44.881586232498094,"convex":22.7002346646912,"yearn":47.52357}