{"stakedao":52.51286028476753,"convex":11.381998396103999,"yearn":15.84442}