{"stakedao":43.34660197148965,"convex":23.664567938011196,"yearn":30.86059}