{"stakedao":56.44764112158111,"convex":11.0116434027312,"yearn":16.14366}