{"stakedao":45.436572814361156,"convex":21.814006981003203,"yearn":39.41599}