{"stakedao":44.098398078123004,"convex":23.7706183151856,"yearn":33.15373}