{"stakedao":46.242370520035706,"convex":20.2781051111664,"yearn":41.9347}