{"stakedao":48.350438665022324,"convex":11.0598247973232,"yearn":19.73708}