{"stakedao":37.619761909052905,"convex":24.334624805961596,"yearn":30.0381}