{"stakedao":46.42012404675056,"convex":12.1952345918256,"yearn":22.37229}