{"stakedao":43.29817003734578,"convex":25.133007911500798,"yearn":28.58479}