{"stakedao":44.13361526569722,"convex":23.7413820779856,"yearn":32.88841}