{"stakedao":38.62447409996566,"convex":16.4775229325856,"yearn":29.43448}