{"stakedao":39.56860427387558,"convex":15.683991861398399,"yearn":25.60773}