{"stakedao":46.60867637703864,"convex":28.3783328840736,"yearn":30.94568}