{"stakedao":43.3107190486958,"convex":25.1139456136368,"yearn":28.3469}