{"stakedao":54.96672805336855,"convex":10.414810531368,"yearn":15.89738}