{"stakedao":40.951161232071094,"convex":17.240179130784,"yearn":32.02178}