{"stakedao":42.08117786909315,"convex":20.6575056038016,"yearn":28.40787}