{"stakedao":37.543601206408816,"convex":24.315383916575996,"yearn":29.45296}