{"stakedao":64.18355356017828,"convex":20.245091539190398,"yearn":46.35322}