{"stakedao":45.621161703459144,"convex":22.9542680435328,"yearn":32.6444}