{"stakedao":37.579582420370706,"convex":14.0585629835808,"yearn":25.19585}