{"stakedao":46.48273624050524,"convex":12.204872589456,"yearn":24.95035}