{"stakedao":51.42733627514865,"convex":13.7582641167552,"yearn":16.86168}