{"stakedao":41.3264932873295,"convex":18.1303191422496,"yearn":32.1195}