{"stakedao":34.12526495082819,"convex":16.4210234670288,"yearn":27.95499}