{"stakedao":38.99762454587775,"convex":15.9690189377232,"yearn":27.79331}