{"stakedao":62.78609544320228,"convex":19.725528380011202,"yearn":41.91583}