{"stakedao":57.142696973076255,"convex":12.2486443240896,"yearn":24.34829}