{"stakedao":40.71765926524545,"convex":18.877433800464004,"yearn":29.24838}