{"stakedao":42.98728917284262,"convex":13.2757485263712,"yearn":16.87756}