{"stakedao":45.565338656166915,"convex":31.090096958212797,"yearn":41.18909}