{"stakedao":39.21876710290408,"convex":16.2631136894256,"yearn":27.95499}