{"stakedao":66.09814491154364,"convex":19.520012976335998,"yearn":41.55229}