{"stakedao":52.713407157185216,"convex":14.640337840679999,"yearn":31.13857}