{"stakedao":41.32488955660116,"convex":14.743911389875201,"yearn":20.87031}