{"stakedao":52.255296321498285,"convex":13.8866208212736,"yearn":27.10501}