{"stakedao":52.140152890212605,"convex":13.7609684139024,"yearn":27.9006}