{"stakedao":42.990370670069765,"convex":14.7634453527696,"yearn":18.91298}