{"stakedao":42.027087672600224,"convex":13.176132792479999,"yearn":15.76077}