{"stakedao":62.27816594743073,"convex":19.1122562995776,"yearn":47.32306}