{"stakedao":57.46641086125267,"convex":11.033460016992,"yearn":17.18927}