{"stakedao":52.311894917888075,"convex":11.9323815051744,"yearn":24.88641}