{"stakedao":44.7594077230851,"convex":23.230610376667197,"yearn":36.68947}