{"stakedao":52.96491362592489,"convex":15.938462726553599,"yearn":24.08278}