{"stakedao":46.42489998111386,"convex":21.6089016588576,"yearn":42.19701}