{"stakedao":52.954887442018666,"convex":27.011703559536,"yearn":29.45071}