{"stakedao":42.81621418325834,"convex":15.3111833861472,"yearn":14.71452}