{"stakedao":37.52942157125095,"convex":15.356491958361602,"yearn":26.17088}