{"stakedao":43.394223648857604,"convex":25.1141505471792,"yearn":28.14258}