{"stakedao":45.85291242357221,"convex":20.5178927548032,"yearn":44.71422}