{"stakedao":39.06380003700159,"convex":18.0939005053632,"yearn":29.43448}