{"stakedao":42.62728157181817,"convex":16.45813981584,"yearn":18.08966}