{"stakedao":56.91941546283121,"convex":12.061487325297598,"yearn":14.78571}