{"stakedao":51.13370726200955,"convex":25.2099489554928,"yearn":31.19222}