{"stakedao":52.09866678363456,"convex":14.8029626917872,"yearn":30.95609}