{"stakedao":45.68399315985289,"convex":21.656450529590398,"yearn":42.74997}