{"stakedao":54.36069731389496,"convex":12.260317954752,"yearn":27.13508}