{"stakedao":49.339945042342734,"convex":17.5230591700032,"yearn":18.28941}