{"stakedao":63.51720890221268,"convex":18.620675231875197,"yearn":47.52944}