{"stakedao":43.94818498956243,"convex":13.2498444144672,"yearn":15.28706}