{"stakedao":50.62253198970868,"convex":12.171618025675201,"yearn":25.32795}