{"stakedao":41.33892969104414,"convex":20.6843999145696,"yearn":23.98802}