{"stakedao":69.07372009814944,"convex":24.3502081374528,"yearn":34.65147}