{"stakedao":43.50177204003285,"convex":19.5329564355744,"yearn":41.88601}