{"stakedao":46.18713718432322,"convex":8.9924407875648,"yearn":28.34925}