{"stakedao":40.68377745977669,"convex":19.094880026649598,"yearn":28.96478}