{"stakedao":39.20691604109852,"convex":16.4724948012096,"yearn":26.53743}