{"stakedao":39.59008884818628,"convex":15.7540323555504,"yearn":32.22133}