{"stakedao":39.359690457502275,"convex":15.721906714344001,"yearn":24.52}