{"stakedao":41.6990402397395,"convex":20.6940529044144,"yearn":25.84878}