{"stakedao":39.757255617506466,"convex":15.60452360436,"yearn":34.95954}