{"stakedao":71.61510688611517,"convex":24.3460133764128,"yearn":43.73023}