{"stakedao":45.842699745472416,"convex":22.955382131572797,"yearn":32.87205}