{"stakedao":42.48616032286485,"convex":13.2640798594752,"yearn":17.53963}