{"stakedao":54.87049132992513,"convex":11.30884523568,"yearn":15.68395}