{"stakedao":57.88052207516784,"convex":17.001973452744,"yearn":36.80016}