{"stakedao":40.78786464496306,"convex":19.982552380804798,"yearn":29.28887}