{"stakedao":49.494584821696236,"convex":31.1690420235504,"yearn":27.31743}