{"stakedao":54.550167489474624,"convex":9.79887877092,"yearn":19.90289}