{"stakedao":52.88269590602833,"convex":26.9841673271808,"yearn":28.45663}