{"stakedao":44.27700910967721,"convex":23.8668306965712,"yearn":34.43807}