{"stakedao":55.32170687394823,"convex":10.53384346296,"yearn":21.97515}