{"stakedao":65.59764724117787,"convex":19.613841598785598,"yearn":40.53707}