{"stakedao":45.77416767353179,"convex":8.991379629547199,"yearn":27.48784}