{"stakedao":54.495287121550035,"convex":12.241570556462399,"yearn":16.29762}