{"stakedao":63.29418860984582,"convex":19.057915589904,"yearn":47.32306}