{"stakedao":42.46059963802999,"convex":13.221706588761599,"yearn":17.40696}