{"stakedao":43.45437931735712,"convex":26.6231314646352,"yearn":27.30821}