{"stakedao":41.331698638708104,"convex":14.743872953798402,"yearn":20.89596}