{"stakedao":78.81395679739381,"convex":21.0104225767584,"yearn":33.63023}