{"stakedao":52.91225340687819,"convex":11.744109371347202,"yearn":16.84658}