{"stakedao":42.47187084359048,"convex":22.974612516316803,"yearn":29.43448}