{"stakedao":46.1291784225712,"convex":28.378956454862397,"yearn":29.14611}