{"stakedao":52.737277257822,"convex":11.2925842901568,"yearn":16.10279}