{"stakedao":65.34727642637745,"convex":19.5668376259824,"yearn":41.55229}