{"stakedao":40.53577058320405,"convex":16.279333360632,"yearn":34.80754}