{"stakedao":43.484369261259644,"convex":19.548431390448,"yearn":44.35629}