{"stakedao":42.181180713266166,"convex":22.812400578671998,"yearn":29.43448}