{"stakedao":54.102851560846446,"convex":9.798942568248,"yearn":19.81478}