{"stakedao":47.83156434412227,"convex":11.37490085664,"yearn":31.15984}