{"stakedao":45.44753984960676,"convex":23.1158203205904,"yearn":37.49388}