{"stakedao":45.59796884034975,"convex":23.072060213280004,"yearn":32.69754}