{"stakedao":40.947245888291455,"convex":14.825370363220802,"yearn":20.89144}