{"stakedao":28.964098789698372,"convex":15.7431882194496,"yearn":25.81229}