{"stakedao":65.31713923695415,"convex":18.9326765532672,"yearn":43.56394}