{"stakedao":48.71316900194793,"convex":29.3398411341312,"yearn":36.816}