{"stakedao":56.48252925035593,"convex":13.334510961676802,"yearn":18.12971}