{"stakedao":56.28547912224674,"convex":30.9690649406592,"yearn":44.65678}