{"stakedao":63.50013924850532,"convex":17.4312120269664,"yearn":33.85036}