{"stakedao":49.47883190378742,"convex":22.33166249916,"yearn":38.62621}