{"stakedao":66.95429781535145,"convex":20.5841024417376,"yearn":42.87534}