{"stakedao":47.556856787725096,"convex":10.1884428149328,"yearn":17.76321}