{"stakedao":45.44251046451892,"convex":10.6070341007664,"yearn":27.85558}