{"stakedao":41.259071624461896,"convex":21.5168014078848,"yearn":25.68019}