{"stakedao":49.0783855548436,"convex":16.823781542721598,"yearn":19.9249}