{"stakedao":76.62379274897879,"convex":24.604305837119995,"yearn":41.67961}