{"stakedao":61.267664774890264,"convex":18.9553447435968,"yearn":47.64581}