{"stakedao":42.33327315070024,"convex":13.2754025291472,"yearn":18.81692}