{"stakedao":45.47639408538981,"convex":20.468238042441598,"yearn":47.14336}