{"stakedao":48.752054168757184,"convex":29.322086091768,"yearn":37.03491}