{"stakedao":43.39957894702424,"convex":16.445514441312,"yearn":18.82281}