{"stakedao":45.28402667785353,"convex":10.722497838336,"yearn":26.23792}