{"stakedao":39.09862215871765,"convex":16.312574433312,"yearn":27.95499}