{"stakedao":47.78544536449561,"convex":22.406403024143998,"yearn":38.07459}