{"stakedao":42.67278915495084,"convex":22.1951318242752,"yearn":26.46865}