{"stakedao":46.04042227694907,"convex":21.5742839609376,"yearn":42.19701}