{"stakedao":48.44553634470059,"convex":27.9329414445072,"yearn":27.15918}