{"stakedao":42.59542851279036,"convex":12.413610890337601,"yearn":17.46297}