{"stakedao":43.00964512033768,"convex":28.587713882328003,"yearn":27.91809}