{"stakedao":50.795064293014704,"convex":29.299036025707203,"yearn":37.72622}