{"stakedao":45.73568374001686,"convex":23.0718684649392,"yearn":37.85494}