{"stakedao":44.17640625159467,"convex":22.5250688199312,"yearn":30.74028}