{"stakedao":43.73910855792117,"convex":27.400362116688,"yearn":26.23494}