{"stakedao":45.757148310670075,"convex":22.042407615220803,"yearn":42.35065}