{"stakedao":42.96312232740251,"convex":15.8014526004,"yearn":16.77944}