{"stakedao":45.97616929587543,"convex":20.1493402362,"yearn":42.18607}