{"stakedao":40.8038776031929,"convex":4.8171203575920005,"yearn":19.97703}