{"stakedao":48.709304834028806,"convex":29.322146353910398,"yearn":33.7331}