{"stakedao":40.77102563870142,"convex":17.2350610776576,"yearn":31.30149}