{"stakedao":41.478551969309535,"convex":20.6905412730528,"yearn":23.50784}