{"stakedao":41.43251097194196,"convex":18.151973721388803,"yearn":31.84788}