{"stakedao":42.95705576163611,"convex":28.561066101086404,"yearn":26.98464}