{"stakedao":40.53826071278231,"convex":20.2058478790416,"yearn":28.49719}