{"stakedao":38.68972400185389,"convex":17.602160439456,"yearn":29.43448}