{"stakedao":42.521789375919276,"convex":21.541549592937603,"yearn":26.08583}