{"stakedao":64.32493746282542,"convex":20.2454999398512,"yearn":46.4643}