{"stakedao":41.117357126468725,"convex":21.7287526752864,"yearn":27.46526}