{"stakedao":53.09355086404488,"convex":11.282708230415999,"yearn":17.10068}