{"stakedao":39.48502603722591,"convex":15.723356622940798,"yearn":26.79239}