{"stakedao":42.21548641194342,"convex":15.5362642351056,"yearn":17.40208}