{"stakedao":45.64040984332313,"convex":14.345977521167999,"yearn":18.47641}