{"stakedao":62.38858399872193,"convex":19.1316514788432,"yearn":49.0982}