{"stakedao":43.14026206067796,"convex":15.8025643926192,"yearn":16.87677}