{"stakedao":40.81409333949591,"convex":20.8558016949024,"yearn":26.91101}