{"stakedao":54.48777157625639,"convex":12.2667870984192,"yearn":26.51774}