{"stakedao":57.55624375249971,"convex":11.0115732319776,"yearn":15.69262}