{"stakedao":45.24808194603875,"convex":13.217454466891201,"yearn":25.33422}