{"stakedao":41.51939025792361,"convex":13.8545202669552,"yearn":15.43413}