{"stakedao":46.607626060535196,"convex":12.202478376336,"yearn":25.08476}