{"stakedao":37.55085716521668,"convex":24.315383916575996,"yearn":29.47122}