{"stakedao":53.793634518407764,"convex":13.621491983332799,"yearn":32.69199}