{"stakedao":46.38391741842762,"convex":28.341745321449597,"yearn":30.62846}