{"stakedao":72.44944177408408,"convex":20.3443627012848,"yearn":32.51147}