{"stakedao":42.62841734822993,"convex":23.042726053646398,"yearn":29.43448}