{"stakedao":64.80109390322372,"convex":18.547831732896,"yearn":30.01492}