{"stakedao":40.58713131353906,"convex":17.0599998125808,"yearn":30.45913}