{"stakedao":51.92589813020929,"convex":21.2285087535312,"yearn":42.19701}