{"stakedao":53.414392430424996,"convex":14.153559109747203,"yearn":22.69994}