{"stakedao":52.72179241505653,"convex":17.1947765592144,"yearn":37.0972}