{"stakedao":40.79953204539744,"convex":17.2097650996704,"yearn":31.57037}