{"stakedao":38.706794194995645,"convex":16.44639439032,"yearn":29.43448}