{"stakedao":48.527976177931215,"convex":29.3398411341312,"yearn":36.68503}