{"stakedao":52.731592943534324,"convex":11.3543611160976,"yearn":22.37137}