{"stakedao":45.541687671543585,"convex":20.951687202494398,"yearn":43.35964}