{"stakedao":42.45021398357338,"convex":13.2190464262464,"yearn":16.36942}