{"stakedao":41.07450724344647,"convex":19.816413955718403,"yearn":26.49661}