{"stakedao":67.56088879946928,"convex":23.562156455726402,"yearn":36.31608}