{"stakedao":38.7077060677457,"convex":16.421544375523197,"yearn":27.95499}