{"stakedao":39.63829261184443,"convex":15.6046388179824,"yearn":35.8189}