{"stakedao":63.91904147451466,"convex":17.3333788970112,"yearn":33.85036}