{"stakedao":44.17018179492325,"convex":22.507478524785597,"yearn":31.39309}