{"stakedao":55.02278623802323,"convex":11.3493367406592,"yearn":22.37613}