{"stakedao":65.13444087494284,"convex":18.5878592297856,"yearn":42.3958}