{"stakedao":39.52816960480203,"convex":15.6034906805232,"yearn":26.67058}