{"stakedao":42.75335549124944,"convex":13.187196696657601,"yearn":16.69039}