{"stakedao":41.764035000583846,"convex":20.6962926132096,"yearn":25.62732}