{"stakedao":52.666955104999516,"convex":11.2804207256592,"yearn":17.31602}