{"stakedao":47.00158897003528,"convex":13.2601559737536,"yearn":26.55584}