{"stakedao":45.379108933001454,"convex":20.5325235161856,"yearn":43.9494}