{"stakedao":37.379973536598634,"convex":15.419640868358401,"yearn":29.42188}