{"stakedao":50.980864582092224,"convex":25.294142815905598,"yearn":30.55816}