{"stakedao":47.52381954401413,"convex":22.3663707022464,"yearn":38.99147}