{"stakedao":42.355062950085205,"convex":13.2722742336336,"yearn":18.81692}