{"stakedao":52.395947415649886,"convex":26.7438302601984,"yearn":27.83092}