{"stakedao":55.57358026997703,"convex":11.3131080135648,"yearn":15.81323}