{"stakedao":47.937975663434,"convex":10.987151438217602,"yearn":35.22469}