{"stakedao":55.68166580145973,"convex":12.6158181045408,"yearn":25.52235}