{"stakedao":49.012876264360045,"convex":29.322146353910398,"yearn":33.85368}