{"stakedao":42.25952013330016,"convex":15.5362914506736,"yearn":17.42087}