{"stakedao":41.66576189726773,"convex":13.176145656014398,"yearn":15.78878}