{"stakedao":44.93927612766243,"convex":20.4841418837616,"yearn":47.80775}