{"stakedao":45.5719775303797,"convex":20.4912342702432,"yearn":49.04529}