{"stakedao":42.76119600555134,"convex":24.911230171564803,"yearn":28.51166}