{"stakedao":41.04210661031423,"convex":20.9142722992176,"yearn":26.02885}