{"stakedao":54.66860298847453,"convex":11.4013030859712,"yearn":16.38825}