{"stakedao":52.11523336108876,"convex":13.897241893785601,"yearn":27.23411}