{"stakedao":39.39334722694881,"convex":15.7190327692848,"yearn":26.79239}