{"stakedao":47.614705235322944,"convex":21.076767956793603,"yearn":42.19701}