{"stakedao":69.89816776756291,"convex":23.5941364826064,"yearn":37.2199}