{"stakedao":41.244216906360904,"convex":21.5119162765008,"yearn":26.65539}