{"stakedao":39.467609774844625,"convex":15.7214389660848,"yearn":26.7522}