{"stakedao":41.14499635409677,"convex":20.666352993912,"yearn":23.62179}