{"stakedao":37.39490410741568,"convex":15.4158405564528,"yearn":29.4017}