{"stakedao":44.745791825579886,"convex":13.959378463492799,"yearn":19.05445}