{"stakedao":51.18506749298074,"convex":10.9645849893312,"yearn":17.82633}