{"stakedao":39.66156058930286,"convex":15.601947769108799,"yearn":35.96858}