{"stakedao":54.864988883006916,"convex":11.8098731171664,"yearn":18.13406}