{"stakedao":52.7891475411115,"convex":13.7054179675008,"yearn":19.88076}