{"stakedao":41.405856231016934,"convex":13.1815423233936,"yearn":14.82744}