{"stakedao":39.47700679206244,"convex":15.4170214535088,"yearn":25.60773}