{"stakedao":44.39096758401214,"convex":22.558323424708803,"yearn":30.03651}