{"stakedao":46.900676033443766,"convex":8.9910423425664,"yearn":28.02596}