{"stakedao":44.66903899605657,"convex":13.9929822348624,"yearn":18.8575}