{"stakedao":41.370774742185326,"convex":17.542622801966402,"yearn":33.32833}