{"stakedao":42.780961547032334,"convex":24.9124950206064,"yearn":28.57082}