{"stakedao":71.19523961214666,"convex":20.2896470821824,"yearn":32.51147}