{"stakedao":42.910692990919316,"convex":25.217506485359998,"yearn":27.80761}