{"stakedao":64.69001866206986,"convex":20.4177535737696,"yearn":37.94986}