{"stakedao":46.088966648331386,"convex":21.647727533232,"yearn":42.19701}