{"stakedao":41.182047793610295,"convex":20.6670913998912,"yearn":23.03458}