{"stakedao":41.813383334699935,"convex":21.521691323280002,"yearn":25.95399}