{"stakedao":58.054367086655134,"convex":12.075314719694399,"yearn":14.38431}