{"stakedao":43.26434216038312,"convex":14.8382038721952,"yearn":17.9578}