{"stakedao":55.309054208136544,"convex":10.5333234217056,"yearn":22.29243}