{"stakedao":38.95136888115165,"convex":16.2984610389312,"yearn":27.95499}