{"stakedao":59.221399614740065,"convex":16.927597692057603,"yearn":36.20564}