{"stakedao":46.20968922032305,"convex":28.3785449573664,"yearn":28.96081}