{"stakedao":42.746753144334264,"convex":21.0369086130096,"yearn":30.39965}