{"stakedao":38.87527797876634,"convex":16.3128488942736,"yearn":27.95499}