{"stakedao":47.47780323657879,"convex":22.9815088529472,"yearn":38.68826}