{"stakedao":49.291251369120545,"convex":22.9547076711408,"yearn":32.82949}