{"stakedao":62.94390057834832,"convex":19.1122428715488,"yearn":46.54894}