{"stakedao":45.46299870896258,"convex":20.918827248681602,"yearn":41.93082}