{"stakedao":44.19825985840487,"convex":22.605432976886398,"yearn":49.5893}