{"stakedao":44.693170234549946,"convex":22.1232944908368,"yearn":47.30529}