{"stakedao":56.92993041310348,"convex":12.2625288301824,"yearn":24.40159}