{"stakedao":47.481237183769046,"convex":22.840933862664002,"yearn":38.8985}