{"stakedao":66.3580150429004,"convex":20.533140322502398,"yearn":43.98898}