{"stakedao":40.28255819221835,"convex":16.241616288863998,"yearn":34.62007}