{"stakedao":47.35364898857621,"convex":10.1868352168752,"yearn":18.87376}