{"stakedao":42.75978263255166,"convex":24.9667527811392,"yearn":27.80761}