{"stakedao":41.171185562727985,"convex":21.706921560772802,"yearn":26.86541}