{"stakedao":41.71145608935361,"convex":13.263827703926399,"yearn":18.33758}