{"stakedao":40.583056581318175,"convex":16.4659681327248,"yearn":33.96953}