{"stakedao":40.37586472111899,"convex":19.1481881183856,"yearn":28.76108}