{"stakedao":45.82139396373518,"convex":8.9904229093008,"yearn":28.47711}