{"stakedao":40.823099731334125,"convex":19.834674542236804,"yearn":27.32893}