{"stakedao":40.54997470465004,"convex":20.211290557444798,"yearn":27.62083}