{"stakedao":41.00132253213262,"convex":15.1326243056304,"yearn":20.87379}