{"stakedao":64.97697579534221,"convex":19.066669570382395,"yearn":43.8128}