{"stakedao":44.48656339589509,"convex":22.109206347331202,"yearn":46.25209}