{"stakedao":44.52208821230302,"convex":22.109206347331202,"yearn":46.07597}