{"stakedao":61.7773433086028,"convex":19.758368765736,"yearn":40.81758}