{"stakedao":53.80607095021909,"convex":9.7152833754864,"yearn":19.38419}