{"stakedao":43.68034692858207,"convex":26.6192891877744,"yearn":27.23104}