{"stakedao":51.79378765935934,"convex":25.3189803519072,"yearn":31.00901}