{"stakedao":52.199975579232984,"convex":13.8975544565424,"yearn":27.25061}