{"stakedao":40.48544875879985,"convex":13.176583473456,"yearn":18.74012}