{"stakedao":44.460951309625884,"convex":22.558266634680002,"yearn":29.99593}