{"stakedao":56.2908699950064,"convex":31.04042019588,"yearn":46.92601}