{"stakedao":48.41031089401769,"convex":22.9504396645872,"yearn":29.97243}