{"stakedao":42.70250006788302,"convex":15.701542153127999,"yearn":17.01509}