{"stakedao":45.548607747803445,"convex":20.1824673188544,"yearn":42.33611}