{"stakedao":42.746788114075144,"convex":13.699626324336,"yearn":16.52122}