{"stakedao":44.16889229196883,"convex":19.572328708992,"yearn":43.21068}