{"stakedao":43.09230711157377,"convex":22.3183165491072,"yearn":28.1515}