{"stakedao":41.80603365845932,"convex":13.263653697739201,"yearn":18.5065}