{"stakedao":42.54455198957811,"convex":13.22113655664,"yearn":17.72875}