{"stakedao":47.05704825023312,"convex":14.3245863559296,"yearn":18.27393}