{"stakedao":39.400317835342605,"convex":16.90892943336,"yearn":26.91508}