{"stakedao":39.524443055253066,"convex":15.7547381123088,"yearn":32.08907}