{"stakedao":46.989191745309384,"convex":12.19172638212,"yearn":23.78283}