{"stakedao":46.84896461235219,"convex":10.165339178668798,"yearn":19.05876}