{"stakedao":61.69651689455454,"convex":19.1042794008288,"yearn":49.05331}