{"stakedao":37.59781439581269,"convex":24.321288985272,"yearn":30.00156}