{"stakedao":55.3899417431341,"convex":11.3497264625472,"yearn":22.65134}