{"stakedao":41.14784538104069,"convex":20.9270912511744,"yearn":23.56102}