{"stakedao":42.64980481402772,"convex":13.261386423326401,"yearn":15.50977}