{"stakedao":49.35004074146587,"convex":29.3110600150224,"yearn":34.44655}