{"stakedao":42.646906716325866,"convex":12.1857509534544,"yearn":18.5713}