{"stakedao":41.68076825410356,"convex":13.7999901268368,"yearn":15.66792}