{"stakedao":47.65406741896639,"convex":19.791195906340796,"yearn":25.08333}