{"stakedao":52.57589406469234,"convex":13.683989104127999,"yearn":31.73057}