{"stakedao":45.58193384795625,"convex":10.7095784126832,"yearn":27.14932}