{"stakedao":41.84727321683394,"convex":20.690938018007998,"yearn":25.32987}