{"stakedao":44.12711073551008,"convex":19.5636493269216,"yearn":43.84268}