{"stakedao":40.58784650354524,"convex":17.192502176587197,"yearn":29.63463}