{"stakedao":61.86488538785976,"convex":19.738927215936002,"yearn":41.70717}