{"stakedao":54.30447896297416,"convex":10.4410871748864,"yearn":15.94237}