{"stakedao":39.30550984700366,"convex":16.3818158241456,"yearn":27.95499}