{"stakedao":52.80733003453986,"convex":11.2788422984016,"yearn":16.8011}