{"stakedao":63.17404795765675,"convex":19.7242334834688,"yearn":41.98725}