{"stakedao":41.04478601674788,"convex":19.816413955718403,"yearn":26.49661}