{"stakedao":39.29370427320507,"convex":16.3817272237536,"yearn":27.95499}