{"stakedao":59.370151270402204,"convex":16.9051549179024,"yearn":36.80016}