{"stakedao":51.43352037910756,"convex":25.380025820164796,"yearn":29.90425}