{"stakedao":45.87112117718232,"convex":31.005503883575997,"yearn":41.66611}