{"stakedao":41.358847625206096,"convex":17.529397833470398,"yearn":33.71108}