{"stakedao":63.02430572995829,"convex":20.011574053368,"yearn":39.9122}