{"stakedao":52.78313027153389,"convex":24.3491471087328,"yearn":38.22157}