{"stakedao":61.907286819191384,"convex":19.758367797580803,"yearn":41.16184}