{"stakedao":39.0405294536348,"convex":16.2983280169296,"yearn":27.95499}