{"stakedao":62.70577561533678,"convex":19.1330392047552,"yearn":46.115}