{"stakedao":49.90939388081857,"convex":31.279687697347203,"yearn":27.71823}