{"stakedao":54.706505129121425,"convex":12.174597852854397,"yearn":15.76703}