{"stakedao":52.309658211987426,"convex":12.2374813243392,"yearn":24.86933}