{"stakedao":42.49528051085751,"convex":22.141858999248,"yearn":26.00408}