{"stakedao":54.02043036559261,"convex":11.7331566189552,"yearn":27.64058}