{"stakedao":51.384574405340324,"convex":25.1636611904784,"yearn":32.1556}