{"stakedao":39.51308609346859,"convex":15.701690848521599,"yearn":32.68432}