{"stakedao":49.05704806047772,"convex":21.8320079694768,"yearn":39.13573}