{"stakedao":44.1654595348149,"convex":9.2465403541632,"yearn":26.31755}