{"stakedao":42.24771763261448,"convex":15.2768158443936,"yearn":19.50212}