{"stakedao":40.76297954178362,"convex":17.161314457017603,"yearn":30.60596}