{"stakedao":45.744116853937385,"convex":20.1820224215808,"yearn":42.67403}