{"stakedao":47.76302781154649,"convex":21.118580760254403,"yearn":42.19701}