{"stakedao":51.64573733473944,"convex":25.217883359481597,"yearn":30.7244}