{"stakedao":47.207589521690124,"convex":22.405838933404798,"yearn":38.32721}