{"stakedao":42.22799267117167,"convex":15.2768158443936,"yearn":19.37969}