{"stakedao":42.793627265256575,"convex":16.4410897323744,"yearn":18.97025}