{"stakedao":37.607280619349154,"convex":23.7463385059584,"yearn":30.38697}