{"stakedao":52.712238640799825,"convex":13.5795289833648,"yearn":32.32051}