{"stakedao":42.492931612535244,"convex":22.991017962945598,"yearn":29.43448}