{"stakedao":45.82646072106088,"convex":22.955382131572797,"yearn":32.87205}