{"stakedao":56.0642659438056,"convex":11.407085930592,"yearn":14.65337}