{"stakedao":54.57253558635201,"convex":10.578799014883199,"yearn":17.24907}