{"stakedao":43.47607452222648,"convex":25.1197237310112,"yearn":27.86999}