{"stakedao":43.20846536122186,"convex":25.4106448668144,"yearn":30.28962}