{"stakedao":40.66782636789659,"convex":12.9676856697936,"yearn":16.65326}