{"stakedao":75.03407836110284,"convex":20.2729868120592,"yearn":31.88615}