{"stakedao":54.4876803930332,"convex":26.813412533116797,"yearn":29.16582}