{"stakedao":43.60865045657347,"convex":27.4323111152976,"yearn":26.24516}