{"stakedao":55.34411108973557,"convex":10.443584892312,"yearn":14.12744}