{"stakedao":40.44458054923836,"convex":18.8644648632912,"yearn":27.26822}