{"stakedao":39.46870685556818,"convex":15.567730956820801,"yearn":30.8496}