{"stakedao":38.93512933724187,"convex":16.0905327559776,"yearn":27.64107}