{"stakedao":42.68435460270398,"convex":24.9124647618144,"yearn":28.853}