{"stakedao":45.75113091043834,"convex":8.991379629547199,"yearn":27.48784}