{"stakedao":50.382337183067115,"convex":14.6996419320144,"yearn":17.6968}