{"stakedao":44.43629914700845,"convex":19.607828604436797,"yearn":43.68926}