{"stakedao":57.48364166321502,"convex":12.056063666256,"yearn":13.78311}