{"stakedao":43.081724888901206,"convex":19.5330010274784,"yearn":42.19445}