{"stakedao":41.7382846676887,"convex":14.2381981575648,"yearn":17.20916}