{"stakedao":66.95843521025796,"convex":18.3207875661072,"yearn":31.17267}