{"stakedao":56.351100441698506,"convex":12.217214073758399,"yearn":17.41852}