{"stakedao":44.06227038321084,"convex":22.5048337739136,"yearn":31.67617}