{"stakedao":58.163969755786994,"convex":11.023060743475202,"yearn":16.90917}