{"stakedao":39.47646010700464,"convex":15.6329966924352,"yearn":26.7522}