{"stakedao":41.52771094791969,"convex":14.805435811132801,"yearn":21.40366}