{"stakedao":55.93175182549727,"convex":10.533436282742398,"yearn":16.2082}