{"stakedao":56.46177946238487,"convex":12.2730193878048,"yearn":23.20762}