{"stakedao":39.512861587733454,"convex":15.701690848521599,"yearn":32.68432}