{"stakedao":42.196314720709765,"convex":15.356106701971198,"yearn":19.13259}