{"stakedao":42.49007258034981,"convex":16.4391256955232,"yearn":18.97025}