{"stakedao":53.53609664103561,"convex":24.3501627508416,"yearn":37.58172}