{"stakedao":43.15460782719174,"convex":15.3064394540496,"yearn":14.88489}