{"stakedao":52.14977829971619,"convex":15.954633564264,"yearn":25.78877}