{"stakedao":43.35733522673685,"convex":19.5615745482528,"yearn":43.52489}