{"stakedao":49.12298192422595,"convex":17.4947998739328,"yearn":18.60615}