{"stakedao":39.0376070413416,"convex":18.0968499381456,"yearn":29.43448}