{"stakedao":53.2895079818164,"convex":26.9255268005904,"yearn":28.67878}