{"stakedao":65.14277947235553,"convex":18.8291137704624,"yearn":43.08214}