{"stakedao":41.45644085751701,"convex":13.263520987943998,"yearn":18.50913}