{"stakedao":63.78732440520369,"convex":18.611464269528,"yearn":31.83722}