{"stakedao":48.63577391940855,"convex":11.072355462935999,"yearn":20.51352}