{"stakedao":67.88209627791656,"convex":24.363974951193597,"yearn":35.68707}