{"stakedao":38.85906920257723,"convex":16.423890057892798,"yearn":29.43448}