{"stakedao":45.49062233957292,"convex":20.953337490835203,"yearn":43.69812}