{"stakedao":62.710140295447616,"convex":20.242872007128,"yearn":45.61308}