{"stakedao":44.92572239453581,"convex":9.011660664513599,"yearn":26.36972}