{"stakedao":41.38881026706331,"convex":21.517570633996797,"yearn":25.85615}