{"stakedao":42.562993892176856,"convex":20.7070678999152,"yearn":32.40626}