{"stakedao":38.7810653974778,"convex":16.4238423155424,"yearn":29.43448}