{"stakedao":38.89204689688105,"convex":16.30412240688,"yearn":27.95499}