{"stakedao":44.24600819396067,"convex":19.5671891672352,"yearn":43.59959}