{"stakedao":42.4641510336604,"convex":23.0427793904832,"yearn":29.43448}