{"stakedao":44.9393523762502,"convex":23.1158371103568,"yearn":37.26746}