{"stakedao":37.56840695661009,"convex":23.727218276462402,"yearn":30.48374}