{"stakedao":37.57054562263883,"convex":24.323062768588798,"yearn":29.85516}