{"stakedao":42.60982562984968,"convex":12.1303675248624,"yearn":21.67454}