{"stakedao":46.55428927444194,"convex":11.165895789580802,"yearn":32.28838}