{"stakedao":47.33295204812876,"convex":10.1825050875552,"yearn":18.57707}