{"stakedao":66.99056547861782,"convex":21.200870975256002,"yearn":31.68482}