{"stakedao":44.468379145168775,"convex":23.300608322448,"yearn":31.52752}