{"stakedao":51.992759370671344,"convex":10.965859113110401,"yearn":17.21529}