{"stakedao":47.13875485614171,"convex":13.2320710938384,"yearn":26.66259}