{"stakedao":44.13451116730676,"convex":19.572232208832,"yearn":43.34306}