{"stakedao":49.12337212560044,"convex":10.9951683719184,"yearn":36.2481}