{"stakedao":40.58473925140767,"convex":13.206953401473601,"yearn":18.24136}