{"stakedao":42.62425060638717,"convex":12.197920746312,"yearn":18.3723}