{"stakedao":38.88364315990659,"convex":15.9687733385088,"yearn":27.82311}