{"stakedao":56.8740246254021,"convex":30.9848237794512,"yearn":45.22489}