{"stakedao":44.16684063038417,"convex":12.07603885248,"yearn":23.20009}