{"stakedao":52.20774294615366,"convex":17.5714538583312,"yearn":18.5252}