{"stakedao":66.40049534526577,"convex":19.593784605024,"yearn":41.55229}