{"stakedao":44.987881990101585,"convex":9.0127567959552,"yearn":25.96647}