{"stakedao":43.44089313879587,"convex":25.1141238803376,"yearn":28.2105}