{"stakedao":47.59750697955633,"convex":22.394101026067197,"yearn":37.92992}