{"stakedao":56.74166237987441,"convex":30.9942560393712,"yearn":46.23439}