{"stakedao":45.34100456880505,"convex":10.722497838336,"yearn":26.23792}