{"stakedao":58.02066884253973,"convex":12.074748989083199,"yearn":14.56302}