{"stakedao":27.915863361357875,"convex":13.702220948735999,"yearn":25.59591}