{"stakedao":44.24878086152124,"convex":23.1596811791136,"yearn":35.11476}