{"stakedao":37.656961470059784,"convex":14.141678952974399,"yearn":26.39745}