{"stakedao":47.5216177032691,"convex":22.826289922387197,"yearn":37.93389}