{"stakedao":39.12141390785044,"convex":16.43667349716,"yearn":19.2224}