{"stakedao":47.744125699054514,"convex":11.5400210000544,"yearn":33.74406}