{"stakedao":40.00371377241646,"convex":16.434600402513603,"yearn":19.60308}