{"stakedao":66.81425738741126,"convex":19.5749522487504,"yearn":40.68387}