{"stakedao":49.28534822931511,"convex":29.2491754778736,"yearn":34.01157}