{"stakedao":39.07725684842572,"convex":16.3165783195584,"yearn":27.95499}