{"stakedao":42.47852119657326,"convex":12.20553631188,"yearn":17.66384}