{"stakedao":63.8320782452063,"convex":18.618845472158398,"yearn":43.244}