{"stakedao":39.960509326635375,"convex":16.43413264164,"yearn":19.62973}