{"stakedao":48.29081716189117,"convex":17.4768988829616,"yearn":18.6743}