{"stakedao":45.62163957422584,"convex":23.3490870889056,"yearn":32.58279}