{"stakedao":49.873021665009816,"convex":22.690691864784,"yearn":34.56538}