{"stakedao":56.34922002351358,"convex":11.011233601872,"yearn":16.11662}