{"stakedao":42.88824872030096,"convex":15.2740942339824,"yearn":18.19592}