{"stakedao":53.43689331048496,"convex":26.904085909387202,"yearn":29.24165}