{"stakedao":45.83920900442778,"convex":20.1485876957856,"yearn":42.94479}