{"stakedao":44.30790213370558,"convex":23.8487069952144,"yearn":35.06287}