{"stakedao":48.29968103588293,"convex":27.937590689764797,"yearn":26.97632}