{"stakedao":50.68687422332331,"convex":12.171371738976,"yearn":25.29527}