{"stakedao":85.63011180632719,"convex":26.0339736546576,"yearn":41.39906}