{"stakedao":28.949611524844148,"convex":15.743195671406399,"yearn":25.81229}