{"stakedao":57.82909643443297,"convex":24.3452877519744,"yearn":38.73838}