{"stakedao":50.78794639303605,"convex":24.9046347798288,"yearn":38.01825}