{"stakedao":42.635479113759175,"convex":21.535720163337597,"yearn":26.39326}