{"stakedao":51.39732232464702,"convex":10.9864668547296,"yearn":17.25661}