{"stakedao":43.36685908437942,"convex":19.556722841875203,"yearn":43.26488}