{"stakedao":39.56702368931694,"convex":14.8068208281024,"yearn":21.40366}