{"stakedao":44.14009661800528,"convex":19.5722783743824,"yearn":43.29923}