{"stakedao":47.09917840671986,"convex":31.397194232928,"yearn":27.84275}