{"stakedao":54.66085101221414,"convex":10.582016724417599,"yearn":16.7046}