{"stakedao":40.92334951126849,"convex":20.8573697531232,"yearn":26.6347}