{"stakedao":54.61461520641646,"convex":10.5821014080384,"yearn":16.67687}