{"stakedao":46.97916764991685,"convex":28.371677286959997,"yearn":29.71978}