{"stakedao":39.12485438425069,"convex":17.662294747526403,"yearn":29.43448}