{"stakedao":40.57848010134541,"convex":16.2641973168432,"yearn":34.2968}