{"stakedao":61.578634945605316,"convex":18.9578895537312,"yearn":47.86232}