{"stakedao":43.85662357390721,"convex":12.0748324774896,"yearn":23.09618}