{"stakedao":46.1188108865031,"convex":14.303390549903998,"yearn":18.45094}