{"stakedao":55.718908579431215,"convex":12.2539029520896,"yearn":26.02377}