{"stakedao":38.78309920067403,"convex":18.0929027662416,"yearn":29.43448}