{"stakedao":45.66870378206136,"convex":20.5197559962912,"yearn":45.44584}