{"stakedao":64.83196699217375,"convex":19.065917471471998,"yearn":32.46626}