{"stakedao":46.28925408533306,"convex":28.3945333277808,"yearn":29.89899}