{"stakedao":64.54170062993325,"convex":19.017341763350398,"yearn":41.94741}