{"stakedao":44.50529079720795,"convex":22.6586755115856,"yearn":49.97062}