{"stakedao":52.667316534082694,"convex":13.5926061993936,"yearn":31.99229}