{"stakedao":52.36387479169218,"convex":10.9693400378688,"yearn":17.67401}