{"stakedao":55.267359814485744,"convex":10.5340518654624,"yearn":21.92868}