{"stakedao":57.94581960087291,"convex":12.518825894639999,"yearn":14.04898}