{"stakedao":47.811385577749505,"convex":11.470833608313601,"yearn":34.13108}