{"stakedao":42.2459749290758,"convex":22.816542485376,"yearn":29.43448}