{"stakedao":41.45453040605916,"convex":15.042945729326402,"yearn":14.84093}