{"stakedao":63.497513139307635,"convex":20.1782572849296,"yearn":38.34173}