{"stakedao":52.23884256467936,"convex":25.844713816464,"yearn":35.26829}