{"stakedao":43.43559355330588,"convex":27.440881940995197,"yearn":26.32783}