{"stakedao":65.22686119878388,"convex":18.9341309210544,"yearn":43.4085}