{"stakedao":37.67175220376772,"convex":23.5172341395936,"yearn":30.22113}