{"stakedao":45.38324057486782,"convex":20.5325101070784,"yearn":43.9494}