{"stakedao":46.202808733810954,"convex":11.1658962657744,"yearn":32.1811}