{"stakedao":40.62884791409226,"convex":19.9980028227456,"yearn":29.46132}