{"stakedao":47.46942222790728,"convex":10.1868674813568,"yearn":17.59308}