{"stakedao":55.18818951633187,"convex":10.9974132053136,"yearn":15.53399}