{"stakedao":49.46514495770095,"convex":17.5182482775168,"yearn":18.28941}