{"stakedao":40.42222183721103,"convex":13.1567751694368,"yearn":19.05435}