{"stakedao":67.07028329637669,"convex":19.610058284784003,"yearn":40.68387}