{"stakedao":28.930614260759995,"convex":15.778581362380798,"yearn":24.21534}