{"stakedao":55.99166883207417,"convex":11.3865595613136,"yearn":14.57229}