{"stakedao":39.00602016776381,"convex":18.1162528153488,"yearn":29.43448}