{"stakedao":48.34895701692213,"convex":12.704319003614401,"yearn":23.23618}