{"stakedao":46.98315774902048,"convex":13.239522628056001,"yearn":26.66259}