{"stakedao":44.51674908372148,"convex":13.918484934432,"yearn":19.2073}