{"stakedao":47.42866309322557,"convex":11.3897809006416,"yearn":30.31452}