{"stakedao":43.23888440735088,"convex":19.568873300011198,"yearn":42.64145}