{"stakedao":40.583926730262036,"convex":19.1067372504432,"yearn":28.76108}