{"stakedao":46.946462183220724,"convex":28.3742777675952,"yearn":29.8319}