{"stakedao":41.692088439554,"convex":18.261540643233598,"yearn":30.75909}