{"stakedao":37.574405196964555,"convex":15.334576500815999,"yearn":27.42516}