{"stakedao":43.193322478804234,"convex":25.470277408742398,"yearn":30.73201}