{"stakedao":39.80981741785399,"convex":15.544196160364798,"yearn":33.74553}