{"stakedao":57.3409541128795,"convex":31.1125709593152,"yearn":47.41314}