{"stakedao":67.62909682173031,"convex":24.3289862511552,"yearn":35.42718}