{"stakedao":49.141245761782294,"convex":21.787343854343998,"yearn":40.6359}