{"stakedao":75.10640142158476,"convex":20.2731046747056,"yearn":31.88615}