{"stakedao":42.448398494358734,"convex":23.042798340465602,"yearn":29.43448}