{"stakedao":67.31125289634377,"convex":23.6410252638624,"yearn":36.18087}