{"stakedao":40.35211755502535,"convex":18.901667847801598,"yearn":0}