{"stakedao":27.909437590272255,"convex":13.6850977175184,"yearn":25.5024}