{"stakedao":52.7939247060868,"convex":24.2468889134832,"yearn":37.50171}