{"stakedao":41.36940339526921,"convex":20.6977620110544,"yearn":29.39991}