{"stakedao":37.65710804149037,"convex":14.1260272325136,"yearn":25.02588}