{"stakedao":55.27207981500091,"convex":10.5337879469856,"yearn":0}