{"stakedao":56.486405051296146,"convex":30.946377617438397,"yearn":43.90979}