{"stakedao":51.071766763325215,"convex":25.117305291936,"yearn":32.52205}