{"stakedao":40.74935684170474,"convex":17.230174886664003,"yearn":31.11874}