{"stakedao":41.352486990727414,"convex":17.531489780337598,"yearn":34.20933}