{"stakedao":41.144994455104815,"convex":21.041927744011204,"yearn":24.42112}