{"stakedao":42.14606865653701,"convex":15.5362404758832,"yearn":17.36443}