{"stakedao":27.933687430122735,"convex":13.7165715190656,"yearn":25.71806}