{"stakedao":40.44673933041585,"convex":13.0300418688192,"yearn":19.31719}