{"stakedao":43.325091411606024,"convex":13.7251681002144,"yearn":17.19297}