{"stakedao":77.43935733269277,"convex":21.0899292383376,"yearn":33.63023}