{"stakedao":43.086589906742745,"convex":15.802684472246401,"yearn":16.77944}