{"stakedao":45.62831291441276,"convex":23.0728665320352,"yearn":37.71969}