{"stakedao":56.98402214779999,"convex":12.480634937707201,"yearn":14.19385}