{"stakedao":41.24963449788675,"convex":17.1925351254,"yearn":29.91542}