{"stakedao":42.55665159737745,"convex":21.094142101041598,"yearn":29.55594}