{"stakedao":53.751080764134045,"convex":10.763929043582399,"yearn":23.72564}