{"stakedao":51.37522435339173,"convex":25.8482324519712,"yearn":34.82433}