{"stakedao":39.233784097536855,"convex":16.2631136894256,"yearn":27.95499}