{"stakedao":53.021275289490255,"convex":13.731699331958401,"yearn":27.80176}