{"stakedao":56.04116117706845,"convex":11.312589350433601,"yearn":15.6069}