{"stakedao":38.706630056095236,"convex":16.4217427684992,"yearn":27.95499}