{"stakedao":63.267040511099495,"convex":19.715399896665602,"yearn":42.12589}