{"stakedao":54.92980258176962,"convex":11.3082549322176,"yearn":15.60811}