{"stakedao":46.160000569392516,"convex":20.27249525412,"yearn":42.67362}