{"stakedao":52.236298248011195,"convex":14.7642299274528,"yearn":30.95609}