{"stakedao":45.53364755969083,"convex":20.949359580792,"yearn":43.69812}