{"stakedao":55.940004046607626,"convex":10.427552778312,"yearn":15.82666}