{"stakedao":64.31761680266735,"convex":18.5471877583152,"yearn":30.01492}