{"stakedao":55.787068290032465,"convex":11.3132699950752,"yearn":15.91725}