{"stakedao":41.525504325906645,"convex":20.6934303522384,"yearn":28.87295}