{"stakedao":46.32821299084289,"convex":22.190235652137602,"yearn":40.54853}