{"stakedao":44.93809482917004,"convex":20.484478423339198,"yearn":47.7585}