{"stakedao":53.259432460632574,"convex":14.1527692086336,"yearn":22.62004}