{"stakedao":39.45207374462943,"convex":15.728450730782399,"yearn":32.94956}