{"stakedao":37.71530261659095,"convex":14.1621529441104,"yearn":26.10909}