{"stakedao":44.72247045567165,"convex":22.120932740875197,"yearn":47.21755}