{"stakedao":58.19835631093298,"convex":31.078564867425598,"yearn":48.30875}