{"stakedao":55.70847106916464,"convex":10.4267073959136,"yearn":15.68643}