{"stakedao":65.19220338895416,"convex":18.828898792704,"yearn":41.94741}