{"stakedao":42.640044951802956,"convex":13.6998393468624,"yearn":16.52122}