{"stakedao":41.31127393056134,"convex":21.509513952321598,"yearn":25.85871}