{"stakedao":44.79057458661526,"convex":20.458801440014398,"yearn":48.05595}