{"stakedao":39.173234205041155,"convex":16.3801209439008,"yearn":27.95499}