{"stakedao":41.620355635655876,"convex":18.2607838927632,"yearn":30.86809}