{"stakedao":43.50539416519615,"convex":26.7692224229856,"yearn":26.86466}