{"stakedao":49.476203043156836,"convex":21.8544084916992,"yearn":41.08003}