{"stakedao":42.92851242407855,"convex":13.757176985688002,"yearn":17.03028}