{"stakedao":46.33029787141889,"convex":20.2753392210576,"yearn":42.30437}