{"stakedao":39.76161125327566,"convex":15.6010799425392,"yearn":34.03754}