{"stakedao":53.43734654578071,"convex":13.799689371158404,"yearn":19.71323}