{"stakedao":61.946453019450175,"convex":19.0084154007888,"yearn":49.05331}