{"stakedao":46.12344534560858,"convex":12.187609108185601,"yearn":22.12882}