{"stakedao":39.69335023660753,"convex":15.6822295098816,"yearn":33.39172}