{"stakedao":44.34241369443457,"convex":22.605589143158397,"yearn":49.06096}