{"stakedao":45.29269721746621,"convex":20.4700236296832,"yearn":48.61843}