{"stakedao":54.727860472720586,"convex":11.314606563288,"yearn":21.78673}