{"stakedao":47.40328129714034,"convex":22.395258097675203,"yearn":38.75916}