{"stakedao":44.362207104486174,"convex":9.245077607260798,"yearn":26.37586}