{"stakedao":46.23586480019374,"convex":21.4947124991856,"yearn":42.19701}