{"stakedao":42.50829158700849,"convex":23.042726053646398,"yearn":29.43448}