{"stakedao":40.75240304707463,"convex":16.7170053991968,"yearn":34.52734}