{"stakedao":52.89500927913997,"convex":13.7538140213376,"yearn":27.9006}