{"stakedao":49.36621126331042,"convex":29.294502309432,"yearn":34.2993}