{"stakedao":53.04345286150819,"convex":11.278791342532799,"yearn":16.87019}