{"stakedao":39.19657444790355,"convex":16.3696312472112,"yearn":27.95499}