{"stakedao":42.56627296016939,"convex":12.070840732603198,"yearn":22.1681}