{"stakedao":80.24082962571994,"convex":24.9464907308448,"yearn":41.79295}