{"stakedao":65.25904925539852,"convex":18.563105778220798,"yearn":32.25871}