{"stakedao":55.73844276998203,"convex":12.1242196037376,"yearn":15.84199}