{"stakedao":66.43286398775604,"convex":20.5358975118288,"yearn":43.48337}