{"stakedao":39.56860424907955,"convex":15.7020269024448,"yearn":32.55187}