{"stakedao":45.45951651121548,"convex":20.517310382644798,"yearn":44.46175}