{"stakedao":39.241082110978724,"convex":16.2631136894256,"yearn":27.95499}