{"stakedao":39.370761506966815,"convex":16.3855620045072,"yearn":27.95499}