{"stakedao":37.50425961057574,"convex":14.070894385823998,"yearn":25.55477}