{"stakedao":43.33044621364477,"convex":23.661196468401602,"yearn":31.28588}