{"stakedao":56.4286175162251,"convex":30.9695214305664,"yearn":44.47344}