{"stakedao":55.112981462653096,"convex":12.2632914179664,"yearn":24.89705}