{"stakedao":46.34930018566894,"convex":20.2786462657728,"yearn":41.75046}