{"stakedao":28.870146175196673,"convex":15.734486402668798,"yearn":24.22766}