{"stakedao":52.12373909489414,"convex":12.2390285751072,"yearn":27.28346}