{"stakedao":41.52301845007988,"convex":21.521599405300798,"yearn":26.80457}