{"stakedao":52.379348909247874,"convex":26.723753941176,"yearn":28.32011}