{"stakedao":39.74312728932248,"convex":15.605602873502399,"yearn":34.25632}