{"stakedao":39.05845496203488,"convex":18.0939670683984,"yearn":29.43448}