{"stakedao":64.17909971116455,"convex":12.733212242664,"yearn":46.61339}