{"stakedao":41.56451691566916,"convex":13.8545202669552,"yearn":15.43413}