{"stakedao":42.51319076876631,"convex":20.692261678536,"yearn":31.45666}