{"stakedao":67.23655196972143,"convex":19.705387828463998,"yearn":40.10503}