{"stakedao":41.15575791688956,"convex":20.6674490307456,"yearn":23.10478}