{"stakedao":52.82078555077467,"convex":24.297518599127997,"yearn":38.35737}