{"stakedao":42.190088031210045,"convex":23.634350994283203,"yearn":29.43448}