{"stakedao":38.94550785445254,"convex":16.058790888969597,"yearn":27.64107}