{"stakedao":53.16420003909106,"convex":13.7288584713168,"yearn":18.92304}