{"stakedao":53.367164840979925,"convex":15.776235847151998,"yearn":23.76441}