{"stakedao":43.53843797881342,"convex":25.125468874344,"yearn":27.59721}