{"stakedao":40.58613229738579,"convex":19.1057958503856,"yearn":29.24838}