{"stakedao":62.56082039342449,"convex":17.384271157699203,"yearn":34.80149}