{"stakedao":46.797487208437005,"convex":13.2595955380368,"yearn":26.44754}