{"stakedao":43.353693556936314,"convex":19.5565119574896,"yearn":43.00505}