{"stakedao":63.67977166640726,"convex":20.1603257198064,"yearn":38.99555}