{"stakedao":50.06056101468182,"convex":10.843820665113599,"yearn":37.38236}