{"stakedao":56.80424520142979,"convex":31.0405157215776,"yearn":47.1768}