{"stakedao":51.68622195305861,"convex":13.7582637824736,"yearn":16.86168}