{"stakedao":45.12665237979782,"convex":9.0125983307088,"yearn":27.15632}