{"stakedao":50.810616355151154,"convex":24.9046771042944,"yearn":37.87248}