{"stakedao":44.44663593279843,"convex":19.607828604436797,"yearn":43.68926}