{"stakedao":40.85804319379018,"convex":13.226104911528001,"yearn":15.94803}