{"stakedao":57.87678115544406,"convex":11.0100987820656,"yearn":15.53373}