{"stakedao":45.71918574353378,"convex":20.573915241513603,"yearn":45.77693}