{"stakedao":45.74010473409196,"convex":10.712565442684802,"yearn":26.98229}