{"stakedao":39.195223191110756,"convex":16.064493461856,"yearn":26.79239}