{"stakedao":39.06368338090036,"convex":16.31627614476,"yearn":27.95499}