{"stakedao":41.118046099622056,"convex":14.805711672292798,"yearn":20.96223}