{"stakedao":46.88535725448074,"convex":8.9909167819824,"yearn":28.21986}