{"stakedao":42.50102194985516,"convex":21.087136195732796,"yearn":32.75571}