{"stakedao":39.65431267392515,"convex":15.427871083180799,"yearn":25.60773}