{"stakedao":41.272115002435406,"convex":21.041940430944,"yearn":24.46815}