{"stakedao":39.86388903073354,"convex":13.112151215399999,"yearn":17.08578}