{"stakedao":40.56173710866969,"convex":17.1925351254,"yearn":29.77619}