{"stakedao":55.285230887426295,"convex":10.5340250188656,"yearn":21.88213}