{"stakedao":52.08186518626338,"convex":10.9889067635136,"yearn":17.06274}