{"stakedao":53.79147771248893,"convex":13.847348822875201,"yearn":19.19981}