{"stakedao":41.493591436651194,"convex":16.437132882072,"yearn":19.0112}