{"stakedao":53.430512958831855,"convex":15.9393978793296,"yearn":23.9009}