{"stakedao":52.08671046083745,"convex":15.777528782155201,"yearn":25.92815}