{"stakedao":41.693511216783975,"convex":18.261540643233598,"yearn":30.75909}