{"stakedao":45.439749003341795,"convex":13.2229817185392,"yearn":25.01082}