{"stakedao":47.762849242428864,"convex":22.4062902230256,"yearn":38.47187}