{"stakedao":40.55412752268302,"convex":17.1925351254,"yearn":29.77619}