{"stakedao":42.44534838594645,"convex":13.2729433960176,"yearn":18.72061}