{"stakedao":45.17865419713565,"convex":22.060004923972798,"yearn":40.1044}