{"stakedao":53.19737666240612,"convex":28.080833521579198,"yearn":30.26272}