{"stakedao":39.41157494250081,"convex":16.8934050868032,"yearn":26.51287}