{"stakedao":42.73340026955254,"convex":24.8956064676864,"yearn":28.4167}