{"stakedao":47.99492869517237,"convex":11.0597040964368,"yearn":19.85924}