{"stakedao":53.63787656691365,"convex":9.7656871372272,"yearn":19.58847}