{"stakedao":45.75635277265941,"convex":20.525552436081597,"yearn":43.63446}