{"stakedao":37.38157779094311,"convex":15.4066043432304,"yearn":28.68285}