{"stakedao":50.277901131248484,"convex":9.565013260108799,"yearn":17.59404}