{"stakedao":56.40714333256622,"convex":12.2171644424016,"yearn":17.36239}