{"stakedao":56.73610264217358,"convex":30.440145103891197,"yearn":41.78937}