{"stakedao":41.236949595089996,"convex":20.9259870591312,"yearn":23.35085}