{"stakedao":63.89601370878012,"convex":19.2805037072784,"yearn":47.13813}