{"stakedao":54.28338718197461,"convex":26.81471303676,"yearn":29.02884}