{"stakedao":42.43743999784256,"convex":15.2839265091408,"yearn":19.80355}