{"stakedao":45.593675262599035,"convex":10.618103211537601,"yearn":25.16257}