{"stakedao":59.022745470962036,"convex":17.1124918724736,"yearn":35.79244}