{"stakedao":53.59420495633509,"convex":10.7594389289808,"yearn":23.95018}