{"stakedao":42.17161000686694,"convex":13.7947412560752,"yearn":16.17357}