{"stakedao":78.71796959265902,"convex":24.787284063624,"yearn":40.6488}