{"stakedao":39.55183613755278,"convex":14.715652645684798,"yearn":19.94701}