{"stakedao":39.45831731742973,"convex":16.8989362016112,"yearn":26.57646}