{"stakedao":47.07361401949365,"convex":14.322179733393599,"yearn":18.09478}