{"stakedao":40.73844542816249,"convex":18.8782112953152,"yearn":29.24838}