{"stakedao":46.161832674118756,"convex":28.3507816468896,"yearn":30.33681}