{"stakedao":39.66131131387738,"convex":14.7179830898592,"yearn":19.76123}