{"stakedao":40.988354285230045,"convex":13.7576495148048,"yearn":16.4589}