{"stakedao":43.13301858251589,"convex":25.4704045555872,"yearn":30.65501}