{"stakedao":46.05287112038747,"convex":10.6264889682192,"yearn":25.90375}