{"stakedao":73.96541062095488,"convex":24.4784972193264,"yearn":42.69746}