{"stakedao":39.304633392925176,"convex":16.458155154950397,"yearn":26.44509}