{"stakedao":42.617515432945275,"convex":12.1857509534544,"yearn":18.5713}