{"stakedao":41.2603726979957,"convex":20.664421855416002,"yearn":23.28065}