{"stakedao":49.407186652285326,"convex":22.8931181753472,"yearn":34.25412}