{"stakedao":52.580449583457536,"convex":24.236709073761602,"yearn":37.78649}