{"stakedao":45.888583432956715,"convex":20.1493402362,"yearn":42.3211}