{"stakedao":71.84468135976937,"convex":24.4246405998672,"yearn":43.432}