{"stakedao":54.835002301580715,"convex":11.720211857279999,"yearn":17.01271}