{"stakedao":41.49716079303713,"convex":18.07266924972,"yearn":32.90263}