{"stakedao":54.30373205842497,"convex":10.643786975102401,"yearn":15.19372}