{"stakedao":39.566224093538295,"convex":15.4671806062656,"yearn":25.60773}