{"stakedao":45.23320212427953,"convex":10.7186683177872,"yearn":25.91951}