{"stakedao":56.05816770446788,"convex":11.0115806933952,"yearn":15.71723}