{"stakedao":66.95596039298627,"convex":20.497045954536002,"yearn":42.87534}