{"stakedao":44.26623528005051,"convex":9.2457262649376,"yearn":26.37586}