{"stakedao":41.20396978435154,"convex":21.7309672498896,"yearn":27.60597}