{"stakedao":44.84791087166663,"convex":20.458801440014398,"yearn":48.014}