{"stakedao":59.999193264202,"convex":24.342492246408,"yearn":38.52989}