{"stakedao":37.605405701207744,"convex":15.3350526881088,"yearn":27.3738}