{"stakedao":80.4286334707525,"convex":24.8775605025696,"yearn":39.73009}