{"stakedao":56.25716560074884,"convex":11.2206693213936,"yearn":15.66597}