{"stakedao":50.7534780071098,"convex":14.704001333049598,"yearn":17.84209}