{"stakedao":39.134594158769644,"convex":16.436160359136,"yearn":19.17182}