{"stakedao":56.98889726595432,"convex":12.452792424566397,"yearn":14.19385}