{"stakedao":58.825917520978564,"convex":17.084353069152,"yearn":35.8699}