{"stakedao":52.45876604955955,"convex":24.3273099235392,"yearn":0}