{"stakedao":38.700536513164174,"convex":16.4465200108224,"yearn":29.43448}