{"stakedao":41.589557509928,"convex":22.1122655443152,"yearn":25.7502}