{"stakedao":67.91054153516411,"convex":23.539282808356802,"yearn":36.61276}