{"stakedao":40.033435551146056,"convex":13.151435301547199,"yearn":17.84107}