{"stakedao":51.593529134762,"convex":9.6341599104912,"yearn":18.90358}