{"stakedao":68.75844793809814,"convex":23.5155311009856,"yearn":36.18087}