{"stakedao":51.178795998298725,"convex":25.270511121936003,"yearn":30.36283}