{"stakedao":54.524397803676194,"convex":26.8129304139024,"yearn":29.16582}