{"stakedao":42.48927392572311,"convex":20.692261678536,"yearn":31.45666}