{"stakedao":44.0751368847499,"convex":23.30374960764,"yearn":31.87226}