{"stakedao":47.52544141307294,"convex":11.387690659872,"yearn":30.37145}