{"stakedao":39.20774558091125,"convex":16.0648150849056,"yearn":26.79239}