{"stakedao":40.008951245618036,"convex":13.1335832481408,"yearn":17.28057}