{"stakedao":28.944551832939343,"convex":15.7473053861616,"yearn":23.9791}