{"stakedao":45.576557862297804,"convex":22.015212895670402,"yearn":41.38598}