{"stakedao":42.45459412183246,"convex":22.197809694254403,"yearn":26.46865}