{"stakedao":42.66126087946541,"convex":20.69223972948,"yearn":31.72047}