{"stakedao":42.607719997868834,"convex":13.2162104852208,"yearn":16.84109}