{"stakedao":39.369000792492855,"convex":15.7217847362496,"yearn":24.59256}