{"stakedao":28.967266434214476,"convex":15.7790004947424,"yearn":24.41463}