{"stakedao":53.9153482654208,"convex":12.209870301206397,"yearn":15.57854}