{"stakedao":67.35490563705169,"convex":20.255759083152,"yearn":31.68482}