{"stakedao":55.55986887484918,"convex":10.4267073959136,"yearn":16.23858}