{"stakedao":82.22718013194785,"convex":25.5066106650624,"yearn":41.64514}