{"stakedao":41.37901166176647,"convex":13.272644579803199,"yearn":18.67187}