{"stakedao":51.75876554407769,"convex":25.2682821858384,"yearn":31.73418}