{"stakedao":64.02850578934576,"convex":20.2166062119936,"yearn":37.94986}