{"stakedao":38.67530213322157,"convex":16.4210234670288,"yearn":27.95499}