{"stakedao":73.1251625427656,"convex":21.2007025824768,"yearn":33.51813}