{"stakedao":42.36563838685369,"convex":13.186787428756801,"yearn":16.77546}