{"stakedao":42.6344459356163,"convex":22.1204117093904,"yearn":28.1515}