{"stakedao":64.03119672289561,"convex":20.2135734831744,"yearn":37.94986}