{"stakedao":44.48210580442708,"convex":22.6574581147632,"yearn":50.0576}