{"stakedao":47.58720824055066,"convex":22.822105249713598,"yearn":37.96988}