{"stakedao":55.2209173904031,"convex":10.5337879469856,"yearn":16.3189}