{"stakedao":55.75569989196132,"convex":11.3494530738096,"yearn":22.95804}