{"stakedao":44.020702427692164,"convex":12.3747789169008,"yearn":19.82012}