{"stakedao":55.55083493092154,"convex":10.1824543303632,"yearn":21.03796}