{"stakedao":48.12444475171702,"convex":26.0300662023456,"yearn":27.81143}