{"stakedao":52.794719435097335,"convex":24.3454267563552,"yearn":37.92392}