{"stakedao":39.47867760857087,"convex":16.9001571399264,"yearn":26.71353}