{"stakedao":43.42688103746906,"convex":25.1219270756448,"yearn":27.39333}