{"stakedao":45.39281420954346,"convex":20.469827895192,"yearn":47.76432}