{"stakedao":45.9360924326526,"convex":22.090155213211197,"yearn":39.22661}