{"stakedao":42.512422772878324,"convex":13.2190464262464,"yearn":16.36942}