{"stakedao":43.09751281719151,"convex":18.9024269855472,"yearn":0}