{"stakedao":56.50212704187287,"convex":30.9475381043952,"yearn":44.12875}