{"stakedao":43.89745557473731,"convex":14.8008441474576,"yearn":18.63216}