{"stakedao":57.02826340549264,"convex":31.122760849560002,"yearn":47.46878}