{"stakedao":52.95658855635396,"convex":13.577566583232,"yearn":32.53125}