{"stakedao":46.26917209734624,"convex":20.2819355841024,"yearn":42.3657}