{"stakedao":43.85812565633984,"convex":12.376355013648,"yearn":19.63241}