{"stakedao":64.6476999221054,"convex":18.973079189798398,"yearn":43.8128}