{"stakedao":65.51279493644088,"convex":18.8331623716032,"yearn":41.94741}