{"stakedao":45.24600353756347,"convex":9.012597908126398,"yearn":27.21706}