{"stakedao":42.44990419316111,"convex":20.7078178449168,"yearn":30.19132}