{"stakedao":41.27270656081322,"convex":21.0239400101184,"yearn":23.90504}