{"stakedao":51.78716686209175,"convex":24.3273099235392,"yearn":41.81435}