{"stakedao":37.61041820812282,"convex":15.3350526881088,"yearn":27.3738}