{"stakedao":44.94884170784036,"convex":9.011694057984,"yearn":26.36972}