{"stakedao":55.81748441414941,"convex":11.603509593767999,"yearn":13.92704}