{"stakedao":51.37981583188128,"convex":25.1465206869936,"yearn":32.67995}