{"stakedao":58.46915649201648,"convex":16.9029343640736,"yearn":36.62639}