{"stakedao":54.84736292767722,"convex":10.4398137669744,"yearn":15.50568}