{"stakedao":57.19510487338047,"convex":31.0405157215776,"yearn":47.1768}