{"stakedao":46.61147318559957,"convex":12.1962876797808,"yearn":23.06925}