{"stakedao":40.56111625751903,"convex":18.878295439670403,"yearn":29.24838}