{"stakedao":49.893238835454675,"convex":22.599747647884804,"yearn":34.56538}