{"stakedao":66.26432903177393,"convex":20.5330692813552,"yearn":43.98898}