{"stakedao":53.80953936210949,"convex":12.211185260952,"yearn":15.85826}