{"stakedao":56.20407295266014,"convex":11.2165791337296,"yearn":15.46442}