{"stakedao":61.23100928064382,"convex":18.9578895537312,"yearn":48.0774}