{"stakedao":55.716202380662835,"convex":11.389651334985599,"yearn":14.37367}