{"stakedao":40.27511837792697,"convex":19.1432582468784,"yearn":28.59928}