{"stakedao":41.67281900780324,"convex":15.0443083462752,"yearn":14.84093}