{"stakedao":58.925121275675195,"convex":17.175304674936,"yearn":35.91198}