{"stakedao":40.608072310388536,"convex":17.236136735928,"yearn":31.75256}