{"stakedao":65.78053052210731,"convex":20.4782362032672,"yearn":44.50927}