{"stakedao":39.00775120506552,"convex":17.6652623418912,"yearn":29.43448}