{"stakedao":49.22015686007491,"convex":27.796299778670402,"yearn":27.57894}