{"stakedao":53.9623537379525,"convex":15.943018713552,"yearn":23.68199}