{"stakedao":42.54895666652905,"convex":20.7239745229632,"yearn":32.03707}