{"stakedao":40.786948867818126,"convex":17.2309177076832,"yearn":31.43463}