{"stakedao":43.04848356515732,"convex":22.3183165491072,"yearn":28.1515}