{"stakedao":56.877463015399314,"convex":12.2590428975072,"yearn":24.32161}