{"stakedao":52.59235365355369,"convex":28.1202372048528,"yearn":29.43694}