{"stakedao":38.93134147846954,"convex":18.0968499381456,"yearn":29.43448}