{"stakedao":57.454083977644856,"convex":12.056007267273598,"yearn":13.88519}