{"stakedao":38.878331930330454,"convex":18.103505459572798,"yearn":29.43448}