{"stakedao":64.59194852333377,"convex":19.017341763350398,"yearn":41.94741}