{"stakedao":42.35098700925312,"convex":15.536297016777599,"yearn":17.42087}