{"stakedao":52.446629509719514,"convex":10.9689983547696,"yearn":17.63048}