{"stakedao":38.962589831877146,"convex":17.664554046484803,"yearn":29.43448}