{"stakedao":45.42536553022702,"convex":20.4689821406688,"yearn":47.60894}