{"stakedao":43.475839644343424,"convex":27.440881940995197,"yearn":26.32783}