{"stakedao":38.76903352974277,"convex":18.0901527040512,"yearn":29.43448}