{"stakedao":43.647986888144175,"convex":14.7978725574816,"yearn":18.29612}