{"stakedao":28.932665526087295,"convex":15.7479196822128,"yearn":25.81229}