{"stakedao":45.66405100588371,"convex":31.003007903784,"yearn":49.29051}