{"stakedao":48.272564157670715,"convex":31.4097764599008,"yearn":28.72817}