{"stakedao":37.452676648057576,"convex":15.415004351030401,"yearn":29.19333}