{"stakedao":42.563314826227256,"convex":15.5371460195088,"yearn":17.42087}