{"stakedao":39.54286200037704,"convex":15.746645325067199,"yearn":32.35358}