{"stakedao":51.2410838598592,"convex":29.360319029424,"yearn":37.50719}