{"stakedao":58.58159522654156,"convex":24.344865283104,"yearn":38.63812}