{"stakedao":42.55840978463286,"convex":21.0861767791584,"yearn":32.51197}