{"stakedao":55.10766239412741,"convex":11.821275030499201,"yearn":17.83603}