{"stakedao":53.64481130561428,"convex":26.7235200418176,"yearn":28.0926}