{"stakedao":47.58994408637746,"convex":22.9852237149072,"yearn":39.41104}