{"stakedao":64.63658468605006,"convex":20.4240171847104,"yearn":37.94986}