{"stakedao":43.115694581842504,"convex":25.4765907677232,"yearn":30.65501}