{"stakedao":45.39227242049216,"convex":20.4902697479904,"yearn":49.47247}