{"stakedao":38.792954737961004,"convex":18.0929027662416,"yearn":29.43448}