{"stakedao":53.58178304615289,"convex":11.397850707600002,"yearn":16.63832}