{"stakedao":38.78299308165891,"convex":18.1186209324288,"yearn":29.43448}