{"stakedao":43.41361047480383,"convex":13.725615309076801,"yearn":17.45311}