{"stakedao":44.9507927817318,"convex":22.1172033755088,"yearn":43.95104}