{"stakedao":46.5107062884787,"convex":12.197536073337602,"yearn":23.06925}