{"stakedao":53.67506709976517,"convex":9.765711612316801,"yearn":19.65629}