{"stakedao":39.76484484925026,"convex":15.605602873502399,"yearn":34.25632}