{"stakedao":52.90312756941835,"convex":17.1983948894784,"yearn":37.40984}