{"stakedao":41.12862721706857,"convex":20.9833139221056,"yearn":24.18829}