{"stakedao":47.013006526037884,"convex":21.524826909916797,"yearn":42.19701}