{"stakedao":40.13018018877747,"convex":13.1545433635632,"yearn":17.67366}