{"stakedao":43.37838688868675,"convex":16.445462902027202,"yearn":18.82281}