{"stakedao":53.14567241320518,"convex":28.080833521579198,"yearn":30.26272}