{"stakedao":44.19428410607057,"convex":22.5051122462544,"yearn":31.50632}