{"stakedao":49.48011780701989,"convex":11.079931986936,"yearn":37.85018}