{"stakedao":40.793277752521895,"convex":16.5266679191184,"yearn":33.56983}