{"stakedao":45.68903363154075,"convex":21.786886090382403,"yearn":42.81137}