{"stakedao":63.90892454394015,"convex":20.200479474225602,"yearn":37.94986}