{"stakedao":41.136474452799845,"convex":21.6972078105168,"yearn":26.35412}