{"stakedao":64.37127864475758,"convex":20.2820730022224,"yearn":31.59686}