{"stakedao":42.614283950851856,"convex":23.085055230724798,"yearn":29.43448}