{"stakedao":42.68649837979062,"convex":24.928721588736003,"yearn":26.68536}