{"stakedao":49.09026608478004,"convex":17.5228241700384,"yearn":18.22151}