{"stakedao":45.68550265661034,"convex":23.0718684649392,"yearn":37.85494}