{"stakedao":45.08787455873922,"convex":10.6163501032224,"yearn":27.99075}