{"stakedao":45.68175377113364,"convex":22.721872230158397,"yearn":30.77885}