{"stakedao":43.91860650066126,"convex":23.3126901677088,"yearn":28.65533}