{"stakedao":51.14267029171219,"convex":29.360194112174398,"yearn":37.43393}