{"stakedao":51.122912520330786,"convex":25.117550105904,"yearn":34.78808}