{"stakedao":27.907877056357655,"convex":13.690624120848,"yearn":25.62312}