{"stakedao":41.53083063911575,"convex":20.6934303522384,"yearn":28.87295}