{"stakedao":52.57454059718911,"convex":28.114508485468797,"yearn":29.90665}