{"stakedao":42.77853058029605,"convex":13.216221305222401,"yearn":16.6449}