{"stakedao":63.70318117892391,"convex":20.349105958512002,"yearn":37.94986}