{"stakedao":40.10977009397454,"convex":13.172406631171201,"yearn":18.60813}