{"stakedao":47.08361734575062,"convex":13.3759634284944,"yearn":25.17158}