{"stakedao":40.83703387350422,"convex":15.130921235486401,"yearn":20.61996}