{"stakedao":42.846242342582784,"convex":13.2160374408816,"yearn":17.09804}