{"stakedao":45.47068060485161,"convex":20.468238042441598,"yearn":47.11375}