{"stakedao":49.183339662616234,"convex":11.158316222356799,"yearn":32.81176}