{"stakedao":52.52459701880403,"convex":17.005227513825602,"yearn":36.80016}