{"stakedao":67.14000190189233,"convex":21.375818985095997,"yearn":31.68482}