{"stakedao":56.52387767677908,"convex":11.4040080201456,"yearn":15.04277}