{"stakedao":45.722871595539765,"convex":23.3180611616304,"yearn":32.38779}