{"stakedao":48.77750817172982,"convex":11.079297633988801,"yearn":37.95035}