{"stakedao":54.381135299167,"convex":10.607426947872,"yearn":15.27987}