{"stakedao":41.822949224323224,"convex":21.5180097917184,"yearn":26.55338}