{"stakedao":64.23587952809791,"convex":20.245091539190398,"yearn":46.27917}