{"stakedao":47.732962764883226,"convex":22.4062902230256,"yearn":38.43552}