{"stakedao":51.53581591775237,"convex":25.849223404545597,"yearn":34.78015}