{"stakedao":45.25194468297537,"convex":20.469827895192,"yearn":47.76432}