{"stakedao":43.42727348008671,"convex":23.661212520225597,"yearn":31.35492}