{"stakedao":56.37870049904306,"convex":11.603792452766399,"yearn":14.00354}