{"stakedao":42.49442322144742,"convex":21.0247932229056,"yearn":28.84188}