{"stakedao":41.49709869169102,"convex":18.0727975129392,"yearn":32.84795}