{"stakedao":66.03290134187645,"convex":20.300127081552002,"yearn":42.42153}