{"stakedao":41.26437480793318,"convex":21.5168014078848,"yearn":25.6502}