{"stakedao":42.67686734921239,"convex":12.4195664860128,"yearn":19.2613}