{"stakedao":47.829970420349575,"convex":31.352236448255997,"yearn":29.70132}