{"stakedao":40.6067320205448,"convex":20.212999146388803,"yearn":27.55619}