{"stakedao":39.047366224041795,"convex":18.0946811191248,"yearn":29.43448}