{"stakedao":67.46318522683444,"convex":23.4638422882416,"yearn":36.18087}