{"stakedao":43.14884495984015,"convex":14.8382038721952,"yearn":17.9578}