{"stakedao":43.14180531853045,"convex":25.4704045555872,"yearn":30.65501}