{"stakedao":48.55715508938669,"convex":29.3370158365056,"yearn":36.05609}