{"stakedao":52.42616063613988,"convex":15.7702099892688,"yearn":26.0204}