{"stakedao":55.0815854518915,"convex":10.1802788793216,"yearn":20.85842}