{"stakedao":44.358951427006936,"convex":19.57796933256,"yearn":43.70974}