{"stakedao":46.89151713794051,"convex":13.2191716683168,"yearn":24.65571}