{"stakedao":48.9812070330312,"convex":17.532837890726398,"yearn":17.82946}