{"stakedao":41.71649512573718,"convex":17.4879364987296,"yearn":33.09614}