{"stakedao":42.990270732169535,"convex":16.4582959285008,"yearn":18.30658}