{"stakedao":40.81752707773779,"convex":17.259121648612798,"yearn":30.80596}