{"stakedao":43.41869338017933,"convex":25.120972711137597,"yearn":27.46124}