{"stakedao":53.20848983629288,"convex":27.998037497520002,"yearn":30.97768}