{"stakedao":68.82041875068737,"convex":23.524086303748803,"yearn":36.18087}