{"stakedao":43.30139118343927,"convex":28.563302832883203,"yearn":26.77341}