{"stakedao":55.032414930463204,"convex":9.790877583144,"yearn":20.02962}