{"stakedao":55.429469392806155,"convex":10.5339713666688,"yearn":21.97515}