{"stakedao":47.67215251139115,"convex":29.280954033864,"yearn":35.63259}