{"stakedao":52.624087426881474,"convex":13.683989104127999,"yearn":31.79608}