{"stakedao":39.74753279226672,"convex":15.610138387329599,"yearn":35.29564}