{"stakedao":45.79546461740661,"convex":31.083950285913602,"yearn":48.53294}