{"stakedao":55.81904282498766,"convex":10.533436282742398,"yearn":16.22792}