{"stakedao":54.66334697746318,"convex":11.2460010422832,"yearn":21.75975}