{"stakedao":47.15316285471354,"convex":21.5085650183136,"yearn":42.19701}