{"stakedao":39.211387875344606,"convex":16.2807230323152,"yearn":27.95499}