{"stakedao":47.60530322443404,"convex":22.394101026067197,"yearn":37.92992}