{"stakedao":42.64201424950212,"convex":21.0861767791584,"yearn":32.61748}