{"stakedao":47.693894921807505,"convex":29.281763380075198,"yearn":35.63259}