{"stakedao":49.39228977626049,"convex":29.3110600150224,"yearn":34.34795}