{"stakedao":41.134962322413074,"convex":21.7353356008416,"yearn":27.00652}