{"stakedao":42.93645445345406,"convex":13.18958100432,"yearn":16.46255}