{"stakedao":40.470650724154176,"convex":13.2039333280512,"yearn":18.27489}