{"stakedao":41.06869820099716,"convex":20.9311142419296,"yearn":23.71799}