{"stakedao":53.086676637402036,"convex":27.998037497520002,"yearn":30.97768}