{"stakedao":45.47898029773736,"convex":20.9534102286192,"yearn":43.69812}