{"stakedao":41.56217471542931,"convex":18.159261129648,"yearn":31.19506}