{"stakedao":47.92304108009483,"convex":11.059532449142399,"yearn":19.94891}