{"stakedao":42.20855346500659,"convex":22.816542485376,"yearn":29.43448}