{"stakedao":44.985105621961395,"convex":23.1165097101648,"yearn":36.84744}