{"stakedao":52.46753324298204,"convex":14.661711806184,"yearn":30.95609}