{"stakedao":48.91816554116699,"convex":16.8161447439648,"yearn":19.9304}