{"stakedao":54.255536116240464,"convex":10.5983869295664,"yearn":15.6052}