{"stakedao":57.09279889299019,"convex":11.6351322736176,"yearn":14.60313}