{"stakedao":46.53563153571066,"convex":12.204872589456,"yearn":24.95035}