{"stakedao":39.67222078347313,"convex":15.6057461825472,"yearn":34.54833}