{"stakedao":39.43372301443453,"convex":15.567730956820801,"yearn":30.79709}