{"stakedao":56.20670388569741,"convex":11.011233601872,"yearn":15.98221}