{"stakedao":41.41460690018166,"convex":20.6844517187568,"yearn":23.95288}