{"stakedao":39.02541006181993,"convex":18.0395631574272,"yearn":29.43448}