{"stakedao":38.64586199119442,"convex":18.057145417199997,"yearn":29.43448}