{"stakedao":56.430972710579454,"convex":31.0135079947392,"yearn":46.61273}