{"stakedao":43.82540891656838,"convex":12.375340491067199,"yearn":19.7472}