{"stakedao":42.27527410949203,"convex":13.2584368738608,"yearn":18.33758}