{"stakedao":46.47851232205282,"convex":21.6089016588576,"yearn":42.19701}