{"stakedao":40.10149136011541,"convex":13.142791618228799,"yearn":17.32698}