{"stakedao":54.23162994681297,"convex":13.801645505088,"yearn":19.57358}