{"stakedao":54.024108303264725,"convex":15.9145143102288,"yearn":23.45442}