{"stakedao":46.75630596785132,"convex":12.2023402391952,"yearn":25.17335}