{"stakedao":53.25533128132416,"convex":13.5880243244928,"yearn":32.53125}