{"stakedao":53.809720210976295,"convex":10.625949866606401,"yearn":23.36154}