{"stakedao":55.8536302948434,"convex":10.5333373763856,"yearn":16.71296}