{"stakedao":54.589796949698105,"convex":11.4177616739136,"yearn":18.34499}