{"stakedao":41.44277361494643,"convex":20.6846372545056,"yearn":23.92653}