{"stakedao":53.459887983976984,"convex":26.715061027007998,"yearn":29.94145}