{"stakedao":52.5153189539147,"convex":28.1213397191808,"yearn":29.68383}