{"stakedao":46.81078955192553,"convex":10.167137947958402,"yearn":19.66358}