{"stakedao":55.77880692020992,"convex":10.18699949736,"yearn":21.32913}