{"stakedao":47.49593365894956,"convex":22.840933862664002,"yearn":38.9345}