{"stakedao":43.232718521430726,"convex":14.8369696004592,"yearn":18.09913}