{"stakedao":40.95463150415519,"convex":17.240244552215998,"yearn":31.9765}