{"stakedao":40.53678224808209,"convex":16.4649839761584,"yearn":33.70424}