{"stakedao":41.026479167155465,"convex":19.816413955718403,"yearn":26.44759}