{"stakedao":51.11053832901784,"convex":17.52008347404,"yearn":17.30234}