{"stakedao":41.2628675097035,"convex":21.0171309588288,"yearn":24.51472}