{"stakedao":46.41324906136647,"convex":28.341793451692798,"yearn":31.61554}