{"stakedao":58.286562732421515,"convex":24.3107196223392,"yearn":39.78397}