{"stakedao":39.30773726479485,"convex":16.9074170487936,"yearn":27.09483}