{"stakedao":53.37428652270365,"convex":11.741982037934399,"yearn":16.84658}