{"stakedao":52.35995537355052,"convex":25.8627501788688,"yearn":35.35718}