{"stakedao":52.40728601813712,"convex":17.523108769824,"yearn":18.75216}