{"stakedao":54.09725920693556,"convex":13.930121756275199,"yearn":18.22153}