{"stakedao":51.67703159936819,"convex":25.0854943263984,"yearn":33.20747}