{"stakedao":41.380792507678194,"convex":21.520674817084803,"yearn":26.27595}