{"stakedao":65.50499151821856,"convex":20.3857437359088,"yearn":42.42153}