{"stakedao":43.68582391950717,"convex":27.478332208742398,"yearn":26.45205}