{"stakedao":53.72882176225616,"convex":13.848840828878402,"yearn":19.19981}