{"stakedao":46.31026952600414,"convex":21.5732378834352,"yearn":42.19701}