{"stakedao":39.34084304475661,"convex":16.3816845650064,"yearn":27.95499}