{"stakedao":40.74226863604511,"convex":20.2088442027024,"yearn":26.47007}