{"stakedao":51.64570633892339,"convex":22.965514979500803,"yearn":34.56538}