{"stakedao":51.48677234279363,"convex":22.9235526985536,"yearn":34.56538}