{"stakedao":55.91476784432366,"convex":10.4282529752736,"yearn":16.26769}