{"stakedao":38.727062531241586,"convex":18.0631894871232,"yearn":29.43448}