{"stakedao":44.532237022995176,"convex":22.612746446496,"yearn":44.71437}