{"stakedao":55.826700927098614,"convex":12.1242196037376,"yearn":15.49304}