{"stakedao":52.139017951556234,"convex":25.8275046654144,"yearn":35.17924}