{"stakedao":51.96892575281397,"convex":25.2177436076976,"yearn":42.19701}