{"stakedao":40.66281097961234,"convex":19.0966632833808,"yearn":29.24838}