{"stakedao":38.70498748535478,"convex":16.3978568092224,"yearn":27.95499}