{"stakedao":42.61708153986693,"convex":20.6923216537008,"yearn":31.6677}