{"stakedao":55.50795877993473,"convex":10.4286975855696,"yearn":16.02571}