{"stakedao":54.894602997238124,"convex":10.5823114504128,"yearn":16.75083}