{"stakedao":51.825774149372705,"convex":25.0976102841504,"yearn":33.90997}