{"stakedao":42.594926124896695,"convex":12.4136654980752,"yearn":17.46297}