{"stakedao":53.08490530421686,"convex":25.001002239494397,"yearn":39.03968}