{"stakedao":49.053009715722254,"convex":16.8161657343264,"yearn":19.9304}