{"stakedao":48.528793137967966,"convex":11.160118577289602,"yearn":33.08115}