{"stakedao":66.55978088475726,"convex":19.5749522487504,"yearn":40.68387}