{"stakedao":55.76704754451838,"convex":12.27362072256,"yearn":23.13156}