{"stakedao":40.98086810087265,"convex":20.9090119367376,"yearn":25.53749}