{"stakedao":56.514557866188866,"convex":30.946418182195202,"yearn":43.8368}