{"stakedao":66.07706686177625,"convex":20.300127081552002,"yearn":42.42153}