{"stakedao":45.43730558151593,"convex":20.4689988673632,"yearn":47.68689}