{"stakedao":45.68972834082777,"convex":20.569991759452797,"yearn":45.98335}