{"stakedao":51.90144708246271,"convex":25.653653111836803,"yearn":33.39782}