{"stakedao":52.47372287393621,"convex":17.189049022430403,"yearn":37.91442}