{"stakedao":52.24260585519948,"convex":10.967237731425598,"yearn":17.27751}