{"stakedao":43.05105126283661,"convex":13.2757485263712,"yearn":16.90584}