{"stakedao":65.44159284010999,"convex":18.677324392516798,"yearn":32.50419}