{"stakedao":42.95140856409324,"convex":16.4582842065696,"yearn":17.99296}