{"stakedao":61.94532421961199,"convex":19.0081442227248,"yearn":49.05331}