{"stakedao":45.32456983411312,"convex":10.722497387371199,"yearn":26.23792}