{"stakedao":40.22716887518004,"convex":16.241713656264,"yearn":34.80286}