{"stakedao":42.773405185680986,"convex":15.3155653890336,"yearn":18.15741}