{"stakedao":40.781883517188945,"convex":17.2171500645456,"yearn":30.57134}