{"stakedao":40.88302638950536,"convex":13.2257022314976,"yearn":15.95683}