{"stakedao":38.7315643007323,"convex":16.4217427684992,"yearn":27.95499}