{"stakedao":52.59591652921574,"convex":11.280405377087998,"yearn":17.03127}