{"stakedao":66.00258644531006,"convex":19.5538135071168,"yearn":40.68387}