{"stakedao":41.464352508659694,"convex":20.6905412730528,"yearn":23.56611}