{"stakedao":43.3771301963367,"convex":12.1855261112352,"yearn":18.80323}