{"stakedao":55.609577928651035,"convex":11.4047347073472,"yearn":15.24569}