{"stakedao":54.41634456725518,"convex":10.7498020887216,"yearn":24.53068}