{"stakedao":44.63911653008448,"convex":22.1255042593536,"yearn":44.32306}