{"stakedao":55.96312326726624,"convex":13.717266878404798,"yearn":18.35632}