{"stakedao":68.01507959214459,"convex":19.7074014209856,"yearn":40.40908}