{"stakedao":45.90872534956836,"convex":20.077107012432002,"yearn":43.1138}