{"stakedao":46.50529609951533,"convex":22.1463176346144,"yearn":44.7232}