{"stakedao":42.508657125169094,"convex":13.2640798594752,"yearn":17.53963}