{"stakedao":42.36267929923895,"convex":15.7052730069936,"yearn":17.1728}