{"stakedao":45.34948160510698,"convex":22.936867210368,"yearn":33.60236}