{"stakedao":53.816719477728384,"convex":15.776416047009597,"yearn":23.8491}