{"stakedao":66.59668567569446,"convex":18.4313919088224,"yearn":30.71945}