{"stakedao":41.50185455935312,"convex":20.6905406581008,"yearn":23.41126}