{"stakedao":57.589253127275384,"convex":11.033620834824,"yearn":17.18927}