{"stakedao":45.320359877941414,"convex":11.6199852048432,"yearn":25.43171}