{"stakedao":44.225483970203506,"convex":22.6045017471888,"yearn":49.76519}