{"stakedao":40.78023987129419,"convex":19.833233719161598,"yearn":27.15069}