{"stakedao":57.915047717340016,"convex":11.038701082593601,"yearn":17.07557}