{"stakedao":48.91907998523019,"convex":11.075961494160001,"yearn":20.14445}