{"stakedao":42.26001756758855,"convex":22.74987582288,"yearn":29.05632}