{"stakedao":49.28904528184219,"convex":29.3414459759424,"yearn":34.34857}