{"stakedao":52.47836528759571,"convex":15.774749429328,"yearn":25.97421}