{"stakedao":37.706076704158306,"convex":23.519724502823998,"yearn":30.16619}