{"stakedao":41.71406677152028,"convex":20.699793680011204,"yearn":29.78554}