{"stakedao":65.7477726863812,"convex":19.5632277883632,"yearn":38.52974}