{"stakedao":40.57669606322922,"convex":20.000798577446403,"yearn":29.47391}