{"stakedao":37.52802012158653,"convex":24.330879145944,"yearn":29.41644}