{"stakedao":42.66368480266243,"convex":21.0861767791584,"yearn":32.61748}