{"stakedao":43.287935413513395,"convex":14.876194159252801,"yearn":18.39024}