{"stakedao":39.17123352837058,"convex":17.652705753686398,"yearn":29.43448}