{"stakedao":43.348606209055646,"convex":25.1219278608912,"yearn":31.00334}