{"stakedao":57.022555118092384,"convex":31.122760849560002,"yearn":47.46878}