{"stakedao":39.04095074376827,"convex":18.0395631574272,"yearn":29.43448}