{"stakedao":38.841482503629024,"convex":18.104087850652803,"yearn":29.43448}