{"stakedao":40.78905509745594,"convex":16.7532989516928,"yearn":34.4416}