{"stakedao":43.999735071426535,"convex":23.7318572662128,"yearn":33.0155}