{"stakedao":48.04776785029648,"convex":31.3476578909424,"yearn":29.74557}