{"stakedao":52.60320891912217,"convex":28.120220446622405,"yearn":29.53975}