{"stakedao":54.97230995654344,"convex":10.440902045951999,"yearn":16.46635}