{"stakedao":57.35867295357595,"convex":11.0330649213696,"yearn":16.60425}