{"stakedao":47.469924013401645,"convex":22.840933862664002,"yearn":38.8985}