{"stakedao":59.45682446183068,"convex":17.048125600344,"yearn":35.79244}