{"stakedao":54.07330073306771,"convex":15.8036490071136,"yearn":24.0752}