{"stakedao":44.46144251469038,"convex":23.304625270905603,"yearn":31.42904}