{"stakedao":44.636332849302164,"convex":13.910032450728,"yearn":19.05445}