{"stakedao":47.64174210758685,"convex":22.3999057345968,"yearn":38.46508}