{"stakedao":52.07528766868901,"convex":22.8166984718928,"yearn":34.56538}