{"stakedao":37.55641050569876,"convex":24.3077997009456,"yearn":29.81854}