{"stakedao":54.598790115141526,"convex":11.395688189472,"yearn":18.53946}