{"stakedao":46.04005505919439,"convex":8.9890005600144,"yearn":28.47711}