{"stakedao":53.56459644080255,"convex":10.762553285582399,"yearn":24.19961}