{"stakedao":42.428507178606296,"convex":22.141969958664,"yearn":26.46865}