{"stakedao":45.85107371409921,"convex":20.088177308956798,"yearn":42.75708}