{"stakedao":40.255302657294216,"convex":18.8793582911712,"yearn":27.3362}