{"stakedao":47.316243609388735,"convex":8.982104258073601,"yearn":29.66383}