{"stakedao":55.19290709686664,"convex":11.8233045991584,"yearn":17.51525}