{"stakedao":43.7041789723217,"convex":14.871843099489599,"yearn":18.27387}