{"stakedao":39.59208086902476,"convex":15.467557224945601,"yearn":25.60773}