{"stakedao":65.73966579089875,"convex":19.083031506792,"yearn":32.46626}