{"stakedao":39.53310099790035,"convex":15.690772482984,"yearn":33.25117}