{"stakedao":55.59920238305523,"convex":11.3840492357952,"yearn":14.23285}