{"stakedao":52.27440850247564,"convex":14.767035045192,"yearn":30.95609}