{"stakedao":44.08386331967452,"convex":22.4984308148496,"yearn":32.14696}