{"stakedao":39.02619363879928,"convex":15.9672427513632,"yearn":27.33262}