{"stakedao":43.49625747968952,"convex":13.251591802152,"yearn":15.28706}