{"stakedao":37.66923536917904,"convex":14.107154191646398,"yearn":25.68655}