{"stakedao":71.57520387688629,"convex":24.3460133764128,"yearn":43.64886}