{"stakedao":38.973832500900485,"convex":15.9640638563376,"yearn":27.27203}