{"stakedao":52.77082211381877,"convex":24.2370670925088,"yearn":37.8441}