{"stakedao":42.30682931037434,"convex":13.220359635744,"yearn":17.15876}