{"stakedao":40.976251956283264,"convex":17.115432998673597,"yearn":30.2553}