{"stakedao":53.30128627582363,"convex":25.7158187703504,"yearn":33.35359}