{"stakedao":40.90168688451638,"convex":16.7518040632992,"yearn":33.80732}