{"stakedao":40.55945780867094,"convex":16.2529241492304,"yearn":33.96341}