{"stakedao":52.933868048638885,"convex":11.2923428757696,"yearn":16.29469}