{"stakedao":52.87157940905749,"convex":14.1411694983552,"yearn":22.37601}