{"stakedao":39.71555939459258,"convex":15.603662665252799,"yearn":34.81004}