{"stakedao":50.54773420870562,"convex":17.4818011636224,"yearn":17.40216}