{"stakedao":40.60485275550998,"convex":20.210286416515196,"yearn":27.06989}