{"stakedao":42.957588520042215,"convex":12.0745319173344,"yearn":22.35239}