{"stakedao":43.21514057329041,"convex":19.533448826064,"yearn":42.64145}