{"stakedao":72.67509947095442,"convex":20.344998344054403,"yearn":32.51147}