{"stakedao":37.643584361184885,"convex":14.105884322073601,"yearn":25.99474}