{"stakedao":41.45536228828961,"convex":17.5220714593296,"yearn":32.40761}