{"stakedao":42.990006126289614,"convex":16.4493558477792,"yearn":18.67549}