{"stakedao":45.222470829849065,"convex":20.4590879035776,"yearn":48.38568}