{"stakedao":42.165635326036615,"convex":15.5362404758832,"yearn":17.36443}