{"stakedao":42.510880978728004,"convex":23.0375833961328,"yearn":29.43448}