{"stakedao":41.242931148468344,"convex":17.1925351254,"yearn":29.95023}