{"stakedao":37.40943966628459,"convex":25.4914013946816,"yearn":28.95426}