{"stakedao":39.48404385918224,"convex":15.692651278027201,"yearn":33.11878}