{"stakedao":55.58498809460589,"convex":11.4073142260032,"yearn":14.81441}