{"stakedao":40.55178383354745,"convex":17.1925351254,"yearn":29.81134}