{"stakedao":61.16885725531427,"convex":18.8311562058096,"yearn":48.43834}