{"stakedao":45.75748232590994,"convex":32.298730998436795,"yearn":26.95145}