{"stakedao":49.26553181607235,"convex":22.9547076711408,"yearn":32.82949}