{"stakedao":72.64183722200141,"convex":21.1988973514608,"yearn":33.3955}