{"stakedao":51.47043832193013,"convex":13.8352935719232,"yearn":27.9006}