{"stakedao":54.63031990367452,"convex":12.219407579159999,"yearn":15.9793}