{"stakedao":46.23245366038388,"convex":11.3822011946592,"yearn":31.52919}