{"stakedao":38.92333085836652,"convex":16.058790888969597,"yearn":27.64107}