{"stakedao":64.34731382971762,"convex":20.2912360456176,"yearn":31.85461}