{"stakedao":43.10529567141768,"convex":12.3684189035616,"yearn":20.62823}