{"stakedao":42.785855358455436,"convex":13.2052696155936,"yearn":16.23722}