{"stakedao":40.66041657502846,"convex":16.689715712136,"yearn":34.69908}