{"stakedao":48.165536374517096,"convex":27.9412878411072,"yearn":27.64812}