{"stakedao":45.4761546277469,"convex":20.9496188508624,"yearn":43.69812}