{"stakedao":40.76870336907391,"convex":17.156279400336,"yearn":30.69558}