{"stakedao":42.38139126463776,"convex":13.1874117910992,"yearn":15.59361}