{"stakedao":40.7825408170895,"convex":16.525691410032,"yearn":33.78355}