{"stakedao":38.9926297342348,"convex":15.9690189377232,"yearn":27.78831}