{"stakedao":43.3855089223845,"convex":28.5602558371776,"yearn":26.67634}