{"stakedao":55.189176040452345,"convex":10.5340250188656,"yearn":21.83581}