{"stakedao":53.89283990066136,"convex":11.405785291344,"yearn":16.59115}