{"stakedao":38.82877397957589,"convex":18.0642542875488,"yearn":29.43448}