{"stakedao":47.70009571388309,"convex":22.9856638029408,"yearn":40.75739}