{"stakedao":40.59087692766048,"convex":20.2069629068544,"yearn":28.43643}