{"stakedao":55.06003951328648,"convex":10.6449273610128,"yearn":14.8108}