{"stakedao":42.09672917160853,"convex":22.811893069824,"yearn":29.43448}