{"stakedao":51.38251590408224,"convex":25.2628927812,"yearn":30.36283}