{"stakedao":54.5315273750948,"convex":12.2667980004144,"yearn":26.51774}