{"stakedao":38.95145226552287,"convex":16.310939695372802,"yearn":27.95499}