{"stakedao":58.17631467820818,"convex":12.0762542654352,"yearn":14.32591}