{"stakedao":46.935892591921345,"convex":13.2191716683168,"yearn":24.65571}