{"stakedao":44.14018251469194,"convex":19.5634518642576,"yearn":42.69794}