{"stakedao":44.079739438749314,"convex":22.498576066512,"yearn":32.25947}