{"stakedao":49.13287083365983,"convex":29.152356009566397,"yearn":34.21089}