{"stakedao":44.44609846398912,"convex":19.6179697589472,"yearn":43.42174}