{"stakedao":61.2269140664976,"convex":18.8188392470544,"yearn":48.36625}