{"stakedao":39.135205316764896,"convex":16.3669383282528,"yearn":26.89144}