{"stakedao":28.928085020057086,"convex":15.765458103792,"yearn":25.81229}