{"stakedao":49.505304838125014,"convex":31.181076930628798,"yearn":26.94343}