{"stakedao":39.72380516432083,"convex":14.716237490265598,"yearn":20.05181}