{"stakedao":45.84578395231983,"convex":8.9907453964368,"yearn":28.47711}