{"stakedao":54.35467966262549,"convex":10.6438141212912,"yearn":15.10224}