{"stakedao":46.21730287684416,"convex":20.2778539805376,"yearn":41.9347}