{"stakedao":52.291471545450165,"convex":12.2374813243392,"yearn":24.86933}