{"stakedao":62.94374436123579,"convex":20.188579099723203,"yearn":45.54567}