{"stakedao":77.29359915527382,"convex":24.6683359985616,"yearn":41.10912}