{"stakedao":49.482661119589096,"convex":22.3315221608064,"yearn":38.68149}