{"stakedao":44.06841558576346,"convex":27.478150328016,"yearn":25.95519}