{"stakedao":41.11800398595339,"convex":19.8102283869168,"yearn":26.90117}