{"stakedao":54.83722972891338,"convex":11.8098744196032,"yearn":18.13406}