{"stakedao":42.30265923599816,"convex":13.258361364062399,"yearn":18.309}