{"stakedao":39.163489047798436,"convex":16.3897347754944,"yearn":27.84859}