{"stakedao":39.07037299753962,"convex":16.322491483545598,"yearn":27.95499}