{"stakedao":37.65813409731041,"convex":14.105070961329599,"yearn":25.89212}