{"stakedao":39.15925849739397,"convex":16.312574433312,"yearn":27.95499}