{"stakedao":52.470063461471256,"convex":10.988990690270398,"yearn":17.03984}