{"stakedao":51.28542954644975,"convex":10.9865170032768,"yearn":17.25661}