{"stakedao":67.80971330936298,"convex":24.3267153721776,"yearn":35.01378}