{"stakedao":42.6266347485942,"convex":21.092114506536,"yearn":29.93588}