{"stakedao":53.10010547219545,"convex":13.4083424961504,"yearn":38.31004}