{"stakedao":39.44408033284066,"convex":15.727148208835201,"yearn":32.98272}