{"stakedao":40.73265520309727,"convex":16.688287657987203,"yearn":34.99808}