{"stakedao":44.78945562900409,"convex":22.7002262666544,"yearn":47.43571}