{"stakedao":38.99385352351823,"convex":18.0629141368464,"yearn":29.43448}