{"stakedao":45.900632162546785,"convex":12.2138008946352,"yearn":24.86092}