{"stakedao":55.380412280480684,"convex":11.349421171991999,"yearn":22.83983}