{"stakedao":45.825291994569156,"convex":20.49076560744,"yearn":49.27849}