{"stakedao":46.120449495253816,"convex":21.657565721390398,"yearn":42.19701}