{"stakedao":40.82097595690916,"convex":20.8558016949024,"yearn":26.8645}