{"stakedao":50.903260983821646,"convex":12.2093518083696,"yearn":25.19716}