{"stakedao":42.24995526001632,"convex":22.983146779176,"yearn":29.43448}