{"stakedao":48.697468261438594,"convex":31.3353070751376,"yearn":27.3231}