{"stakedao":42.81462195415078,"convex":13.205292334128,"yearn":16.15291}