{"stakedao":44.31825759157563,"convex":23.1632555671152,"yearn":35.27123}