{"stakedao":38.84398062761622,"convex":16.4041820225856,"yearn":27.95499}