{"stakedao":28.936168948438482,"convex":15.7433212856016,"yearn":25.81229}