{"stakedao":48.18194427304618,"convex":31.413849428908797,"yearn":28.63921}