{"stakedao":66.580364805292,"convex":20.150210377511996,"yearn":31.68482}