{"stakedao":38.91571615463958,"convex":17.664686762587202,"yearn":29.43448}