{"stakedao":45.764698447988565,"convex":22.7662035048864,"yearn":30.65455}