{"stakedao":57.510577227918105,"convex":11.013212924222401,"yearn":15.69262}