{"stakedao":62.402452516758956,"convex":20.5327565861472,"yearn":42.88261}