{"stakedao":38.85359453533911,"convex":18.104087850652803,"yearn":29.43448}