{"stakedao":47.580189171621726,"convex":22.979748008851203,"yearn":38.97711}