{"stakedao":52.97227634035367,"convex":17.195543170992,"yearn":36.97053}