{"stakedao":52.75202088224784,"convex":11.291441034470399,"yearn":16.63989}