{"stakedao":42.12059218076786,"convex":14.2188107708448,"yearn":17.37512}