{"stakedao":46.54686179025127,"convex":13.2598653285168,"yearn":25.88261}