{"stakedao":37.52551785381754,"convex":15.3404827111152,"yearn":28.20901}