{"stakedao":46.3473812736388,"convex":28.3695158063664,"yearn":31.84822}