{"stakedao":39.49224284765771,"convex":14.791290625310399,"yearn":21.66633}