{"stakedao":43.49783066886216,"convex":19.5484664521728,"yearn":44.30462}