{"stakedao":42.28035280656289,"convex":22.147913911248004,"yearn":26.46865}