{"stakedao":40.37347865813335,"convex":16.2772201206576,"yearn":33.37993}