{"stakedao":40.711458171728324,"convex":19.1061931472208,"yearn":28.76108}