{"stakedao":40.71036398327078,"convex":16.6848351503184,"yearn":35.16937}