{"stakedao":44.09857055852967,"convex":23.7704543500608,"yearn":33.50069}