{"stakedao":67.24809236699062,"convex":20.549762689507205,"yearn":42.4315}