{"stakedao":44.28565816308493,"convex":23.8653068959728,"yearn":34.64634}