{"stakedao":54.93294768952839,"convex":12.2234720460624,"yearn":16.05988}