{"stakedao":39.413326465641276,"convex":15.7394999423376,"yearn":24.66142}