{"stakedao":46.394032889725956,"convex":28.341793451692798,"yearn":31.61554}