{"stakedao":54.3437153808373,"convex":12.260317954752,"yearn":27.13508}