{"stakedao":45.6021827060546,"convex":23.0725098914112,"yearn":37.67421}