{"stakedao":64.82162816696422,"convex":17.447430051993603,"yearn":32.02624}