{"stakedao":54.67503344426237,"convex":11.3088287171232,"yearn":21.83932}