{"stakedao":39.98488256533992,"convex":13.154342804064001,"yearn":17.84107}