{"stakedao":52.18932719776795,"convex":14.803000115558401,"yearn":30.95609}