{"stakedao":45.55830743180387,"convex":22.9363710954768,"yearn":33.46545}