{"stakedao":40.54911921878282,"convex":16.2670289721264,"yearn":34.22394}