{"stakedao":64.0031086641684,"convex":20.345742347673603,"yearn":37.94986}