{"stakedao":52.966110888386595,"convex":15.775371353937599,"yearn":23.64928}