{"stakedao":43.438350638554624,"convex":19.534831730121603,"yearn":41.79781}