{"stakedao":40.89327683419849,"convex":20.9090119367376,"yearn":25.44466}