{"stakedao":41.35832427000589,"convex":14.7462962872608,"yearn":21.20383}