{"stakedao":48.32645159976755,"convex":27.947551095691203,"yearn":27.51722}