{"stakedao":49.340736938238024,"convex":29.2438529737056,"yearn":33.8622}