{"stakedao":41.12917281814225,"convex":19.1170872678816,"yearn":28.97694}