{"stakedao":46.644811953938216,"convex":20.0400921811584,"yearn":43.58995}