{"stakedao":55.412540204629906,"convex":12.1764919333968,"yearn":15.91245}