{"stakedao":53.79709951912493,"convex":15.9169404062448,"yearn":23.31172}