{"stakedao":42.72883861937166,"convex":16.45813981584,"yearn":17.99296}