{"stakedao":42.80369095020849,"convex":24.8854251110832,"yearn":28.13082}