{"stakedao":47.77853521709678,"convex":21.1234706945712,"yearn":42.19701}