{"stakedao":49.376929014597444,"convex":29.245954983710398,"yearn":33.71284}