{"stakedao":41.77821132848127,"convex":17.526873300984,"yearn":33.09614}