{"stakedao":40.698903193419596,"convex":20.2088442027024,"yearn":26.47007}