{"stakedao":28.943946605565138,"convex":15.7433212856016,"yearn":25.81229}