{"stakedao":45.45747653194854,"convex":20.5302911521248,"yearn":44.18584}