{"stakedao":37.60527652503429,"convex":24.3134663259456,"yearn":29.73162}