{"stakedao":41.67816808272113,"convex":13.176145656014398,"yearn":15.78878}