{"stakedao":49.13478362641447,"convex":11.1572300846736,"yearn":32.75127}