{"stakedao":40.91144297608664,"convex":20.9090119367376,"yearn":25.63093}