{"stakedao":43.47552107613902,"convex":12.374748011620799,"yearn":20.07543}