{"stakedao":49.159862500650554,"convex":10.7440376895072,"yearn":36.2481}