{"stakedao":48.81971906467731,"convex":11.1497362827552,"yearn":32.54335}