{"stakedao":45.58571327198045,"convex":23.072060213280004,"yearn":37.90028}