{"stakedao":48.55472896655782,"convex":11.068598219745601,"yearn":19.43104}