{"stakedao":63.752380816200606,"convex":20.1697915434912,"yearn":38.70681}