{"stakedao":65.26946261917703,"convex":18.563105778220798,"yearn":32.25871}