{"stakedao":50.84746351339818,"convex":25.3799973589248,"yearn":29.9915}