{"stakedao":40.2863746455823,"convex":16.1854163743104,"yearn":35.27816}