{"stakedao":47.92724557768978,"convex":13.092984315777601,"yearn":24.19977}