{"stakedao":48.14603067582789,"convex":27.932190291676797,"yearn":27.2463}