{"stakedao":66.59597840459656,"convex":19.5221583987984,"yearn":41.55229}