{"stakedao":45.73415516990376,"convex":8.977644225662399,"yearn":29.49486}