{"stakedao":41.4424425190334,"convex":20.699773301448,"yearn":25.65354}