{"stakedao":37.584248956968324,"convex":14.0870348701344,"yearn":26.56009}