{"stakedao":43.0297478599844,"convex":22.230096913310398,"yearn":28.1515}