{"stakedao":45.868260184162345,"convex":20.5177102402032,"yearn":44.79322}