{"stakedao":42.88050340778786,"convex":14.813618365598401,"yearn":18.85873}