{"stakedao":44.94485064648407,"convex":22.6915625012112,"yearn":48.31085}