{"stakedao":50.58126609215095,"convex":14.7009112970112,"yearn":17.84209}