{"stakedao":53.09159046741202,"convex":15.7719577301568,"yearn":23.56751}