{"stakedao":41.7093001565397,"convex":17.4879364987296,"yearn":33.05793}