{"stakedao":28.884259273394818,"convex":15.864996725856,"yearn":25.81229}