{"stakedao":45.59088210736224,"convex":31.0904658694944,"yearn":41.12082}