{"stakedao":42.03939457180146,"convex":13.189491331704,"yearn":17.23143}