{"stakedao":27.930395539069803,"convex":13.716550150271999,"yearn":25.78123}