{"stakedao":44.11642285704716,"convex":19.562834799345598,"yearn":42.617}