{"stakedao":51.52812665981723,"convex":25.2682635890592,"yearn":32.04733}