{"stakedao":42.95296574110049,"convex":13.7335931066016,"yearn":17.1277}