{"stakedao":58.13871578210957,"convex":12.075414865416,"yearn":14.33754}