{"stakedao":40.54750473572952,"convex":17.2179639456336,"yearn":31.36251}