{"stakedao":52.33771878817053,"convex":17.5714538583312,"yearn":18.5252}