{"stakedao":48.943996154024816,"convex":29.1257069921136,"yearn":34.90894}