{"stakedao":40.53261360782284,"convex":20.211290557444798,"yearn":27.62083}