{"stakedao":48.45172881375588,"convex":29.328404241067197,"yearn":36.37945}