{"stakedao":53.64653631568158,"convex":14.191530251299199,"yearn":22.91907}