{"stakedao":45.88415751344769,"convex":21.760267281264,"yearn":42.54743}