{"stakedao":48.5223717324263,"convex":13.060329245049601,"yearn":23.78195}