{"stakedao":47.25133272044198,"convex":22.406133325118397,"yearn":38.25487}