{"stakedao":41.48694830087887,"convex":18.0765184171968,"yearn":32.13736}