{"stakedao":39.269215490442136,"convex":16.381497367310402,"yearn":27.95499}