{"stakedao":54.798042403211866,"convex":11.720338799140798,"yearn":16.90957}