{"stakedao":37.52828999719144,"convex":15.340526571384,"yearn":28.29907}