{"stakedao":40.58674053593209,"convex":17.218146053419197,"yearn":31.27181}