{"stakedao":49.174751594545604,"convex":17.4918997539936,"yearn":18.49347}