{"stakedao":54.56088909189671,"convex":11.4177616739136,"yearn":18.36915}