{"stakedao":43.31849894448821,"convex":26.5449603904992,"yearn":25.99913}