{"stakedao":47.535764919429226,"convex":13.035321619632,"yearn":24.47951}