{"stakedao":43.64620706538225,"convex":26.8670683439424,"yearn":26.28524}