{"stakedao":55.934802215389894,"convex":10.4285412616176,"yearn":15.88682}