{"stakedao":54.71665592188266,"convex":10.7498020887216,"yearn":24.5856}