{"stakedao":51.05208617455709,"convex":29.366418691008,"yearn":37.3609}