{"stakedao":56.85258286666458,"convex":11.019266659929599,"yearn":16.14366}