{"stakedao":45.384902803887,"convex":20.5302911521248,"yearn":44.22493}