{"stakedao":47.872023221302605,"convex":11.37490085664,"yearn":31.12838}