{"stakedao":27.898309711042597,"convex":13.6857334927392,"yearn":23.66499}