{"stakedao":42.082109222466315,"convex":20.6575056038016,"yearn":28.40787}