{"stakedao":68.31782570026088,"convex":23.640135185491204,"yearn":36.61276}