{"stakedao":57.68471592945335,"convex":24.3125681428224,"yearn":39.15501}