{"stakedao":45.8234811597044,"convex":21.8080908810144,"yearn":43.17167}