{"stakedao":52.66044838147052,"convex":24.1984960384752,"yearn":38.01486}