{"stakedao":52.9509105996248,"convex":24.344440666632,"yearn":38.04288}