{"stakedao":43.5512996161387,"convex":19.5537141561024,"yearn":44.04453}