{"stakedao":41.45534802448534,"convex":20.6898844034016,"yearn":23.63658}