{"stakedao":63.995774158703554,"convex":20.1650442559632,"yearn":39.14209}