{"stakedao":37.631701854278106,"convex":14.1258831319152,"yearn":24.88211}