{"stakedao":52.77653387366662,"convex":14.1411694983552,"yearn":22.32179}