{"stakedao":37.6512377746335,"convex":23.5200614208336,"yearn":30.11135}