{"stakedao":42.18277672443043,"convex":20.6330691331872,"yearn":28.05106}