{"stakedao":49.375797034821964,"convex":21.8544084916992,"yearn":41.24667}