{"stakedao":65.69761218859935,"convex":19.0833398121888,"yearn":32.46626}