{"stakedao":46.61524012354494,"convex":28.3780007816112,"yearn":30.83421}