{"stakedao":39.683452783267455,"convex":14.789168804390401,"yearn":21.63088}