{"stakedao":49.637507249273845,"convex":10.7464611049632,"yearn":36.2481}