{"stakedao":39.38841678154209,"convex":15.698350284192,"yearn":25.39224}