{"stakedao":62.538007530161394,"convex":19.113107159779197,"yearn":47.32306}