{"stakedao":28.865155933340713,"convex":15.7203959728032,"yearn":23.92986}