{"stakedao":40.59852133201554,"convex":20.211569253691202,"yearn":27.55619}