{"stakedao":42.397417882130874,"convex":15.535912085208,"yearn":17.42087}