{"stakedao":49.957926825262135,"convex":11.0934143301888,"yearn":37.48255}