{"stakedao":41.13710413153468,"convex":13.2271605097488,"yearn":15.98674}