{"stakedao":50.805167188034424,"convex":22.4551789448688,"yearn":34.56538}