{"stakedao":42.46765060462408,"convex":20.6776581737184,"yearn":30.0333}