{"stakedao":53.41924000410944,"convex":11.389537445875199,"yearn":17.01983}