{"stakedao":41.06089486555955,"convex":20.9278305149328,"yearn":23.63109}