{"stakedao":40.540793315717146,"convex":17.2179639456336,"yearn":31.40089}