{"stakedao":45.442208367998646,"convex":10.7186542968816,"yearn":25.91951}