{"stakedao":46.900907769765425,"convex":12.208792735008,"yearn":24.17967}