{"stakedao":44.895871128114486,"convex":9.0132649796736,"yearn":26.24834}