{"stakedao":54.1890955750505,"convex":15.8029412131296,"yearn":24.04339}