{"stakedao":52.36525335366119,"convex":10.9676811748896,"yearn":17.37086}