{"stakedao":48.64021067962218,"convex":29.3398411341312,"yearn":36.816}