{"stakedao":46.1657663941925,"convex":11.381806676145601,"yearn":31.52919}