{"stakedao":46.54359462718701,"convex":28.341711215265597,"yearn":30.9181}