{"stakedao":44.18781127052135,"convex":19.572126988967998,"yearn":43.38718}