{"stakedao":40.73936156920849,"convex":17.2338431604912,"yearn":30.82912}