{"stakedao":39.20558175930433,"convex":16.3800476952336,"yearn":27.95499}