{"stakedao":40.674620824036886,"convex":17.153197860096,"yearn":30.7105}