{"stakedao":49.174898103810314,"convex":11.1553332920352,"yearn":32.93167}