{"stakedao":44.93115655698265,"convex":22.10269395204,"yearn":43.10447}