{"stakedao":38.851992232832,"convex":16.3726399582128,"yearn":27.95499}