{"stakedao":38.87444603359843,"convex":18.0642542875488,"yearn":29.43448}