{"stakedao":47.59972014430765,"convex":22.3940908084032,"yearn":37.85771}