{"stakedao":50.71719595915903,"convex":9.972911038392,"yearn":17.21067}