{"stakedao":40.736407903363094,"convex":19.117639964664,"yearn":28.76108}