{"stakedao":42.52045510944203,"convex":23.0351268836448,"yearn":29.43448}