{"stakedao":55.39430579237855,"convex":9.809675237203201,"yearn":20.29704}