{"stakedao":56.299348000504864,"convex":31.050596746396803,"yearn":43.61733}