{"stakedao":64.31874570473597,"convex":18.614439899265598,"yearn":43.244}