{"stakedao":40.77715075776318,"convex":13.693115669832,"yearn":16.34939}