{"stakedao":55.078321840006296,"convex":11.3455137732912,"yearn":22.46258}