{"stakedao":43.403569264913045,"convex":18.9024269855472,"yearn":27.81179}