{"stakedao":42.25561298444107,"convex":15.277060216857599,"yearn":19.50212}