{"stakedao":64.34277162300761,"convex":18.2195496172224,"yearn":31.85461}