{"stakedao":44.375731620215205,"convex":22.6056149553744,"yearn":49.50106}