{"stakedao":44.877785301081204,"convex":22.7004441678,"yearn":47.7863}