{"stakedao":46.21238072062547,"convex":21.4972763791392,"yearn":42.19701}