{"stakedao":42.695698881415524,"convex":21.033634920768,"yearn":30.35819}