{"stakedao":45.46165470109641,"convex":22.015212895670402,"yearn":41.31399}