{"stakedao":58.84509821966737,"convex":16.9053242473008,"yearn":36.75259}