{"stakedao":42.944599946035325,"convex":28.587713882328003,"yearn":27.91809}