{"stakedao":48.817893965473644,"convex":22.942505547576,"yearn":29.97243}