{"stakedao":53.39126036347423,"convex":16.4577435596928,"yearn":38.31004}