{"stakedao":42.85315333181265,"convex":13.1880054247632,"yearn":16.57714}