{"stakedao":37.46384739149763,"convex":24.4448904961872,"yearn":29.2889}