{"stakedao":42.11411068024032,"convex":13.1899936907232,"yearn":17.11728}