{"stakedao":46.41862088171737,"convex":21.6080244377136,"yearn":42.19701}