{"stakedao":44.08783934112948,"convex":22.4988648227424,"yearn":32.09089}