{"stakedao":45.919445385268276,"convex":20.0727979428528,"yearn":43.2329}