{"stakedao":43.394008897543785,"convex":14.8382038721952,"yearn":17.9578}