{"stakedao":39.59768081156174,"convex":15.6930949233216,"yearn":25.60773}