{"stakedao":62.77508171917665,"convex":20.180594468347202,"yearn":44.61213}