{"stakedao":48.370353381080584,"convex":26.007375810672,"yearn":27.90882}