{"stakedao":54.06805838294455,"convex":10.630951630732799,"yearn":23.41725}