{"stakedao":39.2663038733499,"convex":16.3837556192736,"yearn":27.95499}