{"stakedao":37.58139875245558,"convex":24.3156866527152,"yearn":29.9283}