{"stakedao":57.40317845472245,"convex":31.124506086489603,"yearn":47.6372}