{"stakedao":41.36970618361863,"convex":18.1302817279392,"yearn":32.22815}