{"stakedao":55.6719315028772,"convex":10.6686422879472,"yearn":14.42124}