{"stakedao":42.703070725920114,"convex":15.701684689540802,"yearn":17.01509}