{"stakedao":62.709074397840126,"convex":20.242704582504,"yearn":45.68665}