{"stakedao":46.44654237333597,"convex":22.173949332748798,"yearn":40.13751}