{"stakedao":39.3164318322926,"convex":16.8868526281776,"yearn":26.38992}