{"stakedao":59.5977442184196,"convex":17.1088570047312,"yearn":35.79244}