{"stakedao":45.65155457436401,"convex":20.8482522918624,"yearn":43.02094}