{"stakedao":37.45136715574444,"convex":15.3351185920416,"yearn":27.27107}