{"stakedao":40.46134275212902,"convex":16.230811254249602,"yearn":34.29148}