{"stakedao":40.99560438960662,"convex":20.8437487113888,"yearn":26.40189}