{"stakedao":47.68620574340329,"convex":22.3603276887792,"yearn":39.06364}