{"stakedao":39.45942499700944,"convex":15.5245117013712,"yearn":30.98098}