{"stakedao":52.76137585107365,"convex":14.6412105490224,"yearn":31.20648}