{"stakedao":45.66047597057376,"convex":8.9862720558336,"yearn":29.10361}