{"stakedao":43.10565016876542,"convex":18.901809750340803,"yearn":28.05114}