{"stakedao":37.67366018159854,"convex":14.105803138948799,"yearn":25.68655}