{"stakedao":42.71117151571039,"convex":21.0369086130096,"yearn":30.35819}