{"stakedao":42.62107029024287,"convex":24.889348258862398,"yearn":27.27709}