{"stakedao":45.48999501796828,"convex":20.949431713084802,"yearn":43.69812}