{"stakedao":44.32092979611994,"convex":23.222767808664003,"yearn":36.00455}