{"stakedao":42.442233170760915,"convex":13.2626596893264,"yearn":17.78072}