{"stakedao":51.39775344710293,"convex":13.8091396475952,"yearn":27.9006}