{"stakedao":49.84441649902939,"convex":16.8146694047376,"yearn":20.17921}