{"stakedao":53.633909270502315,"convex":9.7656871372272,"yearn":19.61118}