{"stakedao":55.601836733598546,"convex":10.5340250188656,"yearn":21.74263}