{"stakedao":58.05172927309764,"convex":17.020031445691203,"yearn":36.80016}