{"stakedao":62.27618495111315,"convex":19.144619271259202,"yearn":45.98501}