{"stakedao":45.53510709538439,"convex":22.0151978151552,"yearn":41.44338}