{"stakedao":41.21615597044178,"convex":21.5168014078848,"yearn":25.68019}