{"stakedao":39.249279975005685,"convex":16.064493461856,"yearn":26.79239}