{"stakedao":40.72123090742864,"convex":17.2189715618304,"yearn":31.48174}