{"stakedao":39.993188780144116,"convex":13.13673478884,"yearn":17.80793}