{"stakedao":40.6210081099367,"convex":19.9980028227456,"yearn":29.46132}