{"stakedao":53.938449929244854,"convex":27.826078857652803,"yearn":28.92802}