{"stakedao":39.4667356212178,"convex":15.5245117013712,"yearn":30.98098}