{"stakedao":64.69036344416403,"convex":18.9495188933328,"yearn":42.55273}