{"stakedao":40.84660538066694,"convex":13.2661732822272,"yearn":15.67314}