{"stakedao":40.834414622472806,"convex":14.166037182772799,"yearn":17.5417}