{"stakedao":55.7720424337058,"convex":11.6036110198512,"yearn":13.92627}