{"stakedao":61.103377846626316,"convex":18.8328405372624,"yearn":48.43834}