{"stakedao":47.1875630710438,"convex":21.5085650183136,"yearn":42.19701}