{"stakedao":37.56778608332335,"convex":24.3143712356976,"yearn":29.59902}