{"stakedao":51.772663970516234,"convex":25.081325850614398,"yearn":32.94363}