{"stakedao":38.84395454612593,"convex":16.407125693740802,"yearn":27.95499}