{"stakedao":67.45119914768321,"convex":19.5877222442208,"yearn":40.68387}