{"stakedao":41.50385948425271,"convex":20.6986860284688,"yearn":29.53994}