{"stakedao":41.263696060834974,"convex":20.758701234528,"yearn":27.8876}