{"stakedao":58.45871707105867,"convex":12.075434953848,"yearn":14.26822}