{"stakedao":71.12866633866544,"convex":21.2044522097232,"yearn":32.13886}