{"stakedao":41.66701037418867,"convex":18.258037214385602,"yearn":31.83149}