{"stakedao":66.59931537391503,"convex":19.5114244652496,"yearn":41.55229}