{"stakedao":45.4287073212074,"convex":20.4680245374144,"yearn":47.37605}