{"stakedao":43.35498249472795,"convex":14.7634898185296,"yearn":18.07449}