{"stakedao":45.837642276272675,"convex":20.1492932664816,"yearn":42.38874}