{"stakedao":64.56913184549441,"convex":20.415373964971202,"yearn":37.94986}