{"stakedao":44.829461496725926,"convex":22.9819885911936,"yearn":50.20835}