{"stakedao":53.81306836203642,"convex":15.9169404062448,"yearn":23.31172}