{"stakedao":47.47535806883606,"convex":22.9828027182624,"yearn":50.20835}