{"stakedao":42.2220916336594,"convex":13.189491331704,"yearn":17.31711}