{"stakedao":38.956671473571646,"convex":15.9690189377232,"yearn":27.79331}