{"stakedao":62.50049061000971,"convex":20.2764844130544,"yearn":44.05977}