{"stakedao":40.64007446255722,"convex":18.8775780871248,"yearn":29.24838}