{"stakedao":46.60633681032891,"convex":12.197369481264,"yearn":25.08476}