{"stakedao":42.51864918165616,"convex":22.8098009778912,"yearn":29.43448}