{"stakedao":48.29233449659122,"convex":27.9329414445072,"yearn":27.20274}