{"stakedao":45.63238647872262,"convex":10.6181894561904,"yearn":25.33559}