{"stakedao":44.96356271013242,"convex":20.45809281348,"yearn":47.90914}