{"stakedao":54.261619823660396,"convex":11.741982037934399,"yearn":16.84658}