{"stakedao":50.698898644368114,"convex":17.5217015136672,"yearn":17.30234}