{"stakedao":28.94677830729051,"convex":15.728575338979198,"yearn":23.68191}