{"stakedao":41.95510580589989,"convex":17.536761461088,"yearn":33.40068}