{"stakedao":49.80520766560559,"convex":31.279687697347203,"yearn":27.71823}