{"stakedao":39.33884544925993,"convex":16.8868526281776,"yearn":26.38992}