{"stakedao":54.08887622867768,"convex":10.607367146155202,"yearn":15.3991}