{"stakedao":77.684944072317,"convex":21.093817970880004,"yearn":33.63023}