{"stakedao":54.992266575155796,"convex":13.715001893505601,"yearn":18.7081}