{"stakedao":78.46830788443742,"convex":21.08847017484,"yearn":33.63023}