{"stakedao":47.28841119397154,"convex":29.326733791761598,"yearn":34.82583}