{"stakedao":45.86354628620888,"convex":21.812575145688,"yearn":43.34483}