{"stakedao":44.93314032537251,"convex":21.752749619208004,"yearn":50.20835}