{"stakedao":45.994481124999375,"convex":20.072559092342402,"yearn":43.29219}