{"stakedao":76.27262610741214,"convex":24.582385778472,"yearn":41.67961}