{"stakedao":43.6383050748986,"convex":12.3441297281424,"yearn":19.17771}