{"stakedao":42.00614753049161,"convex":13.1887031429952,"yearn":14.68284}