{"stakedao":55.87322536469416,"convex":11.312636115168,"yearn":15.91725}