{"stakedao":65.73030465772274,"convex":19.597760521992,"yearn":41.55229}