{"stakedao":41.48290705901537,"convex":18.1528334242848,"yearn":31.73924}