{"stakedao":43.32666133307299,"convex":14.7634453527696,"yearn":18.91298}