{"stakedao":56.92180341548734,"convex":13.310881623446399,"yearn":18.06459}