{"stakedao":39.57843389491843,"convex":14.864329672718398,"yearn":21.56308}