{"stakedao":47.56085512882745,"convex":22.9819516183872,"yearn":50.20835}