{"stakedao":37.684183605381826,"convex":14.1070322198592,"yearn":25.58358}