{"stakedao":55.3042029984406,"convex":10.5820001680176,"yearn":16.9911}