{"stakedao":53.287092727377726,"convex":11.381070197016,"yearn":15.69797}