{"stakedao":52.77660026734188,"convex":17.1983948894784,"yearn":37.34726}