{"stakedao":42.83544500198181,"convex":28.584042379214402,"yearn":26.85123}