{"stakedao":40.82987190721939,"convex":13.226067128246402,"yearn":15.95097}