{"stakedao":41.6175823051848,"convex":18.199934430206397,"yearn":31.53284}