{"stakedao":66.78846502427962,"convex":20.7388345857552,"yearn":42.87534}