{"stakedao":53.31582469327444,"convex":13.593019781419201,"yearn":32.53125}