{"stakedao":55.00493238285804,"convex":12.1728682104768,"yearn":15.68872}