{"stakedao":52.884592765377725,"convex":14.605851118075199,"yearn":21.85781}