{"stakedao":39.70302055112596,"convex":15.682291506504,"yearn":33.39172}