{"stakedao":39.27900891205219,"convex":16.385178504671998,"yearn":27.95499}