{"stakedao":39.67773525468743,"convex":15.668585115739202,"yearn":36.11839}