{"stakedao":46.39389691127978,"convex":21.4950066606864,"yearn":42.19701}