{"stakedao":45.67618516406628,"convex":21.786886090382403,"yearn":42.88317}