{"stakedao":53.78377915522804,"convex":11.840726898878401,"yearn":27.51547}