{"stakedao":41.61955632460137,"convex":13.8545202669552,"yearn":15.43413}