{"stakedao":47.191683497700176,"convex":10.987142526144,"yearn":34.95108}