{"stakedao":46.067293239578404,"convex":21.5742839609376,"yearn":42.19701}