{"stakedao":34.12526495082819,"convex":22.724356387104,"yearn":25.63549}