{"stakedao":39.126900652627725,"convex":16.3646661783744,"yearn":27.95499}