{"stakedao":40.40708398271363,"convex":18.8800227988416,"yearn":29.24838}