{"stakedao":42.303523623275815,"convex":22.816542485376,"yearn":29.43448}