{"stakedao":46.9476403578571,"convex":28.356034481726404,"yearn":30.11081}