{"stakedao":43.966470491586804,"convex":23.2992717700032,"yearn":31.90661}