{"stakedao":41.16059651702074,"convex":21.730708982663998,"yearn":27.64119}