{"stakedao":49.65664226169765,"convex":29.294463081801602,"yearn":33.90236}