{"stakedao":54.5177007291161,"convex":11.3442593973552,"yearn":22.02921}