{"stakedao":46.6132917062041,"convex":22.1487963579072,"yearn":40.09007}