{"stakedao":46.72373908951169,"convex":10.167549546369601,"yearn":19.66358}