{"stakedao":48.996978354928785,"convex":22.9539155562,"yearn":29.97243}