{"stakedao":65.5400157062179,"convex":18.553744836964796,"yearn":30.01492}