{"stakedao":57.32637316123788,"convex":11.0318047774992,"yearn":16.60425}