{"stakedao":54.30211887582082,"convex":12.210433395408,"yearn":15.57854}