{"stakedao":47.471157887605244,"convex":22.826504364033596,"yearn":39.22347}