{"stakedao":40.713313187356526,"convex":16.6849480145088,"yearn":35.16937}