{"stakedao":42.736323663454066,"convex":15.5397245290128,"yearn":17.741}