{"stakedao":49.241263021068086,"convex":16.823781542721598,"yearn":19.85088}