{"stakedao":46.45458542199946,"convex":20.2803242048784,"yearn":41.56617}