{"stakedao":42.38331053419961,"convex":22.9838057995824,"yearn":29.43448}