{"stakedao":41.10829288074326,"convex":14.7478006364544,"yearn":20.3368}