{"stakedao":77.95155552936541,"convex":21.1178321523792,"yearn":33.63023}