{"stakedao":39.9869097663719,"convex":13.137353856288001,"yearn":17.79144}