{"stakedao":55.716991599999226,"convex":10.5333373763856,"yearn":16.62462}