{"stakedao":43.285476878538496,"convex":23.661196468401602,"yearn":31.28588}