{"stakedao":39.08683352295353,"convex":16.3165783195584,"yearn":27.95499}