{"stakedao":39.74127413712549,"convex":15.603898734287998,"yearn":35.14614}