{"stakedao":56.60302909589905,"convex":11.6037738307584,"yearn":14.09149}