{"stakedao":44.306945722302366,"convex":19.5865198743024,"yearn":41.28739}