{"stakedao":49.398645269449005,"convex":22.8949564781664,"yearn":32.58568}