{"stakedao":52.16008220238948,"convex":13.8935732541408,"yearn":27.19411}