{"stakedao":54.57070349362371,"convex":10.5787600963056,"yearn":16.58389}