{"stakedao":41.37178522612328,"convex":17.52990204996,"yearn":33.59631}