{"stakedao":40.95705220070608,"convex":14.804505338299197,"yearn":21.03314}