{"stakedao":40.281498584208165,"convex":16.241616288863998,"yearn":34.7296}