{"stakedao":42.46776881307812,"convex":20.686033586592,"yearn":29.61163}