{"stakedao":41.93375115410572,"convex":20.6489988151056,"yearn":28.84298}