{"stakedao":40.64093286105616,"convex":13.184626572576,"yearn":18.37553}