{"stakedao":43.16732281686526,"convex":14.8089623842512,"yearn":18.79692}