{"stakedao":54.28462571540425,"convex":10.5983869295664,"yearn":15.6052}