{"stakedao":40.53253940708677,"convex":16.2641973168432,"yearn":34.40608}