{"stakedao":37.59844271800463,"convex":15.336802311696,"yearn":27.83607}