{"stakedao":46.24438992528953,"convex":28.3471748588016,"yearn":30.33681}