{"stakedao":42.452382071648614,"convex":13.2211037371248,"yearn":17.72875}