{"stakedao":44.84721050746052,"convex":20.458801440014398,"yearn":48.05595}