{"stakedao":67.02260240009929,"convex":20.4495405719472,"yearn":43.29849}