{"stakedao":45.47529268226941,"convex":10.612390124548801,"yearn":24.96123}