{"stakedao":49.03072586889333,"convex":21.7984484336544,"yearn":40.19153}