{"stakedao":46.789034756833985,"convex":31.9166581546224,"yearn":27.57691}