{"stakedao":46.97752266878962,"convex":28.371677286959997,"yearn":29.71978}