{"stakedao":41.465126535278635,"convex":20.6986586678352,"yearn":29.50479}