{"stakedao":54.18298250831063,"convex":10.441042299158399,"yearn":15.76207}