{"stakedao":46.42985469843566,"convex":20.2769598087936,"yearn":44.5045}