{"stakedao":44.69158881207967,"convex":22.6117536553728,"yearn":45.4217}