{"stakedao":42.76906034857684,"convex":15.2782194896784,"yearn":17.84256}