{"stakedao":38.97402546578124,"convex":16.312574433312,"yearn":27.95499}