{"stakedao":49.29247500814972,"convex":22.954782559679998,"yearn":32.91643}