{"stakedao":42.55377050617636,"convex":22.9885625857536,"yearn":29.43448}