{"stakedao":62.51362532667797,"convex":20.180594468347202,"yearn":44.79666}