{"stakedao":45.518023804134415,"convex":31.0828986769968,"yearn":48.69945}