{"stakedao":42.99043376534262,"convex":12.0757999452048,"yearn":22.47568}