{"stakedao":44.37057123022606,"convex":10.6215845904144,"yearn":25.93898}