{"stakedao":53.69574396473926,"convex":9.7152833754864,"yearn":19.40697}