{"stakedao":46.15470193253735,"convex":22.1736852755136,"yearn":40.36832}