{"stakedao":27.896159199732082,"convex":13.702220948735999,"yearn":25.59591}