{"stakedao":41.60982705455038,"convex":17.5194834511824,"yearn":32.59906}