{"stakedao":39.559477303774585,"convex":15.4672184021616,"yearn":25.60773}