{"stakedao":52.580896610156024,"convex":24.340036411944,"yearn":37.6861}