{"stakedao":38.956429503201335,"convex":16.0905327559776,"yearn":27.64107}