{"stakedao":52.458655972614565,"convex":25.740437020776003,"yearn":32.99233}