{"stakedao":43.60763764642118,"convex":19.5250816756224,"yearn":41.57762}