{"stakedao":55.298987185220525,"convex":12.1764919333968,"yearn":15.88995}