{"stakedao":43.378490520966096,"convex":19.5565119574896,"yearn":43.10915}