{"stakedao":38.90160617640792,"convex":16.373034833083203,"yearn":27.95499}