{"stakedao":46.75430346446396,"convex":12.209858036856001,"yearn":23.78283}