{"stakedao":56.85928027766573,"convex":11.019114457732801,"yearn":16.35833}