{"stakedao":39.5768565084101,"convex":15.457031523604801,"yearn":25.60773}