{"stakedao":41.058772776579815,"convex":19.8415225152576,"yearn":27.33173}