{"stakedao":42.07543956088555,"convex":13.1887031429952,"yearn":14.76981}