{"stakedao":41.29671452516898,"convex":14.805672936624003,"yearn":21.31514}