{"stakedao":42.74223519443258,"convex":13.6999227122784,"yearn":16.57449}