{"stakedao":67.81693357220946,"convex":19.6278683007024,"yearn":40.68387}