{"stakedao":45.70897365576653,"convex":21.8124847603584,"yearn":43.45546}