{"stakedao":52.890477483150995,"convex":17.1955353595248,"yearn":37.03862}