{"stakedao":65.30899544056338,"convex":18.9385317320112,"yearn":42.94224}