{"stakedao":41.72757709744148,"convex":22.1122383792048,"yearn":25.7502}