{"stakedao":41.606789829448374,"convex":20.689656946848004,"yearn":0}