{"stakedao":40.59443776591651,"convex":19.106473697784004,"yearn":28.76108}