{"stakedao":49.21727842712328,"convex":17.568076346424,"yearn":17.82946}