{"stakedao":45.66921284300795,"convex":8.991379629547199,"yearn":27.48784}