{"stakedao":55.13803879985464,"convex":11.8233045991584,"yearn":17.51525}