{"stakedao":55.60040796294231,"convex":10.670492965492802,"yearn":14.36654}