{"stakedao":44.195949711230625,"convex":19.5860563518672,"yearn":43.85216}