{"stakedao":52.21148659815907,"convex":28.204945940923203,"yearn":29.04551}