{"stakedao":40.491497000656466,"convex":17.18419377456,"yearn":30.3828}