{"stakedao":44.85101343088869,"convex":9.0134018963712,"yearn":26.12301}