{"stakedao":42.22032823972177,"convex":22.1761498296816,"yearn":26.03128}