{"stakedao":51.41139949054855,"convex":25.451961561691203,"yearn":29.24439}