{"stakedao":49.322869325877164,"convex":29.323274743526405,"yearn":33.31453}