{"stakedao":52.619080509663824,"convex":13.698622438848,"yearn":31.53294}