{"stakedao":54.928506543659665,"convex":10.5809356482624,"yearn":17.12118}