{"stakedao":44.50150479909692,"convex":19.5845151307824,"yearn":41.17391}