{"stakedao":57.96955181073871,"convex":11.0259031336128,"yearn":16.96442}