{"stakedao":40.60334494222088,"convex":20.211481646683204,"yearn":27.57232}