{"stakedao":58.24057928919141,"convex":30.743097510672,"yearn":40.42931}