{"stakedao":46.35468593306641,"convex":28.5352022070432,"yearn":32.26691}