{"stakedao":40.30710477769554,"convex":19.147990551652804,"yearn":28.68009}