{"stakedao":42.83689581771041,"convex":25.236151543022398,"yearn":27.60321}