{"stakedao":46.09308942240368,"convex":12.220193383747201,"yearn":22.92824}