{"stakedao":56.38730894952593,"convex":31.040410331419203,"yearn":46.74001}