{"stakedao":46.282091711068915,"convex":20.2724940210624,"yearn":42.48899}