{"stakedao":42.87002342224537,"convex":13.7138787924768,"yearn":16.83404}