{"stakedao":50.467338722954366,"convex":22.5620414907264,"yearn":29.97243}