{"stakedao":55.33769496390203,"convex":12.3686891576208,"yearn":16.45086}