{"stakedao":55.72329096479114,"convex":12.2735794860864,"yearn":23.05648}