{"stakedao":41.69239147245965,"convex":20.7011670192,"yearn":25.57754}