{"stakedao":45.599626691799834,"convex":20.519787850804803,"yearn":45.48712}