{"stakedao":59.45901881473929,"convex":16.9051549179024,"yearn":36.79352}