{"stakedao":47.91189818797982,"convex":11.8107535455216,"yearn":23.78283}