{"stakedao":57.33354107210236,"convex":31.1125709593152,"yearn":47.35712}