{"stakedao":48.84099185688851,"convex":21.820627390248003,"yearn":39.85806}