{"stakedao":53.1221454468926,"convex":27.922432214419196,"yearn":31.47003}