{"stakedao":41.57367270357054,"convex":18.1584849687696,"yearn":31.19506}