{"stakedao":49.29793783506027,"convex":29.152308992544,"yearn":34.01157}