{"stakedao":40.20299322293579,"convex":13.1338002095136,"yearn":17.43112}