{"stakedao":45.409184948032724,"convex":20.4902697479904,"yearn":49.55024}