{"stakedao":51.75844150296719,"convex":25.3186956448992,"yearn":31.00901}