{"stakedao":53.36021819531191,"convex":26.916869966759997,"yearn":29.37337}