{"stakedao":42.5913774920637,"convex":12.131400262636799,"yearn":21.61246}