{"stakedao":55.267629932360016,"convex":9.7841866436352,"yearn":20.09676}