{"stakedao":41.52537975206094,"convex":18.0715184096256,"yearn":32.62939}