{"stakedao":39.33412799685962,"convex":16.3799731662048,"yearn":27.95499}