{"stakedao":44.68376014361872,"convex":10.622898569390399,"yearn":25.52439}