{"stakedao":39.33248900954636,"convex":15.5199111003936,"yearn":31.00733}