{"stakedao":52.29176384349632,"convex":26.723753941176,"yearn":28.36565}