{"stakedao":51.5147346273295,"convex":12.0240731599632,"yearn":25.01732}