{"stakedao":37.68569683390981,"convex":24.3251045700624,"yearn":30.05646}