{"stakedao":52.8434087572751,"convex":11.2943732328288,"yearn":16.85583}