{"stakedao":42.43067918914444,"convex":20.6639389541088,"yearn":30.92912}