{"stakedao":53.202058882371674,"convex":13.5882496429056,"yearn":32.53125}