{"stakedao":41.475917590318346,"convex":22.1125987726128,"yearn":26.06025}