{"stakedao":58.42241081113934,"convex":11.006577579528,"yearn":15.30387}