{"stakedao":37.514716231355855,"convex":24.44966858808,"yearn":29.125}