{"stakedao":47.585187841024805,"convex":10.987115496638399,"yearn":35.07349}