{"stakedao":57.19504426017671,"convex":12.0610435191696,"yearn":13.76038}