{"stakedao":46.639054452750266,"convex":8.9920624690944,"yearn":27.929}