{"stakedao":67.13472664119377,"convex":20.5489614291264,"yearn":42.77545}