{"stakedao":55.33995796321477,"convex":10.533787899681599,"yearn":16.36193}