{"stakedao":45.362420844946165,"convex":22.058732206699197,"yearn":40.3349}