{"stakedao":43.300938450254726,"convex":19.5329102511024,"yearn":42.48555}