{"stakedao":47.90515029304175,"convex":31.4072380137312,"yearn":28.77214}