{"stakedao":46.719172838604095,"convex":10.068698137896,"yearn":19.08271}