{"stakedao":52.5093077284976,"convex":10.9676811748896,"yearn":17.38129}