{"stakedao":53.890294161638266,"convex":10.7628952588128,"yearn":24.42002}