{"stakedao":39.083176838209646,"convex":16.0605167911776,"yearn":27.64107}