{"stakedao":40.44111981081441,"convex":16.5412224579888,"yearn":33.71262}