{"stakedao":39.34492133913675,"convex":16.313135723654398,"yearn":27.95499}