{"stakedao":55.22442581372686,"convex":12.2632914179664,"yearn":24.87155}