{"stakedao":45.20162700006502,"convex":11.6174277992304,"yearn":25.52931}