{"stakedao":41.448357573474276,"convex":20.69012090448,"yearn":23.56611}