{"stakedao":42.564368355403616,"convex":15.703204437763201,"yearn":17.01509}