{"stakedao":43.65836924530437,"convex":12.374748011620799,"yearn":20.07543}