{"stakedao":40.70632818190198,"convex":16.6875502674672,"yearn":35.08378}