{"stakedao":43.24915970069123,"convex":26.5445445410352,"yearn":25.84513}