{"stakedao":64.8685552707712,"convex":18.93339745992,"yearn":43.79801}