{"stakedao":50.901794341017165,"convex":25.206772085078402,"yearn":31.45576}