{"stakedao":38.744529919150146,"convex":16.4238423155424,"yearn":29.43448}