{"stakedao":45.72032604091279,"convex":22.0674056316192,"yearn":39.58615}