{"stakedao":53.88550304310801,"convex":12.2318238826224,"yearn":16.24274}