{"stakedao":40.39339034399935,"convex":13.0300235274816,"yearn":19.49173}