{"stakedao":53.06451726576238,"convex":24.2438739993504,"yearn":37.55874}