{"stakedao":47.744713840907664,"convex":12.202894724068802,"yearn":23.55049}