{"stakedao":53.310970639211746,"convex":24.3505914890688,"yearn":37.70068}