{"stakedao":51.01965023836949,"convex":25.2090450832752,"yearn":31.19222}