{"stakedao":41.774412196257785,"convex":20.6940529044144,"yearn":25.94553}