{"stakedao":49.61655134060095,"convex":17.4400178368608,"yearn":19.63768}