{"stakedao":44.20118927025253,"convex":19.56690445392,"yearn":43.64051}