{"stakedao":39.01567977723792,"convex":18.056379928104,"yearn":29.43448}