{"stakedao":40.43369983408157,"convex":16.2416409910128,"yearn":34.54704}