{"stakedao":54.69104625171244,"convex":10.4392479764448,"yearn":15.48741}