{"stakedao":45.60131613926496,"convex":22.9542680435328,"yearn":32.6444}