{"stakedao":61.879073727380344,"convex":19.0084154007888,"yearn":49.05331}