{"stakedao":57.039978762027545,"convex":31.122783268502396,"yearn":47.46878}