{"stakedao":37.62563719434633,"convex":15.334901936568002,"yearn":27.93901}