{"stakedao":41.36375441847974,"convex":14.8057415621136,"yearn":21.35053}