{"stakedao":44.714592436066255,"convex":13.964074921296,"yearn":18.94503}