{"stakedao":58.527743091875976,"convex":16.90532053236,"yearn":36.66941}