{"stakedao":42.67008136827461,"convex":13.2222222812016,"yearn":17.54854}