{"stakedao":52.957579477014974,"convex":27.994234202308796,"yearn":30.57482}