{"stakedao":37.5854597648338,"convex":24.3094732060896,"yearn":29.78188}