{"stakedao":42.51365766100335,"convex":13.1823033343776,"yearn":16.51586}