{"stakedao":42.27839340699746,"convex":15.5360242871424,"yearn":17.42087}