{"stakedao":73.58673466404221,"convex":24.379782099984,"yearn":43.63658}