{"stakedao":43.104233681925294,"convex":13.2757485263712,"yearn":16.90584}