{"stakedao":39.38251786515689,"convex":16.8989362016112,"yearn":26.57646}