{"stakedao":43.74275636843515,"convex":27.401816872368,"yearn":26.32899}