{"stakedao":37.61261530374654,"convex":23.746452372993602,"yearn":30.38697}