{"stakedao":53.65751894446681,"convex":10.7625571960464,"yearn":24.28254}