{"stakedao":42.51729195791054,"convex":13.7385542019024,"yearn":17.83539}