{"stakedao":54.04292379087876,"convex":12.265811737243201,"yearn":27.03388}