{"stakedao":55.59539496720723,"convex":10.18699949736,"yearn":21.30624}