{"stakedao":42.43147085236404,"convex":23.042798340465602,"yearn":29.43448}