{"stakedao":38.9490076287181,"convex":16.3725392322288,"yearn":27.95499}