{"stakedao":47.67327172454348,"convex":29.281763380075198,"yearn":35.56806}