{"stakedao":55.641402302010995,"convex":10.5292593647712,"yearn":16.5157}