{"stakedao":57.45674331897978,"convex":12.056007267273598,"yearn":13.82856}