{"stakedao":42.88150763070624,"convex":28.587773535825598,"yearn":26.48964}