{"stakedao":52.90981352400285,"convex":11.744109371347202,"yearn":16.96752}