{"stakedao":52.01263844079,"convex":10.9648550983248,"yearn":17.71747}