{"stakedao":49.05577483331048,"convex":10.9951683719184,"yearn":36.2481}