{"stakedao":65.11408978915485,"convex":18.8291137704624,"yearn":43.08214}