{"stakedao":51.52984390193999,"convex":13.8214772214336,"yearn":18.04416}