{"stakedao":56.56499640414096,"convex":30.949497281548798,"yearn":44.19627}