{"stakedao":49.59595424093278,"convex":10.746197356780801,"yearn":36.45994}