{"stakedao":55.25953579898973,"convex":12.267580730241601,"yearn":26.29679}