{"stakedao":57.60518019817442,"convex":12.056007267273598,"yearn":13.78311}