{"stakedao":41.74519906105419,"convex":20.693449081468803,"yearn":26.07456}