{"stakedao":43.55925331113376,"convex":27.4344612807744,"yearn":26.24516}