{"stakedao":41.28997845129581,"convex":20.997316618819198,"yearn":24.65439}