{"stakedao":52.60163373089007,"convex":11.2804207256592,"yearn":17.01694}