{"stakedao":40.946664551155976,"convex":14.747647075056001,"yearn":20.36208}