{"stakedao":44.573121522752245,"convex":22.1896696219344,"yearn":47.91963}