{"stakedao":64.13884236710783,"convex":18.4915108620144,"yearn":30.01492}