{"stakedao":39.26896612101815,"convex":16.457884746364797,"yearn":26.45148}