{"stakedao":49.43451561570186,"convex":29.2946798444976,"yearn":33.80367}