{"stakedao":40.826576339323886,"convex":20.8572812946432,"yearn":26.72693}