{"stakedao":49.514041530697874,"convex":22.4686603609632,"yearn":34.56538}