{"stakedao":49.46364973304818,"convex":11.151312552950401,"yearn":32.60236}