{"stakedao":39.181331445814614,"convex":16.0694011919376,"yearn":26.79239}