{"stakedao":43.966316047819504,"convex":12.35361494016,"yearn":18.30808}