{"stakedao":43.23385990998994,"convex":13.2725197508544,"yearn":16.90584}