{"stakedao":39.363923058862625,"convex":16.0591901252688,"yearn":26.79239}