{"stakedao":45.63621677031623,"convex":21.814006981003203,"yearn":39.66377}