{"stakedao":44.80487824555286,"convex":20.4841418837616,"yearn":47.80775}