{"stakedao":40.661347856548005,"convex":16.6878047440656,"yearn":33.32729}