{"stakedao":41.145146188901364,"convex":19.8122843165184,"yearn":25.79998}