{"stakedao":44.0177533829981,"convex":12.374744460667198,"yearn":19.82012}