{"stakedao":42.82987855238355,"convex":16.459858010649597,"yearn":18.52433}