{"stakedao":38.92284853969125,"convex":16.3128516158304,"yearn":27.95499}