{"stakedao":54.75525775219927,"convex":11.720338799140798,"yearn":16.90957}