{"stakedao":67.38978421077883,"convex":23.690250575740798,"yearn":36.18087}