{"stakedao":40.61745714516005,"convex":19.1321712993456,"yearn":28.76108}