{"stakedao":42.41131735624875,"convex":13.1892903559296,"yearn":16.51586}