{"stakedao":61.238521500677216,"convex":18.9555609733344,"yearn":47.35646}