{"stakedao":64.88811353450677,"convex":20.574224105097603,"yearn":37.94986}