{"stakedao":38.77120255418146,"convex":16.437137776459203,"yearn":29.43448}