{"stakedao":47.457487256385335,"convex":29.3306035301712,"yearn":34.66654}