{"stakedao":47.64805820075845,"convex":22.4010697630464,"yearn":38.17578}