{"stakedao":47.675424458732635,"convex":22.3997611073472,"yearn":38.50096}