{"stakedao":43.18578146421457,"convex":19.533439381031997,"yearn":42.53734}