{"stakedao":43.37886310262764,"convex":14.836933031313599,"yearn":18.09913}