{"stakedao":47.67190639513517,"convex":21.1234359734352,"yearn":42.19701}