{"stakedao":42.89835892063732,"convex":13.7565203872464,"yearn":17.03028}