{"stakedao":40.64553205826192,"convex":19.998020211696,"yearn":29.45294}