{"stakedao":40.87716558013966,"convex":13.2643247838192,"yearn":15.49553}