{"stakedao":46.21915212920125,"convex":28.341711215265597,"yearn":30.82277}