{"stakedao":55.33429670928063,"convex":10.443547235174401,"yearn":14.00154}