{"stakedao":49.2816126041579,"convex":29.323436535820797,"yearn":33.36449}