{"stakedao":40.89050427793277,"convex":21.7539609075072,"yearn":27.8876}