{"stakedao":46.53910072294282,"convex":28.341711215265597,"yearn":31.10381}