{"stakedao":57.948309251670146,"convex":12.1959268070256,"yearn":14.922}