{"stakedao":74.46598698547959,"convex":20.3583214778112,"yearn":0}