{"stakedao":51.63176435996588,"convex":11.9998045207872,"yearn":25.09922}