{"stakedao":51.730775173340206,"convex":10.9864702164672,"yearn":17.25661}