{"stakedao":42.06174709866237,"convex":20.6494053614496,"yearn":28.84298}