{"stakedao":40.50807815286923,"convex":16.453418747342397,"yearn":18.67549}