{"stakedao":42.39796131305088,"convex":22.173799763808,"yearn":25.63563}