{"stakedao":51.49813683999287,"convex":25.6764174207408,"yearn":33.13539}