{"stakedao":45.285196045152276,"convex":10.6163501032224,"yearn":27.99075}