{"stakedao":49.22696215462397,"convex":17.543698624224,"yearn":17.7816}