{"stakedao":43.65911271435952,"convex":26.830703113272,"yearn":25.91324}