{"stakedao":78.5548378716341,"convex":24.7812860173392,"yearn":40.83342}