{"stakedao":51.37825512252351,"convex":25.145610334127998,"yearn":32.76726}