{"stakedao":40.542121727448794,"convex":17.237749729795198,"yearn":32.11431}