{"stakedao":45.30532459505986,"convex":23.138207216107197,"yearn":32.03478}