{"stakedao":44.606625817838776,"convex":23.3040323972592,"yearn":31.48562}