{"stakedao":28.95985313516381,"convex":15.7463759603232,"yearn":23.9791}