{"stakedao":42.12091143518029,"convex":22.7502748983456,"yearn":26.14355}