{"stakedao":40.81890030880531,"convex":16.526582570088,"yearn":33.61257}