{"stakedao":39.50020776564809,"convex":15.704324955993602,"yearn":33.17257}