{"stakedao":54.80033268176465,"convex":11.720493344462401,"yearn":16.8323}