{"stakedao":52.843618729614136,"convex":11.3049607541904,"yearn":15.91777}