{"stakedao":73.20648612559465,"convex":24.463172754244795,"yearn":42.94208}