{"stakedao":37.67220144719842,"convex":14.105803138948799,"yearn":25.68655}