{"stakedao":39.127882240222334,"convex":16.435697590411202,"yearn":19.17182}