{"stakedao":43.172449859251685,"convex":14.1766725726288,"yearn":17.07076}