{"stakedao":48.60606602502873,"convex":31.341833976988802,"yearn":27.29156}