{"stakedao":63.06526830337102,"convex":19.2766691725056,"yearn":47.25595}