{"stakedao":47.64730528825997,"convex":31.3947555445872,"yearn":29.0819}