{"stakedao":42.8237154798048,"convex":24.912407773108804,"yearn":28.61816}