{"stakedao":40.96061399791171,"convex":13.2261143344848,"yearn":15.91724}