{"stakedao":46.91192600286326,"convex":28.3735576714176,"yearn":29.94421}