{"stakedao":42.383789846093045,"convex":22.8098009778912,"yearn":29.43448}