{"stakedao":54.154782289488054,"convex":15.9168696016176,"yearn":23.38472}