{"stakedao":49.41459594596715,"convex":29.294502309432,"yearn":34.2993}