{"stakedao":45.561444434774245,"convex":31.0599832728096,"yearn":41.05932}