{"stakedao":51.196784345657505,"convex":9.5977751401152,"yearn":18.41949}