{"stakedao":56.514142688729564,"convex":12.189976140427198,"yearn":17.67282}