{"stakedao":39.58466318716348,"convex":15.467557224945601,"yearn":25.60773}