{"stakedao":39.37269692801108,"convex":16.8985666186128,"yearn":26.38045}