{"stakedao":44.173985970398654,"convex":19.5860605524624,"yearn":42.5146}