{"stakedao":51.723023359824765,"convex":13.8912402050928,"yearn":26.87601}