{"stakedao":41.60761775542015,"convex":13.229109958046399,"yearn":16.22155}