{"stakedao":37.61021591239824,"convex":14.124707681126402,"yearn":25.17164}