{"stakedao":53.13285185815797,"convex":15.7763112150384,"yearn":23.72319}