{"stakedao":51.151174677629896,"convex":9.564079958496,"yearn":18.65078}