{"stakedao":39.20324008691832,"convex":16.0701903393408,"yearn":26.79239}