{"stakedao":57.98086356298492,"convex":12.195935094686398,"yearn":14.83828}