{"stakedao":54.375080516689636,"convex":11.4011751570336,"yearn":16.39044}