{"stakedao":41.25695695727169,"convex":20.9977040984976,"yearn":24.8863}