{"stakedao":38.92608233259293,"convex":17.6648869909584,"yearn":29.43448}