{"stakedao":51.69457735616719,"convex":25.1014764558384,"yearn":34.52436}