{"stakedao":39.25927977720016,"convex":16.4788611627456,"yearn":29.43448}