{"stakedao":67.61920565690113,"convex":24.3289548539136,"yearn":35.47926}