{"stakedao":39.14335492789782,"convex":16.471989124603198,"yearn":26.55289}