{"stakedao":53.92231137428165,"convex":15.943018713552,"yearn":23.68199}