{"stakedao":49.17307461779083,"convex":28.0112306115024,"yearn":0}