{"stakedao":64.00272895931023,"convex":20.122031094580805,"yearn":39.14209}