{"stakedao":42.55380350162432,"convex":23.0978975571648,"yearn":29.43448}