{"stakedao":44.86102177437173,"convex":9.0129336372288,"yearn":26.12301}