{"stakedao":42.182662852180556,"convex":13.2627890121552,"yearn":17.9925}