{"stakedao":51.744585261726456,"convex":13.848874452561603,"yearn":26.94184}