{"stakedao":48.074586428554575,"convex":11.375180502120001,"yearn":30.66085}