{"stakedao":54.553592433931655,"convex":9.7989644132352,"yearn":19.89782}