{"stakedao":50.18716237463587,"convex":22.508186000256003,"yearn":29.97243}