{"stakedao":47.489304651840555,"convex":11.389612047436799,"yearn":30.37145}