{"stakedao":55.68237569391743,"convex":11.313933641812799,"yearn":15.45328}