{"stakedao":51.69888030936933,"convex":9.6344697958416,"yearn":18.86071}