{"stakedao":83.0634206298507,"convex":25.7531306297472,"yearn":41.64514}