{"stakedao":41.360943034491655,"convex":20.6934303522384,"yearn":29.08396}