{"stakedao":66.11897838628869,"convex":20.5494160584096,"yearn":43.63248}