{"stakedao":38.99946397209446,"convex":18.0974058295248,"yearn":29.43448}