{"stakedao":40.72265151197692,"convex":16.6863014797104,"yearn":35.255}