{"stakedao":42.44266757116178,"convex":13.2211231790688,"yearn":17.60863}