{"stakedao":47.51202959429839,"convex":11.389612047436799,"yearn":30.31452}