{"stakedao":46.96716410776466,"convex":14.3245863559296,"yearn":18.27393}