{"stakedao":46.53521093944882,"convex":13.2581962731024,"yearn":25.5793}