{"stakedao":44.93929600275866,"convex":20.4841418837616,"yearn":47.78031}