{"stakedao":42.121297885708366,"convex":22.9802095886688,"yearn":29.43448}