{"stakedao":59.28832946730162,"convex":16.9052097495456,"yearn":36.80016}