{"stakedao":54.526804153271755,"convex":12.266780217264,"yearn":26.43446}