{"stakedao":64.97935753233288,"convex":18.6108944360832,"yearn":32.25871}