{"stakedao":28.925845301246788,"convex":15.748031789539201,"yearn":25.81229}