{"stakedao":47.48040291397811,"convex":22.9815088529472,"yearn":38.83257}