{"stakedao":59.53112544321506,"convex":16.9051549179024,"yearn":36.80016}