{"stakedao":48.34900653508431,"convex":10.9884290467248,"yearn":35.58235}