{"stakedao":38.938993571493036,"convex":15.968786101128002,"yearn":27.83444}