{"stakedao":55.80729886340942,"convex":12.2660488280448,"yearn":24.71961}