{"stakedao":54.826691139090016,"convex":10.3438449791136,"yearn":15.85307}