{"stakedao":40.801436423410756,"convex":17.253268005672,"yearn":30.94111}