{"stakedao":56.86123538673057,"convex":11.604000316003201,"yearn":14.09149}