{"stakedao":49.00537684472739,"convex":22.4702900941392,"yearn":34.56538}