{"stakedao":40.79541559726735,"convex":17.2374690783168,"yearn":31.43668}