{"stakedao":41.57782777613828,"convex":22.1124878289648,"yearn":25.7502}