{"stakedao":52.55438361886699,"convex":17.0126985972096,"yearn":36.84581}