{"stakedao":44.02418385312384,"convex":12.3793477548192,"yearn":19.40298}