{"stakedao":67.74606119976778,"convex":24.1937079559776,"yearn":36.05054}