{"stakedao":39.98711944650189,"convex":13.1407253889696,"yearn":17.67366}