{"stakedao":64.08492787713658,"convex":18.4912206488208,"yearn":30.01492}