{"stakedao":39.519358385521066,"convex":15.6922036781184,"yearn":25.60773}