{"stakedao":40.86983180053229,"convex":13.266315884865598,"yearn":15.49553}