{"stakedao":39.54596062216072,"convex":15.746645325067199,"yearn":32.32041}