{"stakedao":47.678285387235945,"convex":29.28181050432,"yearn":35.46201}