{"stakedao":53.911496054678395,"convex":26.874432860875203,"yearn":29.11841}