{"stakedao":45.99332494885957,"convex":21.6473024531808,"yearn":42.19701}