{"stakedao":38.8751117880074,"convex":15.963459781104001,"yearn":27.8517}