{"stakedao":52.6860413599469,"convex":11.278791342532799,"yearn":16.96234}