{"stakedao":40.63165580855346,"convex":17.153197860096,"yearn":30.78031}