{"stakedao":41.223754231454386,"convex":13.754031127775999,"yearn":16.44224}