{"stakedao":45.935026848926604,"convex":14.3288396540928,"yearn":18.55208}