{"stakedao":52.472913835134804,"convex":13.585900778553599,"yearn":32.18949}