{"stakedao":43.96688882328671,"convex":12.341244064305599,"yearn":19.13603}