{"stakedao":73.6867516176473,"convex":24.449255813376,"yearn":43.18639}