{"stakedao":41.75670548270711,"convex":20.6962926132096,"yearn":25.62732}