{"stakedao":42.253433613611136,"convex":15.5360242871424,"yearn":17.42087}