{"stakedao":63.88522777026897,"convex":18.5471877583152,"yearn":30.01492}