{"stakedao":47.92160641310475,"convex":10.987115496638399,"yearn":35.10435}