{"stakedao":42.564660655163536,"convex":22.1204116683936,"yearn":26.00408}