{"stakedao":53.536558132518806,"convex":26.7190027053408,"yearn":28.00162}