{"stakedao":41.15587810456901,"convex":14.8052207923776,"yearn":21.12097}