{"stakedao":50.958534186192864,"convex":25.293551799729602,"yearn":30.66153}