{"stakedao":38.70761223313185,"convex":16.4296363270608,"yearn":29.43448}