{"stakedao":46.978270524954766,"convex":31.397194232928,"yearn":27.79823}