{"stakedao":50.55522633242785,"convex":22.565837788099202,"yearn":29.97243}