{"stakedao":44.70669160159834,"convex":23.2992476418096,"yearn":31.93795}