{"stakedao":56.054614810635556,"convex":11.407085930592,"yearn":14.65337}