{"stakedao":48.656466594383346,"convex":17.543698624224,"yearn":17.7816}