{"stakedao":39.713199651140926,"convex":15.6047129843472,"yearn":35.10892}