{"stakedao":46.491222361492866,"convex":20.0400921811584,"yearn":43.47107}