{"stakedao":42.429625043431386,"convex":20.6831869769376,"yearn":31.14031}