{"stakedao":57.179862084957,"convex":12.271349061489598,"yearn":24.10915}