{"stakedao":55.883611346052675,"convex":12.2685685575984,"yearn":26.06967}