{"stakedao":39.12449127901477,"convex":16.3669383282528,"yearn":26.78118}