{"stakedao":49.681437356825874,"convex":31.2800893556112,"yearn":27.64348}