{"stakedao":39.04358668692814,"convex":18.0941708288016,"yearn":29.43448}