{"stakedao":55.26220161811675,"convex":10.441232801827198,"yearn":13.94635}