{"stakedao":64.46676918592567,"convex":18.6609885521472,"yearn":33.06815}