{"stakedao":42.9212808586742,"convex":15.895696517280001,"yearn":16.66658}