{"stakedao":42.21079927946069,"convex":13.7947412560752,"yearn":16.17357}