{"stakedao":47.18663041751074,"convex":13.0565910937536,"yearn":24.8862}