{"stakedao":47.435715901465684,"convex":22.3944013970064,"yearn":38.68695}