{"stakedao":38.956187824703804,"convex":16.298314153704,"yearn":27.95499}