{"stakedao":52.66741582751699,"convex":28.10510024652,"yearn":29.9958}