{"stakedao":51.20101096565365,"convex":29.3813551434528,"yearn":37.21519}