{"stakedao":46.093491512711424,"convex":10.618858933934401,"yearn":25.297}