{"stakedao":39.582397951005206,"convex":15.468046042406401,"yearn":25.60773}