{"stakedao":47.5200952285159,"convex":22.4147734700976,"yearn":38.61485}