{"stakedao":38.694321102864244,"convex":16.44639439032,"yearn":29.43448}