{"stakedao":44.63316191410692,"convex":22.1231657167344,"yearn":44.84328}