{"stakedao":44.29339963802069,"convex":19.5707917578816,"yearn":43.51856}