{"stakedao":43.60870629032344,"convex":19.5362900399088,"yearn":44.56517}