{"stakedao":38.67351933711196,"convex":16.4465425401408,"yearn":29.43448}