{"stakedao":64.58174673207739,"convex":18.178213111430402,"yearn":31.87698}