{"stakedao":42.306567974553495,"convex":15.2768158443936,"yearn":19.37969}