{"stakedao":45.946489045090985,"convex":21.4974165850416,"yearn":42.19701}