{"stakedao":43.56210274712843,"convex":12.341226874032,"yearn":19.17771}