{"stakedao":45.064063623384214,"convex":20.4698150631936,"yearn":47.91982}