{"stakedao":52.27283143966174,"convex":13.585900778553599,"yearn":32.12419}