{"stakedao":50.14684122573165,"convex":31.218300397771202,"yearn":27.83003}