{"stakedao":42.81453042667141,"convex":24.8854251110832,"yearn":28.13082}