{"stakedao":42.070681802265156,"convex":20.635154804390403,"yearn":28.18643}