{"stakedao":43.609029254963275,"convex":26.866749051403204,"yearn":26.32658}