{"stakedao":42.73730346210628,"convex":13.2162493154976,"yearn":16.6449}