{"stakedao":40.65563814603258,"convex":19.130332905072,"yearn":28.76108}