{"stakedao":54.27677937025299,"convex":12.260344602672,"yearn":27.05914}