{"stakedao":40.63480154493303,"convex":17.083349227814402,"yearn":30.6865}