{"stakedao":57.65115080996532,"convex":31.1054170618656,"yearn":48.08417}