{"stakedao":66.79526607287514,"convex":20.468474117784,"yearn":44.94292}