{"stakedao":43.66721685208938,"convex":26.7692224229856,"yearn":26.74047}