{"stakedao":49.3218251019935,"convex":29.249502294902403,"yearn":33.96195}