{"stakedao":40.64496062628741,"convex":17.156279400336,"yearn":30.66049}