{"stakedao":48.93854269371427,"convex":16.823781542721598,"yearn":19.85088}