{"stakedao":55.43237113050621,"convex":10.4267073959136,"yearn":16.1673}