{"stakedao":53.509610455350234,"convex":11.397850707600002,"yearn":16.66163}