{"stakedao":54.97300214544828,"convex":9.790877583144,"yearn":20.02962}