{"stakedao":58.014156956654205,"convex":12.194374838472001,"yearn":14.67068}