{"stakedao":40.612435530417955,"convex":20.210286416515196,"yearn":27.08613}