{"stakedao":43.40709876222134,"convex":19.5615745482528,"yearn":43.57685}