{"stakedao":50.81174045023472,"convex":22.8490539316992,"yearn":42.19701}