{"stakedao":39.48851566266537,"convex":15.726066126681598,"yearn":33.06788}