{"stakedao":39.60637378992295,"convex":15.467557224945601,"yearn":25.60773}