{"stakedao":49.416821088635785,"convex":22.8946162583376,"yearn":34.41661}