{"stakedao":55.07385497773612,"convex":12.2234720460624,"yearn":16.05988}