{"stakedao":42.1837917108908,"convex":22.8106114562448,"yearn":29.43448}