{"stakedao":42.29495866323454,"convex":13.7225049323184,"yearn":17.83539}