{"stakedao":41.09668858093941,"convex":20.6661859445664,"yearn":23.44635}