{"stakedao":72.89084391846418,"convex":20.2517107311456,"yearn":32.92595}