{"stakedao":58.060314046258625,"convex":12.0803521068864,"yearn":14.64666}