{"stakedao":51.702373877801506,"convex":22.849625468088,"yearn":34.56538}