{"stakedao":55.03235136652497,"convex":11.823552402739201,"yearn":17.43563}