{"stakedao":44.7044323201476,"convex":9.0123708426192,"yearn":26.58161}