{"stakedao":41.431589355122334,"convex":17.532525346891198,"yearn":33.97945}