{"stakedao":62.42214187210622,"convex":20.2766236192656,"yearn":43.8301}