{"stakedao":55.57557595771345,"convex":10.6626345254208,"yearn":16.16283}