{"stakedao":41.351336359365206,"convex":20.6979019583616,"yearn":29.32984}