{"stakedao":54.84229138329934,"convex":12.174597852854397,"yearn":15.76703}