{"stakedao":38.80471829685671,"convex":18.063375007104,"yearn":29.43448}