{"stakedao":55.010030382256545,"convex":11.3272597084176,"yearn":15.69631}