{"stakedao":44.351627589976594,"convex":23.223300990969598,"yearn":36.21547}