{"stakedao":48.262893776712446,"convex":11.157634704168,"yearn":33.19874}