{"stakedao":39.220432327784415,"convex":16.4788611627456,"yearn":29.43448}