{"stakedao":39.673594189304666,"convex":15.6080972039616,"yearn":36.00603}