{"stakedao":41.121956919964525,"convex":21.7067526192672,"yearn":26.50877}