{"stakedao":64.65421906313281,"convex":18.178213111430402,"yearn":31.87698}