{"stakedao":48.37837460906603,"convex":13.0910213290752,"yearn":24.01432}