{"stakedao":41.307893432056744,"convex":21.510698687308796,"yearn":27.12233}