{"stakedao":42.791623507506,"convex":13.1880069826416,"yearn":16.57714}