{"stakedao":46.485515909049404,"convex":13.2267402547056,"yearn":24.47655}