{"stakedao":42.572235554705884,"convex":20.6862114559392,"yearn":29.5066}