{"stakedao":49.86180034069313,"convex":13.485289926182398,"yearn":17.43858}