{"stakedao":71.96116274686653,"convex":24.424649480404796,"yearn":43.432}