{"stakedao":38.62746002752006,"convex":16.4776671971712,"yearn":29.43448}