{"stakedao":46.528223882618356,"convex":20.154117905510404,"yearn":44.07425}