{"stakedao":41.78127502842717,"convex":13.802578415654398,"yearn":15.9858}