{"stakedao":54.99299038288814,"convex":10.1804444275536,"yearn":20.81363}