{"stakedao":42.92226305169952,"convex":13.2467121517248,"yearn":18.14802}