{"stakedao":41.15801840732534,"convex":21.748379076504,"yearn":27.32436}