{"stakedao":44.524435903780784,"convex":22.109206347331202,"yearn":46.07597}