{"stakedao":41.50883019708843,"convex":18.0729049308624,"yearn":31.7004}