{"stakedao":64.60733906368495,"convex":17.447430051993603,"yearn":31.94435}