{"stakedao":49.46662557989138,"convex":13.506208940736,"yearn":17.41451}