{"stakedao":46.03510283406074,"convex":21.5742839609376,"yearn":42.19701}