{"stakedao":41.62489280965326,"convex":20.689124455180803,"yearn":25.37502}