{"stakedao":54.66539197760848,"convex":10.5788056185216,"yearn":16.58389}