{"stakedao":59.171070051116565,"convex":17.1124729287984,"yearn":35.79244}