{"stakedao":50.51822759094969,"convex":12.171276121824,"yearn":25.32795}