{"stakedao":65.74241007452699,"convex":20.4419090239344,"yearn":41.97713}