{"stakedao":52.51542628271932,"convex":28.1213397191808,"yearn":29.68383}