{"stakedao":57.69146704197854,"convex":11.0100987820656,"yearn":15.56249}