{"stakedao":47.160831192061465,"convex":14.332320742838398,"yearn":18.27393}