{"stakedao":41.61828890827094,"convex":13.229109958046399,"yearn":16.22155}