{"stakedao":41.52242298678068,"convex":18.07266924972,"yearn":32.95732}