{"stakedao":54.63247134353359,"convex":12.2111817541488,"yearn":15.72413}