{"stakedao":51.82414677078128,"convex":15.973919846568,"yearn":25.85138}