{"stakedao":27.935713425291,"convex":13.716550150271999,"yearn":25.78123}