{"stakedao":48.83980041612532,"convex":11.0790614955744,"yearn":19.99554}