{"stakedao":56.17506028120523,"convex":31.04042019588,"yearn":47.05141}