{"stakedao":49.05411515648716,"convex":29.406565173225598,"yearn":35.30775}