{"stakedao":41.13304749477174,"convex":21.7287526752864,"yearn":27.53571}