{"stakedao":48.6688340903789,"convex":11.079297633988801,"yearn":37.95035}