{"stakedao":41.41949498338311,"convex":16.4376448280352,"yearn":19.0112}