{"stakedao":52.083448099744494,"convex":25.71329852676,"yearn":34.01072}