{"stakedao":44.133117789279694,"convex":19.5635654821584,"yearn":43.84268}