{"stakedao":37.63303363022634,"convex":14.086867836556802,"yearn":26.71428}