{"stakedao":48.29768476334587,"convex":12.201195148113602,"yearn":22.50053}