{"stakedao":42.08217598712042,"convex":13.794800641516801,"yearn":16.06681}