{"stakedao":39.432824276062526,"convex":16.8944645544912,"yearn":26.41769}