{"stakedao":47.92675685202826,"convex":29.2231604443968,"yearn":36.51644}