{"stakedao":63.91199904495065,"convex":20.34887095224,"yearn":37.94986}