{"stakedao":44.31844784182742,"convex":12.088527502680002,"yearn":23.26877}