{"stakedao":54.92497785847044,"convex":10.440978861340799,"yearn":16.4294}