{"stakedao":44.18490030069615,"convex":22.5244335272112,"yearn":30.86713}