{"stakedao":67.69926869619509,"convex":19.6278683007024,"yearn":40.68387}