{"stakedao":52.05337371954876,"convex":22.812785526009602,"yearn":34.56538}