{"stakedao":51.87445519797005,"convex":26.7474623401584,"yearn":27.78709}