{"stakedao":54.53798111869545,"convex":26.815176978624002,"yearn":29.07445}