{"stakedao":65.75775915338157,"convex":19.614927449491198,"yearn":38.98076}