{"stakedao":44.805723213901686,"convex":20.4587600616288,"yearn":47.99303}