{"stakedao":44.66978696007006,"convex":13.917241469952,"yearn":19.24876}