{"stakedao":41.235089967960434,"convex":20.9260027672128,"yearn":23.38582}