{"stakedao":40.6312864147967,"convex":19.0966632833808,"yearn":29.20827}