{"stakedao":65.77644232226902,"convex":20.3552903194848,"yearn":42.42153}