{"stakedao":55.078244347936106,"convex":10.5809356482624,"yearn":17.06528}