{"stakedao":52.0575203458809,"convex":14.9806044941328,"yearn":25.7105}