{"stakedao":66.02581478225592,"convex":20.3552903194848,"yearn":42.42153}