{"stakedao":49.43484668499959,"convex":27.799468705166397,"yearn":27.50421}