{"stakedao":41.03126179852912,"convex":20.664789375959998,"yearn":23.34124}