{"stakedao":49.06695169958218,"convex":11.0793170601648,"yearn":37.95035}