{"stakedao":29.005061304185077,"convex":15.778782066945599,"yearn":24.41463}