{"stakedao":41.854897374907104,"convex":13.1887031429952,"yearn":14.79755}