{"stakedao":46.40738837584652,"convex":21.5742578806656,"yearn":42.19701}