{"stakedao":43.03556469826723,"convex":25.4123313017184,"yearn":30.39458}