{"stakedao":56.47127375977315,"convex":30.971307534998402,"yearn":44.7197}