{"stakedao":42.790227779563665,"convex":15.5397266040816,"yearn":17.68295}