{"stakedao":40.701498126910714,"convex":20.2113816964848,"yearn":26.40544}