{"stakedao":44.55921552902105,"convex":22.1270462341488,"yearn":46.6909}