{"stakedao":52.628692036635435,"convex":11.2787720393472,"yearn":16.73193}