{"stakedao":55.73747888327931,"convex":12.115062022377598,"yearn":17.18868}