{"stakedao":57.80860153827171,"convex":11.0326777759728,"yearn":17.27583}