{"stakedao":42.7385729950765,"convex":13.218614193830401,"yearn":16.50897}