{"stakedao":42.76303600794683,"convex":13.6992808285344,"yearn":16.4676}