{"stakedao":52.545608447786826,"convex":11.2804207256592,"yearn":0}