{"stakedao":55.266975985322105,"convex":12.114009284471999,"yearn":17.18868}