{"stakedao":42.50212099531352,"convex":15.276840373094402,"yearn":18.4423}