{"stakedao":42.700423141563746,"convex":15.5397245290128,"yearn":17.741}