{"stakedao":58.18921814574874,"convex":17.020103262624,"yearn":36.80016}