{"stakedao":53.86159081379682,"convex":13.846016206123199,"yearn":19.3501}