{"stakedao":49.791871008560285,"convex":16.8029858370816,"yearn":19.85088}