{"stakedao":62.585477721838366,"convex":19.1127110991552,"yearn":47.32306}