{"stakedao":42.695869939931406,"convex":12.385401269774398,"yearn":21.39601}