{"stakedao":42.448497254221394,"convex":13.272026896785599,"yearn":18.72061}