{"stakedao":43.029170933718184,"convex":13.7253085773264,"yearn":17.32212}