{"stakedao":52.120666273486506,"convex":24.300412642079998,"yearn":41.22946}