{"stakedao":53.424518874147495,"convex":10.759304260799999,"yearn":24.03404}