{"stakedao":45.72174437229342,"convex":8.988505479504001,"yearn":29.05263}