{"stakedao":47.80768883144714,"convex":31.412313401803196,"yearn":28.15243}