{"stakedao":39.799292051748324,"convex":15.6010799425392,"yearn":34.11051}