{"stakedao":65.07205912555128,"convex":18.9679766776128,"yearn":43.8128}