{"stakedao":43.24632156411128,"convex":15.7012710759792,"yearn":16.95581}