{"stakedao":44.295581137711636,"convex":19.5865198743024,"yearn":41.36529}