{"stakedao":55.61017410899185,"convex":11.4047347073472,"yearn":15.27175}