{"stakedao":57.04639169297333,"convex":12.2658933871008,"yearn":24.48169}