{"stakedao":53.47078443278599,"convex":15.776235847151998,"yearn":23.76441}