{"stakedao":44.203409306977655,"convex":19.5753143766384,"yearn":42.66816}