{"stakedao":48.09072008260766,"convex":14.322270207024001,"yearn":17.79851}