{"stakedao":43.581819866949694,"convex":12.0753360033408,"yearn":22.72018}