{"stakedao":39.452990021653,"convex":15.701579627356798,"yearn":32.78357}