{"stakedao":38.764664526511105,"convex":16.4052598599936,"yearn":27.95499}