{"stakedao":40.91079140192466,"convex":16.754971611671998,"yearn":34.19017}