{"stakedao":67.47249461859258,"convex":23.4622525900176,"yearn":36.18087}