{"stakedao":67.26381883996044,"convex":18.4496069888928,"yearn":30.97046}