{"stakedao":40.46020205755682,"convex":13.156890461899202,"yearn":19.09757}