{"stakedao":54.43704458392722,"convex":10.490728106016,"yearn":16.21078}