{"stakedao":42.7498544166568,"convex":22.806648601488,"yearn":29.43448}