{"stakedao":38.87455077939616,"convex":16.303957662816,"yearn":27.95499}