{"stakedao":43.537298308285536,"convex":12.367177091568,"yearn":20.52806}