{"stakedao":49.06698540260134,"convex":29.3177582866512,"yearn":34.11563}