{"stakedao":45.93142540536012,"convex":20.0727979428528,"yearn":43.17543}