{"stakedao":54.79033456856659,"convex":11.7409325734656,"yearn":16.80679}