{"stakedao":61.44221279159108,"convex":18.9578895537312,"yearn":47.96974}