{"stakedao":43.2619877778968,"convex":26.5449603904992,"yearn":26.07639}