{"stakedao":44.76481566586276,"convex":13.959450996292802,"yearn":19.05445}