{"stakedao":46.92271757096614,"convex":28.3547523004992,"yearn":30.16646}