{"stakedao":42.66150996219227,"convex":13.221554749228801,"yearn":17.89337}