{"stakedao":65.29441331374724,"convex":19.0833544102032,"yearn":32.46626}