{"stakedao":41.25375896651177,"convex":14.7452804653968,"yearn":20.61589}