{"stakedao":51.7783845730605,"convex":13.810038461438399,"yearn":27.9006}