{"stakedao":55.229024720442965,"convex":12.2632914179664,"yearn":24.79571}