{"stakedao":39.32409414464815,"convex":15.7193987224896,"yearn":26.79239}