{"stakedao":55.6602763190477,"convex":11.4076308064464,"yearn":15.53399}