{"stakedao":82.47890517395315,"convex":25.5207760213104,"yearn":41.64514}