{"stakedao":43.133085725712306,"convex":26.483390305113602,"yearn":26.53206}