{"stakedao":44.69838215605134,"convex":22.1232944908368,"yearn":47.30529}