{"stakedao":37.52857555454819,"convex":15.364334034403202,"yearn":26.49162}