{"stakedao":40.68477064528765,"convex":16.5266727504336,"yearn":33.87009}