{"stakedao":53.18025247530038,"convex":27.9980597524752,"yearn":31.33575}