{"stakedao":48.89372772204651,"convex":22.4560489852656,"yearn":34.56538}