{"stakedao":52.73204272677925,"convex":14.141287982260799,"yearn":22.29468}