{"stakedao":40.430209259539595,"convex":13.152238564464,"yearn":19.05435}