{"stakedao":46.166751307422075,"convex":28.3765801699584,"yearn":28.77556}