{"stakedao":52.11844632649037,"convex":25.653741031051197,"yearn":33.4851}