{"stakedao":39.602155303913655,"convex":15.428395284033599,"yearn":25.60773}