{"stakedao":55.74394473317969,"convex":10.4277390740784,"yearn":16.4075}