{"stakedao":53.225238431136425,"convex":13.704614562671999,"yearn":33.34655}