{"stakedao":38.784306129530044,"convex":16.437137776459203,"yearn":29.43448}