{"stakedao":39.44901485321277,"convex":16.894004482094402,"yearn":26.44965}