{"stakedao":57.05227562580116,"convex":11.0342659951584,"yearn":16.46598}