{"stakedao":69.41125154314742,"convex":18.483914763619197,"yearn":30.01492}