{"stakedao":43.28262469054839,"convex":18.9019549673136,"yearn":27.84583}