{"stakedao":55.0758573526015,"convex":9.809675237203201,"yearn":20.31924}