{"stakedao":41.71226685031782,"convex":20.7201576578112,"yearn":25.72656}