{"stakedao":54.542714726548255,"convex":10.4394046252176,"yearn":15.59743}