{"stakedao":67.39488051381187,"convex":18.431391028967997,"yearn":30.3992}