{"stakedao":40.938709992521325,"convex":19.8166609772064,"yearn":26.52929}