{"stakedao":52.892271820651956,"convex":11.347739221507199,"yearn":22.36765}