{"stakedao":41.39429900814647,"convex":18.085267049169598,"yearn":31.26342}