{"stakedao":43.52740352234824,"convex":19.5474638565072,"yearn":44.14828}