{"stakedao":66.0035632955258,"convex":18.3207875661072,"yearn":31.17267}