{"stakedao":41.19920116355579,"convex":21.7483969921056,"yearn":27.43015}