{"stakedao":52.262486071991226,"convex":15.954646588631999,"yearn":25.77299}