{"stakedao":72.24608895734377,"convex":20.3443627012848,"yearn":32.51147}