{"stakedao":65.09384122163831,"convex":18.9737979110064,"yearn":42.24348}