{"stakedao":37.59500704961437,"convex":24.313602905208,"yearn":29.73162}