{"stakedao":56.8951065058133,"convex":11.617328571206398,"yearn":14.69465}