{"stakedao":40.39146199212709,"convex":15.544196160364798,"yearn":33.59958}