{"stakedao":77.70553828143119,"convex":21.0883414543488,"yearn":33.63023}