{"stakedao":56.90225400527224,"convex":12.2590428975072,"yearn":24.32161}