{"stakedao":46.27352569821318,"convex":28.3945333277808,"yearn":29.70486}