{"stakedao":37.55050527743019,"convex":15.364356358737599,"yearn":27.19585}