{"stakedao":46.85358700673588,"convex":26.022712849156797,"yearn":28.60078}