{"stakedao":45.316886453080095,"convex":20.4578350192944,"yearn":47.05208}