{"stakedao":40.596612926225724,"convex":16.0935610413744,"yearn":34.07854}