{"stakedao":51.42587492762682,"convex":9.6296495970816,"yearn":18.77664}