{"stakedao":71.2386009051996,"convex":21.2189809111488,"yearn":32.05859}