{"stakedao":45.32477114864119,"convex":23.1158203205904,"yearn":37.44835}