{"stakedao":42.65275334169063,"convex":12.1978858296528,"yearn":18.3723}