{"stakedao":44.21016549297159,"convex":23.2204087455696,"yearn":35.84645}