{"stakedao":42.48835289849603,"convex":21.0530201819616,"yearn":33.21003}