{"stakedao":43.4429630760258,"convex":26.4890344701744,"yearn":26.98002}