{"stakedao":50.90923996735637,"convex":24.9085049975856,"yearn":38.31007}