{"stakedao":47.10423035937942,"convex":14.3232734207952,"yearn":17.96013}