{"stakedao":79.24434049991399,"convex":21.043476833328,"yearn":33.63023}