{"stakedao":50.750326494178424,"convex":10.9827935509104,"yearn":17.25661}