{"stakedao":42.492060985310836,"convex":21.5361618786288,"yearn":26.12978}