{"stakedao":47.29781000960317,"convex":19.8077675382288,"yearn":26.73835}