{"stakedao":47.74774497253276,"convex":22.825986246475196,"yearn":38.25379}