{"stakedao":49.336301428232375,"convex":31.2800893556112,"yearn":27.60621}