{"stakedao":39.43993528140543,"convex":16.8934050868032,"yearn":26.51287}