{"stakedao":47.15141913514162,"convex":21.5008887806352,"yearn":42.19701}