{"stakedao":56.62395105767213,"convex":12.1745608201296,"yearn":17.84201}