{"stakedao":42.9300377528337,"convex":14.767676427513601,"yearn":18.68639}