{"stakedao":45.71388877623647,"convex":21.786886090382403,"yearn":42.88317}