{"stakedao":37.617790372122684,"convex":15.334901936568002,"yearn":27.88743}