{"stakedao":51.17775261714378,"convex":9.5977849131216,"yearn":18.44056}