{"stakedao":59.2342619496987,"convex":16.9051206634992,"yearn":36.80016}