{"stakedao":40.501664306979315,"convex":16.2641973168432,"yearn":34.44263}