{"stakedao":37.3938549866097,"convex":15.4069948062144,"yearn":28.37571}