{"stakedao":55.54748033601969,"convex":11.312884650384,"yearn":15.73635}