{"stakedao":41.35518567630882,"convex":17.531376386342398,"yearn":34.13265}