{"stakedao":57.28151305662989,"convex":31.0404312208656,"yearn":47.35712}