{"stakedao":52.46642204723733,"convex":17.523108769824,"yearn":18.75216}