{"stakedao":48.19356435442367,"convex":31.343138848368,"yearn":26.93465}