{"stakedao":52.48103170242189,"convex":28.1604427823808,"yearn":29.36596}