{"stakedao":55.31215602299074,"convex":10.443547235174401,"yearn":14.07466}