{"stakedao":53.49334236195912,"convex":26.904085909387202,"yearn":29.19683}