{"stakedao":44.93449290934515,"convex":22.7002346646912,"yearn":47.43571}