{"stakedao":37.655263929491255,"convex":14.141678952974399,"yearn":26.35073}