{"stakedao":67.95275822898088,"convex":23.5466191257984,"yearn":36.53848}