{"stakedao":66.22711117054403,"convex":21.375520629307204,"yearn":31.68482}