{"stakedao":55.776104475005205,"convex":11.6036110198512,"yearn":13.92627}