{"stakedao":43.07959676914773,"convex":15.2745052395168,"yearn":18.19592}