{"stakedao":39.37053297348278,"convex":15.7720409442,"yearn":26.79239}