{"stakedao":42.529281820514456,"convex":22.8098009778912,"yearn":29.43448}