{"stakedao":48.27013011767568,"convex":21.118580760254403,"yearn":42.19701}