{"stakedao":39.19078554068972,"convex":16.0645452092784,"yearn":26.79239}