{"stakedao":63.01202733970771,"convex":18.577233657086396,"yearn":31.52033}