{"stakedao":39.7818485258843,"convex":15.5444826270816,"yearn":33.85498}