{"stakedao":40.949270859826925,"convex":15.120248838134401,"yearn":20.09998}