{"stakedao":42.56144884543148,"convex":20.7239745229632,"yearn":32.03707}