{"stakedao":42.34614943660365,"convex":15.537981367152,"yearn":17.1728}