{"stakedao":45.795704174310806,"convex":20.49076560744,"yearn":49.27849}