{"stakedao":55.899390546450505,"convex":12.266073861321601,"yearn":26.06967}