{"stakedao":67.0456471102406,"convex":20.5798015841328,"yearn":41.56988}