{"stakedao":47.56180692943054,"convex":29.279954620180803,"yearn":35.8908}