{"stakedao":55.84513091786364,"convex":10.2012477554448,"yearn":21.48681}