{"stakedao":64.58258779595585,"convex":18.2137820107968,"yearn":31.87698}