{"stakedao":49.65580418550832,"convex":22.6955371315104,"yearn":34.56538}