{"stakedao":40.665868731139724,"convex":19.1073188278944,"yearn":28.76108}