{"stakedao":43.18723666361893,"convex":25.4372111653392,"yearn":30.85918}