{"stakedao":42.857205652064515,"convex":24.911702382168002,"yearn":28.65351}