{"stakedao":44.20202637882824,"convex":19.5860605524624,"yearn":43.85216}