{"stakedao":43.866916962155834,"convex":27.433976127796797,"yearn":26.39169}