{"stakedao":47.492867476022546,"convex":22.8406031604,"yearn":38.97062}