{"stakedao":44.076414680646664,"convex":22.4994647604528,"yearn":31.86567}