{"stakedao":28.966899017845876,"convex":15.728451197515199,"yearn":23.69993}