{"stakedao":51.17618578552426,"convex":13.882269023568,"yearn":27.05302}