{"stakedao":47.74801370404869,"convex":29.2231329292368,"yearn":36.39178}