{"stakedao":39.57270512345609,"convex":15.426986797972798,"yearn":25.60773}