{"stakedao":45.06219999532475,"convex":9.014009573016,"yearn":25.5599}