{"stakedao":42.93631525806408,"convex":14.812388518363202,"yearn":18.96904}