{"stakedao":52.386268397073806,"convex":25.740437020776003,"yearn":32.94763}