{"stakedao":52.10916385423319,"convex":25.6408623846,"yearn":34.18604}