{"stakedao":57.04422375243023,"convex":13.3110806881392,"yearn":18.03241}