{"stakedao":42.5786253954818,"convex":23.2714647821664,"yearn":29.43448}