{"stakedao":51.276726234166404,"convex":25.2591023211408,"yearn":30.25344}