{"stakedao":46.48553118801641,"convex":21.6089016588576,"yearn":42.19701}