{"stakedao":45.601761117776725,"convex":22.9542680435328,"yearn":32.6444}