{"stakedao":48.76474325607838,"convex":29.331578475072,"yearn":36.94755}