{"stakedao":49.97568977590669,"convex":22.6912142617776,"yearn":34.56538}