{"stakedao":51.43580395343439,"convex":25.158381042312,"yearn":32.4172}