{"stakedao":45.05991610394152,"convex":21.935076731380796,"yearn":42.79677}