{"stakedao":41.04618628834145,"convex":21.735426638966402,"yearn":27.04194}