{"stakedao":39.323696884620375,"convex":16.8857106938496,"yearn":26.40047}