{"stakedao":43.61275147164185,"convex":12.3551884068048,"yearn":18.55254}