{"stakedao":48.874111340852785,"convex":17.475234154286397,"yearn":17.75833}