{"stakedao":72.43290645283989,"convex":20.2561272943344,"yearn":32.57684}