{"stakedao":46.271542398185986,"convex":11.3798001287664,"yearn":31.82989}