{"stakedao":41.17821965624948,"convex":20.6677694775024,"yearn":22.99948}