{"stakedao":65.51817355138678,"convex":18.937867700534397,"yearn":41.94741}