{"stakedao":54.25954136141621,"convex":10.606441302806399,"yearn":15.20748}