{"stakedao":41.16992415222774,"convex":21.522270595449598,"yearn":26.09597}