{"stakedao":42.18061797068953,"convex":20.6330691331872,"yearn":28.05106}