{"stakedao":54.73206989314379,"convex":11.30884523568,"yearn":15.60811}