{"stakedao":73.96347667034675,"convex":24.569208886607996,"yearn":41.71937}