{"stakedao":43.737919370725336,"convex":14.8224152318832,"yearn":18.29612}