{"stakedao":40.98213006114975,"convex":13.7555965558944,"yearn":16.43679}