{"stakedao":45.45387492029042,"convex":21.8137728009744,"yearn":39.28465}