{"stakedao":52.713694323859,"convex":24.349419131961604,"yearn":38.28148}