{"stakedao":43.651933092287635,"convex":14.8761502895232,"yearn":18.39024}