{"stakedao":55.7733814451161,"convex":11.3494530738096,"yearn":22.95804}