{"stakedao":44.56698656468676,"convex":22.662971777548798,"yearn":46.8227}