{"stakedao":64.73242352788631,"convex":17.4851160355728,"yearn":31.87698}