{"stakedao":47.24884249575117,"convex":12.190397593838401,"yearn":23.78283}