{"stakedao":43.47181956752774,"convex":19.5610650400224,"yearn":43.83668}