{"stakedao":47.05787097120387,"convex":26.029306812312,"yearn":27.70403}