{"stakedao":55.199506701309545,"convex":12.1791343064544,"yearn":15.96825}