{"stakedao":64.89004797083675,"convex":18.7415133976368,"yearn":41.84434}