{"stakedao":39.54997299736519,"convex":15.6925264553856,"yearn":25.60773}