{"stakedao":46.370304054165274,"convex":28.5352022070432,"yearn":32.26691}