{"stakedao":56.495541291200226,"convex":30.9830121844704,"yearn":45.72923}