{"stakedao":48.575791516847914,"convex":22.906908246888,"yearn":29.97243}