{"stakedao":40.767913621768756,"convex":16.5296493104832,"yearn":33.14225}