{"stakedao":40.61502761696465,"convex":20.2094624659824,"yearn":28.56205}