{"stakedao":49.16379585874215,"convex":21.7933577663904,"yearn":40.41364}