{"stakedao":40.913479991003136,"convex":20.9090119367376,"yearn":25.50287}