{"stakedao":68.73013288799153,"convex":23.5225394408736,"yearn":36.18087}