{"stakedao":54.03571455132931,"convex":15.939561973752001,"yearn":23.79814}