{"stakedao":51.415041558299734,"convex":25.1465370384096,"yearn":32.67995}