{"stakedao":56.41437902957149,"convex":31.040410331419203,"yearn":46.80083}