{"stakedao":40.579342816946294,"convex":19.1067372504432,"yearn":28.76108}