{"stakedao":44.64353117098544,"convex":22.6119425560128,"yearn":45.33419}