{"stakedao":44.13496754748189,"convex":23.771661475608,"yearn":33.8131}