{"stakedao":45.40866520307434,"convex":21.814006981003203,"yearn":39.41599}