{"stakedao":47.51741945805291,"convex":22.9834086257376,"yearn":50.20835}