{"stakedao":40.58479862570305,"convex":19.106722264536,"yearn":28.76108}