{"stakedao":42.83330607644739,"convex":25.2180323418528,"yearn":27.75634}