{"stakedao":41.66902762104202,"convex":22.1108363769456,"yearn":25.7502}