{"stakedao":49.27833665099979,"convex":22.909050897336,"yearn":33.31453}