{"stakedao":46.20761198375384,"convex":28.3767828675984,"yearn":28.77556}