{"stakedao":47.34139432607415,"convex":11.3756219682768,"yearn":30.51504}