{"stakedao":45.88255661956148,"convex":10.706492167272,"yearn":27.24933}