{"stakedao":42.283466624208145,"convex":22.8124265075712,"yearn":29.43448}