{"stakedao":47.85602726835931,"convex":23.1141668155776,"yearn":29.97243}