{"stakedao":43.43167231874174,"convex":12.346149940070399,"yearn":18.66985}