{"stakedao":40.89866616242503,"convex":17.245583540251197,"yearn":32.20213}