{"stakedao":46.22752450945542,"convex":28.3784887696752,"yearn":28.66505}