{"stakedao":45.427200977054405,"convex":21.814006981003203,"yearn":39.41599}