{"stakedao":43.571212352767056,"convex":27.4344612807744,"yearn":26.28643}