{"stakedao":37.5768631982399,"convex":14.086867836556802,"yearn":26.66305}