{"stakedao":54.47337079665701,"convex":11.722041752601601,"yearn":16.49704}