{"stakedao":54.39057675224251,"convex":10.643833150113599,"yearn":15.1385}