{"stakedao":39.07150158863335,"convex":16.0397750436336,"yearn":26.79239}