{"stakedao":51.425347685381155,"convex":25.4717171438256,"yearn":29.04026}