{"stakedao":48.72088524648032,"convex":17.4948356042208,"yearn":18.60615}