{"stakedao":44.4916942910256,"convex":22.103029104033602,"yearn":45.54724}