{"stakedao":67.49185656919313,"convex":24.3338516914608,"yearn":35.37531}