{"stakedao":37.58635007862203,"convex":15.3549833864976,"yearn":26.06825}