{"stakedao":51.42962052182976,"convex":25.4703830228064,"yearn":29.12513}