{"stakedao":46.11185052988562,"convex":28.385262790775997,"yearn":29.60972}