{"stakedao":40.953559058821824,"convex":19.8363042375696,"yearn":27.22213}