{"stakedao":54.13350874259601,"convex":27.8304011786592,"yearn":28.70393}