{"stakedao":53.00468298425164,"convex":14.386170512678401,"yearn":22.02188}