{"stakedao":45.3530236901705,"convex":20.468230186824,"yearn":47.09315}