{"stakedao":54.772215995416005,"convex":10.7688474076032,"yearn":16.03804}