{"stakedao":42.689770722832705,"convex":13.2190201567584,"yearn":16.18054}