{"stakedao":37.68420154698521,"convex":23.7627822404448,"yearn":30.258}