{"stakedao":47.79702144132602,"convex":21.118593280046397,"yearn":42.19701}