{"stakedao":42.46974852726714,"convex":21.024662487264,"yearn":29.56323}