{"stakedao":37.61896893267658,"convex":14.1659430131232,"yearn":24.59282}