{"stakedao":55.10059550809437,"convex":9.799414072444801,"yearn":19.9633}