{"stakedao":38.88290161467281,"convex":16.30412240688,"yearn":27.95499}