{"stakedao":41.23333334989968,"convex":20.664988888464,"yearn":23.24531}