{"stakedao":65.88512988352184,"convex":19.614927449491198,"yearn":38.98076}