{"stakedao":40.77392585611231,"convex":13.169355712387201,"yearn":18.82238}