{"stakedao":44.17559473805845,"convex":19.575429155064,"yearn":42.7325}