{"stakedao":45.78190143463465,"convex":8.9887597006608,"yearn":29.12742}