{"stakedao":46.09591935744396,"convex":10.61996378508,"yearn":25.297}