{"stakedao":42.31908757219675,"convex":13.273377864336,"yearn":19.13259}