{"stakedao":43.268928448425946,"convex":26.5449603904992,"yearn":26.11495}