{"stakedao":53.94875171296677,"convex":12.269717833507201,"yearn":26.90464}