{"stakedao":41.36781424625413,"convex":21.5167866458832,"yearn":25.76625}