{"stakedao":50.24158306314922,"convex":17.4752407453104,"yearn":17.56778}