{"stakedao":42.474868231463525,"convex":21.0530201819616,"yearn":33.25535}