{"stakedao":73.54939847092868,"convex":20.3166712834272,"yearn":32.51147}