{"stakedao":43.637794366934344,"convex":12.0720194978256,"yearn":22.72018}