{"stakedao":56.03832114360376,"convex":10.533673751976,"yearn":16.7339}