{"stakedao":42.62931243554361,"convex":13.264067664504001,"yearn":17.57438}