{"stakedao":54.15221121958496,"convex":15.9165902273472,"yearn":24.12331}