{"stakedao":51.88281392022375,"convex":26.7129124351776,"yearn":27.65195}