{"stakedao":42.18451457031077,"convex":22.7501798835312,"yearn":26.32832}