{"stakedao":44.14950738064323,"convex":22.5074946586032,"yearn":31.4497}