{"stakedao":45.8388245715146,"convex":23.3209428582384,"yearn":30.45837}