{"stakedao":42.462057166523316,"convex":13.219985357035199,"yearn":17.09804}