{"stakedao":44.79143023589974,"convex":22.6994925437712,"yearn":47.34843}