{"stakedao":37.662808106035044,"convex":14.1439735091808,"yearn":26.30277}