{"stakedao":38.83821043774573,"convex":17.6683438316736,"yearn":29.43448}