{"stakedao":42.66808168395569,"convex":13.725251156577599,"yearn":17.64655}