{"stakedao":42.48760645688479,"convex":23.038880698872,"yearn":29.43448}