{"stakedao":45.77721880529515,"convex":8.99047114992,"yearn":27.60862}