{"stakedao":41.67113912021731,"convex":13.176048187699198,"yearn":15.87237}