{"stakedao":41.011468359345336,"convex":19.8361382509872,"yearn":27.20189}