{"stakedao":45.24429675367604,"convex":23.101948523505598,"yearn":31.87813}