{"stakedao":40.776755427890194,"convex":17.156279400336,"yearn":30.76601}