{"stakedao":57.938478435343384,"convex":12.6641127764448,"yearn":14.97003}