{"stakedao":46.72016208089199,"convex":8.9920624690944,"yearn":27.929}