{"stakedao":54.40351815572327,"convex":11.722041752601601,"yearn":16.52299}