{"stakedao":44.32211641857745,"convex":23.8537689741792,"yearn":34.90667}