{"stakedao":38.701342981314404,"convex":16.421454948888,"yearn":27.95499}