{"stakedao":39.630398496475706,"convex":15.6819604541904,"yearn":33.45724}