{"stakedao":43.0725809089301,"convex":22.492599363792,"yearn":28.05114}