{"stakedao":56.94133018943951,"convex":11.0342659951584,"yearn":16.46598}