{"stakedao":53.736620186557765,"convex":13.7622729320784,"yearn":18.7081}