{"stakedao":42.203758260098006,"convex":13.1899936907232,"yearn":17.11728}