{"stakedao":49.00398989295007,"convex":17.4947998739328,"yearn":18.60615}