{"stakedao":54.63518441134238,"convex":10.4398137669744,"yearn":15.57904}