{"stakedao":44.95441333600736,"convex":22.122602609918403,"yearn":43.04288}