{"stakedao":43.25394887017279,"convex":12.185774785209599,"yearn":18.80323}