{"stakedao":55.78733799000818,"convex":11.3128961862528,"yearn":15.45328}