{"stakedao":57.022825591881826,"convex":31.1481906726384,"yearn":42.95971}