{"stakedao":47.74531553509554,"convex":21.0767831729136,"yearn":42.19701}