{"stakedao":54.128873403739014,"convex":10.4427371194848,"yearn":15.88009}