{"stakedao":40.5194027080113,"convex":16.240455505468802,"yearn":34.51546}