{"stakedao":49.815667604175324,"convex":17.4417904880352,"yearn":19.32212}