{"stakedao":47.394871857188704,"convex":29.3370699144384,"yearn":34.61332}