{"stakedao":51.71851163053819,"convex":12.024032784422399,"yearn":25.00084}