{"stakedao":54.92502774001967,"convex":10.533747798503999,"yearn":22.24681}