{"stakedao":57.91694205933683,"convex":24.3125729299872,"yearn":39.33264}