{"stakedao":66.4491267133671,"convex":19.593784605024,"yearn":41.55229}