{"stakedao":53.38453473956352,"convex":14.195826451036801,"yearn":22.72666}