{"stakedao":73.1570157873914,"convex":24.549584878972798,"yearn":42.28975}