{"stakedao":41.00729094596108,"convex":21.7289667385008,"yearn":27.8876}