{"stakedao":62.433639065275024,"convex":20.1814314085584,"yearn":44.42883}