{"stakedao":48.94346571602461,"convex":21.820627390248003,"yearn":39.96934}