{"stakedao":52.87315053347368,"convex":26.9841673271808,"yearn":28.36983}