{"stakedao":47.8944742132026,"convex":11.541138629587202,"yearn":33.52302}