{"stakedao":40.750465465916875,"convex":19.1445323769648,"yearn":29.28204}