{"stakedao":44.482909265232394,"convex":19.5453479927376,"yearn":43.18371}