{"stakedao":44.628649121159434,"convex":22.1430341662128,"yearn":47.65678}