{"stakedao":42.163991139150085,"convex":22.750249470868802,"yearn":26.09722}