{"stakedao":43.606697799648806,"convex":26.7692224229856,"yearn":26.94773}