{"stakedao":56.77358869638696,"convex":30.461930765568,"yearn":41.9361}