{"stakedao":76.62710426571721,"convex":24.609302810928,"yearn":41.66131}