{"stakedao":39.53405730611872,"convex":14.7910491226224,"yearn":21.86}