{"stakedao":42.71025932398557,"convex":21.026571396033603,"yearn":30.31607}