{"stakedao":52.52278666065689,"convex":17.523108769824,"yearn":18.75216}