{"stakedao":41.150882388146165,"convex":21.706795189713603,"yearn":26.82999}