{"stakedao":42.28972641251286,"convex":13.1821306842384,"yearn":16.44061}