{"stakedao":43.3241185577737,"convex":19.5565119574896,"yearn":43.05719}