{"stakedao":54.75573178385223,"convex":10.6449273610128,"yearn":14.88408}