{"stakedao":42.332838982759114,"convex":15.536297016777599,"yearn":17.42087}