{"stakedao":49.474074240612204,"convex":31.171608451612798,"yearn":27.09317}