{"stakedao":42.70494488908894,"convex":13.2052696155936,"yearn":16.23722}