{"stakedao":45.2195957437423,"convex":23.164772836608,"yearn":31.6042}