{"stakedao":45.608039464908025,"convex":22.0151978151552,"yearn":41.54436}