{"stakedao":43.813393345994555,"convex":12.3538911923664,"yearn":18.20955}