{"stakedao":67.84823451373315,"convex":19.6278683007024,"yearn":40.68387}