{"stakedao":46.877664249726806,"convex":32.379143626224,"yearn":27.09015}