{"stakedao":42.584145538167135,"convex":12.204756883872001,"yearn":18.13853}