{"stakedao":53.496298590274435,"convex":26.904085909387202,"yearn":29.24165}