{"stakedao":45.846812719104264,"convex":21.760267281264,"yearn":42.47969}