{"stakedao":54.5470832952286,"convex":11.308246874769601,"yearn":15.45908}