{"stakedao":53.422363761897124,"convex":14.8293196511904,"yearn":30.95609}