{"stakedao":45.57998093215515,"convex":20.5314487850736,"yearn":43.79182}