{"stakedao":56.631074074390526,"convex":11.015215267852803,"yearn":16.14366}