{"stakedao":43.70728746848646,"convex":12.3551884068048,"yearn":18.55254}