{"stakedao":67.66128954406358,"convex":21.3209732389968,"yearn":31.68482}