{"stakedao":42.61069690370451,"convex":13.1890958198064,"yearn":16.86146}