{"stakedao":44.3709291935028,"convex":9.2457262649376,"yearn":26.46296}