{"stakedao":45.75631853601149,"convex":8.9862720558336,"yearn":29.10361}