{"stakedao":42.23881900965911,"convex":22.1751807031728,"yearn":26.03128}