{"stakedao":39.163444690108726,"convex":18.0394504824528,"yearn":29.43448}