{"stakedao":39.10513158352988,"convex":16.4708021127168,"yearn":26.58268}