{"stakedao":42.75273452660933,"convex":13.2052696155936,"yearn":16.23722}