{"stakedao":51.695549703602595,"convex":13.750591247121601,"yearn":16.86168}