{"stakedao":37.42578916663147,"convex":15.402970604476803,"yearn":28.17031}