{"stakedao":58.135346203211654,"convex":12.075414865416,"yearn":14.36092}