{"stakedao":37.532277789205835,"convex":23.726748030552002,"yearn":30.49756}