{"stakedao":38.636605428028915,"convex":16.448469033384,"yearn":29.43448}