{"stakedao":40.636239951148944,"convex":19.094880026649598,"yearn":29.01482}