{"stakedao":64.68690424538318,"convex":18.6538950051408,"yearn":43.53801}