{"stakedao":41.12271918347223,"convex":20.983229386704,"yearn":24.14219}