{"stakedao":52.148603471877024,"convex":13.8194064509904,"yearn":27.9006}