{"stakedao":49.98811800926883,"convex":22.5914671426032,"yearn":34.56538}