{"stakedao":40.794289591517796,"convex":17.2375795678464,"yearn":31.03128}