{"stakedao":42.77037796866692,"convex":25.3983350698848,"yearn":29.73}