{"stakedao":56.11349799802351,"convex":11.222022824438401,"yearn":15.66597}