{"stakedao":43.670066067879205,"convex":26.8670683439424,"yearn":26.28524}