{"stakedao":52.03505313713566,"convex":13.592524518000001,"yearn":32.05846}