{"stakedao":40.96971844620291,"convex":14.747647075056001,"yearn":20.36208}