{"stakedao":77.48796485028268,"convex":24.6683359985616,"yearn":41.10912}