{"stakedao":44.62125630381243,"convex":22.127439585830402,"yearn":44.24048}