{"stakedao":40.50778764946437,"convex":13.2039333280512,"yearn":18.27489}