{"stakedao":62.70461773059272,"convex":19.1316514788432,"yearn":49.0982}