{"stakedao":38.927105455240856,"convex":18.0629141368464,"yearn":29.43448}