{"stakedao":56.196321762816815,"convex":11.0117317476816,"yearn":15.98221}