{"stakedao":48.082203623905485,"convex":10.9870275994992,"yearn":35.22469}