{"stakedao":85.93474209869157,"convex":25.885708692768,"yearn":41.4943}