{"stakedao":42.646962093625966,"convex":22.8164542602624,"yearn":29.43448}