{"stakedao":47.222236866649695,"convex":26.02539084528,"yearn":27.92827}