{"stakedao":63.35121369933074,"convex":19.124641243641598,"yearn":46.115}