{"stakedao":42.40766445362929,"convex":13.1890958198064,"yearn":16.86146}