{"stakedao":39.5291908732158,"convex":15.563738584368,"yearn":26.67058}