{"stakedao":65.29492321361681,"convex":18.579794522198398,"yearn":32.25871}