{"stakedao":38.82347729659723,"convex":18.063375007104,"yearn":29.43448}