{"stakedao":47.69242961119707,"convex":22.980697381209602,"yearn":50.20835}