{"stakedao":43.87426433475388,"convex":14.8008441474576,"yearn":18.63216}