{"stakedao":40.64742246602099,"convex":20.2125681438768,"yearn":27.10218}