{"stakedao":44.47138006211164,"convex":19.5454218878928,"yearn":43.0623}