{"stakedao":37.57630392422733,"convex":24.309073909871998,"yearn":29.74534}