{"stakedao":51.588752901834894,"convex":25.676398852344,"yearn":33.22296}