{"stakedao":44.96896243614546,"convex":20.484443462529597,"yearn":47.71473}