{"stakedao":46.98364100403826,"convex":13.2600921764256,"yearn":26.55584}