{"stakedao":49.04102884154623,"convex":29.130858189576003,"yearn":34.50979}