{"stakedao":40.571389007250296,"convex":16.279277734281603,"yearn":34.73443}