{"stakedao":42.58963358214057,"convex":21.086985456806396,"yearn":32.71028}