{"stakedao":44.94141152049083,"convex":21.752749619208004,"yearn":50.20835}