{"stakedao":44.13077077639771,"convex":23.7558100439664,"yearn":32.62765}