{"stakedao":28.86115770551154,"convex":15.7203959728032,"yearn":23.92986}