{"stakedao":52.56048349902389,"convex":28.1151315926784,"yearn":29.90665}