{"stakedao":38.88932632252556,"convex":17.6899897699488,"yearn":29.43448}