{"stakedao":39.67722101446813,"convex":15.6108239547408,"yearn":36.15597}