{"stakedao":42.441002689870686,"convex":21.0542342958864,"yearn":33.48282}