{"stakedao":55.94797505045675,"convex":13.7141252620848,"yearn":18.45373}