{"stakedao":39.134681482200726,"convex":16.2678369339072,"yearn":27.95499}