{"stakedao":42.62671013258786,"convex":13.2222222812016,"yearn":17.54854}