{"stakedao":46.311560122651066,"convex":11.1659003812224,"yearn":32.1811}