{"stakedao":39.243728229751255,"convex":16.3687314210624,"yearn":27.95499}