{"stakedao":53.81344128013336,"convex":12.211185260952,"yearn":15.85826}