{"stakedao":52.49851273391344,"convex":10.9683981616176,"yearn":17.6525}