{"stakedao":43.15304444830788,"convex":26.4825179657424,"yearn":26.53206}