{"stakedao":38.99582333551508,"convex":17.664686762587202,"yearn":29.43448}