{"stakedao":40.65332212711013,"convex":19.096791316387197,"yearn":29.20827}