{"stakedao":44.040881377183105,"convex":12.3764080635072,"yearn":19.40298}