{"stakedao":52.29741858749317,"convex":14.767035045192,"yearn":30.95609}