{"stakedao":39.69907552807398,"convex":15.607606718246398,"yearn":35.29564}