{"stakedao":48.379022230875705,"convex":11.1514106519856,"yearn":32.5141}