{"stakedao":44.600415775221634,"convex":22.1030937402192,"yearn":45.19488}