{"stakedao":52.402345593256015,"convex":28.119727766001603,"yearn":29.40156}