{"stakedao":41.48573997224372,"convex":22.114349067916798,"yearn":26.06025}