{"stakedao":63.95775945536057,"convex":17.3965047636528,"yearn":33.85036}