{"stakedao":64.17407916237893,"convex":12.733212242664,"yearn":46.61339}