{"stakedao":49.61229477073482,"convex":17.442838801439997,"yearn":19.65905}