{"stakedao":49.018367544397485,"convex":11.070684925329601,"yearn":19.18649}