{"stakedao":63.9185510712074,"convex":20.1602377627488,"yearn":39.06894}