{"stakedao":45.38233126665307,"convex":20.517310382644798,"yearn":44.38252}