{"stakedao":45.88541956356772,"convex":21.822896515824,"yearn":39.91188}