{"stakedao":39.06970825664868,"convex":16.476559410024002,"yearn":29.43448}