{"stakedao":55.408782646569655,"convex":12.1791082703328,"yearn":15.96825}