{"stakedao":39.045511400131865,"convex":18.0569919283344,"yearn":29.43448}