{"stakedao":40.57642080889474,"convex":17.237749729795198,"yearn":32.11431}