{"stakedao":38.961759171226845,"convex":15.968765687875202,"yearn":27.80846}