{"stakedao":64.53364682955196,"convex":18.2137820107968,"yearn":31.87698}