{"stakedao":47.54021127683783,"convex":22.9792034798928,"yearn":39.22985}