{"stakedao":46.4123979638418,"convex":28.3945333277808,"yearn":29.75331}