{"stakedao":42.68816781554034,"convex":12.4134451402752,"yearn":17.46297}