{"stakedao":57.674037856679305,"convex":24.3456553040544,"yearn":38.84236}