{"stakedao":44.71506622939563,"convex":22.6994925437712,"yearn":47.34843}