{"stakedao":49.25800949320508,"convex":21.7893766932864,"yearn":38.54826}