{"stakedao":46.3591384502906,"convex":12.215764398528,"yearn":22.7689}