{"stakedao":45.588637009720266,"convex":22.902003566337598,"yearn":32.78784}