{"stakedao":46.70410805954944,"convex":10.16004599352,"yearn":19.32862}