{"stakedao":43.67374695873857,"convex":26.830703113272,"yearn":25.91324}