{"stakedao":52.132322117594725,"convex":28.2039994383408,"yearn":29.04551}