{"stakedao":40.897947261722194,"convex":16.7518040632992,"yearn":33.84362}