{"stakedao":45.29110230789762,"convex":20.4651050102208,"yearn":48.30791}