{"stakedao":62.8274962519371,"convex":19.133034398668798,"yearn":46.115}