{"stakedao":55.61809476356255,"convex":11.406424485067202,"yearn":14.91591}