{"stakedao":45.78776203292213,"convex":22.042407615220803,"yearn":42.35065}