{"stakedao":42.16416493579247,"convex":22.7502748983456,"yearn":26.18957}