{"stakedao":40.91467632798009,"convex":17.2480431243456,"yearn":30.32493}