{"stakedao":43.72358747990256,"convex":27.3997253228544,"yearn":26.13771}