{"stakedao":39.74083042043369,"convex":15.60452360436,"yearn":34.88473}