{"stakedao":38.74111847252616,"convex":16.4217427684992,"yearn":27.95499}