{"stakedao":47.478593542808504,"convex":13.0364146132416,"yearn":24.47951}