{"stakedao":49.28726477642842,"convex":29.323421310239997,"yearn":33.36449}