{"stakedao":42.54582043465324,"convex":13.2211436175504,"yearn":17.81866}