{"stakedao":57.475002259449965,"convex":12.056063666256,"yearn":13.80576}