{"stakedao":56.85624070920636,"convex":11.0141873866224,"yearn":15.42592}