{"stakedao":52.02168539101864,"convex":13.810152337934401,"yearn":27.9006}