{"stakedao":42.60810932157257,"convex":13.274207425123201,"yearn":19.01115}