{"stakedao":54.53811520382689,"convex":12.266780217264,"yearn":26.46237}