{"stakedao":56.00170938350047,"convex":12.2735794860864,"yearn":23.08107}