{"stakedao":39.14371007162256,"convex":18.038469924144003,"yearn":29.43448}