{"stakedao":48.40616072584591,"convex":26.040442318977604,"yearn":27.47039}