{"stakedao":45.874194667578635,"convex":14.3288396540928,"yearn":18.55208}