{"stakedao":46.74395900535013,"convex":32.4129951065664,"yearn":26.86626}