{"stakedao":44.43295270284652,"convex":19.614715880774398,"yearn":43.4614}