{"stakedao":39.225631115459876,"convex":16.0702497563184,"yearn":26.79239}