{"stakedao":55.67045902768233,"convex":12.1242196037376,"yearn":15.49304}