{"stakedao":41.3944445768039,"convex":17.5361893885872,"yearn":32.17789}