{"stakedao":54.11059316397637,"convex":11.8867455955872,"yearn":27.21094}