{"stakedao":41.86739007886695,"convex":13.267481657255999,"yearn":18.33758}