{"stakedao":48.52346129065704,"convex":11.068598219745601,"yearn":19.43104}