{"stakedao":43.706845171254656,"convex":26.830703113272,"yearn":25.99604}