{"stakedao":48.42219165886411,"convex":31.416012423230402,"yearn":28.63921}