{"stakedao":39.277837983851605,"convex":16.3827434240496,"yearn":27.95499}