{"stakedao":45.12803382238079,"convex":23.283905891846402,"yearn":32.33431}