{"stakedao":43.65924276323418,"convex":26.8323160314528,"yearn":26.24404}