{"stakedao":52.49958502753299,"convex":11.2804207256592,"yearn":0}