{"stakedao":42.34554321726089,"convex":13.18139567784,"yearn":16.40276}