{"stakedao":55.397079660008124,"convex":11.3462150677056,"yearn":22.60339}