{"stakedao":50.07307350888108,"convex":9.565013260108799,"yearn":17.55322}