{"stakedao":47.01300629255762,"convex":26.0217402189984,"yearn":28.1526}