{"stakedao":41.655936690139974,"convex":17.5194834511824,"yearn":32.59906}