{"stakedao":44.74189906905808,"convex":23.230610376667197,"yearn":36.79528}