{"stakedao":53.67056830966796,"convex":26.861057806248,"yearn":28.79465}