{"stakedao":52.71812362382694,"convex":11.2925844509904,"yearn":16.05709}