{"stakedao":50.07267625870863,"convex":22.6260392205456,"yearn":34.56538}