{"stakedao":45.56549755430565,"convex":22.0151978151552,"yearn":41.50097}