{"stakedao":49.49333665933958,"convex":17.445879202968,"yearn":19.21788}