{"stakedao":40.10673680207741,"convex":13.1300803869408,"yearn":17.43112}