{"stakedao":40.86177820214165,"convex":13.1747951173536,"yearn":18.91568}