{"stakedao":39.06353685147076,"convex":16.4792308371984,"yearn":29.43448}