{"stakedao":43.63520628717935,"convex":27.4615429879152,"yearn":26.20376}