{"stakedao":42.82227338950413,"convex":13.2052696155936,"yearn":16.23722}