{"stakedao":49.86882410285368,"convex":16.8035596409088,"yearn":20.25703}