{"stakedao":54.75141617186017,"convex":13.71264364404,"yearn":18.7081}