{"stakedao":48.80045974591148,"convex":16.8162457159296,"yearn":19.9249}