{"stakedao":48.23983238667429,"convex":31.346618574758402,"yearn":29.52449}