{"stakedao":37.47820989672054,"convex":24.4448904961872,"yearn":29.30712}