{"stakedao":55.864475113731885,"convex":9.7770697694496,"yearn":20.23013}