{"stakedao":40.665938622592016,"convex":13.179568103568,"yearn":18.0569}