{"stakedao":42.82621489759963,"convex":14.7672593103024,"yearn":18.68639}