{"stakedao":57.456170114784825,"convex":11.0324527855344,"yearn":16.60425}