{"stakedao":42.408355027827504,"convex":22.984765916256,"yearn":29.43448}