{"stakedao":40.79065535407671,"convex":17.2284470260704,"yearn":31.29948}