{"stakedao":40.938551784247714,"convex":20.9118194701344,"yearn":26.0504}