{"stakedao":54.61919756488262,"convex":9.7877438161344,"yearn":19.90086}