{"stakedao":46.5402489851673,"convex":28.3428333765216,"yearn":31.47602}