{"stakedao":41.06109399239008,"convex":15.1326243056304,"yearn":20.82053}