{"stakedao":51.339046334090156,"convex":9.6013212182496,"yearn":18.16895}