{"stakedao":42.495214438243586,"convex":20.6831869769376,"yearn":31.24564}