{"stakedao":50.795974817076655,"convex":29.299036025707203,"yearn":37.72622}