{"stakedao":52.715015508008634,"convex":24.235641315259198,"yearn":37.95762}