{"stakedao":56.85634160489608,"convex":12.266417121220801,"yearn":23.55313}