{"stakedao":44.69618856763988,"convex":22.120822941984002,"yearn":47.13011}