{"stakedao":49.33358063085767,"convex":22.8946162583376,"yearn":34.45727}