{"stakedao":42.968448158205945,"convex":13.229580617078401,"yearn":16.27574}