{"stakedao":50.10794938788362,"convex":17.4801696234336,"yearn":17.40216}