{"stakedao":39.114738105412435,"convex":16.436160359136,"yearn":19.17182}