{"stakedao":42.51351936632717,"convex":23.0979951800064,"yearn":29.43448}