{"stakedao":45.49853105195884,"convex":22.015598382273602,"yearn":41.02583}