{"stakedao":66.63495007111004,"convex":18.431911193212798,"yearn":30.55865}