{"stakedao":41.95587392187318,"convex":13.188708627105601,"yearn":17.31711}