{"stakedao":67.87303125372546,"convex":20.2625229118176,"yearn":31.68482}