{"stakedao":44.5979066332238,"convex":13.987966509748802,"yearn":19.05445}