{"stakedao":41.234727874612915,"convex":20.6552197515312,"yearn":24.31328}