{"stakedao":41.20977734999827,"convex":14.785495333430399,"yearn":14.80978}