{"stakedao":40.4401315575143,"convex":19.1441899874592,"yearn":28.59928}