{"stakedao":45.50950476409163,"convex":22.015598382273602,"yearn":41.08342}