{"stakedao":45.59086524741426,"convex":22.9665293002512,"yearn":32.50786}