{"stakedao":54.88471542371587,"convex":24.974062412817602,"yearn":38.82053}