{"stakedao":27.865664584820603,"convex":13.685524229304,"yearn":23.66499}