{"stakedao":42.446105902277026,"convex":23.1139789461648,"yearn":29.43448}