{"stakedao":39.70994315088171,"convex":14.791307724129599,"yearn":21.93062}