{"stakedao":38.96241537532875,"convex":15.9687993399408,"yearn":27.8517}