{"stakedao":38.688434444352126,"convex":16.4464886703456,"yearn":29.43448}