{"stakedao":66.97960752131902,"convex":20.4505705503216,"yearn":43.01535}