{"stakedao":52.16528938685432,"convex":9.6006628285632,"yearn":19.05651}