{"stakedao":55.083555910332535,"convex":10.5809356482624,"yearn":17.1022}