{"stakedao":39.094987600432255,"convex":18.066613006900802,"yearn":29.43448}