{"stakedao":57.86167815470945,"convex":12.5194810266576,"yearn":15.22097}