{"stakedao":62.27597038361802,"convex":17.3731659949728,"yearn":34.80149}