{"stakedao":45.92388068553828,"convex":20.1493402362,"yearn":42.11799}