{"stakedao":40.5219160391673,"convex":17.1925351254,"yearn":29.81134}