{"stakedao":51.69816971731407,"convex":22.9694883388992,"yearn":34.56538}