{"stakedao":46.23466706350958,"convex":28.3471748588016,"yearn":30.33681}