{"stakedao":65.06137245187196,"convex":18.66091640724,"yearn":32.75345}