{"stakedao":56.839287958849255,"convex":11.0186884694448,"yearn":16.14366}