{"stakedao":43.47554548871899,"convex":26.8548095123424,"yearn":26.61779}