{"stakedao":50.188633764563455,"convex":9.565013260108799,"yearn":17.5737}