{"stakedao":43.59887627143588,"convex":26.866749051403204,"yearn":26.32658}