{"stakedao":55.82788828468746,"convex":12.2660705910384,"yearn":26.11519}