{"stakedao":39.36300960173949,"convex":15.7402312022592,"yearn":24.66142}