{"stakedao":42.19420221545504,"convex":22.8123646812432,"yearn":29.43448}