{"stakedao":47.416031406227205,"convex":10.1884673120976,"yearn":17.70634}