{"stakedao":43.72778498476852,"convex":15.2768792002176,"yearn":18.57206}