{"stakedao":52.16916205274448,"convex":14.9806044941328,"yearn":25.7105}