{"stakedao":48.50778492068846,"convex":22.615925496048,"yearn":34.56538}