{"stakedao":44.62195753168399,"convex":22.6111378392864,"yearn":45.5967}