{"stakedao":41.111363911487075,"convex":13.263838482931202,"yearn":15.36629}