{"stakedao":43.1908654650923,"convex":15.7012710759792,"yearn":16.95581}