{"stakedao":51.78175176690708,"convex":25.1014764558384,"yearn":34.52436}