{"stakedao":42.52946021166416,"convex":21.1218565212576,"yearn":29.2182}