{"stakedao":41.23741012319861,"convex":21.5167866458832,"yearn":25.76625}