{"stakedao":63.67708026089571,"convex":19.1242491439392,"yearn":46.115}