{"stakedao":51.09325273298456,"convex":14.730589807689599,"yearn":17.89293}