{"stakedao":48.120953822742656,"convex":26.0326962826704,"yearn":27.66518}