{"stakedao":45.48110852761928,"convex":13.221742158216,"yearn":25.01082}