{"stakedao":70.07031189455492,"convex":21.204436388112,"yearn":33.11321}