{"stakedao":40.26345430419272,"convex":18.8793582911712,"yearn":27.3362}