{"stakedao":28.940574466037464,"convex":15.7423779523872,"yearn":25.81229}