{"stakedao":43.07076446084554,"convex":18.901809750340803,"yearn":27.98319}