{"stakedao":44.86349480037363,"convex":21.7200371466528,"yearn":50.20835}