{"stakedao":44.867053144439645,"convex":22.6983195433296,"yearn":47.96103}