{"stakedao":43.04974699136116,"convex":16.4572448210064,"yearn":17.99296}