{"stakedao":44.48050929863544,"convex":22.611822611990398,"yearn":45.24638}