{"stakedao":62.584793885897675,"convex":20.1814314085584,"yearn":44.42883}