{"stakedao":39.1532643209182,"convex":16.0604072761104,"yearn":27.64107}