{"stakedao":39.47586098713132,"convex":16.9001571399264,"yearn":26.71353}