{"stakedao":53.49045608945583,"convex":10.7594239462272,"yearn":23.894}