{"stakedao":54.64212571832552,"convex":10.490589401227199,"yearn":16.03941}