{"stakedao":38.73446007065122,"convex":16.3978096376736,"yearn":27.95499}