{"stakedao":39.66003685227517,"convex":15.604042844347202,"yearn":34.77257}