{"stakedao":47.16253946989671,"convex":13.0531101059232,"yearn":24.8862}