{"stakedao":53.0456978141638,"convex":27.9966796614288,"yearn":30.70911}