{"stakedao":55.33240945882027,"convex":10.4135192646192,"yearn":15.79551}