{"stakedao":43.32530701401249,"convex":25.1141238803376,"yearn":28.27864}