{"stakedao":45.52705186736318,"convex":20.9512992371616,"yearn":41.6599}