{"stakedao":49.492047352990255,"convex":31.2800893556112,"yearn":27.60621}