{"stakedao":54.07087142472362,"convex":10.6076316196656,"yearn":15.31426}