{"stakedao":43.45031121329729,"convex":26.4910241394864,"yearn":26.71131}