{"stakedao":44.623983719249146,"convex":22.1231657167344,"yearn":44.75526}