{"stakedao":46.92234788348573,"convex":26.0586277173648,"yearn":28.88064}