{"stakedao":48.18421488836259,"convex":11.471456110032001,"yearn":34.34166}