{"stakedao":67.27228417736671,"convex":20.561205347352,"yearn":42.25924}