{"stakedao":47.58256083414364,"convex":22.8213734442192,"yearn":38.18146}