{"stakedao":44.306061845794524,"convex":22.5566757002448,"yearn":30.23866}