{"stakedao":40.729867177290366,"convex":20.2088126351664,"yearn":26.40544}