{"stakedao":45.25367362468177,"convex":10.6163501032224,"yearn":27.99075}