{"stakedao":49.52772170082685,"convex":10.7464611049632,"yearn":36.2481}