{"stakedao":42.73033286988039,"convex":15.7032073422288,"yearn":17.01509}