{"stakedao":49.40659379631512,"convex":21.790400623056,"yearn":40.8581}