{"stakedao":56.50714169726807,"convex":30.946273299504,"yearn":43.69033}