{"stakedao":51.782603919555584,"convex":15.973976866809599,"yearn":25.8044}