{"stakedao":41.14854730839047,"convex":20.666499254726403,"yearn":23.44635}