{"stakedao":37.482761728800654,"convex":24.4448904961872,"yearn":29.30712}