{"stakedao":43.96515014394392,"convex":12.374744460667198,"yearn":19.82012}