{"stakedao":58.19372886026284,"convex":24.31085507892,"yearn":39.91279}