{"stakedao":57.029579226050515,"convex":12.480634937707201,"yearn":14.41168}