{"stakedao":40.68247199073408,"convex":12.9893621538384,"yearn":16.61734}