{"stakedao":52.342129813012534,"convex":14.7714263953488,"yearn":30.95609}