{"stakedao":42.99007060847206,"convex":16.445639749608,"yearn":18.82281}