{"stakedao":55.878247407504446,"convex":10.1863476198576,"yearn":21.39577}