{"stakedao":56.77892629922546,"convex":30.560567666169604,"yearn":40.91213}