{"stakedao":64.57374656143135,"convex":18.9937883101968,"yearn":42.00947}