{"stakedao":52.81397670277516,"convex":11.2838088620448,"yearn":17.06311}