{"stakedao":45.405816068746425,"convex":22.0179317403744,"yearn":40.81006}