{"stakedao":40.469280185224974,"convex":17.18419377456,"yearn":30.33826}