{"stakedao":53.17511290996992,"convex":11.380902595790399,"yearn":15.69797}