{"stakedao":42.724391777872874,"convex":25.3983350698848,"yearn":29.77649}