{"stakedao":53.86767586915148,"convex":10.441042299158399,"yearn":15.74381}