{"stakedao":41.22801446843848,"convex":21.041927744011204,"yearn":24.42112}