{"stakedao":39.303077319287546,"convex":16.458130449648,"yearn":26.43063}