{"stakedao":62.88438915897497,"convex":19.133714415744,"yearn":50.57924}