{"stakedao":40.44868799039814,"convex":19.145242968192,"yearn":28.55881}