{"stakedao":58.2246984775739,"convex":24.3465414971904,"yearn":37.94164}