{"stakedao":66.3299173165814,"convex":19.593784605024,"yearn":41.55229}