{"stakedao":38.717629467233685,"convex":17.602160439456,"yearn":29.43448}