{"stakedao":53.402904846061546,"convex":27.8172002532096,"yearn":31.69384}