{"stakedao":43.480807471441125,"convex":27.440881940995197,"yearn":26.32783}