{"stakedao":44.0791715454918,"convex":19.5753409583328,"yearn":42.60768}