{"stakedao":46.77488705043784,"convex":13.2581962731024,"yearn":25.61994}