{"stakedao":53.68402130001057,"convex":11.4053725103328,"yearn":16.61477}