{"stakedao":39.53448301853916,"convex":15.7459992754176,"yearn":32.38665}