{"stakedao":42.81111942233795,"convex":15.895696517280001,"yearn":16.66658}