{"stakedao":38.86992553934241,"convex":16.3038576968496,"yearn":27.95499}