{"stakedao":46.94542021776626,"convex":20.287683196704002,"yearn":44.8119}