{"stakedao":48.277460898333715,"convex":11.157634704168,"yearn":33.19874}