{"stakedao":43.13006452266582,"convex":18.901809750340803,"yearn":28.05114}