{"stakedao":57.01668962021034,"convex":12.0610435191696,"yearn":13.7369}