{"stakedao":40.293849226413485,"convex":15.544196160364798,"yearn":33.67255}