{"stakedao":54.82853512728812,"convex":10.6445879390448,"yearn":14.99425}