{"stakedao":54.516240073248625,"convex":10.4425482188448,"yearn":16.13823}