{"stakedao":44.66217090634815,"convex":22.1896696219344,"yearn":47.91963}