{"stakedao":44.51204320471698,"convex":22.658669510284803,"yearn":49.88307}