{"stakedao":47.27114416004085,"convex":19.8080307029952,"yearn":26.73835}