{"stakedao":41.145589987280935,"convex":20.6636776878096,"yearn":23.27149}