{"stakedao":44.07660300363548,"convex":22.5051122462544,"yearn":31.56294}