{"stakedao":43.11439044005154,"convex":16.454383783632,"yearn":18.58358}