{"stakedao":52.57613879853699,"convex":14.2629910638192,"yearn":22.18595}