{"stakedao":51.20714573566839,"convex":10.9865170032768,"yearn":17.25661}