{"stakedao":49.40296167818791,"convex":29.2946798444976,"yearn":33.80367}