{"stakedao":47.3133225045926,"convex":29.326733791761598,"yearn":34.82583}