{"stakedao":40.635801331597236,"convex":19.106473697784004,"yearn":28.76108}