{"stakedao":45.420482104200254,"convex":20.531296037304003,"yearn":44.30352}