{"stakedao":46.54764432128083,"convex":20.279519677368,"yearn":41.50461}