{"stakedao":47.57102032799215,"convex":31.390656507921598,"yearn":29.0819}