{"stakedao":45.3734238961668,"convex":23.184715297924797,"yearn":31.41524}