{"stakedao":52.986033143110454,"convex":14.1417401769648,"yearn":22.53947}