{"stakedao":34.12526495082819,"convex":16.4217427684992,"yearn":27.95499}