{"stakedao":38.8223296846433,"convex":16.407125693740802,"yearn":27.95499}