{"stakedao":66.38132285911405,"convex":20.481030964583997,"yearn":42.8914}