{"stakedao":41.47546239712182,"convex":21.5213469280848,"yearn":26.06025}