{"stakedao":39.1655945136224,"convex":16.0702847802,"yearn":26.79239}