{"stakedao":42.57767659499076,"convex":21.088361593238396,"yearn":32.89201}