{"stakedao":56.406559727407014,"convex":11.011623339528,"yearn":16.14366}