{"stakedao":65.0019812782703,"convex":19.026012359491197,"yearn":41.94741}