{"stakedao":42.43901283388067,"convex":20.707163103945597,"yearn":30.244}