{"stakedao":48.44209672220563,"convex":29.328404241067197,"yearn":36.37945}