{"stakedao":42.906018386927556,"convex":25.480411338355204,"yearn":30.55198}