{"stakedao":47.33073777591483,"convex":21.084331756017598,"yearn":42.19701}