{"stakedao":53.29981750529184,"convex":28.1039138685072,"yearn":30.17365}