{"stakedao":42.82955321853837,"convex":14.8130907998544,"yearn":18.85873}