{"stakedao":41.245510856596745,"convex":21.5168014078848,"yearn":25.6502}