{"stakedao":41.044397951217114,"convex":13.7260537383168,"yearn":16.40382}