{"stakedao":54.483979595130656,"convex":11.794869978696,"yearn":18.18835}