{"stakedao":58.217528120140614,"convex":24.3465414971904,"yearn":37.98396}