{"stakedao":39.74141537713675,"convex":15.6010799425392,"yearn":34.07402}