{"stakedao":46.06679611675669,"convex":10.618574406681601,"yearn":26.00532}