{"stakedao":48.60815648324102,"convex":11.0734947513936,"yearn":19.13395}