{"stakedao":40.314043155102745,"convex":16.1701118242128,"yearn":35.16857}