{"stakedao":51.57817476760134,"convex":13.8352935719232,"yearn":27.9006}