{"stakedao":44.48461741879363,"convex":22.1043846096144,"yearn":46.07597}