{"stakedao":57.42805244896323,"convex":12.5074422532656,"yearn":14.09696}