{"stakedao":52.72546246713756,"convex":11.2943732328288,"yearn":16.87907}