{"stakedao":55.74412949943515,"convex":11.389651334985599,"yearn":14.42661}