{"stakedao":49.05544859023495,"convex":29.407089421382402,"yearn":35.30775}