{"stakedao":54.665365703690725,"convex":12.220204979534397,"yearn":15.9793}