{"stakedao":39.739095542483206,"convex":15.605164955145598,"yearn":35.14614}