{"stakedao":43.50979176700506,"convex":25.1219395102896,"yearn":27.35936}