{"stakedao":41.59394030193834,"convex":22.1122655443152,"yearn":25.7502}