{"stakedao":49.1707782856248,"convex":10.995045088233601,"yearn":36.2481}