{"stakedao":45.55612721120795,"convex":22.938690259224003,"yearn":33.2838}