{"stakedao":41.21135471110631,"convex":13.263838482931202,"yearn":15.33784}