{"stakedao":56.447878046080284,"convex":12.228427004457599,"yearn":17.30571}