{"stakedao":45.74349109155328,"convex":10.616596862961602,"yearn":24.92745}