{"stakedao":53.768788046106316,"convex":26.72322867756,"yearn":27.68248}