{"stakedao":41.70000033653026,"convex":20.694038401008,"yearn":25.84878}