{"stakedao":42.34386817733507,"convex":13.274636822452802,"yearn":18.93848}