{"stakedao":40.45161662457671,"convex":16.230792244348798,"yearn":34.4375}