{"stakedao":47.54948898583493,"convex":22.8207691955376,"yearn":0}