{"stakedao":41.20834597945932,"convex":14.747690298297599,"yearn":20.48916}