{"stakedao":47.60559014085237,"convex":31.390725048263995,"yearn":29.21478}