{"stakedao":61.1838577213489,"convex":18.955135719835198,"yearn":48.14997}