{"stakedao":48.35361384537431,"convex":17.4081969059472,"yearn":18.6743}