{"stakedao":43.436421961653245,"convex":19.5329564355744,"yearn":41.92991}