{"stakedao":62.3200971224868,"convex":19.80583049304,"yearn":40.30201}