{"stakedao":55.08947841896225,"convex":10.414810531368,"yearn":15.92623}