{"stakedao":39.019955658896585,"convex":17.665240859568,"yearn":29.43448}