{"stakedao":43.24011816072039,"convex":28.5602558371776,"yearn":26.67634}