{"stakedao":42.594653834147806,"convex":15.5383765100784,"yearn":17.58928}