{"stakedao":45.27194652433816,"convex":22.936867210368,"yearn":33.64804}