{"stakedao":51.10632305094965,"convex":9.592115241744,"yearn":18.08523}