{"stakedao":42.52711278915587,"convex":12.3818261659056,"yearn":20.72892}