{"stakedao":69.82943277837401,"convex":21.2057778538656,"yearn":32.7904}