{"stakedao":48.913451051097944,"convex":21.832522838827202,"yearn":39.63586}