{"stakedao":54.23486297780302,"convex":10.7077829231376,"yearn":23.58551}