{"stakedao":40.89266826192306,"convex":17.1305375159232,"yearn":31.35677}