{"stakedao":47.899887567681205,"convex":10.988158442616001,"yearn":35.73324}