{"stakedao":43.588665859537755,"convex":19.5362900399088,"yearn":44.61785}