{"stakedao":56.76312325098453,"convex":11.0186884694448,"yearn":16.14366}