{"stakedao":48.661879580409426,"convex":12.202714656662401,"yearn":22.76239}