{"stakedao":45.97296279603125,"convex":10.618574406681601,"yearn":26.00532}