{"stakedao":49.35008166985451,"convex":29.2946798444976,"yearn":34.64456}