{"stakedao":52.163148041264904,"convex":11.988905852635202,"yearn":24.96854}