{"stakedao":45.44826969861042,"convex":20.5747392298896,"yearn":48.92902}