{"stakedao":49.40358601239331,"convex":13.477848253271999,"yearn":17.43858}