{"stakedao":37.57884803578703,"convex":14.0883758123904,"yearn":26.14909}