{"stakedao":43.24114076836706,"convex":15.313888452772801,"yearn":14.86021}