{"stakedao":42.58421862271202,"convex":12.2055473431728,"yearn":17.66384}