{"stakedao":53.255738244434,"convex":28.015329361190403,"yearn":30.35185}