{"stakedao":39.23361157866051,"convex":16.280840289470397,"yearn":27.95499}