{"stakedao":53.65754286722078,"convex":10.7625571960464,"yearn":24.28254}