{"stakedao":53.22316331569843,"convex":15.7730279673888,"yearn":23.56751}