{"stakedao":64.60088497906898,"convex":20.4240171847104,"yearn":37.94986}