{"stakedao":66.71838046464825,"convex":20.4574671770832,"yearn":42.87534}