{"stakedao":51.199130383923205,"convex":25.2148063635792,"yearn":31.0172}