{"stakedao":40.79721693447366,"convex":17.234107451092804,"yearn":30.86466}