{"stakedao":40.71449930799065,"convex":19.1061931472208,"yearn":28.76108}