{"stakedao":48.41220589092117,"convex":29.3355987095808,"yearn":36.2484}