{"stakedao":40.176121278686665,"convex":18.8990297352576,"yearn":27.3362}