{"stakedao":42.70822486659961,"convex":24.9366432868704,"yearn":27.03707}