{"stakedao":41.081466670081454,"convex":19.8415225152576,"yearn":27.31544}