{"stakedao":48.8729799921623,"convex":22.6965607427664,"yearn":34.56538}