{"stakedao":39.84427719858219,"convex":13.111882087176,"yearn":16.89112}