{"stakedao":64.28570214672447,"convex":17.3960129218896,"yearn":33.85036}