{"stakedao":55.76565067611274,"convex":10.5323617093104,"yearn":21.6728}