{"stakedao":52.26278773625276,"convex":26.69274779328,"yearn":27.91919}