{"stakedao":46.15196329937602,"convex":12.2165270714592,"yearn":22.84976}