{"stakedao":70.17909624228116,"convex":21.2146070382432,"yearn":32.54452}