{"stakedao":52.07201902685033,"convex":28.204125087225602,"yearn":29.08208}