{"stakedao":47.811257025038714,"convex":31.3540587055584,"yearn":29.65708}