{"stakedao":39.75875474433898,"convex":15.5416515173712,"yearn":33.96444}