{"stakedao":40.992231523575256,"convex":15.119486057980799,"yearn":20.22292}