{"stakedao":42.197272657745486,"convex":22.9183413682464,"yearn":29.43448}