{"stakedao":28.959178345220074,"convex":15.8646676066992,"yearn":25.81229}