{"stakedao":40.804860284516515,"convex":13.226067128246402,"yearn":15.94803}