{"stakedao":51.778028090981536,"convex":22.962001320374398,"yearn":34.56538}