{"stakedao":49.50695094470717,"convex":22.763418444043197,"yearn":34.56538}