{"stakedao":41.44535008990755,"convex":18.0737570777328,"yearn":31.48201}