{"stakedao":43.60841461450181,"convex":12.075273331847999,"yearn":22.72018}