{"stakedao":58.10975799127712,"convex":12.5194810266576,"yearn":13.95352}