{"stakedao":42.16441053090775,"convex":22.9189025765952,"yearn":29.43448}