{"stakedao":41.04315346195204,"convex":20.9833139221056,"yearn":24.32861}