{"stakedao":39.31085943425092,"convex":16.884310952721602,"yearn":26.4104}