{"stakedao":70.55026226995464,"convex":21.1853166064272,"yearn":32.30318}