{"stakedao":67.09526165049459,"convex":20.0924755269984,"yearn":31.93838}