{"stakedao":40.755177156274826,"convex":19.832534017315197,"yearn":27.1669}