{"stakedao":28.976590602961828,"convex":15.778527227683199,"yearn":24.09579}