{"stakedao":40.907606445910716,"convex":16.7516785184832,"yearn":33.98507}