{"stakedao":40.39113049214073,"convex":16.6109728556304,"yearn":33.58414}