{"stakedao":72.83360066196704,"convex":24.424677096479996,"yearn":43.63658}