{"stakedao":41.11454693554542,"convex":13.733120530180802,"yearn":16.3816}