{"stakedao":48.70449594574378,"convex":12.203547118761598,"yearn":22.76239}