{"stakedao":44.40022939755582,"convex":9.3250482517008,"yearn":26.25953}