{"stakedao":41.36452914511839,"convex":17.536925700576,"yearn":34.24767}