{"stakedao":45.869648695667394,"convex":20.1492932664816,"yearn":42.44435}