{"stakedao":42.74819552127709,"convex":25.389167778590398,"yearn":29.4962}