{"stakedao":42.25965276230947,"convex":23.5415280296448,"yearn":29.43448}