{"stakedao":47.69239216199905,"convex":12.199946887008,"yearn":23.55049}