{"stakedao":43.959900304652635,"convex":23.3101614693168,"yearn":28.7667}