{"stakedao":53.1301981682406,"convex":26.9710872760656,"yearn":28.563}