{"stakedao":28.89414165615154,"convex":15.864889222785598,"yearn":25.81229}