{"stakedao":27.898646133700453,"convex":13.6857334927392,"yearn":23.66499}