{"stakedao":42.77311410629422,"convex":24.912294401188802,"yearn":28.57082}