{"stakedao":42.72859030931215,"convex":15.2831431864368,"yearn":19.89198}