{"stakedao":46.0526090717698,"convex":28.3779001533888,"yearn":29.23891}