{"stakedao":41.60107935908952,"convex":18.036107656991998,"yearn":31.20528}