{"stakedao":37.601705729306204,"convex":14.1110319811968,"yearn":25.22292}