{"stakedao":39.71879984619167,"convex":15.6091483934496,"yearn":35.29564}