{"stakedao":54.676287290800744,"convex":11.246238502056,"yearn":21.70489}