{"stakedao":53.2154210596166,"convex":11.741982037934399,"yearn":16.84658}