{"stakedao":47.11344151255093,"convex":8.9910423425664,"yearn":28.0909}