{"stakedao":51.24275663271696,"convex":9.563904807552001,"yearn":18.67177}