{"stakedao":55.377625589889554,"convex":11.827514879064001,"yearn":17.64748}