{"stakedao":43.40368946934059,"convex":19.5615745482528,"yearn":43.57685}