{"stakedao":45.38693583000492,"convex":22.017422547503998,"yearn":40.85326}