{"stakedao":40.82023233108285,"convex":16.5294461208816,"yearn":33.27063}