{"stakedao":37.70546782346574,"convex":23.519724502823998,"yearn":30.14795}