{"stakedao":48.097533124128766,"convex":10.9870275994992,"yearn":35.22469}