{"stakedao":51.65784313599817,"convex":25.086042560836802,"yearn":33.11901}