{"stakedao":57.323728364068884,"convex":12.285706080931199,"yearn":23.95008}