{"stakedao":43.0799672012007,"convex":16.453074377375998,"yearn":18.52433}