{"stakedao":45.935000954412345,"convex":22.0675303218096,"yearn":39.49643}