{"stakedao":41.78585906810447,"convex":20.6926661056608,"yearn":25.49501}