{"stakedao":39.55809254243252,"convex":15.6925643017392,"yearn":25.60773}