{"stakedao":53.7304669802716,"convex":9.758679689808,"yearn":19.70193}