{"stakedao":55.21502095763236,"convex":9.8096475391344,"yearn":20.49838}