{"stakedao":40.8396322594966,"convex":13.266183083616,"yearn":15.67314}