{"stakedao":46.58462107323446,"convex":28.341711215265597,"yearn":31.05746}