{"stakedao":71.85445114541551,"convex":24.425344278403198,"yearn":43.432}