{"stakedao":43.4095305668549,"convex":19.5570415636128,"yearn":42.95325}