{"stakedao":38.9513319419996,"convex":16.372300898908797,"yearn":27.95499}