{"stakedao":42.210409934219975,"convex":15.369297226848001,"yearn":19.31749}