{"stakedao":42.551167736804786,"convex":13.2221891274048,"yearn":17.54854}