{"stakedao":42.311254077349105,"convex":24.71152145688,"yearn":29.43448}