{"stakedao":56.98929790835975,"convex":12.4806095228448,"yearn":14.48438}