{"stakedao":77.20935304254655,"convex":24.6163859447472,"yearn":41.47713}