{"stakedao":48.049916007775664,"convex":11.0078184675168,"yearn":34.6457}