{"stakedao":43.82972764735968,"convex":12.3553236110976,"yearn":18.66985}