{"stakedao":40.88999530367901,"convex":20.914274137766398,"yearn":25.88868}