{"stakedao":41.05022881464092,"convex":19.8361075633056,"yearn":27.10443}