{"stakedao":48.41798483523924,"convex":22.6050585720336,"yearn":29.97243}