{"stakedao":40.79887220590611,"convex":18.8782112953152,"yearn":29.24838}