{"stakedao":45.871859734232565,"convex":30.984109530048002,"yearn":42.41172}