{"stakedao":47.06332309573916,"convex":26.0210748976992,"yearn":28.20869}