{"stakedao":40.73580261747361,"convex":17.2338431604912,"yearn":30.82912}