{"stakedao":42.45980613587623,"convex":21.0542342958864,"yearn":33.48282}