{"stakedao":54.57025252964506,"convex":12.220473038687999,"yearn":16.03979}