{"stakedao":50.129158692345875,"convex":22.655306154888002,"yearn":29.97243}