{"stakedao":40.7171698611459,"convex":20.2088126351664,"yearn":26.43778}