{"stakedao":45.65930999667077,"convex":20.48594777388,"yearn":44.5491}