{"stakedao":54.56892585547841,"convex":10.5992738385696,"yearn":15.72062}