{"stakedao":43.553637470043086,"convex":12.074296696617601,"yearn":22.72018}