{"stakedao":61.466456419945644,"convex":19.7629890199488,"yearn":41.47501}