{"stakedao":52.01803774150689,"convex":13.7634643684656,"yearn":27.9006}