{"stakedao":52.574070734386424,"convex":22.9582032601392,"yearn":34.56538}