{"stakedao":46.373352360498664,"convex":28.3408741804464,"yearn":31.80157}