{"stakedao":39.31821109600402,"convex":16.460491717108802,"yearn":26.42038}