{"stakedao":48.880211592426576,"convex":11.0736415388592,"yearn":20.50837}