{"stakedao":40.57851955565241,"convex":19.144833536304,"yearn":28.47787}