{"stakedao":50.110639573868696,"convex":9.565097700902399,"yearn":17.53322}