{"stakedao":39.4983253940915,"convex":15.692651278027201,"yearn":33.18486}