{"stakedao":40.644775121934856,"convex":4.9537880280144,"yearn":19.97703}