{"stakedao":50.96100614717706,"convex":13.760074270540802,"yearn":16.78252}