{"stakedao":48.37721034570494,"convex":11.0598247973232,"yearn":19.73708}