{"stakedao":47.40483464803568,"convex":11.3901748262784,"yearn":30.05998}