{"stakedao":56.392805765747084,"convex":31.04042019588,"yearn":46.92601}