{"stakedao":49.114545429459525,"convex":29.126180691216,"yearn":34.65958}