{"stakedao":47.08963852908963,"convex":14.332281906254398,"yearn":18.27393}