{"stakedao":46.59366867498083,"convex":22.1471603238384,"yearn":44.77588}