{"stakedao":43.99601357234606,"convex":12.3750652606272,"yearn":19.82012}