{"stakedao":55.36543490430749,"convex":10.443574977393599,"yearn":14.10977}