{"stakedao":44.47903115085373,"convex":10.6441546186368,"yearn":25.93898}