{"stakedao":44.51793778988549,"convex":19.54521470268,"yearn":43.22405}