{"stakedao":49.30219121533387,"convex":22.9162071442176,"yearn":33.31453}