{"stakedao":38.7728579929666,"convex":16.404075446673602,"yearn":27.95499}