{"stakedao":68.83527119828082,"convex":23.5225394408736,"yearn":36.18087}