{"stakedao":45.30962524894667,"convex":10.719014545224,"yearn":26.11073}