{"stakedao":66.55676684574098,"convex":14.1928287366384,"yearn":36.34898}