{"stakedao":40.476307194873506,"convex":16.2319223022192,"yearn":34.4011}