{"stakedao":53.30465343897318,"convex":11.283270895728002,"yearn":16.76374}