{"stakedao":49.97536365717913,"convex":10.843820665113599,"yearn":37.34899}