{"stakedao":46.159900164926036,"convex":28.3919117558688,"yearn":30.14221}