{"stakedao":40.92014304763499,"convex":20.9090119367376,"yearn":25.50287}