{"stakedao":42.695872435303926,"convex":25.1015930128944,"yearn":29.1218}