{"stakedao":40.77555091337061,"convex":13.184626572576,"yearn":18.34191}