{"stakedao":51.50341019594611,"convex":25.0857649494288,"yearn":33.20747}