{"stakedao":53.737148029528754,"convex":13.845370998484803,"yearn":19.32196}