{"stakedao":42.88875759679826,"convex":28.5571618906752,"yearn":27.11832}