{"stakedao":44.524029621951115,"convex":12.0916108026288,"yearn":23.33808}