{"stakedao":54.1825270448396,"convex":10.6076316196656,"yearn":15.38219}