{"stakedao":40.861941744269856,"convex":16.762357264031998,"yearn":34.29284}