{"stakedao":43.407110834618734,"convex":13.2724415541888,"yearn":17.05582}