{"stakedao":52.50699744586371,"convex":14.6620638803952,"yearn":30.95609}