{"stakedao":46.62606502451493,"convex":32.3427816973728,"yearn":27.35565}