{"stakedao":39.022273622355414,"convex":16.2983051091792,"yearn":27.95499}