{"stakedao":49.597353933318644,"convex":31.2800893556112,"yearn":27.64348}