{"stakedao":62.62509721114264,"convex":19.1127110991552,"yearn":47.32306}