{"stakedao":40.48683429698526,"convex":16.4547230731488,"yearn":18.58358}