{"stakedao":44.49423686207698,"convex":22.109206347331202,"yearn":46.25209}