{"stakedao":38.92698854803551,"convex":15.966111801023999,"yearn":27.77382}