{"stakedao":45.87754718976576,"convex":20.5178927548032,"yearn":44.71422}