{"stakedao":42.52502153853081,"convex":21.0334596152976,"yearn":29.32229}