{"stakedao":28.970805746422144,"convex":15.7430968754256,"yearn":25.81229}