{"stakedao":49.253372017959485,"convex":10.9951683719184,"yearn":36.2481}