{"stakedao":42.45114108281131,"convex":21.0541505047344,"yearn":33.39189}