{"stakedao":42.0240753624048,"convex":13.176691014369599,"yearn":15.95773}