{"stakedao":42.590042348175864,"convex":13.2222222812016,"yearn":17.51845}