{"stakedao":53.37516108845391,"convex":11.389095777887999,"yearn":16.99501}