{"stakedao":56.614309140571876,"convex":30.9464939442816,"yearn":43.98205}