{"stakedao":48.359967467681614,"convex":31.349395247025598,"yearn":29.4357}