{"stakedao":54.622466520702595,"convex":10.344209595192,"yearn":15.96725}