{"stakedao":47.94145360923032,"convex":11.1658598700768,"yearn":32.36922}