{"stakedao":42.5327072989413,"convex":22.8098009778912,"yearn":29.43448}