{"stakedao":39.25349764007532,"convex":16.467467754672,"yearn":26.47267}