{"stakedao":46.45190609374549,"convex":20.3093902958976,"yearn":44.21227}