{"stakedao":50.356126048375685,"convex":9.981667797192,"yearn":17.38586}