{"stakedao":44.658284614941905,"convex":23.224102084209598,"yearn":36.37369}