{"stakedao":44.48142603770618,"convex":22.6586917305504,"yearn":50.0576}