{"stakedao":52.508672763792575,"convex":17.590127982724802,"yearn":18.37349}