{"stakedao":43.85279673723505,"convex":23.314322162016,"yearn":32.07883}