{"stakedao":44.35901890794632,"convex":22.6045017471888,"yearn":49.85306}