{"stakedao":55.30007652362515,"convex":10.1805391616976,"yearn":20.88094}