{"stakedao":41.572175650649726,"convex":18.1584849687696,"yearn":31.19506}