{"stakedao":52.14546918592629,"convex":9.6006713716656,"yearn":19.16544}