{"stakedao":54.677734843021064,"convex":11.3968118613024,"yearn":18.53946}