{"stakedao":45.925447376163845,"convex":20.516361070204802,"yearn":44.63174}