{"stakedao":68.15184945750548,"convex":19.7074014209856,"yearn":40.56812}