{"stakedao":53.679275706374035,"convex":26.7939671043888,"yearn":29.71316}