{"stakedao":42.865727804935034,"convex":13.699928363529601,"yearn":16.78478}