{"stakedao":44.011622788355595,"convex":27.4771639166256,"yearn":25.83112}