{"stakedao":41.22218755687565,"convex":14.759316271756798,"yearn":20.20993}