{"stakedao":65.2931901433063,"convex":18.579794522198398,"yearn":32.25871}