{"stakedao":42.925407513282494,"convex":16.459823018304,"yearn":18.36593}