{"stakedao":44.08729899789757,"convex":19.5752105979696,"yearn":42.64017}