{"stakedao":51.639343737834764,"convex":13.817429850196799,"yearn":18.04416}