{"stakedao":42.47156118591114,"convex":15.5360242871424,"yearn":17.42087}