{"stakedao":46.35943309003818,"convex":11.165895789580802,"yearn":32.28838}