{"stakedao":56.08647970607166,"convex":12.2540016471552,"yearn":25.93373}