{"stakedao":42.22319339536,"convex":15.2839265091408,"yearn":19.73699}