{"stakedao":55.3201828245565,"convex":11.827514879064001,"yearn":17.67346}