{"stakedao":46.787389393307095,"convex":14.332126370702401,"yearn":18.24856}