{"stakedao":49.49150978263826,"convex":21.8555367299424,"yearn":41.02455}