{"stakedao":43.11446868561211,"convex":18.901809750340803,"yearn":27.98319}