{"stakedao":39.056120588734395,"convex":18.0946811191248,"yearn":29.43448}