{"stakedao":49.51003063967944,"convex":22.8949564781664,"yearn":32.54496}