{"stakedao":41.91801796982227,"convex":13.1760581436144,"yearn":15.87237}