{"stakedao":57.98934587396857,"convex":12.195935094686398,"yearn":14.81442}