{"stakedao":43.0816052429709,"convex":25.4123313017184,"yearn":30.33611}