{"stakedao":44.34971117227558,"convex":22.5569581555824,"yearn":30.11724}