{"stakedao":43.98260634234151,"convex":22.496847862176004,"yearn":31.27966}