{"stakedao":68.05958399058,"convex":19.7069514495696,"yearn":40.25668}