{"stakedao":53.18334554322889,"convex":15.758344323288,"yearn":23.55208}