{"stakedao":42.65524418086879,"convex":21.535719895281602,"yearn":26.39326}