{"stakedao":39.08410641465983,"convex":18.054756852177597,"yearn":29.43448}