{"stakedao":39.14994904641316,"convex":18.039452349384,"yearn":29.43448}