{"stakedao":45.27835030008778,"convex":23.1320230538112,"yearn":31.76064}