{"stakedao":52.09364845128309,"convex":24.3273099235392,"yearn":0}