{"stakedao":42.45290894810717,"convex":23.1139789461648,"yearn":29.43448}