{"stakedao":66.27250460682379,"convex":20.5489615048128,"yearn":43.8149}