{"stakedao":44.16884640872753,"convex":19.572731723304003,"yearn":43.07846}