{"stakedao":44.27183750184133,"convex":23.2250471266752,"yearn":35.89953}