{"stakedao":48.04106653167212,"convex":10.9884212384112,"yearn":35.825}