{"stakedao":53.79752836217544,"convex":15.8036490071136,"yearn":24.09123}