{"stakedao":42.179060689840405,"convex":13.25937324708,"yearn":18.25145}