{"stakedao":38.72560664519446,"convex":16.437137776459203,"yearn":29.43448}