{"stakedao":40.66018588793638,"convex":16.689144103214403,"yearn":34.69908}