{"stakedao":55.246463360686874,"convex":10.5333234217056,"yearn":22.29243}