{"stakedao":44.43145962291028,"convex":19.610476225084803,"yearn":43.66235}