{"stakedao":66.3257368132887,"convex":19.593784605024,"yearn":41.55229}