{"stakedao":41.18412127964751,"convex":19.118260807588804,"yearn":29.00809}