{"stakedao":38.77398201681319,"convex":18.092781500860802,"yearn":29.43448}