{"stakedao":59.131871826818184,"convex":17.1121720280544,"yearn":35.79244}