{"stakedao":67.33591494735782,"convex":21.202471584936,"yearn":31.68482}