{"stakedao":55.704409902639014,"convex":10.5340250188656,"yearn":21.7659}