{"stakedao":49.76457668987947,"convex":17.491238708976,"yearn":18.56117}