{"stakedao":49.277008450848264,"convex":21.822896515824,"yearn":39.96147}