{"stakedao":42.409683182720514,"convex":22.8098213217648,"yearn":29.43448}