{"stakedao":49.02879293851333,"convex":29.126160019367997,"yearn":34.75915}