{"stakedao":49.33971627324495,"convex":29.2449349517904,"yearn":33.8622}