{"stakedao":39.55714315368622,"convex":15.683991861398399,"yearn":25.60773}