{"stakedao":37.52729560764549,"convex":24.450320049307198,"yearn":29.17959}