{"stakedao":39.60522441770933,"convex":14.8624654063104,"yearn":21.56308}