{"stakedao":41.05205778693777,"convex":15.1391034966672,"yearn":20.71258}