{"stakedao":53.865346684817496,"convex":11.731452681571199,"yearn":27.64058}