{"stakedao":37.537452616679914,"convex":15.340526571384,"yearn":28.29907}