{"stakedao":50.823882722736954,"convex":13.8820432510368,"yearn":27.08275}