{"stakedao":42.68471441105808,"convex":25.1015930128944,"yearn":29.16872}