{"stakedao":47.65884855384756,"convex":22.982205139444797,"yearn":50.20835}