{"stakedao":53.711760203422166,"convex":15.9169404062448,"yearn":23.31172}