{"stakedao":48.186351399031466,"convex":11.3762583048384,"yearn":30.66085}