{"stakedao":44.39090018787737,"convex":19.614200036961602,"yearn":43.50078}