{"stakedao":42.82921843368065,"convex":28.587713882328003,"yearn":27.82859}