{"stakedao":52.373613434781916,"convex":15.7700821454784,"yearn":25.98967}