{"stakedao":40.900798800188355,"convex":20.9090119367376,"yearn":25.58437}