{"stakedao":40.67724268701337,"convex":17.0603041633632,"yearn":31.3413}