{"stakedao":27.866425767079896,"convex":13.6855249041744,"yearn":23.66499}