{"stakedao":45.23425647738148,"convex":11.6174768787072,"yearn":25.43171}