{"stakedao":39.52171680074878,"convex":15.695396102088,"yearn":25.60773}