{"stakedao":47.544760170922196,"convex":22.4147734700976,"yearn":38.57875}