{"stakedao":41.23780267356106,"convex":20.664988888464,"yearn":23.24531}