{"stakedao":64.02746423365289,"convex":20.34887095224,"yearn":37.94986}