{"stakedao":41.50419542322569,"convex":13.228820807616,"yearn":16.14924}