{"stakedao":41.64790807410711,"convex":18.0360660105504,"yearn":31.36928}