{"stakedao":66.18747147234063,"convex":20.5389191305152,"yearn":42.74324}