{"stakedao":46.67188089782195,"convex":10.068531987326402,"yearn":19.23866}