{"stakedao":66.8394891065796,"convex":20.4574671770832,"yearn":42.87534}