{"stakedao":42.48159266888884,"convex":21.024662487264,"yearn":28.80058}