{"stakedao":43.263115644233125,"convex":19.5688779421104,"yearn":42.64145}