{"stakedao":39.57658446564386,"convex":14.791290625310399,"yearn":21.66633}