{"stakedao":42.635128943411544,"convex":13.2216353110944,"yearn":16.30622}