{"stakedao":49.30258814392772,"convex":22.9161576011616,"yearn":33.21496}