{"stakedao":51.305334696027934,"convex":25.1690455935072,"yearn":32.08985}