{"stakedao":42.64519838439355,"convex":15.538523105174402,"yearn":17.62656}