{"stakedao":39.377064167913005,"convex":15.7194084923424,"yearn":26.79239}