{"stakedao":41.55911014470865,"convex":18.159261129648,"yearn":31.08607}