{"stakedao":44.03375118417632,"convex":22.4973129172608,"yearn":31.58457}