{"stakedao":45.18440676925861,"convex":23.1831826767072,"yearn":32.50407}