{"stakedao":54.43900180733477,"convex":12.228923907748799,"yearn":16.14068}