{"stakedao":46.11722229734014,"convex":20.27249525412,"yearn":42.67362}