{"stakedao":45.2207215062183,"convex":20.4590879035776,"yearn":48.42437}