{"stakedao":40.64143963097317,"convex":19.1321712993456,"yearn":28.76108}