{"stakedao":54.84485628009691,"convex":10.7522420952672,"yearn":16.01376}