{"stakedao":52.99790613974272,"convex":13.7288584713168,"yearn":18.83071}