{"stakedao":54.28079857292862,"convex":13.801645505088,"yearn":19.57358}