{"stakedao":63.91065091439176,"convex":20.165344418764803,"yearn":39.06894}