{"stakedao":46.580644332286745,"convex":13.2574846443408,"yearn":25.88261}