{"stakedao":38.94695127488878,"convex":15.9672935243232,"yearn":27.44016}