{"stakedao":53.74121980534785,"convex":15.943801897497599,"yearn":23.6177}