{"stakedao":39.42095530606823,"convex":14.7895421874768,"yearn":21.75448}