{"stakedao":42.308426716765325,"convex":20.643218707809602,"yearn":29.03508}