{"stakedao":47.56439136494201,"convex":13.034055023495998,"yearn":24.47951}