{"stakedao":47.01484516574318,"convex":13.2595955380368,"yearn":26.44754}