{"stakedao":46.47747099288448,"convex":28.372496122353603,"yearn":30.61162}