{"stakedao":58.058455986414046,"convex":12.08626850016,"yearn":14.12878}