{"stakedao":43.36136007131459,"convex":14.7636371231856,"yearn":17.98705}