{"stakedao":46.642165206951816,"convex":12.211779146904,"yearn":23.78283}