{"stakedao":43.48772875038282,"convex":28.772035570814403,"yearn":25.97867}