{"stakedao":37.542584477832136,"convex":24.3170361096912,"yearn":29.43464}