{"stakedao":66.6357600311299,"convex":18.3207875661072,"yearn":31.05033}