{"stakedao":57.07548317181004,"convex":11.0143928121264,"yearn":15.47728}