{"stakedao":48.21803070000883,"convex":12.7009063889856,"yearn":23.47836}