{"stakedao":49.24743973541782,"convex":22.8936902383872,"yearn":34.25412}