{"stakedao":44.160861401776216,"convex":19.563454163232002,"yearn":43.76179}