{"stakedao":48.0769412321423,"convex":11.37502952352,"yearn":30.97966}