{"stakedao":38.92228178354159,"convex":16.3128488942736,"yearn":27.95499}