{"stakedao":41.247890495563084,"convex":21.730362190732798,"yearn":27.74673}