{"stakedao":52.98368293590927,"convex":24.249232618545598,"yearn":37.2732}