{"stakedao":50.13669351150742,"convex":22.6916348984064,"yearn":34.56538}