{"stakedao":57.00804140505567,"convex":12.259212365664,"yearn":24.24193}