{"stakedao":40.7191975273214,"convex":13.266189422352,"yearn":15.73979}