{"stakedao":28.972561905483055,"convex":15.728451197515199,"yearn":23.69993}