{"stakedao":42.866828107389864,"convex":24.888696226833602,"yearn":27.9867}