{"stakedao":53.58462893407943,"convex":15.7762906504128,"yearn":23.78075}