{"stakedao":66.47799986796727,"convex":18.3391402377456,"yearn":31.85205}