{"stakedao":46.00700640154011,"convex":20.1493402362,"yearn":42.3211}