{"stakedao":55.72588322804508,"convex":10.18699949736,"yearn":21.32913}