{"stakedao":67.52884088980069,"convex":20.1466017193392,"yearn":31.68482}