{"stakedao":44.68823863253608,"convex":22.6120762812672,"yearn":45.85888}