{"stakedao":52.655807732432976,"convex":24.340036411944,"yearn":37.6861}