{"stakedao":42.33712644061808,"convex":15.332469322060803,"yearn":14.43443}