{"stakedao":66.05113862981614,"convex":20.3690249097408,"yearn":42.42153}