{"stakedao":63.12220162136476,"convex":19.124641243641598,"yearn":46.115}