{"stakedao":45.118304211807136,"convex":20.4698150631936,"yearn":47.88111}