{"stakedao":42.715226723007014,"convex":12.074634535478399,"yearn":22.35239}