{"stakedao":63.660004513067456,"convex":20.1602377627488,"yearn":38.99555}