{"stakedao":45.638870098359476,"convex":12.0944869962048,"yearn":23.54478}