{"stakedao":44.31727071121696,"convex":23.862393969263998,"yearn":34.07344}