{"stakedao":47.63015250208091,"convex":22.3758889702992,"yearn":38.60932}