{"stakedao":65.19056267179445,"convex":18.587284650172798,"yearn":32.25871}