{"stakedao":42.66403904032539,"convex":21.5253302402448,"yearn":26.12978}