{"stakedao":54.05092082057355,"convex":14.2507015035408,"yearn":23.14037}