{"stakedao":54.42124559019365,"convex":10.4923904694912,"yearn":16.07742}