{"stakedao":37.62675341084777,"convex":15.3402095683584,"yearn":27.9903}