{"stakedao":42.949613435242014,"convex":25.480411338355204,"yearn":30.62064}