{"stakedao":65.5315873743407,"convex":19.0784545262784,"yearn":32.46626}