{"stakedao":41.27627974408918,"convex":21.007105976635202,"yearn":24.61952}