{"stakedao":47.47148197805635,"convex":10.188691224004799,"yearn":18.57707}