{"stakedao":53.8027071940691,"convex":13.808060012635202,"yearn":19.3501}