{"stakedao":43.03874481080733,"convex":13.245370480987201,"yearn":18.25344}