{"stakedao":44.17556476750909,"convex":19.56690445392,"yearn":43.64051}