{"stakedao":41.436125308700156,"convex":20.6869449990672,"yearn":23.81256}