{"stakedao":39.083293113586286,"convex":18.0649443109968,"yearn":29.43448}