{"stakedao":42.16108229778462,"convex":14.213956891636801,"yearn":17.20916}