{"stakedao":58.37945089420378,"convex":30.741694183900798,"yearn":40.42931}