{"stakedao":45.02980175264697,"convex":9.01255533768,"yearn":25.81002}