{"stakedao":43.35248290353961,"convex":25.120972711137597,"yearn":27.5292}