{"stakedao":52.83956765096874,"convex":27.998071900142403,"yearn":31.15655}