{"stakedao":42.98550224950835,"convex":13.1871954352176,"yearn":16.74677}