{"stakedao":47.42560884521605,"convex":22.9834086257376,"yearn":50.20835}