{"stakedao":44.93242936954009,"convex":9.0129336372288,"yearn":25.96647}