{"stakedao":39.79976374567014,"convex":15.5444826270816,"yearn":33.89147}