{"stakedao":51.70852385282427,"convex":25.309340452656002,"yearn":31.21701}