{"stakedao":41.26403034934326,"convex":20.9992056157584,"yearn":25.02597}