{"stakedao":62.756172382983,"convex":20.0044759115664,"yearn":40.12812}