{"stakedao":43.470916921934176,"convex":12.1855261112352,"yearn":18.80323}