{"stakedao":48.554605532019394,"convex":12.203837688312,"yearn":22.63036}