{"stakedao":43.307678135868365,"convex":27.7499438075952,"yearn":27.33787}