{"stakedao":49.357718551822856,"convex":22.9543733548512,"yearn":32.74845}