{"stakedao":44.94969354325548,"convex":9.012398020344001,"yearn":25.96647}