{"stakedao":54.39691909072151,"convex":12.27020324508,"yearn":26.68355}