{"stakedao":48.56081873866379,"convex":11.587644951696,"yearn":33.74406}