{"stakedao":66.5204535154671,"convex":21.3756836546592,"yearn":31.68482}