{"stakedao":52.895021231435074,"convex":11.381629696113599,"yearn":15.75901}