{"stakedao":47.66241271026429,"convex":22.3569427123008,"yearn":37.74044}