{"stakedao":51.0436869570089,"convex":12.1907661550704,"yearn":25.45904}