{"stakedao":46.605331149306465,"convex":10.068354714009601,"yearn":19.26875}