{"stakedao":51.45428423374814,"convex":25.085075767992,"yearn":33.40447}