{"stakedao":54.93692502572509,"convex":9.8096475391344,"yearn":20.49838}