{"stakedao":42.59566267338835,"convex":12.2046323860512,"yearn":18.13853}