{"stakedao":44.184020128427264,"convex":23.7839259395376,"yearn":32.35802}