{"stakedao":45.43814922748468,"convex":20.4891639286896,"yearn":45.32076}