{"stakedao":71.433565256202,"convex":21.2041131819552,"yearn":31.69428}