{"stakedao":42.03341913013906,"convex":13.1887031429952,"yearn":14.74178}