{"stakedao":41.394801686009124,"convex":14.746120054632001,"yearn":21.05012}