{"stakedao":55.50616481215012,"convex":11.3840492357952,"yearn":14.23285}