{"stakedao":40.73337800076102,"convex":19.1061931472208,"yearn":28.76108}