{"stakedao":51.22913533234056,"convex":9.6296495970816,"yearn":18.75578}