{"stakedao":42.4639783100854,"convex":21.0542342958864,"yearn":33.48282}