{"stakedao":53.225257018903804,"convex":15.7763112150384,"yearn":23.74786}