{"stakedao":48.470459436836634,"convex":13.0458535966368,"yearn":23.54974}