{"stakedao":52.920002962751575,"convex":13.5775687939056,"yearn":32.53125}