{"stakedao":42.24031627727365,"convex":22.983146779176,"yearn":29.43448}