{"stakedao":38.801510776324065,"convex":16.303590624772802,"yearn":27.95499}