{"stakedao":40.120676440718405,"convex":13.029928064856001,"yearn":19.60785}