{"stakedao":53.89885529567674,"convex":13.802373289742402,"yearn":19.3501}