{"stakedao":37.68931351476708,"convex":14.1064742124144,"yearn":25.48033}