{"stakedao":39.7447945059793,"convex":15.605164955145598,"yearn":35.14614}