{"stakedao":46.584139000270405,"convex":10.164306879244801,"yearn":19.38301}