{"stakedao":55.23046719345416,"convex":11.3497264625472,"yearn":22.65134}