{"stakedao":58.45097925997761,"convex":11.006577579528,"yearn":15.30387}