{"stakedao":46.22325677821036,"convex":28.341711215265597,"yearn":30.7743}