{"stakedao":40.7961815892058,"convex":18.8782112953152,"yearn":29.24838}