{"stakedao":53.70532072287921,"convex":15.8031694770048,"yearn":24.09123}