{"stakedao":39.32027289437286,"convex":15.519965307624,"yearn":31.23347}