{"stakedao":45.641072859586984,"convex":23.072060213280004,"yearn":32.78784}