{"stakedao":28.96416160631151,"convex":15.747879136377602,"yearn":25.81229}