{"stakedao":37.37321158492171,"convex":15.414381628560001,"yearn":28.98943}