{"stakedao":64.47687147529517,"convex":19.0176265965024,"yearn":41.94741}