{"stakedao":41.479622237582454,"convex":18.0729049308624,"yearn":31.7004}