{"stakedao":53.27535965937324,"convex":13.593019781419201,"yearn":32.53125}