{"stakedao":45.96483222797096,"convex":11.37987298008,"yearn":31.52919}