{"stakedao":73.74821217799021,"convex":24.4631408492736,"yearn":43.18639}