{"stakedao":61.50534145921996,"convex":18.8115759322992,"yearn":48.29392}