{"stakedao":52.92752080575484,"convex":13.753909171756801,"yearn":27.9006}