{"stakedao":51.813523434040775,"convex":22.962547842408,"yearn":34.56538}