{"stakedao":44.932974095736895,"convex":20.484478423339198,"yearn":47.7585}