{"stakedao":47.392386264765925,"convex":12.201447543336002,"yearn":23.28525}