{"stakedao":42.53599322302296,"convex":23.0554948002912,"yearn":29.43448}