{"stakedao":44.417361227221996,"convex":22.558266634680002,"yearn":29.99593}