{"stakedao":46.21902594932175,"convex":20.2724940210624,"yearn":42.55012}