{"stakedao":43.16918220430007,"convex":15.3064394540496,"yearn":14.88489}