{"stakedao":47.31903505380143,"convex":22.9815088529472,"yearn":38.79658}