{"stakedao":47.623115691221386,"convex":11.003070829939201,"yearn":34.82907}