{"stakedao":40.49532938339283,"convex":19.170775406260802,"yearn":28.76108}