{"stakedao":47.123198915456115,"convex":21.5004842052912,"yearn":42.19701}