{"stakedao":39.94097173674352,"convex":16.434118453593598,"yearn":19.62973}