{"stakedao":65.7481299799764,"convex":19.597760521992,"yearn":41.55229}