{"stakedao":58.053113753718165,"convex":17.020140096672,"yearn":36.80016}