{"stakedao":38.72567112435759,"convex":16.423233781118398,"yearn":29.43448}