{"stakedao":40.8937431932123,"convex":16.754376886862403,"yearn":34.15583}