{"stakedao":53.892868743305286,"convex":10.7628952588128,"yearn":24.39246}