{"stakedao":45.49859860237201,"convex":10.617791106052799,"yearn":26.41206}