{"stakedao":42.53299981539941,"convex":22.1204117093904,"yearn":28.1515}