{"stakedao":48.11208914051475,"convex":14.959804452292797,"yearn":17.47551}