{"stakedao":41.4653152483699,"convex":13.227320857694401,"yearn":16.14924}