{"stakedao":54.98285491426243,"convex":10.533427632417599,"yearn":22.22427}