{"stakedao":52.3245863485227,"convex":26.7087835875312,"yearn":28.5929}