{"stakedao":55.70753152854829,"convex":11.4049659923712,"yearn":15.15678}