{"stakedao":38.89241965008651,"convex":16.412758143177598,"yearn":27.95499}