{"stakedao":44.71754283822912,"convex":13.9710230526528,"yearn":18.94503}