{"stakedao":42.4188621051646,"convex":13.1899561944192,"yearn":17.23143}