{"stakedao":42.53141266659815,"convex":22.8098213217648,"yearn":29.43448}