{"stakedao":55.912214411403355,"convex":10.4282529752736,"yearn":16.26769}