{"stakedao":28.95875015560395,"convex":15.864772914864002,"yearn":25.81229}