{"stakedao":48.32762707612724,"convex":14.312091376454397,"yearn":17.69011}