{"stakedao":43.531724578741546,"convex":19.5537519898416,"yearn":43.94062}