{"stakedao":45.89537943018432,"convex":8.9907661471248,"yearn":28.47711}