{"stakedao":39.47553504324245,"convex":15.7211609604768,"yearn":32.88599}