{"stakedao":52.62859050366598,"convex":24.3502418620512,"yearn":37.98422}