{"stakedao":42.71401860572375,"convex":13.2647753260368,"yearn":17.41818}