{"stakedao":46.52228302629004,"convex":28.377583241817597,"yearn":30.77893}