{"stakedao":47.523795311848986,"convex":22.4146158531696,"yearn":38.57875}