{"stakedao":40.5412755788516,"convex":17.237749729795198,"yearn":32.11431}