{"stakedao":38.69190905773649,"convex":16.4217427684992,"yearn":27.95499}