{"stakedao":40.613202900524016,"convex":17.0599998125808,"yearn":30.49683}