{"stakedao":44.71720237684193,"convex":22.6623451856112,"yearn":47.08659}