{"stakedao":47.10865306898378,"convex":28.3723713091728,"yearn":29.60785}