{"stakedao":42.16398729401401,"convex":20.6333981293536,"yearn":28.09603}