{"stakedao":51.837243676740826,"convex":14.980507968744,"yearn":25.67924}