{"stakedao":47.604300910459415,"convex":31.390725048263995,"yearn":29.17068}