{"stakedao":55.17006755526272,"convex":9.7841866436352,"yearn":20.09676}