{"stakedao":45.472643706697646,"convex":8.9911609778448,"yearn":27.36726}