{"stakedao":47.90265218559412,"convex":11.466937537343998,"yearn":34.13108}