{"stakedao":40.999270374587844,"convex":15.7700276449632,"yearn":20.09998}