{"stakedao":54.47141868832716,"convex":12.1787226765072,"yearn":16.23208}