{"stakedao":41.822300709204995,"convex":20.719494793166398,"yearn":25.95811}