{"stakedao":45.385691301647554,"convex":12.100492005638399,"yearn":23.47636}