{"stakedao":47.68901610162427,"convex":11.3901748262784,"yearn":30.05998}