{"stakedao":46.53011217148994,"convex":28.341711215265597,"yearn":31.10381}