{"stakedao":55.576315535600756,"convex":11.3131080135648,"yearn":15.81323}