{"stakedao":37.5105414888463,"convex":15.365724393571199,"yearn":26.42021}