{"stakedao":42.46915959578811,"convex":23.042798340465602,"yearn":29.43448}