{"stakedao":41.234640798449966,"convex":20.9260027672128,"yearn":23.38582}