{"stakedao":52.42670297951769,"convex":17.005227513825602,"yearn":36.80016}