{"stakedao":41.42370839605762,"convex":20.6844514191648,"yearn":23.92653}