{"stakedao":46.06465823980969,"convex":12.190402220169599,"yearn":22.21385}