{"stakedao":49.833412714376976,"convex":16.8146694047376,"yearn":20.17921}