{"stakedao":57.129568441933905,"convex":31.1471785688688,"yearn":42.95971}