{"stakedao":42.38976973166554,"convex":13.2187428197136,"yearn":17.23362}