{"stakedao":38.773774405436946,"convex":16.4041820225856,"yearn":27.95499}