{"stakedao":45.612813562322344,"convex":22.0148732371824,"yearn":41.60176}