{"stakedao":40.80284039895162,"convex":16.526582570088,"yearn":33.61257}