{"stakedao":39.53921333230819,"convex":15.4170530620416,"yearn":25.60773}