{"stakedao":45.64911852858087,"convex":22.0418760790944,"yearn":41.8901}