{"stakedao":42.236972806692975,"convex":13.1899561944192,"yearn":17.11728}