{"stakedao":41.28686242431056,"convex":19.1345727026736,"yearn":29.03914}