{"stakedao":56.268896642301115,"convex":12.2662338056064,"yearn":24.58795}