{"stakedao":50.78639235815251,"convex":22.4551789448688,"yearn":34.56538}