{"stakedao":42.547247120741986,"convex":21.0943997848512,"yearn":29.55594}