{"stakedao":52.370171346500605,"convex":13.585900778553599,"yearn":32.18949}