{"stakedao":52.9762482049332,"convex":13.7509135008912,"yearn":27.9006}