{"stakedao":54.10974320469688,"convex":15.939561973752001,"yearn":23.79814}