{"stakedao":65.68373711712141,"convex":20.5249978345248,"yearn":44.24938}