{"stakedao":64.66533445229724,"convex":18.9465407754048,"yearn":42.63159}