{"stakedao":40.70174033246401,"convex":13.7474673855696,"yearn":16.40924}