{"stakedao":39.50374818761792,"convex":15.563738584368,"yearn":26.71326}