{"stakedao":48.57563122436511,"convex":11.0815815057984,"yearn":20.32336}