{"stakedao":53.54253343723923,"convex":10.7594389289808,"yearn":24.00609}