{"stakedao":45.43938443503153,"convex":13.221742158216,"yearn":25.01082}