{"stakedao":54.69829384828127,"convex":10.490589401227199,"yearn":16.02073}