{"stakedao":47.69925871064945,"convex":22.4062902230256,"yearn":38.43552}