{"stakedao":38.90102068460868,"convex":15.9672935243232,"yearn":27.44016}