{"stakedao":47.44854861392598,"convex":10.1849563934496,"yearn":17.81989}