{"stakedao":51.84091311822826,"convex":13.848888110803202,"yearn":26.95672}