{"stakedao":42.4311599946908,"convex":23.2775882282016,"yearn":29.43448}