{"stakedao":41.47818061571318,"convex":16.4362190350176,"yearn":19.0112}