{"stakedao":53.57671969739672,"convex":10.441042299158399,"yearn":15.72555}