{"stakedao":40.71374105284058,"convex":20.208801553416,"yearn":26.4539}