{"stakedao":54.83219543897153,"convex":10.7522420952672,"yearn":15.99873}