{"stakedao":58.206245799180806,"convex":31.0787367417792,"yearn":48.30875}