{"stakedao":40.54299237177671,"convex":18.8777289427344,"yearn":29.24838}