{"stakedao":55.97262139643347,"convex":12.6158889596256,"yearn":25.66958}