{"stakedao":45.903517858826326,"convex":22.953990772713603,"yearn":33.28255}