{"stakedao":40.596705189582444,"convex":20.2058862299712,"yearn":28.49719}