{"stakedao":40.02668294077685,"convex":16.4342190250512,"yearn":19.55213}