{"stakedao":44.945624002299716,"convex":20.484478423339198,"yearn":47.78031}