{"stakedao":43.57492769345159,"convex":26.833072239504,"yearn":26.6592}