{"stakedao":74.54872088176826,"convex":20.309793376435202,"yearn":0}