{"stakedao":46.12010991419476,"convex":28.378022885193598,"yearn":29.23891}