{"stakedao":37.41644703592272,"convex":25.4698753184352,"yearn":28.95426}