{"stakedao":43.33798857625592,"convex":23.6643204182544,"yearn":30.84595}