{"stakedao":41.674492643227396,"convex":20.759885922211197,"yearn":27.8876}