{"stakedao":55.068516450107694,"convex":11.7197203308768,"yearn":17.06437}