{"stakedao":51.44797450810408,"convex":14.7277115800416,"yearn":17.93551}