{"stakedao":42.715732029972806,"convex":15.2841937294368,"yearn":19.89198}