{"stakedao":45.709904514970134,"convex":31.0165781725584,"yearn":49.46785}