{"stakedao":72.79972965376942,"convex":20.2651932257712,"yearn":30.29934}