{"stakedao":45.65482601208501,"convex":10.7095784126832,"yearn":27.08227}