{"stakedao":42.21836257286231,"convex":12.129555359332798,"yearn":21.76753}