{"stakedao":57.27889486567948,"convex":11.031971265504,"yearn":16.60425}