{"stakedao":45.04857775191765,"convex":9.017315561275199,"yearn":25.65336}