{"stakedao":45.5962006365413,"convex":31.062632955912004,"yearn":41.12082}