{"stakedao":49.15445550741425,"convex":11.1603280646304,"yearn":32.99185}