{"stakedao":51.66399656413702,"convex":9.6341599104912,"yearn":18.92549}