{"stakedao":39.351755343166694,"convex":15.519626970494402,"yearn":31.23347}