{"stakedao":41.691931852029626,"convex":20.693449081468803,"yearn":26.13912}