{"stakedao":59.11473826179179,"convex":17.1088839680112,"yearn":35.79244}