{"stakedao":51.395507281678455,"convex":9.6013212182496,"yearn":18.23145}