{"stakedao":48.141309830573704,"convex":23.154251900356797,"yearn":29.97243}