{"stakedao":42.71184466465744,"convex":24.9105940242192,"yearn":29.0752}