{"stakedao":49.11950191248383,"convex":29.1261407855616,"yearn":34.60954}