{"stakedao":41.64469133732548,"convex":17.5194834511824,"yearn":32.63708}