{"stakedao":54.40189670107748,"convex":10.6437783563136,"yearn":15.15698}