{"stakedao":52.69523266609565,"convex":24.3449045958816,"yearn":37.86494}