{"stakedao":40.99538105559822,"convex":15.112845134568001,"yearn":20.34187}