{"stakedao":54.858880380061684,"convex":10.599934782672001,"yearn":15.672}