{"stakedao":45.811260056760425,"convex":10.706492167272,"yearn":27.1824}