{"stakedao":39.44749419136565,"convex":16.8934050868032,"yearn":26.51287}