{"stakedao":51.67649248340582,"convex":25.8306837149664,"yearn":34.95713}