{"stakedao":48.85961185219351,"convex":11.033311072464002,"yearn":19.18649}