{"stakedao":42.70041308193187,"convex":16.4582888108256,"yearn":17.87663}