{"stakedao":47.49629029538805,"convex":13.233808746360001,"yearn":24.37557}