{"stakedao":43.49770799618712,"convex":19.5445240075152,"yearn":44.25226}