{"stakedao":39.29096334469301,"convex":16.062683374296,"yearn":26.79239}