{"stakedao":66.3756193271634,"convex":19.5196217123376,"yearn":41.55229}