{"stakedao":38.78894078500787,"convex":16.4056293609984,"yearn":27.95499}