{"stakedao":51.85628645906855,"convex":13.820272394860801,"yearn":27.9006}