{"stakedao":40.93812032233751,"convex":19.816000607059202,"yearn":26.51382}