{"stakedao":56.396497072306815,"convex":12.2660078880096,"yearn":26.18377}