{"stakedao":49.05862859571353,"convex":29.126265523056,"yearn":34.75915}