{"stakedao":43.553493290554286,"convex":26.5434330894048,"yearn":27.34692}