{"stakedao":54.581485802303135,"convex":11.4177616739136,"yearn":18.34499}