{"stakedao":40.84150518569268,"convex":13.184626572576,"yearn":18.27489}