{"stakedao":48.35809610703643,"convex":12.2015309213664,"yearn":22.50053}