{"stakedao":55.03123065314621,"convex":10.5501234846096,"yearn":14.66392}