{"stakedao":51.83727916865122,"convex":25.3174371282864,"yearn":31.13871}