{"stakedao":42.626073711453884,"convex":15.5383741385712,"yearn":17.58928}