{"stakedao":28.843160475274917,"convex":15.723271254988802,"yearn":24.09804}