{"stakedao":56.81197070484283,"convex":12.2699883966192,"yearn":23.32677}