{"stakedao":54.95363681710849,"convex":10.6449273610128,"yearn":14.79221}