{"stakedao":46.94654249743315,"convex":11.165879189030399,"yearn":32.1811}