{"stakedao":37.56479633243433,"convex":15.3565814575296,"yearn":26.1194}