{"stakedao":39.332149283022474,"convex":15.7193987224896,"yearn":26.79239}