{"stakedao":64.94706073731851,"convex":20.573115154272003,"yearn":37.94986}