{"stakedao":42.616173406337275,"convex":21.0503319019488,"yearn":30.1892}