{"stakedao":51.56030897980275,"convex":14.789975479502399,"yearn":30.95609}