{"stakedao":53.986319808489796,"convex":12.2109065174016,"yearn":15.85826}