{"stakedao":38.96514108767718,"convex":16.2984128739984,"yearn":27.95499}