{"stakedao":43.50661765749801,"convex":19.5576584708448,"yearn":43.42078}