{"stakedao":46.701630493684476,"convex":12.209858036856001,"yearn":23.78283}