{"stakedao":46.448002663933615,"convex":12.196317298392,"yearn":23.15313}