{"stakedao":55.2001500419842,"convex":12.270231942839999,"yearn":24.9984}