{"stakedao":41.54309763784499,"convex":18.0715212257904,"yearn":32.57471}