{"stakedao":52.976528428906164,"convex":17.195543170992,"yearn":37.03862}