{"stakedao":42.326711654545356,"convex":13.1899561944192,"yearn":17.23143}