{"stakedao":52.61395323911023,"convex":11.2854702731328,"yearn":0}