{"stakedao":56.38625901242608,"convex":11.6037738307584,"yearn":14.02532}