{"stakedao":64.74994668002675,"convex":19.0170775673568,"yearn":41.94741}