{"stakedao":42.77313704484909,"convex":24.967852100870402,"yearn":0}