{"stakedao":56.95100891810447,"convex":11.6351395489728,"yearn":14.55763}