{"stakedao":42.40992487378353,"convex":20.6454605547456,"yearn":29.13984}