{"stakedao":38.943846839776505,"convex":15.966368236008002,"yearn":27.77382}