{"stakedao":42.223915799128086,"convex":15.2839265091408,"yearn":19.73699}