{"stakedao":41.69735883253261,"convex":20.759522384664,"yearn":27.8876}