{"stakedao":43.26932678514178,"convex":19.533448826064,"yearn":42.64145}