{"stakedao":50.01235795446243,"convex":17.474758121519997,"yearn":17.59128}