{"stakedao":40.62855576420614,"convex":17.059651815974398,"yearn":30.45913}