{"stakedao":47.64876368186647,"convex":29.281763380075198,"yearn":35.63259}