{"stakedao":79.26339547381932,"convex":19.703245468147202,"yearn":40.70983}