{"stakedao":40.64097477852739,"convex":17.2346779089504,"yearn":31.88802}