{"stakedao":48.06427112892461,"convex":14.3135668607472,"yearn":17.63595}