{"stakedao":39.188747283517785,"convex":16.4720414081376,"yearn":26.56806}