{"stakedao":46.57546750265832,"convex":21.5753367934512,"yearn":42.19701}