{"stakedao":42.873766665197735,"convex":24.8866344883008,"yearn":28.03484}