{"stakedao":57.070207007990014,"convex":31.122783268502396,"yearn":47.46878}