{"stakedao":52.21068801227675,"convex":22.8917789928,"yearn":42.19701}