{"stakedao":70.20689193676739,"convex":20.587908218832,"yearn":37.36292}