{"stakedao":40.876897311353666,"convex":20.858780752603202,"yearn":26.72693}