{"stakedao":56.9571180280865,"convex":12.2699883966192,"yearn":23.32677}