{"stakedao":42.67826814035813,"convex":25.3983350698848,"yearn":29.83477}