{"stakedao":56.22386886526131,"convex":11.3856112201824,"yearn":14.4676}