{"stakedao":42.11470950221383,"convex":13.794800641516801,"yearn":16.11992}