{"stakedao":55.52395662423477,"convex":11.383967699467199,"yearn":14.30329}