{"stakedao":39.550367586574865,"convex":15.684003233279999,"yearn":25.60773}