{"stakedao":56.77271243228989,"convex":12.2730193878048,"yearn":23.25327}