{"stakedao":44.24549657900771,"convex":23.2204087455696,"yearn":35.79459}