{"stakedao":38.778150366919526,"convex":18.0930040819488,"yearn":29.43448}