{"stakedao":45.33655040872139,"convex":20.465274049488002,"yearn":48.19158}