{"stakedao":44.10570983947254,"convex":22.4994647604528,"yearn":31.80942}