{"stakedao":28.92767781779929,"convex":15.726110050022399,"yearn":23.79209}