{"stakedao":48.10856607054418,"convex":12.700268223336,"yearn":23.42942}