{"stakedao":67.97822713255124,"convex":23.592200222663998,"yearn":36.18087}