{"stakedao":58.877845829679416,"convex":16.8717025824048,"yearn":36.80016}