{"stakedao":39.322012229897304,"convex":15.7219275974832,"yearn":24.59256}