{"stakedao":68.80756173903708,"convex":23.522895053424,"yearn":36.18087}