{"stakedao":39.06736383072516,"convex":16.3163075167728,"yearn":27.95499}