{"stakedao":67.48728161238785,"convex":20.625261671059203,"yearn":41.91416}