{"stakedao":40.81274798014985,"convex":16.5266679191184,"yearn":33.52723}