{"stakedao":59.60703577488006,"convex":17.2112598240768,"yearn":35.7727}