{"stakedao":41.430761889121264,"convex":17.582680431504,"yearn":33.21343}