{"stakedao":44.008050791601484,"convex":23.7318572662128,"yearn":33.0155}