{"stakedao":37.60879337658825,"convex":23.7463385059584,"yearn":30.42387}