{"stakedao":39.374546240894894,"convex":15.739438989556799,"yearn":24.88447}