{"stakedao":55.53512806508357,"convex":12.2660488280448,"yearn":24.77012}