{"stakedao":39.64971032487689,"convex":15.60816672192,"yearn":36.04348}