{"stakedao":52.09616319730159,"convex":28.195502217667197,"yearn":29.15326}