{"stakedao":53.73566847851001,"convex":11.401150171060799,"yearn":16.39371}