{"stakedao":51.027488632675954,"convex":29.3813551434528,"yearn":37.28817}