{"stakedao":38.677745217776426,"convex":16.421547775104,"yearn":27.95499}