{"stakedao":66.53058997884182,"convex":18.3386830319712,"yearn":31.85205}