{"stakedao":63.91918825712028,"convex":17.335664156404803,"yearn":33.01267}