{"stakedao":40.05341620350239,"convex":13.025234271844802,"yearn":19.23041}