{"stakedao":51.81337278109301,"convex":25.3189803519072,"yearn":31.00901}