{"stakedao":48.91535568270746,"convex":23.2888893146352,"yearn":29.97243}