{"stakedao":39.40905157232754,"convex":15.697856849860802,"yearn":25.46695}