{"stakedao":47.36442369770414,"convex":10.1791077300432,"yearn":18.45925}