{"stakedao":53.22791651796073,"convex":26.968199190264,"yearn":28.6015}