{"stakedao":52.959503603982164,"convex":27.998037497520002,"yearn":31.02244}