{"stakedao":37.654468509766886,"convex":14.106676329791998,"yearn":25.27435}