{"stakedao":45.87150604493886,"convex":20.5239563455104,"yearn":44.95068}