{"stakedao":48.88130050787069,"convex":21.832349387673602,"yearn":39.08037}