{"stakedao":42.65436857339005,"convex":14.1795118659312,"yearn":17.07076}