{"stakedao":34.12526495082819,"convex":16.3643976745632,"yearn":27.95499}