{"stakedao":56.94776345946556,"convex":12.453031779652799,"yearn":14.19385}