{"stakedao":57.483175484529745,"convex":11.002257194832,"yearn":15.05915}