{"stakedao":44.577912327860595,"convex":22.6111378392864,"yearn":45.5967}