{"stakedao":42.692114028143166,"convex":24.962806362945603,"yearn":0}