{"stakedao":41.683004422484316,"convex":17.519822009064,"yearn":32.79014}