{"stakedao":66.80915606089087,"convex":20.477523092313596,"yearn":42.87534}