{"stakedao":51.61637912803039,"convex":9.597662862494401,"yearn":18.52465}