{"stakedao":42.586963701643164,"convex":12.198291966028801,"yearn":18.53843}