{"stakedao":62.15528513212179,"convex":19.1384255283264,"yearn":50.57924}