{"stakedao":45.42937785392329,"convex":22.058732206699197,"yearn":40.3349}