{"stakedao":58.33545384569331,"convex":30.738268144396798,"yearn":40.30001}