{"stakedao":55.91660001823402,"convex":10.4267073959136,"yearn":15.72281}