{"stakedao":50.18797019900434,"convex":13.640181831576001,"yearn":17.17808}