{"stakedao":63.49538509890013,"convex":20.2128279815952,"yearn":37.94986}