{"stakedao":54.25334803264769,"convex":10.7899414911072,"yearn":23.61346}