{"stakedao":45.782350245436646,"convex":10.6201394784432,"yearn":26.17468}