{"stakedao":43.6284670812983,"convex":14.7978725574816,"yearn":18.29612}