{"stakedao":47.44606374693659,"convex":11.4646993611984,"yearn":34.04096}