{"stakedao":54.34537609895186,"convex":10.5983869295664,"yearn":15.6052}