{"stakedao":66.97146354688086,"convex":20.716554234614403,"yearn":42.87534}