{"stakedao":37.53089533335805,"convex":24.449595304723196,"yearn":29.16586}