{"stakedao":52.36926835943602,"convex":15.771556295798401,"yearn":25.95901}