{"stakedao":42.48367558927917,"convex":13.186787428756801,"yearn":16.77546}