{"stakedao":37.63521754494129,"convex":14.1659430131232,"yearn":24.59282}