{"stakedao":45.69645146493792,"convex":21.786886090382403,"yearn":42.81137}