{"stakedao":44.32840525702902,"convex":9.245077607260798,"yearn":26.37586}