{"stakedao":43.60947014730922,"convex":26.8697035614816,"yearn":26.49195}