{"stakedao":48.5909913324038,"convex":17.446580118950397,"yearn":19.01021}