{"stakedao":46.560818696599604,"convex":22.1471603238384,"yearn":44.82494}