{"stakedao":28.90820597638266,"convex":15.864996725856,"yearn":25.81229}