{"stakedao":52.07489206271823,"convex":13.704956583206402,"yearn":19.9368}