{"stakedao":42.62307023397075,"convex":15.2831431864368,"yearn":19.89198}