{"stakedao":40.64130145204134,"convex":18.878302752868798,"yearn":29.24838}