{"stakedao":38.97491482959587,"convex":18.06281109612,"yearn":29.43448}