{"stakedao":42.70027389802466,"convex":24.9124700977056,"yearn":28.74757}