{"stakedao":44.30674369396205,"convex":23.8671752526,"yearn":34.5422}