{"stakedao":47.07609644697679,"convex":13.3759116905328,"yearn":25.17158}