{"stakedao":47.882835759940306,"convex":11.4645840025104,"yearn":34.19127}