{"stakedao":40.49804343352255,"convex":18.8614689653664,"yearn":29.24838}