{"stakedao":41.083043426495244,"convex":19.848359201544,"yearn":27.34803}