{"stakedao":46.48458946369448,"convex":12.1962876797808,"yearn":23.06925}