{"stakedao":45.861126179032446,"convex":22.955382131572797,"yearn":32.78123}