{"stakedao":39.39475247642503,"convex":15.6978352445472,"yearn":25.46695}