{"stakedao":40.78741635271884,"convex":17.203664173492797,"yearn":31.47977}