{"stakedao":41.524029200046364,"convex":18.0727975129392,"yearn":32.79326}