{"stakedao":49.36420787396469,"convex":29.3110600150224,"yearn":34.44655}