{"stakedao":39.480536589659515,"convex":15.524047579752,"yearn":30.90194}