{"stakedao":41.627730844158705,"convex":20.7985671188784,"yearn":0}