{"stakedao":57.005018725456424,"convex":12.470751214718398,"yearn":14.19385}