{"stakedao":55.754868995289414,"convex":10.429051728542401,"yearn":16.02571}