{"stakedao":38.77892251874672,"convex":18.0930701593296,"yearn":29.43448}