{"stakedao":41.95161978569329,"convex":17.5367596446144,"yearn":33.51495}