{"stakedao":43.73135793711022,"convex":12.341226874032,"yearn":19.17771}