{"stakedao":51.0048873607197,"convex":25.474680058247998,"yearn":29.47114}