{"stakedao":37.36204158347842,"convex":25.624538231472002,"yearn":29.6012}