{"stakedao":40.634527057730914,"convex":19.096704359020798,"yearn":28.96478}