{"stakedao":50.76175621937219,"convex":9.982646185823999,"yearn":17.25338}