{"stakedao":40.80120070344199,"convex":13.176037673596799,"yearn":18.67412}