{"stakedao":44.29495394828841,"convex":23.162996735395197,"yearn":35.32391}