{"stakedao":44.50156220417999,"convex":19.5453479927376,"yearn":43.18371}