{"stakedao":55.195998597009144,"convex":9.8085813542784,"yearn":20.58854}