{"stakedao":48.48480628260805,"convex":29.3355987095808,"yearn":36.29189}