{"stakedao":40.633005715866844,"convex":19.116352286712,"yearn":28.76108}