{"stakedao":41.399699889772016,"convex":17.380385042644797,"yearn":33.17513}