{"stakedao":37.51055773654551,"convex":24.4494051867936,"yearn":29.06934}