{"stakedao":51.20974883259601,"convex":9.5977751401152,"yearn":18.39834}