{"stakedao":39.27444382917971,"convex":16.2644671830096,"yearn":27.95499}