{"stakedao":41.94021409450724,"convex":17.536761461088,"yearn":33.40068}