{"stakedao":39.11816654394413,"convex":16.3669383282528,"yearn":26.78118}