{"stakedao":58.164281547946885,"convex":31.0787535536208,"yearn":48.42068}