{"stakedao":42.12358405042576,"convex":22.7501798835312,"yearn":26.28208}