{"stakedao":46.56863255418748,"convex":11.0989717176384,"yearn":31.93773}