{"stakedao":51.68527684052836,"convex":22.978713874032,"yearn":34.56538}