{"stakedao":37.47881894401397,"convex":15.365721817079999,"yearn":26.36899}