{"stakedao":43.792311734935005,"convex":23.307394115937598,"yearn":32.00993}