{"stakedao":46.17884356369055,"convex":20.27249525412,"yearn":42.67362}