{"stakedao":52.28990996991627,"convex":26.697229572916797,"yearn":28.5929}