{"stakedao":45.392702586429415,"convex":20.4680245374144,"yearn":47.37605}