{"stakedao":67.02919772151446,"convex":20.4505558955424,"yearn":42.9325}