{"stakedao":41.62106306667907,"convex":18.1585210175712,"yearn":31.35837}