{"stakedao":42.707681714964735,"convex":16.4598548318208,"yearn":18.50448}