{"stakedao":39.19119255798218,"convex":16.3800586382256,"yearn":27.95499}