{"stakedao":46.55122393671557,"convex":21.575307808713603,"yearn":42.19701}