{"stakedao":37.56390499918408,"convex":14.070565455883202,"yearn":25.8115}