{"stakedao":56.51031246894621,"convex":30.946377617438397,"yearn":43.98205}