{"stakedao":39.556547448162114,"convex":15.6842079555312,"yearn":25.60773}