{"stakedao":38.622235752209804,"convex":16.422774093460802,"yearn":29.43448}