{"stakedao":54.19673584324803,"convex":15.9283973751264,"yearn":23.56636}