{"stakedao":67.60646565541394,"convex":24.3267153721776,"yearn":35.01378}