{"stakedao":63.11414358763564,"convex":20.2410888008544,"yearn":46.1323}