{"stakedao":43.11093227082595,"convex":16.459823018304,"yearn":18.34641}