{"stakedao":46.1842044646319,"convex":28.349474268398403,"yearn":30.33681}