{"stakedao":39.16658145802033,"convex":16.471945917129602,"yearn":26.55289}