{"stakedao":53.18729887944352,"convex":27.9938663947872,"yearn":30.75387}