{"stakedao":53.95392833536556,"convex":12.3485887135584,"yearn":16.28131}