{"stakedao":45.81595480552315,"convex":20.569991759452797,"yearn":45.94218}