{"stakedao":41.62865498364823,"convex":17.5194834511824,"yearn":32.67534}