{"stakedao":38.91541480594089,"convex":15.9687733385088,"yearn":27.82311}