{"stakedao":44.36726405919022,"convex":19.5761213418816,"yearn":43.54795}