{"stakedao":54.41776302034796,"convex":26.8129304139024,"yearn":29.21127}