{"stakedao":39.688059984895524,"convex":15.604221489479999,"yearn":35.55705}