{"stakedao":55.11280953589364,"convex":13.7205021030336,"yearn":18.45373}