{"stakedao":45.752274212419124,"convex":22.0413475578096,"yearn":42.35065}