{"stakedao":47.77858752857453,"convex":17.399465275032,"yearn":18.83259}