{"stakedao":47.210978924661674,"convex":19.8166609772064,"yearn":26.57603}