{"stakedao":38.952910705509794,"convex":16.37599846968,"yearn":27.95499}