{"stakedao":43.64491481893796,"convex":26.830703113272,"yearn":25.91324}