{"stakedao":43.475136025468146,"convex":25.1141238803376,"yearn":28.17659}