{"stakedao":49.28232675892084,"convex":22.7376070195968,"yearn":34.56538}