{"stakedao":42.533432380190376,"convex":21.0878617381776,"yearn":32.84673}