{"stakedao":44.48232769461493,"convex":23.3046707805072,"yearn":32.18574}