{"stakedao":37.5080611672142,"convex":23.7260054334384,"yearn":30.55283}