{"stakedao":56.132424457445644,"convex":11.3854387182624,"yearn":14.29266}