{"stakedao":56.49394388253834,"convex":30.9931603084368,"yearn":45.98191}