{"stakedao":55.48835299267253,"convex":11.3840492357952,"yearn":14.23285}