{"stakedao":43.13305465387979,"convex":19.5329102511024,"yearn":42.38179}