{"stakedao":40.72491188808657,"convex":16.6863014797104,"yearn":35.255}