{"stakedao":46.699733666739746,"convex":28.38089557512,"yearn":31.05679}