{"stakedao":45.50842320458825,"convex":21.8137264430544,"yearn":39.28465}