{"stakedao":40.947636957857554,"convex":13.759871503521602,"yearn":16.4589}