{"stakedao":39.05532246205168,"convex":18.0648911665296,"yearn":29.43448}