{"stakedao":44.51875841844309,"convex":22.109206347331202,"yearn":46.07597}