{"stakedao":63.2647979254666,"convex":18.6237864348768,"yearn":43.244}