{"stakedao":53.49876917727518,"convex":10.7749243632672,"yearn":23.894}