{"stakedao":63.04040648653028,"convex":20.191496346864,"yearn":45.07329}