{"stakedao":42.4506591203767,"convex":23.5209868384464,"yearn":29.43448}