{"stakedao":44.32916866943375,"convex":22.6116662659632,"yearn":30.40244}