{"stakedao":41.249001884515664,"convex":21.5102214088704,"yearn":27.03967}