{"stakedao":43.39956645918161,"convex":19.5328064629728,"yearn":42.06203}