{"stakedao":46.322983514592416,"convex":21.657565721390398,"yearn":42.19701}