{"stakedao":49.20318732897708,"convex":10.744080714072,"yearn":36.2481}