{"stakedao":46.26167299214859,"convex":20.040201156960002,"yearn":43.3518}