{"stakedao":49.52401412397976,"convex":31.275684309369602,"yearn":27.57817}