{"stakedao":55.273438553410145,"convex":11.313933641812799,"yearn":15.45908}