{"stakedao":41.62010158553709,"convex":18.2607838927632,"yearn":30.92258}