{"stakedao":46.22930419970569,"convex":20.2786462657728,"yearn":41.87356}