{"stakedao":41.756276199054696,"convex":20.693449081468803,"yearn":26.07456}