{"stakedao":47.770634755629224,"convex":21.0767831729136,"yearn":42.19701}