{"stakedao":53.382704547170306,"convex":26.924607664948798,"yearn":28.71742}