{"stakedao":47.575508075170035,"convex":13.0484972216736,"yearn":24.42693}