{"stakedao":38.867157712885444,"convex":17.6013541774656,"yearn":29.43448}