{"stakedao":49.089005271635806,"convex":11.0793170601648,"yearn":37.95035}