{"stakedao":65.74691330268845,"convex":19.6175681006832,"yearn":40.01727}