{"stakedao":42.753171710217295,"convex":24.9667262120592,"yearn":0}