{"stakedao":42.51935885299966,"convex":13.2222284969472,"yearn":17.45935}