{"stakedao":52.99353023987538,"convex":14.386170512678401,"yearn":22.02188}