{"stakedao":73.31069622313706,"convex":20.3157557176608,"yearn":32.51147}