{"stakedao":48.48311485209518,"convex":13.061819939155201,"yearn":23.54974}