{"stakedao":44.68952690102235,"convex":23.223695771232002,"yearn":36.42603}