{"stakedao":55.05856512565001,"convex":11.3971997982528,"yearn":18.66106}