{"stakedao":48.440745434097124,"convex":10.9951093586016,"yearn":36.09649}