{"stakedao":40.61063017792094,"convex":17.237292167664002,"yearn":31.75256}