{"stakedao":37.569227462292126,"convex":14.087227555094401,"yearn":26.50852}