{"stakedao":54.47787587434986,"convex":10.5905244907296,"yearn":15.57087}