{"stakedao":46.30755944730552,"convex":21.573268848633603,"yearn":42.19701}