{"stakedao":28.92886442773524,"convex":15.8528181502224,"yearn":25.81229}