{"stakedao":55.12666038479832,"convex":9.8085813542784,"yearn":20.56587}