{"stakedao":45.374102101432186,"convex":20.517329193868797,"yearn":44.38252}