{"stakedao":50.840396463937594,"convex":12.1706560231488,"yearn":25.2463}