{"stakedao":54.92211824475227,"convex":10.7685204455088,"yearn":16.10926}