{"stakedao":40.67842775236693,"convex":17.237292167664002,"yearn":31.79771}