{"stakedao":39.550273006276164,"convex":15.684003233279999,"yearn":25.60773}