{"stakedao":52.97794158566652,"convex":14.6058717615408,"yearn":21.80339}