{"stakedao":41.7690466959378,"convex":20.6940529044144,"yearn":25.94553}