{"stakedao":44.49225642480823,"convex":23.300608322448,"yearn":31.49303}