{"stakedao":37.56649545715669,"convex":14.059028234188801,"yearn":25.19585}