{"stakedao":52.46847712091501,"convex":14.6627277731136,"yearn":30.95609}