{"stakedao":43.05486946326523,"convex":14.8149671540112,"yearn":18.96904}