{"stakedao":46.42285089242905,"convex":28.5352022070432,"yearn":32.31275}