{"stakedao":41.13364952193582,"convex":19.123254908467203,"yearn":30.19389}