{"stakedao":34.12526495082819,"convex":19.1048318453232,"yearn":29.24838}