{"stakedao":44.51218326299647,"convex":22.1026747560768,"yearn":45.9879}