{"stakedao":52.8406048991736,"convex":24.2468889134832,"yearn":37.55874}