{"stakedao":47.68874318590858,"convex":12.701376527673602,"yearn":23.02717}