{"stakedao":47.5679346280419,"convex":22.3752071525184,"yearn":38.71779}