{"stakedao":45.60276816365476,"convex":22.9401523186416,"yearn":33.2838}