{"stakedao":47.342524752490014,"convex":19.8118824185808,"yearn":26.67347}