{"stakedao":44.205652179628714,"convex":22.5244335272112,"yearn":30.79676}