{"stakedao":53.860574451711685,"convex":13.802373289742402,"yearn":19.3501}