{"stakedao":52.8279667026501,"convex":13.579741409860802,"yearn":32.25849}