{"stakedao":55.314035936449955,"convex":10.5340518654624,"yearn":21.92868}