{"stakedao":43.02440232860779,"convex":21.042438970953597,"yearn":30.46356}