{"stakedao":58.9639274672173,"convex":16.8717025824048,"yearn":36.80016}