{"stakedao":42.43624273525276,"convex":20.6639389541088,"yearn":30.98205}