{"stakedao":51.89761419522377,"convex":26.7017673226464,"yearn":27.60668}