{"stakedao":41.16624280578726,"convex":21.7485253909296,"yearn":27.35952}