{"stakedao":44.49654846157212,"convex":22.6584575694432,"yearn":49.2725}