{"stakedao":64.72040523782374,"convex":20.4153302434608,"yearn":37.94986}