{"stakedao":53.82869434477463,"convex":26.7752144238192,"yearn":29.85028}