{"stakedao":58.14972560543444,"convex":30.746462881219202,"yearn":39.97731}