{"stakedao":62.53249694781875,"convex":19.1302803850176,"yearn":49.98647}