{"stakedao":56.68430955796249,"convex":12.2730193878048,"yearn":23.20762}