{"stakedao":38.95517695190069,"convex":16.372281633566402,"yearn":27.95499}