{"stakedao":64.87066858440178,"convex":18.9691636264272,"yearn":43.8128}