{"stakedao":44.604231196450705,"convex":22.1396362284384,"yearn":47.48105}