{"stakedao":47.664072988992146,"convex":22.3999767883584,"yearn":38.50096}