{"stakedao":49.82496235595025,"convex":22.4553099927168,"yearn":34.56538}