{"stakedao":48.00987506646701,"convex":14.3227594912176,"yearn":17.79851}