{"stakedao":54.121435075239106,"convex":15.9279591918672,"yearn":23.56636}