{"stakedao":37.62535304648356,"convex":14.1387810563232,"yearn":26.53698}