{"stakedao":51.48848151892669,"convex":29.2559375058336,"yearn":36.92274}