{"stakedao":45.844906101563595,"convex":8.9907661471248,"yearn":28.47711}