{"stakedao":51.37941034426025,"convex":9.564079958496,"yearn":18.58741}