{"stakedao":54.415854311146155,"convex":10.7900928702144,"yearn":23.66973}