{"stakedao":48.26546838965464,"convex":17.395595325331197,"yearn":18.85495}