{"stakedao":42.443657632336866,"convex":15.703223236372802,"yearn":17.11358}