{"stakedao":47.05348623332017,"convex":28.373567955307195,"yearn":29.99956}