{"stakedao":46.56191280520534,"convex":11.380907275732799,"yearn":31.93773}