{"stakedao":68.49485051518766,"convex":24.3384470070048,"yearn":35.79054}