{"stakedao":57.219062069955335,"convex":12.271349061489598,"yearn":24.10915}