{"stakedao":44.03840501484267,"convex":22.5051122462544,"yearn":31.56294}