{"stakedao":37.53012319890725,"convex":24.450314442206402,"yearn":29.16586}