{"stakedao":59.787300818444066,"convex":17.0521663427136,"yearn":35.79244}