{"stakedao":46.42473397657009,"convex":8.993056423896,"yearn":27.73533}