{"stakedao":45.742510261365766,"convex":31.083950285913602,"yearn":48.53294}