{"stakedao":54.54710544632112,"convex":12.266899303507202,"yearn":26.46237}