{"stakedao":43.258680513014475,"convex":25.1188084269936,"yearn":27.59721}