{"stakedao":46.55097226021838,"convex":20.1542038474176,"yearn":44.01231}