{"stakedao":54.26600675119863,"convex":12.260344602672,"yearn":27.08437}