{"stakedao":57.38753294565496,"convex":12.2862642586704,"yearn":23.84432}