{"stakedao":56.66299188199946,"convex":12.378833342740798,"yearn":14.50858}