{"stakedao":44.421782814369465,"convex":19.6146834933024,"yearn":43.50078}