{"stakedao":46.32302500841953,"convex":20.2758036517296,"yearn":42.18129}