{"stakedao":45.30842985095808,"convex":22.0622781681504,"yearn":40.00364}