{"stakedao":54.97936331303194,"convex":12.1728682104768,"yearn":15.68872}