{"stakedao":55.528877761970485,"convex":12.2544540689184,"yearn":25.84127}