{"stakedao":50.33371148310224,"convex":17.4750470827344,"yearn":17.40216}