{"stakedao":39.829954401463155,"convex":15.544196160364798,"yearn":33.78213}