{"stakedao":70.18813564489977,"convex":20.587154391748804,"yearn":37.43565}