{"stakedao":45.33585244216453,"convex":20.4700877013744,"yearn":48.69618}