{"stakedao":52.49352272250005,"convex":15.7702099892688,"yearn":26.00493}