{"stakedao":44.91561040220353,"convex":20.4588569244528,"yearn":47.95101}