{"stakedao":45.68643252507324,"convex":23.2789465247184,"yearn":32.30913}