{"stakedao":46.0116639512095,"convex":28.381655703095998,"yearn":29.51706}