{"stakedao":46.8526507438956,"convex":32.3845648412256,"yearn":27.09015}