{"stakedao":40.74860957475244,"convex":13.1747938149168,"yearn":18.91568}