{"stakedao":52.69876782730531,"convex":14.141287982260799,"yearn":22.29468}