{"stakedao":42.8532057682117,"convex":13.2160374408816,"yearn":17.09804}