{"stakedao":42.34644674446253,"convex":15.2913970974096,"yearn":15.11985}