{"stakedao":42.65440999981945,"convex":12.2051419888896,"yearn":17.9051}