{"stakedao":34.12526495082819,"convex":19.096791316387197,"yearn":29.08552}