{"stakedao":54.487846238713615,"convex":10.4384961834336,"yearn":15.63395}