{"stakedao":46.59068393960815,"convex":10.164306879244801,"yearn":19.38301}