{"stakedao":41.135785942491545,"convex":20.6636776878096,"yearn":23.23592}