{"stakedao":38.81570894154208,"convex":16.4042479990512,"yearn":27.95499}