{"stakedao":53.91080533659644,"convex":14.1914708059392,"yearn":23.02997}