{"stakedao":42.848559054160944,"convex":13.205292334128,"yearn":16.15291}