{"stakedao":47.592427876844035,"convex":12.7014521667696,"yearn":23.47836}