{"stakedao":46.9429230140354,"convex":13.2603138524304,"yearn":25.73262}