{"stakedao":41.67521701073707,"convex":18.261673138584,"yearn":30.75909}