{"stakedao":43.12188705568929,"convex":16.458291220175997,"yearn":18.34641}