{"stakedao":47.705146293216146,"convex":13.041913621248,"yearn":24.39831}