{"stakedao":69.82114783659921,"convex":23.595939922377603,"yearn":36.61276}