{"stakedao":51.81772376004801,"convex":13.811546945001599,"yearn":27.9006}