{"stakedao":59.81820545040843,"convex":24.342492246408,"yearn":38.52989}