{"stakedao":37.69412300082184,"convex":23.517213909249598,"yearn":30.22113}