{"stakedao":46.77104184114029,"convex":10.069946367465601,"yearn":19.66358}