{"stakedao":50.09508863531501,"convex":13.640181831576001,"yearn":17.17808}