{"stakedao":44.3207040166253,"convex":9.2465543466864,"yearn":26.25953}