{"stakedao":48.17668781949763,"convex":11.0794473385344,"yearn":20.17465}