{"stakedao":66.82445238603654,"convex":20.4768229962672,"yearn":44.85653}