{"stakedao":61.27658000513044,"convex":18.9555609733344,"yearn":47.35646}