{"stakedao":41.086559852029495,"convex":20.9311142419296,"yearn":23.75308}