{"stakedao":28.94708140497347,"convex":15.778388945476802,"yearn":23.9791}