{"stakedao":41.38607430034984,"convex":18.1477755796896,"yearn":32.06536}