{"stakedao":48.31945378868305,"convex":22.8756845352816,"yearn":28.47559}