{"stakedao":44.533050559959904,"convex":22.1031972666,"yearn":45.89955}