{"stakedao":43.58132084157512,"convex":26.871561520689596,"yearn":26.45083}