{"stakedao":43.54953745427349,"convex":26.819425398168,"yearn":27.03038}