{"stakedao":41.195801491738465,"convex":14.744518574558398,"yearn":20.48916}