{"stakedao":40.8639865427111,"convex":18.880022745230402,"yearn":29.24838}