{"stakedao":54.87167341598567,"convex":10.4417984441376,"yearn":16.30077}