{"stakedao":39.13150421147188,"convex":18.038469924144003,"yearn":29.43448}