{"stakedao":44.5216936131705,"convex":22.520378347660802,"yearn":30.51509}