{"stakedao":47.09801173724847,"convex":26.0244418860432,"yearn":27.98416}