{"stakedao":57.207730596497,"convex":31.121726711587197,"yearn":47.52498}