{"stakedao":47.69712661846497,"convex":22.4006957050896,"yearn":38.35649}