{"stakedao":49.38894067527308,"convex":31.2744443769216,"yearn":27.49415}