{"stakedao":40.55467418388525,"convex":16.4649839761584,"yearn":33.74724}