{"stakedao":52.67150667287913,"convex":28.120220446622405,"yearn":29.57393}