{"stakedao":42.09913438306425,"convex":22.724272772553597,"yearn":25.72797}