{"stakedao":40.796541673654225,"convex":17.2338431604912,"yearn":30.82912}