{"stakedao":42.88554718712891,"convex":13.2160374124992,"yearn":16.94724}