{"stakedao":40.7551111748499,"convex":16.4568969883872,"yearn":34.08425}