{"stakedao":55.54957058088673,"convex":10.5340250188656,"yearn":21.78918}