{"stakedao":52.700999716362865,"convex":17.014244031504,"yearn":36.90972}