{"stakedao":48.148490022951734,"convex":27.9505873849248,"yearn":27.64812}