{"stakedao":45.48684999917545,"convex":10.623270949632,"yearn":25.34541}