{"stakedao":48.97207119412397,"convex":29.319882750288002,"yearn":34.07199}