{"stakedao":42.425410154900916,"convex":22.120213420483203,"yearn":26.00408}