{"stakedao":41.15977370239368,"convex":14.760034273944,"yearn":20.20993}