{"stakedao":43.765939760066495,"convex":27.3997253228544,"yearn":26.17004}