{"stakedao":45.83418687741832,"convex":30.9819041166528,"yearn":42.27556}