{"stakedao":42.45349653724215,"convex":21.035531587262398,"yearn":33.57375}