{"stakedao":38.722165783048396,"convex":16.404157563264,"yearn":27.95499}