{"stakedao":45.42297176839434,"convex":20.4689821406688,"yearn":47.60894}