{"stakedao":53.08401762468998,"convex":24.9653539135584,"yearn":39.3313}