{"stakedao":40.9474838446248,"convex":13.263307870809601,"yearn":15.36629}