{"stakedao":54.70752589715124,"convex":10.4425482188448,"yearn":16.13823}