{"stakedao":47.609586429791456,"convex":22.985097242932802,"yearn":39.37466}