{"stakedao":40.10307119694605,"convex":13.2045509416896,"yearn":18.59153}