{"stakedao":42.54168160486596,"convex":22.9885625857536,"yearn":29.43448}