{"stakedao":44.940534111380096,"convex":20.4588569244528,"yearn":47.95101}