{"stakedao":40.715057894237255,"convex":19.8356418175824,"yearn":27.23146}