{"stakedao":55.48858874838277,"convex":10.4267073959136,"yearn":16.23858}