{"stakedao":52.62188504940529,"convex":11.2804040178864,"yearn":17.05466}