{"stakedao":40.95802754393156,"convex":19.8166609772064,"yearn":26.5598}