{"stakedao":42.92835413440613,"convex":28.584042379214402,"yearn":26.85123}