{"stakedao":51.40853372036442,"convex":12.1904587263744,"yearn":25.53859}