{"stakedao":52.62448993259502,"convex":24.349571378308802,"yearn":38.28148}