{"stakedao":48.33895599747976,"convex":28.0192620423024,"yearn":27.17378}