{"stakedao":44.61960128925826,"convex":9.2457262649376,"yearn":26.46296}