{"stakedao":49.33382064372806,"convex":29.3234919224976,"yearn":33.41411}