{"stakedao":56.33964270756164,"convex":30.9706871556528,"yearn":44.78263}