{"stakedao":44.72783407180941,"convex":22.613866668287997,"yearn":45.94617}