{"stakedao":56.703569394138356,"convex":12.286531355975999,"yearn":23.76475}