{"stakedao":44.10866776167742,"convex":22.4985501502272,"yearn":31.97819}