{"stakedao":40.410558748769105,"convex":13.1567751694368,"yearn":19.05435}