{"stakedao":49.02737158437908,"convex":21.8333066061888,"yearn":39.41385}