{"stakedao":43.371935414612025,"convex":25.128663865344002,"yearn":26.61217}