{"stakedao":47.98383027478924,"convex":12.700567323374399,"yearn":23.07575}