{"stakedao":47.08488234374253,"convex":21.524826909916797,"yearn":42.19701}