{"stakedao":41.512344741939344,"convex":18.070742198289597,"yearn":31.86401}