{"stakedao":43.15503397962747,"convex":15.3023870559744,"yearn":15.03625}