{"stakedao":64.31546074039879,"convex":19.287312030086397,"yearn":47.13813}