{"stakedao":40.9487144665527,"convex":19.8166609772064,"yearn":26.5598}