{"stakedao":40.584763128586744,"convex":17.235135319708803,"yearn":32.02365}