{"stakedao":42.55318182186079,"convex":22.1204116683936,"yearn":26.00408}