{"stakedao":56.56886174531941,"convex":30.949497281548798,"yearn":44.25146}