{"stakedao":53.501108858993966,"convex":26.7541900064928,"yearn":29.89594}