{"stakedao":66.25516900220975,"convex":21.3843298072464,"yearn":31.68482}