{"stakedao":43.483574307757955,"convex":19.548431390448,"yearn":44.35629}