{"stakedao":47.59299421269645,"convex":13.0484972216736,"yearn":24.42693}