{"stakedao":46.20856155713502,"convex":28.3785449573664,"yearn":28.91448}