{"stakedao":46.537492379230734,"convex":13.2326317408464,"yearn":24.47425}