{"stakedao":43.569002927600586,"convex":26.489939537606404,"yearn":26.6665}