{"stakedao":75.20820277386863,"convex":24.5793506844528,"yearn":41.67961}