{"stakedao":45.472988378189974,"convex":10.7069031034272,"yearn":27.75412}