{"stakedao":47.06696461347782,"convex":13.260213962150399,"yearn":25.77015}