{"stakedao":42.46153512163333,"convex":23.0390186121072,"yearn":29.43448}