{"stakedao":41.22259365720457,"convex":20.6646431782176,"yearn":23.13999}