{"stakedao":52.743430916857875,"convex":11.278791342532799,"yearn":16.89314}