{"stakedao":42.68044765441695,"convex":15.701684689540802,"yearn":17.01509}