{"stakedao":50.87583609498049,"convex":9.5717573062416,"yearn":17.93929}