{"stakedao":55.02688520200178,"convex":11.7197203308768,"yearn":17.06437}