{"stakedao":37.681780673960866,"convex":14.1621529441104,"yearn":26.15739}