{"stakedao":65.30945396817046,"convex":18.587284650172798,"yearn":32.25871}