{"stakedao":41.14328234774097,"convex":20.666499254726403,"yearn":23.51669}