{"stakedao":64.81374926799876,"convex":20.4240453873552,"yearn":37.94986}