{"stakedao":54.15241360596684,"convex":26.718865290374403,"yearn":27.91048}