{"stakedao":45.74398202338687,"convex":10.618103211537601,"yearn":25.16257}