{"stakedao":39.28208612276389,"convex":16.062683374296,"yearn":26.79239}