{"stakedao":42.97555873956648,"convex":13.189447086696001,"yearn":16.4056}