{"stakedao":42.27400946121051,"convex":13.273377864336,"yearn":19.13259}