{"stakedao":42.43592598035093,"convex":20.7070793821728,"yearn":30.13865}