{"stakedao":65.64838439148096,"convex":18.582078923812798,"yearn":42.80342}