{"stakedao":50.90503127171405,"convex":29.3267470116528,"yearn":37.65321}