{"stakedao":51.49806934833033,"convex":13.759755719097598,"yearn":16.78252}