{"stakedao":44.9230225457463,"convex":22.6983195433296,"yearn":47.96103}