{"stakedao":55.42444333624997,"convex":12.363020410248,"yearn":16.45086}