{"stakedao":44.43859407238658,"convex":19.607828604436797,"yearn":43.71635}