{"stakedao":47.76557330697183,"convex":29.2231329292368,"yearn":36.26713}