{"stakedao":59.743946175280186,"convex":16.9051549179024,"yearn":36.80016}