{"stakedao":41.99118856444685,"convex":17.526883550184,"yearn":33.21041}