{"stakedao":54.98306049420991,"convex":10.6449273610128,"yearn":14.8108}