{"stakedao":51.75217210136543,"convex":13.890933864388801,"yearn":26.87601}