{"stakedao":57.7968587467433,"convex":12.664118670523198,"yearn":14.99376}