{"stakedao":43.01864479812487,"convex":16.441448173704,"yearn":18.91484}