{"stakedao":41.4474014887859,"convex":18.1526190709392,"yearn":31.63067}