{"stakedao":39.13184419722722,"convex":16.435889654112,"yearn":19.2983}