{"stakedao":40.70453433605438,"convex":17.2168840930752,"yearn":30.53624}