{"stakedao":65.92988510842986,"convex":19.562362847337603,"yearn":40.68387}