{"stakedao":55.73552699137265,"convex":11.3494530738096,"yearn":22.93345}