{"stakedao":43.75568953746766,"convex":27.3997253228544,"yearn":26.20281}