{"stakedao":47.62067499030663,"convex":10.1890610624448,"yearn":20.48797}