{"stakedao":47.86169548773872,"convex":8.9894277056736,"yearn":29.86194}