{"stakedao":47.857435817710844,"convex":31.3535689010208,"yearn":29.65708}