{"stakedao":64.85262266658295,"convex":18.7307176409136,"yearn":41.57838}