{"stakedao":50.15772603231488,"convex":10.642532482483201,"yearn":20.13012}