{"stakedao":54.38429718692912,"convex":10.644140714414402,"yearn":15.08434}