{"stakedao":54.14643838274074,"convex":12.2102563586112,"yearn":15.57854}