{"stakedao":54.81309005603209,"convex":10.5809819809536,"yearn":17.12118}