{"stakedao":37.51790407340906,"convex":24.370792305912,"yearn":29.34356}