{"stakedao":42.48343454634946,"convex":20.6855682382224,"yearn":29.76961}