{"stakedao":40.55989498260486,"convex":19.1057958503856,"yearn":29.24838}