{"stakedao":41.66016296991384,"convex":15.3455362195104,"yearn":14.94948}