{"stakedao":49.473752783506214,"convex":11.0939576418576,"yearn":37.58266}