{"stakedao":39.26657469397341,"convex":16.312789187164796,"yearn":27.95499}