{"stakedao":55.491543433837876,"convex":10.534652156376,"yearn":16.44976}