{"stakedao":41.14938228827642,"convex":21.706795189713603,"yearn":26.7561}