{"stakedao":52.368441058681,"convex":17.5230939447504,"yearn":18.82763}