{"stakedao":41.016916918059394,"convex":19.7909488533168,"yearn":0}