{"stakedao":40.548434706849235,"convex":20.210512848148795,"yearn":27.65315}