{"stakedao":39.0831635408891,"convex":16.31627614476,"yearn":27.95499}