{"stakedao":54.360125981121804,"convex":10.7899414911072,"yearn":23.61346}