{"stakedao":65.17221056275835,"convex":18.9328782795984,"yearn":43.13606}