{"stakedao":57.71301175432703,"convex":11.0115732319776,"yearn":15.56249}