{"stakedao":44.565195438843254,"convex":22.6572110648928,"yearn":50.40696}