{"stakedao":54.737201656862716,"convex":11.7409325734656,"yearn":16.82653}