{"stakedao":43.691682119652214,"convex":14.7978725574816,"yearn":18.29612}