{"stakedao":41.38797529891254,"convex":13.272644579803199,"yearn":18.67187}