{"stakedao":40.61831652849245,"convex":20.2131371510784,"yearn":27.55619}