{"stakedao":80.67198403020065,"convex":21.091641718824,"yearn":33.63023}