{"stakedao":51.500554429259125,"convex":9.6296495970816,"yearn":18.77664}