{"stakedao":64.44203212152003,"convex":17.3952059030352,"yearn":33.91048}