{"stakedao":37.539987353635595,"convex":24.3170279260992,"yearn":29.43464}