{"stakedao":52.01407990863374,"convex":9.6006628285632,"yearn":19.14353}