{"stakedao":54.042436781225035,"convex":12.26629711728,"yearn":27.00878}