{"stakedao":48.837820969919534,"convex":11.0790614955744,"yearn":19.99554}