{"stakedao":41.14922084278856,"convex":21.706921560772802,"yearn":26.9006}