{"stakedao":37.53633792410227,"convex":15.364240426094401,"yearn":26.42747}