{"stakedao":66.22596797215834,"convex":20.449122275289596,"yearn":42.29827}