{"stakedao":39.12491488955007,"convex":18.0394504824528,"yearn":29.43448}