{"stakedao":48.580840525470194,"convex":17.4771172066896,"yearn":18.6743}