{"stakedao":45.93574299990856,"convex":20.0727979428528,"yearn":43.29219}