{"stakedao":43.04296241952258,"convex":13.7271502008864,"yearn":17.19297}