{"stakedao":44.28773964556656,"convex":12.3431402514528,"yearn":19.32632}