{"stakedao":49.36859671060381,"convex":29.2455069139152,"yearn":33.76246}