{"stakedao":49.03927622493109,"convex":29.3177582866512,"yearn":34.15926}