{"stakedao":56.306052065794006,"convex":13.3347820293648,"yearn":18.19451}