{"stakedao":39.05687783158546,"convex":16.2367110816624,"yearn":27.95499}