{"stakedao":42.82245520501367,"convex":24.888696226833602,"yearn":27.85411}