{"stakedao":38.93620215817282,"convex":17.6648269274928,"yearn":29.43448}