{"stakedao":49.59024623641265,"convex":10.7464611049632,"yearn":36.2481}