{"stakedao":42.89926190129035,"convex":24.888696226833602,"yearn":27.9867}