{"stakedao":52.52278614869476,"convex":11.745199974528,"yearn":17.02752}