{"stakedao":52.62851291998778,"convex":13.698622438848,"yearn":31.53294}