{"stakedao":40.80753798187685,"convex":17.248331871115198,"yearn":30.39571}