{"stakedao":72.7796596174368,"convex":20.3156160762528,"yearn":32.51147}