{"stakedao":64.4341164104899,"convex":18.660502859904,"yearn":33.17434}