{"stakedao":43.98327715546013,"convex":27.4702698379728,"yearn":26.49417}