{"stakedao":42.443787013994864,"convex":25.18353976932,"yearn":29.21563}