{"stakedao":50.15786971146285,"convex":22.447267199495997,"yearn":34.56538}