{"stakedao":42.23688519656888,"convex":22.1006585807568,"yearn":26.38004}