{"stakedao":44.46738799061121,"convex":19.576489228243197,"yearn":43.4264}