{"stakedao":42.53442213762838,"convex":21.1383481810032,"yearn":29.38708}