{"stakedao":42.49759678759071,"convex":21.053816330356803,"yearn":33.30111}