{"stakedao":41.97395118227027,"convex":20.6575128602352,"yearn":28.49487}