{"stakedao":68.81636040700698,"convex":23.4745752536352,"yearn":36.18087}