{"stakedao":45.605793764211754,"convex":31.0904658694944,"yearn":41.12082}