{"stakedao":56.18847948482604,"convex":11.0117317476816,"yearn":15.98221}