{"stakedao":39.36552941056685,"convex":16.9108323818256,"yearn":26.98159}