{"stakedao":44.796188798457734,"convex":21.7529287878384,"yearn":50.20835}