{"stakedao":39.61429548917454,"convex":14.791307724129599,"yearn":21.93062}