{"stakedao":37.430166960996594,"convex":15.3514568417616,"yearn":27.11696}