{"stakedao":41.65150667740616,"convex":18.2580354231408,"yearn":30.7046}