{"stakedao":46.57466723870194,"convex":20.279519677368,"yearn":41.44388}