{"stakedao":41.31161829959736,"convex":17.5299059162736,"yearn":33.78768}