{"stakedao":52.66676073726762,"convex":28.1202372048528,"yearn":29.4714}