{"stakedao":40.6559414545235,"convex":16.4659681327248,"yearn":33.86051}