{"stakedao":41.14402696323175,"convex":21.6972078105168,"yearn":26.30261}