{"stakedao":41.67747210544588,"convex":22.1124878289648,"yearn":26.38004}