{"stakedao":56.88536530804606,"convex":11.6371596915216,"yearn":14.48946}