{"stakedao":48.76057649354681,"convex":31.2744443769216,"yearn":27.45681}