{"stakedao":69.82614242043424,"convex":18.4835580504624,"yearn":30.01492}