{"stakedao":54.47466947780653,"convex":11.721691144814399,"yearn":16.67752}