{"stakedao":42.6119988997642,"convex":12.4134451402752,"yearn":17.46297}