{"stakedao":43.572815207401774,"convex":14.8234226525568,"yearn":18.29612}