{"stakedao":54.12825231003711,"convex":11.7334455360192,"yearn":27.84267}