{"stakedao":55.62382088046507,"convex":10.1870085135024,"yearn":21.30624}