{"stakedao":41.149060770700835,"convex":19.8122843165184,"yearn":25.82977}