{"stakedao":41.12298992550458,"convex":20.926680056424,"yearn":23.49095}