{"stakedao":44.05332497961423,"convex":23.7268632220992,"yearn":32.93068}