{"stakedao":67.07319655960646,"convex":21.3843298072464,"yearn":31.68482}