{"stakedao":41.26871201857248,"convex":21.549213840628802,"yearn":25.85871}