{"stakedao":42.57476416499583,"convex":20.6866159209072,"yearn":29.40174}