{"stakedao":43.54469237699384,"convex":12.366686290492801,"yearn":20.52806}