{"stakedao":46.84380885595663,"convex":31.9056038468496,"yearn":27.70998}