{"stakedao":42.75496708446204,"convex":22.8063712991328,"yearn":29.43448}