{"stakedao":55.31828998583053,"convex":10.53384346296,"yearn":21.97515}