{"stakedao":39.28539397863002,"convex":15.717520577088,"yearn":24.44355}