{"stakedao":45.43175936676224,"convex":20.492380373630397,"yearn":49.58907}