{"stakedao":51.48647342101597,"convex":24.8860461085344,"yearn":38.52887}