{"stakedao":47.45980611671527,"convex":13.0476056894928,"yearn":24.07348}