{"stakedao":51.76036054846835,"convex":11.999876750841599,"yearn":25.08296}