{"stakedao":53.39420156223885,"convex":25.499736236491202,"yearn":33.62843}