{"stakedao":46.02257166318098,"convex":21.574967528966397,"yearn":42.19701}