{"stakedao":47.43562868965453,"convex":22.9815088529472,"yearn":38.83257}