{"stakedao":54.60539843420118,"convex":11.417713575206399,"yearn":18.41795}