{"stakedao":44.61905332886862,"convex":22.125370240814398,"yearn":44.28139}