{"stakedao":42.55286822488724,"convex":21.535382062727997,"yearn":26.43367}