{"stakedao":42.548651184338276,"convex":22.141858999248,"yearn":26.00408}