{"stakedao":41.620595263515796,"convex":13.1760602533728,"yearn":15.81671}