{"stakedao":42.61811476845135,"convex":22.8164542602624,"yearn":29.43448}