{"stakedao":45.32257828773044,"convex":22.059752736888,"yearn":40.29153}