{"stakedao":44.46137077788829,"convex":10.6440698782512,"yearn":25.85052}