{"stakedao":49.04049180215163,"convex":29.3837399525376,"yearn":35.70687}