{"stakedao":67.9227634620662,"convex":23.539282808356802,"yearn":36.61276}