{"stakedao":64.69849880977773,"convex":18.179990174491202,"yearn":31.87698}