{"stakedao":38.665633487826135,"convex":16.421454948888,"yearn":27.95499}