{"stakedao":42.7923307526368,"convex":15.540100835486399,"yearn":17.68295}