{"stakedao":47.9714497489775,"convex":13.092986252088,"yearn":24.01432}