{"stakedao":41.26329416258893,"convex":21.6935087039424,"yearn":27.20542}