{"stakedao":75.72705508838453,"convex":24.582385778472,"yearn":41.67961}