{"stakedao":40.974538382960475,"convex":14.747647075056001,"yearn":20.36208}