{"stakedao":39.1766679442723,"convex":16.469778331166403,"yearn":26.50087}