{"stakedao":43.73994866192567,"convex":14.9217538841712,"yearn":18.59549}