{"stakedao":40.27030500788942,"convex":16.6463288365392,"yearn":33.54134}