{"stakedao":39.75049315887128,"convex":15.605602873502399,"yearn":34.2928}