{"stakedao":52.03913693538364,"convex":15.777528782155201,"yearn":25.92815}