{"stakedao":45.382275555215756,"convex":22.93621116696,"yearn":33.78499}