{"stakedao":40.327913693039335,"convex":16.2772201206576,"yearn":35.46141}