{"stakedao":43.77760410793701,"convex":14.8008441474576,"yearn":18.58204}