{"stakedao":54.24666932008672,"convex":24.931744907212803,"yearn":38.8935}