{"stakedao":50.09286213691175,"convex":10.018141007126399,"yearn":17.53322}