{"stakedao":49.681144647546525,"convex":16.803600700780798,"yearn":19.85088}