{"stakedao":40.333733009800206,"convex":13.164287057251201,"yearn":18.0569}