{"stakedao":41.93812636215006,"convex":13.1887031429952,"yearn":14.79755}