{"stakedao":56.70406947611629,"convex":11.637534796473599,"yearn":14.35557}