{"stakedao":39.282086662487615,"convex":16.373723431104,"yearn":27.95499}