{"stakedao":47.604487052375305,"convex":22.3569427123008,"yearn":37.74044}