{"stakedao":41.20737563494921,"convex":21.509664858388803,"yearn":26.95658}