{"stakedao":48.452945511732835,"convex":17.3999199894624,"yearn":18.90046}