{"stakedao":52.4967266204345,"convex":10.9683707252976,"yearn":17.44322}