{"stakedao":53.27416033874283,"convex":24.3500070418416,"yearn":37.38861}