{"stakedao":54.83226219246326,"convex":9.7989644132352,"yearn":19.90086}