{"stakedao":48.869851090342515,"convex":21.820627390248003,"yearn":39.91361}