{"stakedao":41.25795089934958,"convex":20.664988888464,"yearn":23.21067}