{"stakedao":49.03811908845191,"convex":21.7984484336544,"yearn":40.24692}