{"stakedao":56.98110684856716,"convex":12.484063682999999,"yearn":14.43597}