{"stakedao":41.35793178994224,"convex":20.6977620110544,"yearn":29.36476}