{"stakedao":53.34835786932619,"convex":11.380902595790399,"yearn":15.67336}