{"stakedao":49.837732648543984,"convex":17.439926104944,"yearn":19.53135}