{"stakedao":44.14765697206692,"convex":22.4989180807392,"yearn":32.09089}