{"stakedao":42.466750047386,"convex":22.974612516316803,"yearn":29.43448}