{"stakedao":53.47291302750782,"convex":27.8172002532096,"yearn":31.69384}