{"stakedao":53.686380188229585,"convex":26.7190027053408,"yearn":28.00162}