{"stakedao":53.758382147114844,"convex":26.7950905113168,"yearn":29.62184}