{"stakedao":49.27038701464902,"convex":29.152308992544,"yearn":34.11131}