{"stakedao":46.11324464524307,"convex":21.561631635744,"yearn":42.19701}