{"stakedao":40.79974157587739,"convex":17.156279400336,"yearn":30.73091}