{"stakedao":44.36420991105908,"convex":23.86559837376,"yearn":34.80254}