{"stakedao":48.631133294058216,"convex":29.322086091768,"yearn":37.03491}