{"stakedao":40.84062201981883,"convex":17.271578122632,"yearn":32.60854}