{"stakedao":39.29448718321043,"convex":16.3837556192736,"yearn":27.95499}