{"stakedao":55.7310251610402,"convex":10.6686422879472,"yearn":14.40483}