{"stakedao":41.754650671111676,"convex":13.2636809353824,"yearn":18.5065}