{"stakedao":40.53019470409129,"convex":18.877817278224,"yearn":29.24838}