{"stakedao":46.440737263133244,"convex":20.2694166025776,"yearn":44.44277}