{"stakedao":38.946724369413516,"convex":15.966172697040001,"yearn":27.77382}