{"stakedao":42.60810076660437,"convex":22.8164542602624,"yearn":29.43448}