{"stakedao":78.25097561932967,"convex":21.0098478173904,"yearn":33.63023}