{"stakedao":47.55200813792793,"convex":31.390725048263995,"yearn":29.21478}