{"stakedao":47.13487759888183,"convex":10.1845558011024,"yearn":18.19343}