{"stakedao":67.79068562276146,"convex":20.506512475166403,"yearn":42.87534}