{"stakedao":52.73771573389996,"convex":11.2838088620448,"yearn":17.06311}