{"stakedao":47.47258968922219,"convex":22.826504364033596,"yearn":39.22347}