{"stakedao":40.3977855145546,"convex":15.544355628456,"yearn":33.49012}