{"stakedao":42.17106874426965,"convex":22.1622312773232,"yearn":26.03128}