{"stakedao":42.746289417792724,"convex":13.7069864041536,"yearn":16.82417}