{"stakedao":44.52033632340172,"convex":19.54521470268,"yearn":43.22405}