{"stakedao":72.38746079282512,"convex":20.3128755600096,"yearn":32.46559}