{"stakedao":47.7273881347293,"convex":21.0768634635696,"yearn":42.19701}