{"stakedao":45.432855366238904,"convex":22.0156404292224,"yearn":40.98264}