{"stakedao":46.21920022196623,"convex":22.173666224616,"yearn":40.32293}