{"stakedao":58.027334784276576,"convex":12.084361101964799,"yearn":14.19846}