{"stakedao":43.0960025789046,"convex":12.185758698696,"yearn":18.73684}