{"stakedao":51.78590038856659,"convex":25.3087610196528,"yearn":31.34531}