{"stakedao":47.76254478259938,"convex":10.6431621586416,"yearn":20.13012}