{"stakedao":41.15097851302996,"convex":20.999149213622402,"yearn":25.25831}