{"stakedao":45.726876016899524,"convex":20.182031447184,"yearn":42.80941}