{"stakedao":40.40008173128566,"convex":16.293058117963202,"yearn":33.41697}