{"stakedao":64.23104939662845,"convex":17.3425464405936,"yearn":32.51893}