{"stakedao":41.1263161344629,"convex":19.8154556996688,"yearn":25.82977}