{"stakedao":53.15271807853334,"convex":26.9710872760656,"yearn":28.563}