{"stakedao":53.19761479602761,"convex":14.2002952157664,"yearn":22.7533}