{"stakedao":52.20836073171529,"convex":13.8975544565424,"yearn":27.25061}