{"stakedao":42.63716122457531,"convex":12.2055473431728,"yearn":17.66384}