{"stakedao":46.123664079578106,"convex":21.573268848633603,"yearn":42.19701}