{"stakedao":48.57699307261233,"convex":12.2038203498192,"yearn":22.76239}