{"stakedao":43.355161126986175,"convex":23.7251393508096,"yearn":30.7544}