{"stakedao":44.0515965229977,"convex":19.5752788103376,"yearn":42.57558}