{"stakedao":71.31408810700454,"convex":20.283069637584,"yearn":30.73782}