{"stakedao":48.00487991407208,"convex":10.988185800096,"yearn":35.73324}