{"stakedao":44.42110112801766,"convex":23.2998895413216,"yearn":31.88157}