{"stakedao":54.94756440266902,"convex":11.347764898118399,"yearn":22.39226}