{"stakedao":56.361864147177855,"convex":31.0392957419568,"yearn":46.74001}