{"stakedao":40.833439796932815,"convex":19.094488538745598,"yearn":29.60422}