{"stakedao":59.050210632827564,"convex":17.0991876413952,"yearn":35.79244}