{"stakedao":47.429439669443575,"convex":11.389612047436799,"yearn":30.31452}