{"stakedao":53.826888417463074,"convex":13.848840828878402,"yearn":19.19981}