{"stakedao":37.63356199887561,"convex":14.1597002096352,"yearn":24.88211}