{"stakedao":49.732201649802114,"convex":23.2888893146352,"yearn":29.97243}