{"stakedao":45.424831262364286,"convex":12.0956605548336,"yearn":23.47636}