{"stakedao":52.46619582886102,"convex":17.189062589217603,"yearn":37.85132}