{"stakedao":48.6889291534445,"convex":22.499902852257602,"yearn":34.56538}