{"stakedao":40.68444211382372,"convex":16.6902037916544,"yearn":34.88072}