{"stakedao":47.68241272102873,"convex":22.4004288348432,"yearn":38.32037}