{"stakedao":44.6419344416621,"convex":13.910032450728,"yearn":19.11992}