{"stakedao":43.66329956041464,"convex":12.3442150897872,"yearn":19.17771}