{"stakedao":58.14437074342645,"convex":30.746462881219202,"yearn":39.97731}