{"stakedao":50.14725378142495,"convex":31.2795653849712,"yearn":27.75554}