{"stakedao":27.907797892699644,"convex":13.7044530163584,"yearn":25.68304}