{"stakedao":39.765058277618415,"convex":15.6010799425392,"yearn":34.07402}