{"stakedao":53.37332379406077,"convex":27.8172002532096,"yearn":31.64908}