{"stakedao":47.62233734733829,"convex":22.9789681488,"yearn":39.12165}