{"stakedao":66.72075236710191,"convex":20.4768229962672,"yearn":44.85653}