{"stakedao":49.85127078712172,"convex":16.8022425556368,"yearn":20.25703}