{"stakedao":47.50182209547314,"convex":11.469082184020799,"yearn":33.83058}