{"stakedao":40.548300964668194,"convex":16.6843486980576,"yearn":33.49853}