{"stakedao":45.223597460368524,"convex":9.244272751775998,"yearn":25.44211}