{"stakedao":61.2778874560023,"convex":19.1225585967408,"yearn":47.32306}