{"stakedao":41.3568588785592,"convex":14.744311417728,"yearn":20.79354}