{"stakedao":28.9451405478855,"convex":15.778581362380798,"yearn":24.21534}