{"stakedao":47.79093868497514,"convex":22.406403024143998,"yearn":38.11057}