{"stakedao":42.41959457904977,"convex":13.2622546472496,"yearn":17.57438}