{"stakedao":46.02535729563856,"convex":8.9907388306416,"yearn":28.47711}