{"stakedao":52.21984078151291,"convex":9.6006713716656,"yearn":19.18749}