{"stakedao":39.65363486087926,"convex":15.427871083180799,"yearn":25.60773}