{"stakedao":37.376441931457215,"convex":15.414381628560001,"yearn":28.93824}