{"stakedao":37.50058007192029,"convex":15.3640435436928,"yearn":26.78491}