{"stakedao":45.09208765832852,"convex":23.1165454719888,"yearn":36.89995}