{"stakedao":66.53060155757595,"convex":20.4769715529024,"yearn":44.85653}