{"stakedao":38.73718837421585,"convex":16.4052982014624,"yearn":27.95499}