{"stakedao":45.55296820701951,"convex":22.9363710954768,"yearn":33.46545}