{"stakedao":39.32892499993326,"convex":16.9090704024336,"yearn":27.15307}