{"stakedao":53.98698791922498,"convex":15.807244924742399,"yearn":23.9481}