{"stakedao":40.85230392962312,"convex":18.880022745230402,"yearn":29.24838}