{"stakedao":45.80858349529031,"convex":23.0718684649392,"yearn":37.85494}