{"stakedao":37.72176851216213,"convex":23.5198994550912,"yearn":30.14795}