{"stakedao":40.62168168945995,"convex":17.2004903526096,"yearn":31.01668}