{"stakedao":52.407266257733,"convex":24.9646257441648,"yearn":39.47766}