{"stakedao":41.16359846824945,"convex":21.511335436992,"yearn":26.78605}