{"stakedao":37.34985273872474,"convex":15.4024641804672,"yearn":28.22168}