{"stakedao":53.69117656182172,"convex":13.621420831809601,"yearn":32.73616}