{"stakedao":46.73678563853605,"convex":14.332109719694397,"yearn":18.24856}