{"stakedao":49.53504439059172,"convex":17.475975502574396,"yearn":17.61493}