{"stakedao":56.96389933420182,"convex":12.2678185968288,"yearn":23.50012}