{"stakedao":44.348619848320766,"convex":19.5778641883824,"yearn":43.62872}