{"stakedao":42.75627697057621,"convex":28.584042379214402,"yearn":26.85123}