{"stakedao":56.950913148743794,"convex":12.292915497508801,"yearn":23.57968}