{"stakedao":45.419133683387656,"convex":22.864176724060798,"yearn":33.95685}