{"stakedao":40.996329729575365,"convex":19.8360382818672,"yearn":27.25461}