{"stakedao":44.52070371510712,"convex":22.6586755115856,"yearn":49.97062}