{"stakedao":46.09292667414642,"convex":28.378022885193598,"yearn":29.19243}