{"stakedao":42.44876612948916,"convex":21.0923513955072,"yearn":33.1646}