{"stakedao":40.1030837253511,"convex":13.143006687441599,"yearn":17.43112}