{"stakedao":46.21969668891768,"convex":28.3778788192848,"yearn":29.00713}