{"stakedao":40.566064884248185,"convex":20.2055203871424,"yearn":27.70178}