{"stakedao":57.93733130811586,"convex":31.0717093257648,"yearn":48.25265}