{"stakedao":40.306115450452126,"convex":16.2769491097344,"yearn":35.35142}