{"stakedao":53.06912054464669,"convex":27.998037497520002,"yearn":30.97768}