{"stakedao":47.63284618611716,"convex":13.092984315777601,"yearn":24.19977}