{"stakedao":51.72820245097255,"convex":25.717066164216,"yearn":33.83564}