{"stakedao":37.661438775552654,"convex":23.747781318955198,"yearn":30.29492}