{"stakedao":47.9874136706553,"convex":17.4117468693168,"yearn":18.6743}