{"stakedao":52.498473005836864,"convex":14.6460414006432,"yearn":31.07264}