{"stakedao":48.086327237731496,"convex":14.3135668607472,"yearn":17.47551}