{"stakedao":72.83074436329508,"convex":21.1146899557968,"yearn":33.63023}