{"stakedao":57.179172811564435,"convex":31.147673400244802,"yearn":42.88632}