{"stakedao":47.51841247360743,"convex":21.0958070820048,"yearn":42.19701}