{"stakedao":44.22960375929473,"convex":19.5860563518672,"yearn":43.85216}