{"stakedao":40.89293224142573,"convex":16.7549470356672,"yearn":34.22439}