{"stakedao":41.12903741834556,"convex":21.511335436992,"yearn":26.78605}