{"stakedao":68.31768773696652,"convex":24.338295829727997,"yearn":35.79054}