{"stakedao":37.6481662211789,"convex":14.106676329791998,"yearn":25.32572}