{"stakedao":55.06443588351231,"convex":12.283292848449598,"yearn":25.15033}