{"stakedao":54.10162813299596,"convex":14.185856398248001,"yearn":23.05785}