{"stakedao":47.415748408021585,"convex":11.387690659872,"yearn":30.37145}