{"stakedao":47.50336912901197,"convex":13.0475469789216,"yearn":24.23591}