{"stakedao":47.443670803754145,"convex":13.0475469789216,"yearn":24.23591}