{"stakedao":46.33112765045073,"convex":28.3408741804464,"yearn":31.75492}