{"stakedao":47.64903480154976,"convex":22.3569427123008,"yearn":37.74044}