{"stakedao":56.31724475821251,"convex":12.3765039928656,"yearn":16.74755}