{"stakedao":27.919151441331543,"convex":13.690624120848,"yearn":25.62312}