{"stakedao":47.13584700374638,"convex":14.3323872207264,"yearn":18.27393}