{"stakedao":54.11859578427428,"convex":11.3956032724848,"yearn":16.82751}