{"stakedao":42.51747215624126,"convex":16.4391256955232,"yearn":18.97025}