{"stakedao":42.602195025433254,"convex":15.2768792002176,"yearn":18.4423}