{"stakedao":73.74127956580304,"convex":20.3166712834272,"yearn":32.51147}