{"stakedao":42.26821130985948,"convex":13.7947412560752,"yearn":16.17357}