{"stakedao":38.87461142782632,"convex":15.963778736208,"yearn":27.8517}