{"stakedao":55.58522840277074,"convex":11.4073142260032,"yearn":14.81441}