{"stakedao":52.915760901989785,"convex":11.2854805790976,"yearn":16.78913}