{"stakedao":42.77290061648724,"convex":12.4595264864016,"yearn":19.2613}