{"stakedao":54.282563967889196,"convex":10.6076316196656,"yearn":15.26303}