{"stakedao":42.32204248191223,"convex":23.5417935469968,"yearn":29.43448}