{"stakedao":74.11129464539422,"convex":24.487030555027196,"yearn":42.61619}