{"stakedao":42.41864567002935,"convex":13.262661310276801,"yearn":17.78072}