{"stakedao":63.022051330741625,"convex":20.0234820658896,"yearn":39.5244}