{"stakedao":48.04415190788342,"convex":11.0045290829616,"yearn":34.6457}