{"stakedao":53.9555459706485,"convex":10.763929043582399,"yearn":23.75377}