{"stakedao":37.57876376464986,"convex":24.309073909871998,"yearn":29.74534}