{"stakedao":47.78864985505717,"convex":10.643403894696,"yearn":20.06776}