{"stakedao":54.64222455583908,"convex":11.3424755635152,"yearn":22.16479}