{"stakedao":55.99052437243519,"convex":11.387022569712,"yearn":14.63021}