{"stakedao":65.47604622817397,"convex":18.828898792704,"yearn":41.94741}