{"stakedao":42.55074032428894,"convex":15.2913970974096,"yearn":15.17585}