{"stakedao":37.56475290940595,"convex":14.0872140356112,"yearn":26.50852}