{"stakedao":47.903417937607685,"convex":11.5408003618368,"yearn":33.52302}