{"stakedao":39.56331086655819,"convex":15.6925643017392,"yearn":25.60773}