{"stakedao":41.04454497690224,"convex":19.791195906340796,"yearn":25.19979}