{"stakedao":44.08353185392226,"convex":22.4993938706784,"yearn":31.97819}