{"stakedao":47.31933294937121,"convex":21.5040071233872,"yearn":42.19701}