{"stakedao":61.35652022417156,"convex":18.8115759322992,"yearn":48.29392}