{"stakedao":51.622441984760734,"convex":22.849625468088,"yearn":34.56538}