{"stakedao":48.865476028974356,"convex":31.3360158057408,"yearn":27.19807}