{"stakedao":48.467724642728115,"convex":29.3355987095808,"yearn":36.29189}