{"stakedao":53.98370694768463,"convex":11.4047723203344,"yearn":16.47365}