{"stakedao":48.665419209800284,"convex":29.322086091768,"yearn":37.03491}