{"stakedao":43.62992379922561,"convex":26.830703113272,"yearn":26.74193}