{"stakedao":64.72418956674042,"convex":18.9465407754048,"yearn":42.63159}