{"stakedao":46.537378064954,"convex":12.2024548473264,"yearn":25.08476}