{"stakedao":41.80499696617755,"convex":20.720820049415998,"yearn":25.89187}