{"stakedao":53.06619393911498,"convex":24.351502128912,"yearn":37.3436}