{"stakedao":54.4285742377712,"convex":10.7900928702144,"yearn":23.66973}