{"stakedao":66.89467153450437,"convex":20.7165396271392,"yearn":42.87534}