{"stakedao":54.9693033383369,"convex":10.5502239740736,"yearn":14.72806}