{"stakedao":46.82510738077738,"convex":10.1676649145184,"yearn":19.66358}