{"stakedao":54.823375259928895,"convex":10.5333762318912,"yearn":22.13372}