{"stakedao":52.66402562147918,"convex":28.1215393262928,"yearn":29.57393}