{"stakedao":41.64275747462064,"convex":13.7998992558528,"yearn":15.82611}