{"stakedao":53.049311173237335,"convex":14.263452552182398,"yearn":22.04936}