{"stakedao":40.694143004352625,"convex":20.8558016949024,"yearn":27.0576}