{"stakedao":45.72025549650075,"convex":20.573915241513603,"yearn":45.77693}