{"stakedao":48.03259237442339,"convex":14.3227594912176,"yearn":17.79851}