{"stakedao":70.20009706918049,"convex":20.587154391748804,"yearn":37.43565}