{"stakedao":55.256128395789034,"convex":10.533787899681599,"yearn":16.34053}