{"stakedao":47.89667855431472,"convex":31.351992340694398,"yearn":29.74557}