{"stakedao":39.76416968279905,"convex":15.605602873502399,"yearn":34.18323}