{"stakedao":47.223144855343264,"convex":21.5085650183136,"yearn":42.19701}