{"stakedao":65.81461031051111,"convex":19.6152142851792,"yearn":38.98076}