{"stakedao":44.38716007018392,"convex":19.5454218878928,"yearn":42.9815}