{"stakedao":64.0306466660156,"convex":18.491628500755198,"yearn":30.01492}