{"stakedao":44.79652561174329,"convex":9.0120519821232,"yearn":26.58161}