{"stakedao":57.61541229416255,"convex":11.0105479366992,"yearn":15.56249}