{"stakedao":66.2530045526104,"convex":19.597760521992,"yearn":41.55229}