{"stakedao":42.09701914790149,"convex":13.1899936907232,"yearn":17.11728}