{"stakedao":39.34819555951307,"convex":15.696186775833601,"yearn":25.2519}