{"stakedao":40.86320995976041,"convex":19.1346097953168,"yearn":29.10117}