{"stakedao":42.08721238447387,"convex":14.2141264953984,"yearn":17.20916}