{"stakedao":43.44642397005499,"convex":12.34173864024,"yearn":19.02076}