{"stakedao":41.49583379285602,"convex":20.6986586678352,"yearn":29.53994}