{"stakedao":54.30100917271862,"convex":12.228923907748799,"yearn":16.14068}