{"stakedao":80.06436110720361,"convex":24.918213153355204,"yearn":39.73009}