{"stakedao":45.74199548942839,"convex":10.7235429666048,"yearn":26.84933}