{"stakedao":67.6389854005377,"convex":20.1466017193392,"yearn":31.68482}