{"stakedao":40.90839642340198,"convex":16.7683570164144,"yearn":34.32706}