{"stakedao":39.40040906587332,"convex":15.7363311672144,"yearn":25.02911}