{"stakedao":54.07102047376624,"convex":12.352338608860798,"yearn":16.3547}