{"stakedao":43.348525479888735,"convex":19.5565119574896,"yearn":43.16095}