{"stakedao":42.56404047917788,"convex":13.2211317694752,"yearn":17.72875}