{"stakedao":44.54472181693921,"convex":22.122655483176,"yearn":44.49135}