{"stakedao":42.5644122133863,"convex":20.7357718535856,"yearn":31.98431}