{"stakedao":42.52129462098344,"convex":13.6995316469568,"yearn":16.33398}