{"stakedao":63.0559122245776,"convex":20.1845592468,"yearn":45.21299}