{"stakedao":40.34575188537811,"convex":18.8990297352576,"yearn":27.3362}