{"stakedao":41.64267460902649,"convex":13.270909730831999,"yearn":14.82744}