{"stakedao":40.64850169843746,"convex":17.0609635558944,"yearn":30.5725}