{"stakedao":51.33377270900873,"convex":13.756728922199999,"yearn":16.86168}