{"stakedao":54.13372200965672,"convex":12.265811737243201,"yearn":27.03388}