{"stakedao":48.051513090333685,"convex":14.322891611289599,"yearn":17.79851}