{"stakedao":43.056973519784464,"convex":12.074296696617601,"yearn":22.47568}