{"stakedao":45.86987809495424,"convex":8.99047114992,"yearn":27.60862}