{"stakedao":56.950581816343146,"convex":12.453321582878399,"yearn":14.19385}