{"stakedao":43.049432423089314,"convex":24.8903643330144,"yearn":28.17887}