{"stakedao":63.4453816594719,"convex":17.4169598899536,"yearn":33.85036}