{"stakedao":65.11507902227144,"convex":18.932606858707203,"yearn":43.68149}