{"stakedao":40.29464062713817,"convex":16.241616288863998,"yearn":34.62007}