{"stakedao":40.76856872550069,"convex":16.5259881669456,"yearn":33.65517}