{"stakedao":44.04941406364424,"convex":23.7268634239296,"yearn":32.97323}