{"stakedao":51.95764154852333,"convex":28.177898119214397,"yearn":29.18873}