{"stakedao":39.065130460832215,"convex":16.0606026321696,"yearn":27.64107}