{"stakedao":40.26568355760279,"convex":18.8793582911712,"yearn":29.24838}