{"stakedao":43.33034974649287,"convex":26.4828282074496,"yearn":26.57672}