{"stakedao":48.887208967474706,"convex":29.494991852323203,"yearn":34.95898}