{"stakedao":41.73047649513738,"convex":17.4879364987296,"yearn":33.05793}