{"stakedao":38.73120957856462,"convex":16.420740157065598,"yearn":29.43448}