{"stakedao":44.27737517504143,"convex":23.865581379009598,"yearn":34.22964}