{"stakedao":49.017670381982995,"convex":29.322316017590403,"yearn":34.02821}