{"stakedao":54.44230684371048,"convex":11.720246572108799,"yearn":16.7033}