{"stakedao":45.654049358687274,"convex":22.0418760790944,"yearn":41.8901}