{"stakedao":47.333687271606586,"convex":8.982104258073601,"yearn":29.74897}