{"stakedao":65.47162819543911,"convex":20.3552903194848,"yearn":42.42153}