{"stakedao":42.17204574964957,"convex":22.7503011110688,"yearn":26.09722}