{"stakedao":46.46289166273961,"convex":13.259594636107199,"yearn":26.29676}