{"stakedao":43.01135310263933,"convex":16.445514441312,"yearn":18.82281}