{"stakedao":43.98573616817633,"convex":14.1768720977472,"yearn":16.74948}