{"stakedao":38.96771044554778,"convex":16.3722573130032,"yearn":27.95499}