{"stakedao":40.66357019377518,"convex":19.106351971977602,"yearn":28.76108}