{"stakedao":56.42169651690774,"convex":31.1177781489456,"yearn":43.4711}