{"stakedao":46.56907804428748,"convex":20.1541291890912,"yearn":44.07425}