{"stakedao":61.76284346245759,"convex":18.816696618681597,"yearn":49.05331}