{"stakedao":62.415275115429786,"convex":19.7558572986144,"yearn":40.38777}