{"stakedao":73.00900652803453,"convex":24.463830566822402,"yearn":42.86027}