{"stakedao":57.08501945080111,"convex":31.147206506611198,"yearn":43.03236}