{"stakedao":43.05521783705109,"convex":22.180800270153597,"yearn":28.1515}