{"stakedao":39.09663880192011,"convex":16.312574433312,"yearn":27.95499}