{"stakedao":40.54865322495857,"convex":17.1925351254,"yearn":29.70657}