{"stakedao":45.48357231801062,"convex":20.468239969291197,"yearn":47.25977}