{"stakedao":55.77409275536013,"convex":11.603509593767999,"yearn":13.92704}