{"stakedao":43.96433989411311,"convex":27.395253776649604,"yearn":26.45429}