{"stakedao":41.116653172403,"convex":19.8122843165184,"yearn":25.77107}