{"stakedao":47.277486885177225,"convex":13.0353209037648,"yearn":24.47951}