{"stakedao":43.464951040480166,"convex":27.7524174598992,"yearn":27.15918}