{"stakedao":55.34643479308542,"convex":10.5337879469856,"yearn":0}