{"stakedao":41.396835431898864,"convex":17.5354509479184,"yearn":32.25455}