{"stakedao":45.95453354258612,"convex":21.6473523147504,"yearn":42.19701}