{"stakedao":47.470662573179474,"convex":10.188691224004799,"yearn":18.57707}