{"stakedao":50.639107380282546,"convex":9.5718458845584,"yearn":17.77646}