{"stakedao":41.042184604565094,"convex":19.8162558216,"yearn":26.49661}