{"stakedao":42.31234868806881,"convex":12.415190285750402,"yearn":17.39775}