{"stakedao":65.37592739429147,"convex":18.932606858707203,"yearn":43.56394}