{"stakedao":43.960867437919006,"convex":12.3763849223904,"yearn":19.51735}