{"stakedao":47.43907065463008,"convex":31.4136704589552,"yearn":27.97521}