{"stakedao":28.939626313071745,"convex":15.7654752530688,"yearn":25.81229}