{"stakedao":37.52169712250427,"convex":24.4494051867936,"yearn":29.06934}