{"stakedao":45.88249281046466,"convex":21.814006981003203,"yearn":39.81253}