{"stakedao":43.25938833517312,"convex":13.7251681002144,"yearn":17.19297}