{"stakedao":55.520402345347044,"convex":12.1791082703328,"yearn":15.96825}