{"stakedao":44.503819957953375,"convex":22.611822611990398,"yearn":45.24638}