{"stakedao":45.34160972585583,"convex":13.2214738562352,"yearn":25.01082}