{"stakedao":51.408913007486284,"convex":25.0850491421472,"yearn":33.47091}