{"stakedao":39.04071789661655,"convex":16.0594489412208,"yearn":27.64107}