{"stakedao":40.73672713918021,"convex":17.156279400336,"yearn":30.69558}