{"stakedao":71.17549820595659,"convex":20.288895421622403,"yearn":32.51147}