{"stakedao":38.94270787700504,"convex":15.968786101128002,"yearn":27.8517}