{"stakedao":37.574340701979565,"convex":23.7257164154592,"yearn":30.46071}