{"stakedao":39.068085903268724,"convex":18.0548786221344,"yearn":29.43448}