{"stakedao":51.794455222525684,"convex":25.1014761594,"yearn":34.52436}