{"stakedao":46.906513364454256,"convex":32.379143626224,"yearn":27.17909}