{"stakedao":64.79750902722175,"convex":18.9504214536528,"yearn":42.51575}