{"stakedao":48.15667479848946,"convex":11.160003518193601,"yearn":33.13978}