{"stakedao":54.56170972352604,"convex":10.5786201584592,"yearn":16.5655}