{"stakedao":74.58246009908619,"convex":20.3669587435536,"yearn":0}