{"stakedao":39.124070788841834,"convex":16.3668736920672,"yearn":26.58268}