{"stakedao":50.04120072722837,"convex":9.0650231495424,"yearn":20.3093}