{"stakedao":56.706132173950984,"convex":30.9931603084368,"yearn":45.91837}