{"stakedao":42.074029346611724,"convex":14.2407084988512,"yearn":17.20916}