{"stakedao":48.98396961399213,"convex":22.7247227818128,"yearn":34.56538}