{"stakedao":40.23712485488556,"convex":13.1616510260832,"yearn":19.08316}