{"stakedao":41.28207973159368,"convex":21.509815922136,"yearn":27.20542}