{"stakedao":53.438460203349585,"convex":14.6176227626256,"yearn":21.96737}