{"stakedao":42.94750229243364,"convex":28.587713882328003,"yearn":27.60557}