{"stakedao":66.40192695399855,"convex":19.5926916555648,"yearn":41.55229}