{"stakedao":53.592774213467486,"convex":26.72322867756,"yearn":27.74002}