{"stakedao":53.5232808081837,"convex":28.1037110352624,"yearn":30.08465}