{"stakedao":46.00727698317104,"convex":12.2138008946352,"yearn":24.86092}