{"stakedao":48.886859134445395,"convex":29.2204725238944,"yearn":36.85089}