{"stakedao":38.85207980645172,"convex":18.1040239618704,"yearn":29.43448}