{"stakedao":42.70937485416616,"convex":21.033634920768,"yearn":30.39965}