{"stakedao":52.658000947396694,"convex":24.349571378308802,"yearn":38.16242}