{"stakedao":52.99926099153197,"convex":15.938342514475199,"yearn":24.14969}