{"stakedao":54.2171839424587,"convex":10.6092930149856,"yearn":15.53791}