{"stakedao":40.609597750748264,"convex":19.1306058428448,"yearn":28.76108}