{"stakedao":47.797056338005355,"convex":21.0767831729136,"yearn":42.19701}