{"stakedao":44.297772831827125,"convex":23.866276631126397,"yearn":34.33394}