{"stakedao":67.26108706825309,"convex":20.3264203603104,"yearn":42.40491}