{"stakedao":46.880075039514004,"convex":26.0599752506448,"yearn":28.82448}