{"stakedao":42.018936626096455,"convex":20.6489265251328,"yearn":28.71249}