{"stakedao":37.49240671410461,"convex":23.7292600054032,"yearn":30.68118}