{"stakedao":57.871905169646425,"convex":12.519759514766399,"yearn":15.22097}