{"stakedao":47.76594846082848,"convex":10.9881580673376,"yearn":35.73324}