{"stakedao":37.62915382259858,"convex":14.1659430131232,"yearn":26.76968}