{"stakedao":45.814096374463674,"convex":21.7257199496208,"yearn":42.59521}