{"stakedao":52.42218067693942,"convex":28.119727766001603,"yearn":29.40156}