{"stakedao":48.2846546067424,"convex":10.853665718659201,"yearn":29.97511}