{"stakedao":44.49263346701944,"convex":10.648559469355199,"yearn":25.64361}