{"stakedao":45.27595640170528,"convex":10.7190130251888,"yearn":26.11073}