{"stakedao":43.50049188877238,"convex":19.5576584708448,"yearn":43.42078}