{"stakedao":51.97714991235695,"convex":13.595621539262401,"yearn":32.05846}