{"stakedao":52.612317716449006,"convex":25.7409252516672,"yearn":32.99233}