{"stakedao":46.56048186405128,"convex":28.3695158063664,"yearn":31.9412}