{"stakedao":55.19224559014059,"convex":10.4327488010448,"yearn":16.13151}