{"stakedao":38.962554004234946,"convex":16.3038661579584,"yearn":27.95499}