{"stakedao":42.43010752788494,"convex":12.4136654980752,"yearn":17.46297}