{"stakedao":45.528608615100396,"convex":20.949790756752,"yearn":43.56309}