{"stakedao":43.03138547123778,"convex":25.4773971653184,"yearn":30.62064}