{"stakedao":52.78292546597489,"convex":24.3474354797184,"yearn":37.76035}