{"stakedao":41.3749628136017,"convex":17.531376386342398,"yearn":34.13265}