{"stakedao":45.83183307404019,"convex":20.4907655727504,"yearn":49.35587}