{"stakedao":43.06318655639097,"convex":13.7271502008864,"yearn":17.19297}