{"stakedao":47.45644788866501,"convex":22.9815088529472,"yearn":38.65228}