{"stakedao":46.91209133270603,"convex":13.2608700497088,"yearn":25.65758}