{"stakedao":48.31810732374876,"convex":12.200620991083198,"yearn":23.13978}