{"stakedao":68.0147121655674,"convex":23.556128226336,"yearn":36.38978}