{"stakedao":43.413273609065186,"convex":23.725989734817603,"yearn":30.7544}