{"stakedao":42.575663291158115,"convex":20.7070678999152,"yearn":32.3009}