{"stakedao":47.696686454281576,"convex":22.4057848050144,"yearn":37.99543}