{"stakedao":42.56391710231499,"convex":20.707309913486398,"yearn":32.40626}