{"stakedao":39.01671521624509,"convex":16.3112884173072,"yearn":27.95499}