{"stakedao":51.964402874453306,"convex":10.995793781256001,"yearn":17.13189}