{"stakedao":46.61987754606456,"convex":21.57574678668,"yearn":42.19701}