{"stakedao":56.77580996021463,"convex":11.602153630915199,"yearn":14.22352}