{"stakedao":42.172022138336864,"convex":23.6089125145728,"yearn":29.43448}