{"stakedao":66.11431752221765,"convex":19.5538135071168,"yearn":40.68387}