{"stakedao":38.89927639733594,"convex":16.412742069278398,"yearn":27.95499}