{"stakedao":51.13764158787581,"convex":17.5254024020256,"yearn":17.15341}