{"stakedao":42.38365509606062,"convex":15.8956986838032,"yearn":16.51586}