{"stakedao":40.695734518793834,"convex":17.200499466513598,"yearn":31.08622}