{"stakedao":42.73250911537676,"convex":12.385047984580801,"yearn":21.39601}