{"stakedao":43.069175617461724,"convex":16.458291220175997,"yearn":18.32643}