{"stakedao":48.75491945964032,"convex":21.8323974737664,"yearn":39.02482}