{"stakedao":48.148071660914404,"convex":11.0597040964368,"yearn":19.79849}