{"stakedao":52.224138969006376,"convex":10.9665393982416,"yearn":17.35021}