{"stakedao":44.40367343074071,"convex":19.5849023297904,"yearn":41.09322}