{"stakedao":45.27520807832588,"convex":22.0622781681504,"yearn":40.00364}