{"stakedao":47.66729903726334,"convex":29.281763380075198,"yearn":35.63259}