{"stakedao":54.766407341780145,"convex":10.768927698259201,"yearn":16.03899}