{"stakedao":53.87704821567728,"convex":27.818023355424,"yearn":28.56975}