{"stakedao":66.91946683054522,"convex":18.3207875661072,"yearn":31.17267}