{"stakedao":39.4280522689745,"convex":15.7211609604768,"yearn":32.85278}