{"stakedao":48.05886548032947,"convex":26.0300662023456,"yearn":27.76241}