{"stakedao":47.72844654463593,"convex":11.003105554228801,"yearn":34.7378}