{"stakedao":43.101211318702276,"convex":16.453074216542397,"yearn":18.58358}