{"stakedao":42.83691871647167,"convex":16.4410897323744,"yearn":18.97025}