{"stakedao":46.42687643937134,"convex":28.3945333277808,"yearn":29.80209}