{"stakedao":37.49127593226893,"convex":15.3655558620336,"yearn":26.31747}