{"stakedao":42.524273339907666,"convex":23.0979951800064,"yearn":29.43448}