{"stakedao":47.91194559282645,"convex":12.7009063889856,"yearn":23.47836}