{"stakedao":39.083167580872455,"convex":16.060500452375997,"yearn":27.64107}