{"stakedao":28.96529908917779,"convex":15.7430968754256,"yearn":25.81229}