{"stakedao":49.08185958166042,"convex":16.823781542721598,"yearn":19.85088}