{"stakedao":65.99142243794958,"convex":18.3207875661072,"yearn":31.25067}