{"stakedao":49.72317724819483,"convex":17.4411393484752,"yearn":19.4674}