{"stakedao":48.286714741832796,"convex":17.3998845366912,"yearn":18.9459}