{"stakedao":37.50160479859619,"convex":15.3654293238336,"yearn":26.78491}