{"stakedao":40.64771653460575,"convex":19.130573540519997,"yearn":28.76108}