{"stakedao":47.42543346971705,"convex":11.387222917919999,"yearn":30.428}