{"stakedao":42.70634816624367,"convex":24.9105940242192,"yearn":29.02844}