{"stakedao":54.62380008360903,"convex":9.7989644132352,"yearn":19.89889}