{"stakedao":53.53812689533195,"convex":10.7589919251024,"yearn":24.1445}