{"stakedao":54.75471503528698,"convex":10.7603627887152,"yearn":16.01376}