{"stakedao":40.867728126759076,"convex":16.7552817871536,"yearn":34.05334}