{"stakedao":48.633985319239116,"convex":31.33613137572,"yearn":27.11123}