{"stakedao":42.42795561006581,"convex":13.1774101991568,"yearn":15.95773}