{"stakedao":39.45410341961668,"convex":16.9084281497184,"yearn":26.84872}