{"stakedao":54.11283055171576,"convex":10.6076316196656,"yearn":15.36528}