{"stakedao":52.787440665879984,"convex":11.2882391276256,"yearn":16.5015}