{"stakedao":40.2790230511227,"convex":13.159983389788799,"yearn":18.94601}