{"stakedao":71.98082426075274,"convex":20.343574701792,"yearn":32.51147}