{"stakedao":46.400532697415045,"convex":11.384335447070399,"yearn":31.52919}