{"stakedao":48.862621261499285,"convex":17.5349396200608,"yearn":17.82946}