{"stakedao":63.07006688228424,"convex":20.1881377250208,"yearn":45.54567}