{"stakedao":42.76230385363005,"convex":21.026571396033603,"yearn":30.27368}