{"stakedao":43.44538750626299,"convex":25.1306720273664,"yearn":26.46087}