{"stakedao":45.30776543361525,"convex":22.936867210368,"yearn":33.60236}