{"stakedao":47.75095345026471,"convex":21.118580760254403,"yearn":42.19701}