{"stakedao":48.88738478564304,"convex":22.719649229136,"yearn":34.56538}