{"stakedao":42.74682177106273,"convex":25.367744194344,"yearn":29.55465}