{"stakedao":46.622646605607855,"convex":12.197536073337602,"yearn":23.06925}