{"stakedao":47.613841758811304,"convex":31.3445460414528,"yearn":29.30312}