{"stakedao":42.704267488368124,"convex":24.9366432868704,"yearn":26.92878}