{"stakedao":46.57609707852022,"convex":28.373515687540802,"yearn":30.55616}