{"stakedao":42.747395170348724,"convex":13.21611145272,"yearn":16.84109}