{"stakedao":46.18431756681158,"convex":20.2778539805376,"yearn":41.99666}