{"stakedao":52.1605036368812,"convex":14.7645461673072,"yearn":30.95609}