{"stakedao":54.206361738154044,"convex":10.4409915703488,"yearn":15.87112}