{"stakedao":39.64676134118177,"convex":15.6050913248928,"yearn":35.70642}