{"stakedao":45.89533579899273,"convex":21.6458430617088,"yearn":42.19701}