{"stakedao":37.568409102233254,"convex":23.725711111103998,"yearn":30.44229}