{"stakedao":46.401436031756205,"convex":28.3945333277808,"yearn":29.94777}