{"stakedao":45.45525555490815,"convex":22.936867210368,"yearn":33.55667}