{"stakedao":46.41862874998099,"convex":20.0400921811584,"yearn":43.47107}