{"stakedao":28.927586388021414,"convex":15.748133628744,"yearn":25.81229}