{"stakedao":44.301104224911555,"convex":23.223666486902403,"yearn":35.95222}