{"stakedao":40.12441735569435,"convex":13.062986449488001,"yearn":16.86345}