{"stakedao":53.27083236459832,"convex":9.590165348788801,"yearn":19.31839}