{"stakedao":45.44937819548352,"convex":22.0156956077616,"yearn":40.98264}