{"stakedao":50.01538627163701,"convex":31.279687697347203,"yearn":27.71823}