{"stakedao":41.77646498712867,"convex":20.720820049415998,"yearn":25.9251}