{"stakedao":47.73705779410018,"convex":22.408458726686398,"yearn":38.03824}