{"stakedao":55.73136625748811,"convex":10.67086572732,"yearn":16.21828}