{"stakedao":58.52162871454741,"convex":16.9172042716224,"yearn":36.50029}