{"stakedao":45.29223641644067,"convex":22.93621116696,"yearn":33.82799}