{"stakedao":42.37326736872472,"convex":13.262661310276801,"yearn":17.78072}