{"stakedao":67.2702684137735,"convex":23.5372577367312,"yearn":36.18087}