{"stakedao":38.895127642093065,"convex":17.6648133228624,"yearn":29.43448}