{"stakedao":69.5566222623413,"convex":23.6121917949936,"yearn":36.61276}