{"stakedao":70.10538283903196,"convex":20.587908218832,"yearn":37.28971}