{"stakedao":40.7710464110973,"convex":20.855585165572798,"yearn":27.10647}