{"stakedao":39.60396569657279,"convex":15.467557224945601,"yearn":25.60773}