{"stakedao":57.308687093681655,"convex":31.150404849887998,"yearn":42.74029}