{"stakedao":67.58723897349253,"convex":23.633231933016,"yearn":36.18087}