{"stakedao":70.20872696241628,"convex":20.587908218832,"yearn":37.36292}