{"stakedao":48.977153886433896,"convex":12.6974704408704,"yearn":23.26827}