{"stakedao":47.884259264126015,"convex":11.0599356495168,"yearn":19.43104}