{"stakedao":54.437955051395,"convex":11.720228700657598,"yearn":16.72909}