{"stakedao":42.38810697285242,"convex":22.17509745444,"yearn":25.63563}