{"stakedao":52.26897212760059,"convex":24.3273099235392,"yearn":0}