{"stakedao":42.89120137582165,"convex":14.813618365598401,"yearn":18.8381}