{"stakedao":51.211352342489675,"convex":13.8632423676912,"yearn":26.87601}