{"stakedao":48.65879416126813,"convex":22.889160861465598,"yearn":28.3789}