{"stakedao":51.99402992155149,"convex":24.3273099235392,"yearn":41.81435}