{"stakedao":47.54353278218881,"convex":26.007375810672,"yearn":27.26474}