{"stakedao":45.742603631445355,"convex":22.041332720121602,"yearn":42.30726}