{"stakedao":42.47782502608139,"convex":23.042866338388798,"yearn":29.43448}