{"stakedao":41.13895666807863,"convex":14.7602890501344,"yearn":20.20993}