{"stakedao":41.36609040552854,"convex":17.531376386342398,"yearn":34.13265}