{"stakedao":42.4796638418451,"convex":13.7385542019024,"yearn":17.83539}