{"stakedao":54.89554810332178,"convex":10.533427632417599,"yearn":22.22427}