{"stakedao":39.29247866139683,"convex":16.062683374296,"yearn":26.79239}