{"stakedao":44.462787735170735,"convex":22.605593829408,"yearn":49.23747}