{"stakedao":44.56503506088807,"convex":22.6115451551088,"yearn":44.9794}