{"stakedao":46.52299499637112,"convex":28.399131434260802,"yearn":31.98738}