{"stakedao":44.71699219697551,"convex":22.120932740875197,"yearn":47.21755}