{"stakedao":55.77795158819633,"convex":10.670492965492802,"yearn":14.34849}