{"stakedao":47.05882262464411,"convex":13.2338111525568,"yearn":24.46054}