{"stakedao":54.568812941140735,"convex":10.5996301102224,"yearn":15.72062}