{"stakedao":28.93430727373297,"convex":15.726110050022399,"yearn":23.79209}