{"stakedao":28.91277308240666,"convex":15.7284505857168,"yearn":23.71819}