{"stakedao":56.585320346953935,"convex":11.3853647758032,"yearn":14.53729}