{"stakedao":41.10327591791169,"convex":19.8361955014416,"yearn":27.12067}