{"stakedao":53.065505497426486,"convex":17.1983948894784,"yearn":37.34726}