{"stakedao":52.43506475294454,"convex":28.139536416916805,"yearn":29.36596}