{"stakedao":41.26440589022151,"convex":20.9977040984976,"yearn":24.70075}