{"stakedao":65.54816323344502,"convex":19.0833544102032,"yearn":32.46626}