{"stakedao":42.756901389238124,"convex":13.2162699400416,"yearn":16.6449}