{"stakedao":56.796252213208376,"convex":11.6374259089728,"yearn":14.42149}