{"stakedao":46.62163046700971,"convex":32.2231529088288,"yearn":27.48833}