{"stakedao":53.41059793516527,"convex":13.7024056456272,"yearn":33.17523}