{"stakedao":45.69274492251389,"convex":10.7069031034272,"yearn":27.75412}