{"stakedao":63.6097332934266,"convex":19.1242491439392,"yearn":46.115}