{"stakedao":63.40168409528253,"convex":18.622225866456,"yearn":43.244}