{"stakedao":44.66881490541475,"convex":10.622898569390399,"yearn":25.49463}