{"stakedao":52.657591391578606,"convex":11.347739221507199,"yearn":22.35436}