{"stakedao":43.361564879304325,"convex":27.7500327864192,"yearn":27.15918}