{"stakedao":47.06700944877027,"convex":10.1644935124464,"yearn":19.608}