{"stakedao":40.92891507282563,"convex":15.120248838134401,"yearn":20.14902}