{"stakedao":52.297355459806624,"convex":9.5902832492784,"yearn":19.20895}