{"stakedao":43.79681879384093,"convex":26.7692224229856,"yearn":26.74047}