{"stakedao":38.9635358288575,"convex":18.0629141368464,"yearn":29.43448}