{"stakedao":59.4404419088619,"convex":17.054092924257603,"yearn":35.79244}