{"stakedao":46.944500599606485,"convex":11.165879189030399,"yearn":32.1811}