{"stakedao":68.42599124148424,"convex":23.640135185491204,"yearn":36.61276}