{"stakedao":39.904292496326896,"convex":16.4360223197568,"yearn":19.32371}