{"stakedao":61.58561120805902,"convex":18.8169638799744,"yearn":49.01461}