{"stakedao":42.180622497657474,"convex":14.213911687934399,"yearn":17.20916}