{"stakedao":42.751953097413164,"convex":13.699928363529601,"yearn":16.70792}