{"stakedao":46.8903373174453,"convex":28.3744414930464,"yearn":29.88805}