{"stakedao":44.92050487736887,"convex":9.012398020344001,"yearn":25.93529}