{"stakedao":37.631586758672015,"convex":15.3372641343408,"yearn":27.83607}