{"stakedao":39.319791032241675,"convex":16.8857106938496,"yearn":26.40047}