{"stakedao":54.74173746080125,"convex":10.581604088472,"yearn":16.62115}