{"stakedao":48.46582322366203,"convex":13.060329245049601,"yearn":23.82859}