{"stakedao":40.498599518868915,"convex":19.1710179212544,"yearn":28.76108}