{"stakedao":40.20648500640135,"convex":18.8990297352576,"yearn":27.3362}