{"stakedao":57.321339915674955,"convex":31.1125709593152,"yearn":47.41314}