{"stakedao":42.177999248669046,"convex":15.5362404758832,"yearn":17.36443}