{"stakedao":55.03867180561497,"convex":9.789214797086402,"yearn":20.05198}