{"stakedao":52.17814419569153,"convex":13.8935732541408,"yearn":27.19411}