{"stakedao":50.72698388304747,"convex":24.9046347798288,"yearn":38.01825}