{"stakedao":46.58132930493111,"convex":20.1542038474176,"yearn":44.01231}