{"stakedao":51.83143345939708,"convex":13.7634557055264,"yearn":27.9006}