{"stakedao":43.231233245751284,"convex":23.6613496135248,"yearn":31.1563}