{"stakedao":54.610397489936716,"convex":10.4929878559392,"yearn":16.41629}