{"stakedao":43.029963602261084,"convex":16.4582842065696,"yearn":17.99296}