{"stakedao":64.03422873955066,"convex":17.3482850149776,"yearn":32.35461}