{"stakedao":44.445143124785396,"convex":22.6062866879424,"yearn":48.6217}