{"stakedao":67.84302220055696,"convex":20.506512475166403,"yearn":42.87534}