{"stakedao":42.38884968916811,"convex":22.9838057995824,"yearn":29.43448}