{"stakedao":67.68220366751399,"convex":20.506512475166403,"yearn":42.87534}