{"stakedao":48.457284180295915,"convex":29.328404241067197,"yearn":36.37945}