{"stakedao":43.24350506533247,"convex":25.1277761647872,"yearn":28.82311}