{"stakedao":51.14206286892666,"convex":25.2090450832752,"yearn":31.368}