{"stakedao":40.268929725906915,"convex":16.1710167434256,"yearn":34.94914}