{"stakedao":46.53225775492677,"convex":20.309078250331197,"yearn":44.07425}