{"stakedao":47.93746064409576,"convex":10.987344924192,"yearn":35.10435}