{"stakedao":41.14409780757444,"convex":14.7551454560016,"yearn":20.20993}