{"stakedao":55.95052153853885,"convex":10.429051728542401,"yearn":16.02571}