{"stakedao":44.805914195302016,"convex":21.7529287878384,"yearn":50.20835}