{"stakedao":48.5605638030473,"convex":29.3398411341312,"yearn":36.72864}