{"stakedao":39.462481836725345,"convex":15.567730956820801,"yearn":30.79709}