{"stakedao":46.015567022103966,"convex":14.329680321859199,"yearn":18.55208}