{"stakedao":28.92632584171382,"convex":15.7285311318144,"yearn":23.73702}