{"stakedao":52.56764291711936,"convex":28.115166622867203,"yearn":29.90665}