{"stakedao":52.76103279419492,"convex":13.5779771441088,"yearn":32.51705}