{"stakedao":55.80381274882018,"convex":12.2827384707984,"yearn":25.37511}