{"stakedao":42.518835709598875,"convex":21.5361618786288,"yearn":26.21768}