{"stakedao":44.70602746168758,"convex":13.97125445436,"yearn":18.94503}