{"stakedao":37.665090247426114,"convex":14.1247631340288,"yearn":24.88211}