{"stakedao":54.15696631905682,"convex":11.8865601828288,"yearn":27.21094}