{"stakedao":64.75772775452835,"convex":19.0659265822224,"yearn":32.46626}