{"stakedao":43.457697241074854,"convex":12.3665108273424,"yearn":20.52806}