{"stakedao":62.35884303395818,"convex":17.3272428239616,"yearn":35.04331}