{"stakedao":58.16265453925795,"convex":17.043906588120002,"yearn":35.82811}