{"stakedao":47.943623641687026,"convex":23.154251900356797,"yearn":29.97243}