{"stakedao":45.82558178963003,"convex":20.0898467711856,"yearn":43.05454}