{"stakedao":37.39332847614219,"convex":15.414191293032,"yearn":29.04028}