{"stakedao":55.929905132036595,"convex":12.2735794860864,"yearn":23.05648}