{"stakedao":42.60817243078683,"convex":13.2222222812016,"yearn":17.49045}