{"stakedao":56.38388416971903,"convex":31.04042019588,"yearn":46.92601}