{"stakedao":42.71578339609161,"convex":16.4596122663696,"yearn":17.87663}