{"stakedao":42.308879375029804,"convex":12.129555359332798,"yearn":21.86}