{"stakedao":41.654687629810795,"convex":17.5221414724032,"yearn":32.48401}