{"stakedao":41.692517468916854,"convex":21.521599405300798,"yearn":26.80457}