{"stakedao":42.36606042127141,"convex":13.2731214009696,"yearn":19.13259}