{"stakedao":41.98594673630916,"convex":13.181656029595201,"yearn":15.76077}