{"stakedao":40.70947079571098,"convex":16.4567849094432,"yearn":33.27681}