{"stakedao":45.507459138225705,"convex":31.090096958212797,"yearn":41.25737}