{"stakedao":41.6281892996979,"convex":17.5194834511824,"yearn":32.67534}