{"stakedao":41.29555288833453,"convex":21.007105976635202,"yearn":24.61952}