{"stakedao":39.32296346733808,"convex":16.059618942335998,"yearn":26.79239}