{"stakedao":67.12204868252104,"convex":19.6044284181456,"yearn":40.8255}