{"stakedao":55.62593002148667,"convex":12.27362072256,"yearn":23.10648}