{"stakedao":52.71483367141433,"convex":11.2838088620448,"yearn":17.10911}