{"stakedao":43.95004139576258,"convex":23.3126901677088,"yearn":28.72386}