{"stakedao":49.51325536946892,"convex":10.837841635036801,"yearn":37.09702}