{"stakedao":41.408902233295265,"convex":18.102524134939202,"yearn":31.15485}