{"stakedao":34.12526495082819,"convex":18.057040547385597,"yearn":29.43448}