{"stakedao":42.34662971213453,"convex":22.1951318242752,"yearn":26.03128}