{"stakedao":46.53717953596299,"convex":8.9913081279744,"yearn":27.73533}