{"stakedao":45.42648128611685,"convex":20.4706594963584,"yearn":48.85142}