{"stakedao":49.25681306121206,"convex":22.655745681580797,"yearn":34.56538}