{"stakedao":41.95877156177579,"convex":17.5367596446144,"yearn":33.47699}