{"stakedao":55.452567538488466,"convex":9.7769272582656,"yearn":20.20874}