{"stakedao":46.39510302006733,"convex":21.649355875670402,"yearn":42.19701}