{"stakedao":43.82142794713704,"convex":12.341226874032,"yearn":19.17771}