{"stakedao":38.868923485144954,"convex":16.423890057892798,"yearn":29.43448}