{"stakedao":28.887744250878665,"convex":15.733909606075198,"yearn":24.30104}