{"stakedao":37.71518164498536,"convex":23.5197565560144,"yearn":30.14795}