{"stakedao":47.83770781850677,"convex":21.1234706945712,"yearn":42.19701}