{"stakedao":38.69353495286755,"convex":16.421454948888,"yearn":27.95499}