{"stakedao":46.1192631500223,"convex":12.1963357532592,"yearn":25.3517}