{"stakedao":42.41692633836123,"convex":23.1847884551376,"yearn":29.43448}