{"stakedao":39.17950835716836,"convex":17.662294747526403,"yearn":29.43448}