{"stakedao":43.52496873178819,"convex":25.1141505471792,"yearn":28.10867}