{"stakedao":39.82462049357987,"convex":13.111856902526402,"yearn":17.08578}