{"stakedao":51.542184475600344,"convex":9.564079958496,"yearn":18.56665}