{"stakedao":45.30874073482716,"convex":22.9388241106224,"yearn":33.73926}