{"stakedao":47.078675149021464,"convex":26.0211508269264,"yearn":28.09671}