{"stakedao":52.746919395151664,"convex":28.1202372048528,"yearn":29.4714}