{"stakedao":56.301319302276696,"convex":11.2143994663248,"yearn":15.46442}