{"stakedao":61.74902593711492,"convex":19.758150631223998,"yearn":41.24927}