{"stakedao":44.23283601016161,"convex":19.607854545950403,"yearn":43.77025}