{"stakedao":61.11366347398325,"convex":17.4133704687408,"yearn":35.28576}