{"stakedao":41.07467246497207,"convex":21.735426638966402,"yearn":27.04194}