{"stakedao":55.69694947885124,"convex":10.5292593647712,"yearn":16.5157}