{"stakedao":53.20659880743256,"convex":27.995099455540796,"yearn":30.79864}