{"stakedao":66.22460039889768,"convex":19.597760521992,"yearn":41.55229}