{"stakedao":52.71336962116666,"convex":28.1202372048528,"yearn":29.43694}