{"stakedao":44.73709594874718,"convex":22.6994925437712,"yearn":47.34843}