{"stakedao":49.08630014101863,"convex":29.1324834004896,"yearn":34.45992}