{"stakedao":46.686861351819395,"convex":28.379235778675202,"yearn":31.16808}