{"stakedao":47.938441619811734,"convex":31.3507509481296,"yearn":29.34736}