{"stakedao":67.98091381401645,"convex":24.2098126847712,"yearn":35.99815}