{"stakedao":42.59759847413227,"convex":22.829158991980798,"yearn":29.43448}