{"stakedao":41.331700710442455,"convex":20.6258400602208,"yearn":24.16395}