{"stakedao":40.55629028801839,"convex":16.2641973168432,"yearn":34.33323}