{"stakedao":39.44441923404659,"convex":15.6984975383904,"yearn":25.60773}