{"stakedao":42.19879269633883,"convex":22.8164693123952,"yearn":29.43448}