{"stakedao":43.38376494311008,"convex":14.7634898185296,"yearn":18.07449}