{"stakedao":64.36437683476137,"convex":18.622154563559995,"yearn":47.52944}