{"stakedao":61.16111074860889,"convex":18.8311562058096,"yearn":48.43834}