{"stakedao":66.58804211384918,"convex":20.150117671132797,"yearn":31.68482}