{"stakedao":45.44732604376554,"convex":20.489087283595197,"yearn":49.62763}