{"stakedao":42.55479608932092,"convex":20.7075127278096,"yearn":32.19537}