{"stakedao":47.601995413679816,"convex":13.092984315777601,"yearn":24.29241}