{"stakedao":57.16138958719332,"convex":12.2658933871008,"yearn":24.48169}