{"stakedao":42.29362101732446,"convex":20.645826545793604,"yearn":28.9827}