{"stakedao":53.85238815896864,"convex":11.397544477272001,"yearn":16.75601}