{"stakedao":53.48162430748035,"convex":11.397850707600002,"yearn":16.66163}