{"stakedao":65.72863734426576,"convex":19.5660631743552,"yearn":38.52974}