{"stakedao":62.19973258392404,"convex":19.0081442227248,"yearn":49.05331}