{"stakedao":37.59375315743842,"convex":24.3205623611424,"yearn":29.96496}