{"stakedao":49.56091039087717,"convex":29.294463081801602,"yearn":33.95311}