{"stakedao":40.03557464860957,"convex":13.1412119831424,"yearn":17.67366}