{"stakedao":51.64811185174547,"convex":22.8427978326336,"yearn":34.56538}