{"stakedao":42.44931426409064,"convex":16.438485707092802,"yearn":18.97025}