{"stakedao":47.258597911995594,"convex":19.8088191566064,"yearn":26.75458}