{"stakedao":45.67001196608031,"convex":22.9547810806416,"yearn":33.14558}