{"stakedao":42.46692018634315,"convex":20.692261678536,"yearn":31.35115}