{"stakedao":67.27966261083301,"convex":21.375818985095997,"yearn":31.68482}