{"stakedao":44.42343294565996,"convex":22.6116662659632,"yearn":30.51509}