{"stakedao":49.802334451124615,"convex":17.474758121519997,"yearn":17.59128}