{"stakedao":62.8223450055331,"convex":20.2410888008544,"yearn":46.1323}