{"stakedao":57.766306846559374,"convex":24.3125681428224,"yearn":39.15501}