{"stakedao":40.11718395022105,"convex":13.112711383060798,"yearn":16.89112}