{"stakedao":41.189927593581686,"convex":14.804674718155201,"yearn":21.03314}