{"stakedao":39.76573070199626,"convex":15.5447435780208,"yearn":33.92796}