{"stakedao":47.82987290419066,"convex":14.322907789257599,"yearn":17.79851}