{"stakedao":58.53399303355229,"convex":16.9172042716224,"yearn":36.50029}