{"stakedao":46.969761917241094,"convex":28.372404021465602,"yearn":29.664}