{"stakedao":38.87285723079225,"convex":17.6643767069424,"yearn":29.43448}