{"stakedao":42.793988968522186,"convex":15.5397266040816,"yearn":17.68295}