{"stakedao":43.40864894077935,"convex":14.835971385144001,"yearn":18.09913}