{"stakedao":39.656696586149465,"convex":13.111984216512,"yearn":17.08578}