{"stakedao":66.76525605083845,"convex":18.4157153253792,"yearn":31.05033}