{"stakedao":54.36881064823292,"convex":10.6092194730336,"yearn":15.5193}