{"stakedao":47.38943214535314,"convex":10.188499718491201,"yearn":17.59308}