{"stakedao":42.59722299383978,"convex":22.8164542602624,"yearn":29.43448}