{"stakedao":42.90150492702075,"convex":13.229494640481601,"yearn":16.27574}