{"stakedao":42.74845719679955,"convex":24.9368649786432,"yearn":26.83163}