{"stakedao":43.347500032129936,"convex":19.5565119574896,"yearn":43.10915}