{"stakedao":48.74820646387904,"convex":11.0736415388592,"yearn":20.50198}