{"stakedao":55.48803101709632,"convex":12.3799479921216,"yearn":16.45086}