{"stakedao":55.179002972730984,"convex":12.270231942839999,"yearn":24.9984}