{"stakedao":54.765235059853374,"convex":11.4179610823488,"yearn":18.39347}