{"stakedao":43.37414721994948,"convex":28.5602558371776,"yearn":26.63196}