{"stakedao":64.10807859101465,"convex":20.364734537856002,"yearn":37.94986}