{"stakedao":54.80971171794863,"convex":10.581604088472,"yearn":16.63948}