{"stakedao":55.141244389593524,"convex":11.8184302215504,"yearn":17.35538}