{"stakedao":44.051204484495656,"convex":19.5753409583328,"yearn":42.60768}