{"stakedao":55.54248003920788,"convex":11.404290595320001,"yearn":15.40302}