{"stakedao":37.52599750326658,"convex":24.450370037020804,"yearn":29.16586}