{"stakedao":42.86953996140325,"convex":28.557214918459202,"yearn":26.41692}