{"stakedao":39.60923898219348,"convex":15.772190560444798,"yearn":32.62094}