{"stakedao":67.00576090014457,"convex":20.579287411727996,"yearn":41.39848}