{"stakedao":53.026906743066604,"convex":15.775350272121598,"yearn":23.68223}