{"stakedao":58.009829756355735,"convex":12.092094583790399,"yearn":14.0707}