{"stakedao":42.08128487128161,"convex":20.6489036236896,"yearn":28.66885}