{"stakedao":84.81034928179909,"convex":25.9030013290704,"yearn":41.57137}