{"stakedao":65.33685695978568,"convex":19.637462507443203,"yearn":39.84505}