{"stakedao":40.953389524914115,"convex":21.7539609075072,"yearn":27.8876}