{"stakedao":37.5751893037239,"convex":24.309928513396798,"yearn":29.76364}