{"stakedao":44.86387752576569,"convex":9.0126450828288,"yearn":26.88514}