{"stakedao":51.02605525842925,"convex":14.730481954569598,"yearn":17.89293}