{"stakedao":40.470729932136,"convex":17.2214799005808,"yearn":30.30267}