{"stakedao":48.41765104858005,"convex":29.3355987095808,"yearn":36.29189}