{"stakedao":46.223499542902346,"convex":12.220193383747201,"yearn":22.96775}