{"stakedao":55.77315664719864,"convex":10.2012477554448,"yearn":21.46358}