{"stakedao":48.12401952336076,"convex":17.3998845366912,"yearn":19.01021}