{"stakedao":39.50299948388782,"convex":15.5245117013712,"yearn":31.00733}