{"stakedao":44.13263072296634,"convex":22.5225655868592,"yearn":30.68399}