{"stakedao":43.109597253266585,"convex":15.701265472031999,"yearn":16.93601}