{"stakedao":52.12294137444795,"convex":22.7886796914336,"yearn":34.56538}