{"stakedao":42.453102976084985,"convex":20.6654793647184,"yearn":30.71811}