{"stakedao":50.96291761124105,"convex":12.210587228016,"yearn":25.21356}