{"stakedao":40.29396073266754,"convex":16.1697266245872,"yearn":35.05885}