{"stakedao":40.32971943607573,"convex":13.029928064856001,"yearn":19.5496}