{"stakedao":42.783532160513225,"convex":13.2052455441648,"yearn":16.23722}