{"stakedao":44.30940937629618,"convex":23.1630498956304,"yearn":35.27123}