{"stakedao":40.54043603054936,"convex":16.2519079016304,"yearn":34.18214}