{"stakedao":27.957270962697116,"convex":13.741055836099198,"yearn":25.81229}