{"stakedao":51.60199807759893,"convex":9.6341599104912,"yearn":18.90358}