{"stakedao":42.018429423190874,"convex":15.276556757232001,"yearn":19.50212}