{"stakedao":45.72098990576079,"convex":8.9862066880128,"yearn":29.12742}