{"stakedao":45.07651260211875,"convex":9.013334976979198,"yearn":25.68475}