{"stakedao":39.17522952403801,"convex":16.3801209439008,"yearn":27.95499}