{"stakedao":47.46292276263897,"convex":22.3944013970064,"yearn":38.68695}