{"stakedao":41.053541457686165,"convex":19.7909488533168,"yearn":0}