{"stakedao":40.800480411758166,"convex":19.1445323769648,"yearn":29.18756}