{"stakedao":54.006964142969416,"convex":10.7471880381456,"yearn":24.50359}