{"stakedao":42.26426560357038,"convex":22.147252755854396,"yearn":26.46865}