{"stakedao":49.42060283961925,"convex":22.456172950128,"yearn":34.56538}