{"stakedao":44.49530272087079,"convex":22.658285367115198,"yearn":48.92309}