{"stakedao":50.14972332427833,"convex":22.3506907192224,"yearn":34.56538}