{"stakedao":43.1607501828538,"convex":25.4102289826608,"yearn":30.28962}