{"stakedao":42.498984365210845,"convex":14.1795118659312,"yearn":17.07076}