{"stakedao":38.78814043148441,"convex":16.412409588384,"yearn":27.95499}