{"stakedao":41.37092538237637,"convex":20.627605063915198,"yearn":24.19908}