{"stakedao":78.21234643633696,"convex":21.0098478173904,"yearn":33.63023}