{"stakedao":45.72287671081058,"convex":31.0057249004784,"yearn":41.8016}