{"stakedao":46.345427529215364,"convex":28.341711215265597,"yearn":30.72553}