{"stakedao":54.56008576251598,"convex":13.717510241716798,"yearn":18.7081}