{"stakedao":42.932372218279596,"convex":14.813618365598401,"yearn":18.8381}