{"stakedao":64.56902728735008,"convex":20.2821787708128,"yearn":31.76831}