{"stakedao":41.22851765597282,"convex":20.9990763717696,"yearn":25.07232}