{"stakedao":41.25156707541336,"convex":21.5190342039888,"yearn":26.21603}