{"stakedao":48.001941429478016,"convex":31.394659671993598,"yearn":28.94932}