{"stakedao":40.99713041339861,"convex":15.1125683241744,"yearn":20.34187}