{"stakedao":41.74131770357167,"convex":20.7245496765312,"yearn":26.02423}