{"stakedao":46.18452441349086,"convex":28.3945333277808,"yearn":29.94777}