{"stakedao":51.334961376070545,"convex":25.470172343404798,"yearn":29.04026}