{"stakedao":64.11837495860169,"convex":18.614804288284798,"yearn":43.244}