{"stakedao":45.902346669516135,"convex":21.786819902625602,"yearn":43.05605}