{"stakedao":44.216324493359686,"convex":14.1901691543856,"yearn":19.41502}