{"stakedao":63.41274716659405,"convex":19.715399896665602,"yearn":42.16334}