{"stakedao":51.51038210853732,"convex":25.084957350312,"yearn":33.40447}