{"stakedao":53.52487608789247,"convex":26.919090104313604,"yearn":29.28647}