{"stakedao":46.5063044624203,"convex":21.6080244377136,"yearn":42.19701}