{"stakedao":41.42806405103004,"convex":18.07263180072,"yearn":32.4103}