{"stakedao":39.37458378541571,"convex":15.7413668356944,"yearn":25.02911}