{"stakedao":46.71359087921501,"convex":12.2016523286592,"yearn":23.78283}