{"stakedao":45.31048769401801,"convex":13.217454466891201,"yearn":25.33422}