{"stakedao":49.294595692636115,"convex":29.3234919224976,"yearn":33.41411}