{"stakedao":47.46960967687191,"convex":22.8262851509904,"yearn":39.2595}