{"stakedao":49.5180164169709,"convex":10.7464611049632,"yearn":36.2481}