{"stakedao":41.1279086451686,"convex":19.11758181228,"yearn":28.94258}