{"stakedao":47.61800844303646,"convex":22.9789681488,"yearn":39.12165}