{"stakedao":37.33987377376401,"convex":25.934385366547197,"yearn":29.46237}