{"stakedao":41.47577856449774,"convex":18.1528334242848,"yearn":31.73924}