{"stakedao":56.33952141491115,"convex":11.011233601872,"yearn":16.11662}