{"stakedao":41.59668695937292,"convex":17.9687993378112,"yearn":33.1367}