{"stakedao":55.848163818077495,"convex":12.115062022377598,"yearn":17.18868}