{"stakedao":55.16276943105515,"convex":11.8216031909616,"yearn":17.78184}