{"stakedao":41.38212904960312,"convex":18.1477755796896,"yearn":32.06536}