{"stakedao":46.58151682474776,"convex":28.3774978265616,"yearn":30.94568}