{"stakedao":41.319784953723996,"convex":20.758912888392,"yearn":27.8876}