{"stakedao":48.97669858557502,"convex":29.405711418019198,"yearn":35.40783}