{"stakedao":52.382297546596845,"convex":26.7438302601984,"yearn":27.83092}