{"stakedao":54.602047750820056,"convex":26.8129304139024,"yearn":29.25688}