{"stakedao":45.83908951964796,"convex":20.5178927548032,"yearn":44.673}