{"stakedao":45.618955590078414,"convex":10.623270949632,"yearn":25.34541}