{"stakedao":41.079098653633565,"convex":20.6656571773008,"yearn":23.44635}