{"stakedao":42.41146658490463,"convex":20.7070793821728,"yearn":30.13865}