{"stakedao":47.22217615572228,"convex":13.0551269971104,"yearn":25.00835}