{"stakedao":49.36803953998548,"convex":22.296668482152,"yearn":41.30216}