{"stakedao":54.96772574803922,"convex":10.4417143723152,"yearn":16.31933}