{"stakedao":48.81625551923656,"convex":17.5518269367696,"yearn":17.82946}