{"stakedao":47.53658067791187,"convex":10.1884428149328,"yearn":17.76321}