{"stakedao":41.77264517324129,"convex":20.6940529044144,"yearn":25.91335}