{"stakedao":49.395196016016065,"convex":16.8091115474016,"yearn":19.9304}