{"stakedao":45.04777897698573,"convex":10.7234830324368,"yearn":25.65945}