{"stakedao":47.07204646875222,"convex":10.1791580583456,"yearn":18.37041}