{"stakedao":43.408685477331375,"convex":19.5329564355744,"yearn":41.84197}