{"stakedao":52.38162751705489,"convex":28.123324970299198,"yearn":29.72866}