{"stakedao":42.43936320905963,"convex":22.1739861131856,"yearn":25.63563}