{"stakedao":39.922701018703336,"convex":13.121303892912,"yearn":16.89112}