{"stakedao":43.054101174705636,"convex":21.042438970953597,"yearn":30.46356}