{"stakedao":44.49416926159227,"convex":19.5453479927376,"yearn":43.18371}