{"stakedao":49.78151411377975,"convex":17.4417904880352,"yearn":19.32212}