{"stakedao":57.956382634104216,"convex":24.3103287620016,"yearn":39.46148}