{"stakedao":56.9421610783806,"convex":11.6351322736176,"yearn":14.62656}