{"stakedao":52.841674230352695,"convex":24.152179351795198,"yearn":38.1862}