{"stakedao":55.51456078027968,"convex":12.1764919333968,"yearn":15.94598}