{"stakedao":55.18460589036427,"convex":12.2632914179664,"yearn":24.87155}