{"stakedao":53.27252083337099,"convex":13.702099314384,"yearn":33.26105}