{"stakedao":41.47104201203229,"convex":20.6934303522384,"yearn":29.04891}