{"stakedao":68.6121719236223,"convex":23.6140624505952,"yearn":36.61276}