{"stakedao":54.63392923981115,"convex":11.3968118613024,"yearn":18.56395}