{"stakedao":50.86470522859925,"convex":12.171449875723201,"yearn":25.22995}