{"stakedao":37.52811934490308,"convex":15.3576899195472,"yearn":26.32484}