{"stakedao":45.693290370332996,"convex":22.065977328336,"yearn":39.34998}