{"stakedao":42.46228950852099,"convex":22.134906115416,"yearn":26.00408}