{"stakedao":41.4749698820685,"convex":17.536379433984003,"yearn":32.1395}