{"stakedao":39.10442674444123,"convex":18.0395631574272,"yearn":29.43448}