{"stakedao":49.053770496392914,"convex":21.8333066061888,"yearn":39.35812}