{"stakedao":44.569070886044024,"convex":22.127176859414398,"yearn":46.6034}