{"stakedao":40.53478416694841,"convex":18.878047664472,"yearn":29.24838}