{"stakedao":41.44500468123085,"convex":20.699773301448,"yearn":25.65354}