{"stakedao":45.781751497512985,"convex":22.721872230158397,"yearn":30.77885}