{"stakedao":55.54289564178314,"convex":12.114009284471999,"yearn":17.18868}