{"stakedao":38.93292133951732,"convex":17.664673722451198,"yearn":29.43448}