{"stakedao":40.28423657207614,"convex":16.1854163743104,"yearn":35.27816}