{"stakedao":46.35160126412583,"convex":21.573427645008003,"yearn":42.19701}