{"stakedao":38.85205927902343,"convex":16.3682275325472,"yearn":27.95499}