{"stakedao":46.683150552015746,"convex":13.233113781220801,"yearn":24.46054}