{"stakedao":43.70294802334765,"convex":12.3551884068048,"yearn":18.47775}