{"stakedao":47.63248480920057,"convex":13.042916197992,"yearn":24.39831}