{"stakedao":43.68924497239908,"convex":14.8773748481712,"yearn":18.39024}