{"stakedao":62.61301018626152,"convex":19.130502616056,"yearn":50.13497}