{"stakedao":56.35027303336035,"convex":10.4285412616176,"yearn":15.94719}