{"stakedao":65.08852397944345,"convex":19.0170775673568,"yearn":41.94741}