{"stakedao":42.695248668972184,"convex":24.884925524078398,"yearn":27.74592}