{"stakedao":64.5711882220142,"convex":20.422815965856003,"yearn":37.94986}