{"stakedao":40.7100508128332,"convex":13.2261143344848,"yearn":15.89505}