{"stakedao":42.9707549375423,"convex":16.4597343264576,"yearn":18.36593}