{"stakedao":43.6497573757531,"convex":12.0752785415952,"yearn":22.72018}