{"stakedao":43.05720210175849,"convex":16.4455414802784,"yearn":18.91484}