{"stakedao":43.36716267305806,"convex":25.128663865344002,"yearn":26.61217}