{"stakedao":44.17317169880663,"convex":9.2457262649376,"yearn":26.37586}