{"stakedao":54.54018863939848,"convex":12.1787226765072,"yearn":16.23208}