{"stakedao":43.32884061951992,"convex":14.8369696004592,"yearn":18.09913}