{"stakedao":59.31692907674567,"convex":17.1121720280544,"yearn":35.79244}