{"stakedao":71.88624895318048,"convex":20.2651860891744,"yearn":30.38952}