{"stakedao":40.677764498530095,"convex":16.689715712136,"yearn":34.79502}