{"stakedao":47.325846875628876,"convex":19.8113716930608,"yearn":26.70599}