{"stakedao":56.58693274993245,"convex":30.993488396366402,"yearn":46.10815}