{"stakedao":62.930037527747245,"convex":20.2410888008544,"yearn":46.1323}