{"stakedao":39.05655917106223,"convex":18.057006665107203,"yearn":29.43448}