{"stakedao":52.991254402661326,"convex":27.9966508816752,"yearn":30.75387}