{"stakedao":61.25733769681851,"convex":18.831998727892802,"yearn":48.61809}