{"stakedao":79.870775647422,"convex":24.8214141235296,"yearn":40.37339}