{"stakedao":39.12474233083297,"convex":16.257603044635204,"yearn":27.95499}