{"stakedao":44.369655821762294,"convex":9.3250482517008,"yearn":26.25953}