{"stakedao":55.40158095062887,"convex":12.0898725383088,"yearn":17.18868}