{"stakedao":41.39788825480566,"convex":21.517570633996797,"yearn":25.82631}