{"stakedao":46.386873714624585,"convex":21.5732378834352,"yearn":42.19701}