{"stakedao":45.282023925766715,"convex":13.2214738562352,"yearn":25.01082}