{"stakedao":40.83477239576011,"convex":17.234107410096,"yearn":30.93821}