{"stakedao":40.73847129408666,"convex":13.184626572576,"yearn":18.34191}