{"stakedao":54.29201392874228,"convex":12.20962235256,"yearn":16.29762}