{"stakedao":53.612458538568134,"convex":13.6225573671744,"yearn":32.60452}