{"stakedao":47.59612092214403,"convex":22.9804081645536,"yearn":38.97711}