{"stakedao":44.313296736194346,"convex":22.5566757002448,"yearn":30.23866}