{"stakedao":45.78334696247019,"convex":10.712591671176,"yearn":26.98229}