{"stakedao":45.666148803236595,"convex":13.2217442364384,"yearn":24.91397}