{"stakedao":51.76712687176106,"convex":22.7896059825936,"yearn":34.56538}