{"stakedao":44.93059851512712,"convex":22.114674983016,"yearn":43.22806}