{"stakedao":52.8725104532393,"convex":14.605851118075199,"yearn":21.88502}