{"stakedao":63.41216928411211,"convex":20.2128279815952,"yearn":37.94986}