{"stakedao":47.03469825263518,"convex":10.179138830846401,"yearn":18.37041}