{"stakedao":47.46752429777524,"convex":22.9855370566032,"yearn":45.55149}