{"stakedao":44.21141830954147,"convex":19.607437059768003,"yearn":43.77025}