{"stakedao":64.49407275246612,"convex":18.62130206664,"yearn":47.52944}