{"stakedao":51.444108752892696,"convex":25.158381042312,"yearn":32.4172}