{"stakedao":49.843033694375364,"convex":13.506734015136,"yearn":17.34403}