{"stakedao":55.346823617777176,"convex":10.5340518654624,"yearn":21.95204}