{"stakedao":40.60291333528906,"convex":13.180303797451202,"yearn":18.0569}