{"stakedao":52.60530389076885,"convex":11.292828432408,"yearn":16.03405}