{"stakedao":61.867469435741306,"convex":19.0089095667552,"yearn":49.05331}