{"stakedao":51.00182917289743,"convex":25.294142815905598,"yearn":30.55816}