{"stakedao":47.696139365691664,"convex":11.003518013572801,"yearn":34.7378}