{"stakedao":40.69789140664615,"convex":13.2261143344848,"yearn":15.89505}