{"stakedao":42.52964663690626,"convex":13.1823033343776,"yearn":16.51586}