{"stakedao":47.63364501964229,"convex":13.0476056894928,"yearn":24.07348}