{"stakedao":42.090672517865926,"convex":13.1887031429952,"yearn":14.68284}