{"stakedao":45.84151942742399,"convex":20.4907655727504,"yearn":49.35587}