{"stakedao":56.509963195263154,"convex":30.945510774791998,"yearn":44.05528}