{"stakedao":66.89751509530294,"convex":20.7386481007728,"yearn":42.87534}