{"stakedao":41.5040386311874,"convex":13.227320857694401,"yearn":16.14924}