{"stakedao":55.383016788944104,"convex":12.1764919333968,"yearn":15.91245}