{"stakedao":63.068691885645194,"convex":20.211442765948803,"yearn":37.94986}