{"stakedao":41.13642135412198,"convex":20.666499254726403,"yearn":23.51669}