{"stakedao":50.20900501215755,"convex":9.981571060512,"yearn":17.31933}