{"stakedao":66.63406051767254,"convex":18.3410464785696,"yearn":31.77162}