{"stakedao":47.11284220569361,"convex":26.0210550300192,"yearn":28.04044}