{"stakedao":41.57827842383405,"convex":22.1145795203904,"yearn":26.06025}