{"stakedao":47.66195896566752,"convex":10.1890694794032,"yearn":20.39831}