{"stakedao":45.52606453402316,"convex":31.0828986769968,"yearn":48.64388}