{"stakedao":62.703558552969916,"convex":20.2766236192656,"yearn":43.8301}