{"stakedao":57.42537578724746,"convex":12.271894962264,"yearn":24.16233}