{"stakedao":51.14302123991474,"convex":25.249948735392,"yearn":30.84255}