{"stakedao":45.57229127472237,"convex":31.033570179326396,"yearn":41.32564}