{"stakedao":45.33404869750879,"convex":23.1158203205904,"yearn":37.35791}