{"stakedao":48.17048863556696,"convex":27.9482856984288,"yearn":27.51722}