{"stakedao":28.942527870791057,"convex":15.7259624047776,"yearn":23.81013}