{"stakedao":53.04107790944258,"convex":15.765899598331199,"yearn":23.50614}