{"stakedao":51.8052262936994,"convex":22.849625468088,"yearn":34.56538}