{"stakedao":43.651259957115144,"convex":12.3709736506896,"yearn":20.27678}