{"stakedao":50.108237129783035,"convex":31.279687697347203,"yearn":27.68092}