{"stakedao":48.99865645035528,"convex":29.322146353910398,"yearn":33.81033}