{"stakedao":56.196317068569286,"convex":12.2539029520896,"yearn":25.95948}