{"stakedao":45.66050944691177,"convex":21.628547820532802,"yearn":42.81794}