{"stakedao":41.57024380549434,"convex":18.159261129648,"yearn":31.19506}