{"stakedao":48.39160038718814,"convex":27.947551095691203,"yearn":27.51722}