{"stakedao":39.622844296380904,"convex":15.6046110789168,"yearn":35.8561}