{"stakedao":42.40670734547837,"convex":13.72102141896,"yearn":17.83539}