{"stakedao":46.886132051075286,"convex":12.209858036856001,"yearn":23.78283}