{"stakedao":42.67171744347619,"convex":13.2644878943184,"yearn":17.50509}