{"stakedao":81.85500582066672,"convex":21.091641718824,"yearn":33.63023}