{"stakedao":49.285927868222686,"convex":21.835315919275196,"yearn":38.63608}