{"stakedao":49.11340094889391,"convex":29.1297435528096,"yearn":34.60954}