{"stakedao":48.6247904802953,"convex":11.068598219745601,"yearn":19.43104}