{"stakedao":52.47905332304511,"convex":25.775609622998402,"yearn":32.90322}