{"stakedao":40.65292046496081,"convex":20.097135831931197,"yearn":26.3731}