{"stakedao":67.78700258246079,"convex":23.4940439874672,"yearn":36.18087}