{"stakedao":46.775007592278165,"convex":13.2191716683168,"yearn":24.65571}