{"stakedao":43.615610361889765,"convex":19.535883824692796,"yearn":44.40847}