{"stakedao":44.1756484607277,"convex":23.750235500932803,"yearn":32.67261}