{"stakedao":43.9031454074315,"convex":27.4771639166256,"yearn":26.57707}