{"stakedao":53.422390208627164,"convex":28.105830330148798,"yearn":30.08465}