{"stakedao":39.4308457762006,"convex":16.894004482094402,"yearn":26.44965}