{"stakedao":55.01633261319184,"convex":10.5807181760064,"yearn":17.17587}