{"stakedao":45.85695313455399,"convex":21.8080908810144,"yearn":43.09933}