{"stakedao":51.97352317107784,"convex":25.713643167936,"yearn":33.92318}