{"stakedao":43.249307400211904,"convex":25.245994042152,"yearn":27.30193}