{"stakedao":40.56080318569801,"convex":17.235135319708803,"yearn":32.02365}