{"stakedao":52.5427216378435,"convex":25.8355805903568,"yearn":32.77482}