{"stakedao":46.29585918920131,"convex":28.3416306817824,"yearn":31.70855}