{"stakedao":45.74774886273418,"convex":31.005795727180804,"yearn":41.86956}