{"stakedao":42.39702711972083,"convex":13.1892903559296,"yearn":16.51586}