{"stakedao":49.29681223137196,"convex":29.152308992544,"yearn":34.11131}