{"stakedao":44.859451118806916,"convex":13.989455992872001,"yearn":18.94503}