{"stakedao":45.39998865737107,"convex":22.864176724060798,"yearn":34.04286}