{"stakedao":45.86921600074328,"convex":22.955382131572797,"yearn":32.87205}