{"stakedao":40.929757941705816,"convex":17.2478182442832,"yearn":32.42768}