{"stakedao":48.90372917843405,"convex":22.939747532006397,"yearn":29.97243}