{"stakedao":39.294311399671955,"convex":16.457884746364797,"yearn":26.45148}