{"stakedao":52.098545831957125,"convex":22.849638719515198,"yearn":34.56538}