{"stakedao":47.777249466062685,"convex":11.5015317819408,"yearn":33.74406}