{"stakedao":41.4317008403738,"convex":20.6898844034016,"yearn":23.67222}