{"stakedao":40.729754402827,"convex":16.7170053991968,"yearn":34.48461}