{"stakedao":52.6917894400563,"convex":24.3491471087328,"yearn":38.29559}