{"stakedao":40.96199576962713,"convex":21.517570633996797,"yearn":25.85615}