{"stakedao":46.410900522974956,"convex":13.2266011683312,"yearn":24.47655}