{"stakedao":55.83656519148323,"convex":12.0122018774208,"yearn":15.84199}