{"stakedao":51.07307051076478,"convex":9.5977751401152,"yearn":18.37774}