{"stakedao":46.463821685438035,"convex":21.5757360896688,"yearn":42.19701}