{"stakedao":47.90582039664813,"convex":10.9881580673376,"yearn":35.825}