{"stakedao":56.651200689464446,"convex":11.602153630915199,"yearn":14.24568}