{"stakedao":42.334895038436734,"convex":22.9831462872144,"yearn":29.43448}