{"stakedao":48.19010380300211,"convex":31.343053133519998,"yearn":27.02309}