{"stakedao":54.29894229176348,"convex":24.9585000464592,"yearn":38.82053}