{"stakedao":43.79834196212535,"convex":14.8006292390784,"yearn":18.52993}