{"stakedao":51.856869273714295,"convex":25.856486993664,"yearn":34.53536}