{"stakedao":57.14603278161049,"convex":31.148024550451204,"yearn":42.95971}