{"stakedao":51.656621047078836,"convex":17.5215344800896,"yearn":17.15341}