{"stakedao":65.33896495350126,"convex":18.572382373291198,"yearn":42.96544}