{"stakedao":40.610604384491054,"convex":17.200468353096,"yearn":30.90933}