{"stakedao":53.84430029588538,"convex":14.6176227626256,"yearn":21.94025}