{"stakedao":42.57082692675973,"convex":22.8291334036704,"yearn":29.43448}