{"stakedao":41.08750204309301,"convex":21.735426638966402,"yearn":27.04194}