{"stakedao":65.61111810397367,"convex":20.3683391688816,"yearn":42.42153}