{"stakedao":42.355511534370024,"convex":13.1899561944192,"yearn":17.23143}