{"stakedao":44.09866062552792,"convex":22.4993938706784,"yearn":31.92193}