{"stakedao":39.753270775770865,"convex":15.5416515173712,"yearn":34.00093}