{"stakedao":38.78281127997653,"convex":16.437178341216,"yearn":29.43448}