{"stakedao":51.777624042024854,"convex":12.000027190175999,"yearn":25.08296}