{"stakedao":45.49640090577468,"convex":20.9495630794464,"yearn":43.63016}