{"stakedao":54.80302760830638,"convex":12.2283393123024,"yearn":16.14068}