{"stakedao":44.60342315573223,"convex":22.127439585830402,"yearn":44.24048}