{"stakedao":43.34520929853119,"convex":19.5615745482528,"yearn":43.47275}