{"stakedao":43.739723992743265,"convex":12.341226874032,"yearn":19.17771}