{"stakedao":40.98647272440941,"convex":13.731320594059202,"yearn":16.40382}