{"stakedao":41.172904668822454,"convex":20.6670913998912,"yearn":23.06968}