{"stakedao":49.15329786211038,"convex":10.7484002378352,"yearn":36.79165}