{"stakedao":53.34947695701007,"convex":27.8311815212112,"yearn":31.55956}