{"stakedao":64.01952185247762,"convex":18.4914418107888,"yearn":30.01492}