{"stakedao":39.535350263425606,"convex":15.746645325067199,"yearn":32.32041}