{"stakedao":41.17657041720081,"convex":21.748379076504,"yearn":27.39468}