{"stakedao":64.99013076130302,"convex":17.488989492076797,"yearn":31.87698}