{"stakedao":51.01624578837841,"convex":25.327258154553597,"yearn":30.07901}