{"stakedao":41.34058240134432,"convex":13.850454084494398,"yearn":21.35799}