{"stakedao":45.941757359307516,"convex":21.4974165850416,"yearn":42.19701}