{"stakedao":44.841689598866076,"convex":20.458792092743998,"yearn":47.95101}