{"stakedao":53.32289864980716,"convex":24.35282247816,"yearn":0}