{"stakedao":48.30011010011043,"convex":13.091018714740802,"yearn":24.01432}