{"stakedao":40.32286268294706,"convex":16.1701118242128,"yearn":35.13187}