{"stakedao":40.96279569053068,"convex":14.7478006364544,"yearn":20.36208}