{"stakedao":39.27130982453135,"convex":16.373723431104,"yearn":27.95499}