{"stakedao":44.48845578618883,"convex":22.103029104033602,"yearn":45.63562}