{"stakedao":37.57673498456248,"convex":14.088564057081598,"yearn":26.25171}