{"stakedao":42.67902561527514,"convex":21.0276957017376,"yearn":29.04922}