{"stakedao":41.27114038812108,"convex":20.983229386704,"yearn":24.00264}