{"stakedao":38.821421378313076,"convex":18.058555738656004,"yearn":29.43448}