{"stakedao":55.93914955423972,"convex":11.0115806933952,"yearn":15.71723}