{"stakedao":39.020291716306815,"convex":16.3207226324592,"yearn":27.95499}