{"stakedao":55.55542620099425,"convex":11.3498377278624,"yearn":22.67426}