{"stakedao":37.58619548027455,"convex":15.3549833864976,"yearn":26.06825}