{"stakedao":44.34529845576899,"convex":23.223300990969598,"yearn":36.21547}