{"stakedao":39.62457305423673,"convex":14.7910491226224,"yearn":21.86}