{"stakedao":40.85286323455624,"convex":14.202429830841599,"yearn":17.5417}