{"stakedao":42.489768527672084,"convex":23.085055230724798,"yearn":29.43448}