{"stakedao":53.23551110968427,"convex":14.200041231129601,"yearn":22.78054}