{"stakedao":68.23395312347891,"convex":23.4942611506704,"yearn":36.18087}