{"stakedao":40.57254272606591,"convex":19.143232472505602,"yearn":29.50742}