{"stakedao":55.498457768063176,"convex":10.4157295818624,"yearn":15.75907}