{"stakedao":41.67325921388944,"convex":22.1145795203904,"yearn":26.06025}