{"stakedao":52.092971462392555,"convex":15.951204150408,"yearn":25.91294}