{"stakedao":41.21336088713486,"convex":21.5119162765008,"yearn":26.74269}