{"stakedao":52.89358090229468,"convex":11.381629696113599,"yearn":15.77099}