{"stakedao":45.78911515732858,"convex":20.0907182685456,"yearn":42.81693}