{"stakedao":41.31490591263573,"convex":13.1815423233936,"yearn":14.79755}