{"stakedao":67.35240156247882,"convex":18.4594687344432,"yearn":30.31846}