{"stakedao":28.85162508826612,"convex":15.7193385297264,"yearn":24.00593}