{"stakedao":50.75140541869568,"convex":10.9827935509104,"yearn":17.25661}