{"stakedao":43.335141049329366,"convex":23.661138521001597,"yearn":31.07874}