{"stakedao":44.38989610713898,"convex":23.661212520225597,"yearn":31.45838}