{"stakedao":42.54861844299269,"convex":22.829158991980798,"yearn":29.43448}