{"stakedao":40.03598944638399,"convex":13.1373855878112,"yearn":17.79144}