{"stakedao":56.58590203394939,"convex":30.98333577852,"yearn":44.97154}