{"stakedao":64.70733092784218,"convex":19.017341763350398,"yearn":41.94741}