{"stakedao":45.6579190580678,"convex":23.072060213280004,"yearn":32.78784}