{"stakedao":41.407151039182594,"convex":13.850454084494398,"yearn":21.46221}