{"stakedao":41.07593863714967,"convex":19.8361075633056,"yearn":27.10443}