{"stakedao":47.585486133612676,"convex":22.981308895785602,"yearn":38.90502}