{"stakedao":54.88308476143782,"convex":10.6449273610128,"yearn":14.88408}