{"stakedao":40.64899780514372,"convex":20.097135831931197,"yearn":26.3731}