{"stakedao":39.53696617725477,"convex":15.69223602144,"yearn":25.60773}