{"stakedao":44.77943883410675,"convex":20.458096096377602,"yearn":48.07692}