{"stakedao":40.681763628510936,"convex":17.2189715618304,"yearn":31.43668}