{"stakedao":40.63899650821916,"convex":19.130573540519997,"yearn":28.76108}