{"stakedao":47.501829581616455,"convex":10.1849153682672,"yearn":17.87671}