{"stakedao":39.497329395141236,"convex":15.692945389070399,"yearn":33.18486}