{"stakedao":54.70260955968398,"convex":10.5788056185216,"yearn":16.60246}