{"stakedao":45.4288258194089,"convex":10.6070341007664,"yearn":27.85558}