{"stakedao":49.79027116441638,"convex":17.44164642528,"yearn":19.32212}