{"stakedao":40.68488349183037,"convex":13.226081811408001,"yearn":15.82885}