{"stakedao":39.73849944761194,"convex":15.679796450716797,"yearn":36.23088}