{"stakedao":41.34696794322211,"convex":13.227320857694401,"yearn":16.04098}