{"stakedao":40.47787342009175,"convex":18.878369688028798,"yearn":29.24838}