{"stakedao":56.6839025885382,"convex":30.9931603084368,"yearn":45.98191}