{"stakedao":41.354260193173396,"convex":20.6843999145696,"yearn":24.02304}