{"stakedao":42.423365813161,"convex":23.541601272004797,"yearn":29.43448}