{"stakedao":58.17484496980711,"convex":30.745505366265597,"yearn":40.10661}