{"stakedao":58.1259022028921,"convex":12.194381498875199,"yearn":14.74251}