{"stakedao":41.657631626024795,"convex":18.036015716937598,"yearn":31.4919}