{"stakedao":42.36310534431822,"convex":13.2723136630944,"yearn":18.72061}