{"stakedao":56.96587856618381,"convex":12.2699883966192,"yearn":23.30211}