{"stakedao":53.96281940692943,"convex":14.419358986464001,"yearn":23.25106}