{"stakedao":50.919152374128366,"convex":29.37579078024,"yearn":37.28817}