{"stakedao":41.0573512662576,"convex":21.7478321823456,"yearn":27.11244}