{"stakedao":53.22161820324881,"convex":13.593019781419201,"yearn":32.56094}