{"stakedao":40.1318661601222,"convex":13.155211494720001,"yearn":17.67366}