{"stakedao":61.53273928435894,"convex":18.9578895537312,"yearn":47.89741}