{"stakedao":47.45411037278289,"convex":29.339644030977603,"yearn":34.56046}