{"stakedao":40.085794611622916,"convex":13.152197536128,"yearn":17.84107}