{"stakedao":47.458059776590645,"convex":22.8403928878128,"yearn":39.04287}