{"stakedao":39.96248284712878,"convex":13.139897269377599,"yearn":17.08578}