{"stakedao":37.51970927314758,"convex":15.358409120102401,"yearn":26.22203}