{"stakedao":52.71921513027591,"convex":11.2886381431728,"yearn":16.47863}