{"stakedao":55.368006180147226,"convex":12.1791343064544,"yearn":15.96825}