{"stakedao":46.754281913068624,"convex":10.164306879244801,"yearn":19.41303}