{"stakedao":57.07390365030387,"convex":12.259212365664,"yearn":24.24193}