{"stakedao":40.93646758206383,"convex":17.215310471903997,"yearn":31.84128}