{"stakedao":45.55204362960158,"convex":31.0753309042368,"yearn":48.8108}