{"stakedao":39.35060523431825,"convex":16.0591901252688,"yearn":26.79239}