{"stakedao":55.319277798701236,"convex":10.428180064041602,"yearn":16.03918}