{"stakedao":52.475592359472984,"convex":17.588244769488,"yearn":18.37349}