{"stakedao":56.809204030501505,"convex":31.148571782044804,"yearn":43.39853}