{"stakedao":48.38330993598909,"convex":13.0928511487104,"yearn":24.01432}