{"stakedao":46.21952948768697,"convex":28.3471748588016,"yearn":30.33681}