{"stakedao":37.45853042690473,"convex":15.415250921553598,"yearn":29.34638}