{"stakedao":47.738614127855335,"convex":11.540228115888002,"yearn":33.74406}