{"stakedao":47.75848453791854,"convex":21.076797629016,"yearn":42.19701}