{"stakedao":38.93388382908716,"convex":18.103505459572798,"yearn":29.43448}