{"stakedao":53.54257336522086,"convex":10.7594389289808,"yearn":23.97804}