{"stakedao":53.44619373668466,"convex":11.389095777887999,"yearn":16.94627}