{"stakedao":41.742806872539006,"convex":20.6940529044144,"yearn":25.99395}