{"stakedao":40.54361419378775,"convex":20.211440864327997,"yearn":27.63696}