{"stakedao":37.53419416740609,"convex":14.070565455883202,"yearn":25.77336}