{"stakedao":28.948160298044918,"convex":15.743168090020802,"yearn":25.81229}