{"stakedao":50.84317877577345,"convex":25.4490852167424,"yearn":29.57905}