{"stakedao":57.17735489105394,"convex":12.262598723419199,"yearn":24.42802}