{"stakedao":48.403981780594535,"convex":29.328404241067197,"yearn":36.46659}