{"stakedao":42.354323387598875,"convex":12.1274808045696,"yearn":21.76753}