{"stakedao":63.650918721028624,"convex":17.406718659100804,"yearn":33.85036}