{"stakedao":38.74039946049798,"convex":18.0929884495536,"yearn":29.43448}