{"stakedao":52.80465936477371,"convex":11.2804207256592,"yearn":17.33892}