{"stakedao":53.29912211687961,"convex":24.3505914890688,"yearn":37.58172}