{"stakedao":52.652419158479674,"convex":17.588244769488,"yearn":18.42423}