{"stakedao":38.78430845921577,"convex":16.4296366991856,"yearn":29.43448}