{"stakedao":53.13208533225715,"convex":11.380902595790399,"yearn":15.69797}