{"stakedao":45.830991912654405,"convex":8.9907453964368,"yearn":28.47711}