{"stakedao":40.393559277914676,"convex":16.3055945672784,"yearn":33.45363}