{"stakedao":41.60774848306792,"convex":20.689656946848004,"yearn":0}