{"stakedao":50.74303441186201,"convex":10.9646903857968,"yearn":17.89152}