{"stakedao":65.66676065667652,"convex":20.3674413074256,"yearn":42.42153}