{"stakedao":44.47726338314821,"convex":23.3046335049552,"yearn":31.42904}