{"stakedao":42.529552423262174,"convex":20.686033586592,"yearn":29.5592}