{"stakedao":41.36858048080454,"convex":17.531488563047997,"yearn":34.24767}