{"stakedao":43.18080072799162,"convex":26.545569101524798,"yearn":26.15351}