{"stakedao":39.41261048957592,"convex":15.7620421431936,"yearn":32.78687}