{"stakedao":53.171132443640325,"convex":27.9980597524752,"yearn":31.24622}