{"stakedao":54.562229056809926,"convex":10.578927208723199,"yearn":15.07777}