{"stakedao":48.81571201884087,"convex":11.0735433483696,"yearn":20.51352}