{"stakedao":47.5118951955272,"convex":13.090373261121599,"yearn":24.29241}