{"stakedao":41.269347025226494,"convex":14.785807940337602,"yearn":14.72824}