{"stakedao":42.81996976110943,"convex":25.2180323418528,"yearn":27.75634}