{"stakedao":39.008116245245816,"convex":15.9672427513632,"yearn":27.38954}