{"stakedao":64.29117143253718,"convex":18.6483893051952,"yearn":33.38363}