{"stakedao":49.16012769504525,"convex":28.0716967665936,"yearn":27.6163}