{"stakedao":41.77527428210429,"convex":20.6940529044144,"yearn":25.91335}