{"stakedao":44.92628986835901,"convex":22.6590317895456,"yearn":48.48693}