{"stakedao":52.07330318199827,"convex":26.6827592446272,"yearn":28.63848}