{"stakedao":43.67365537828269,"convex":26.7692224229856,"yearn":26.782}