{"stakedao":43.61844633115963,"convex":26.866749051403204,"yearn":26.32658}