{"stakedao":50.19722793775854,"convex":17.4754830584736,"yearn":17.40216}