{"stakedao":52.800991227431254,"convex":11.745199974528,"yearn":17.02752}