{"stakedao":47.57591125536077,"convex":22.9804081645536,"yearn":38.94113}