{"stakedao":39.44966578592282,"convex":16.896591809064,"yearn":26.39386}