{"stakedao":43.18315986204426,"convex":14.1766725726288,"yearn":17.07076}