{"stakedao":42.615985656617674,"convex":23.083207968528,"yearn":29.43448}