{"stakedao":42.602957943540815,"convex":16.439494427049603,"yearn":18.97025}