{"stakedao":47.74398911527199,"convex":29.2231329292368,"yearn":36.39178}