{"stakedao":54.67528570567758,"convex":10.618826893358401,"yearn":15.34083}