{"stakedao":40.79839490224101,"convex":16.689837472632,"yearn":34.57021}