{"stakedao":50.44994698501564,"convex":9.9817245872208,"yearn":17.34138}