{"stakedao":37.67404328382401,"convex":14.105803138948799,"yearn":25.68655}