{"stakedao":39.73777963017606,"convex":15.6796043996304,"yearn":36.23088}