{"stakedao":57.3081058695421,"convex":11.0323103626512,"yearn":16.60425}