{"stakedao":52.713112981959426,"convex":13.5794846626704,"yearn":32.38559}