{"stakedao":52.4306854902335,"convex":11.744109371347202,"yearn":16.84658}