{"stakedao":43.198947615464036,"convex":14.8099757210784,"yearn":18.73508}