{"stakedao":45.80013924368757,"convex":8.990422757928,"yearn":28.47711}