{"stakedao":40.45746913373024,"convex":16.5412224579888,"yearn":33.71262}