{"stakedao":40.969212486381274,"convex":20.909094971025603,"yearn":25.81712}