{"stakedao":46.01179927923485,"convex":21.646565305488,"yearn":42.19701}