{"stakedao":52.60892148615281,"convex":28.120220446622405,"yearn":29.53975}