{"stakedao":41.39624269907188,"convex":20.6986586678352,"yearn":29.39991}