{"stakedao":39.45452824068462,"convex":15.6984975383904,"yearn":25.60773}