{"stakedao":47.52840600163769,"convex":10.1884673120976,"yearn":17.73421}