{"stakedao":47.415539017823654,"convex":29.329623999936,"yearn":34.66654}