{"stakedao":44.93416510240274,"convex":22.1172033755088,"yearn":43.95104}