{"stakedao":42.458083454038274,"convex":20.677589854128,"yearn":29.98062}