{"stakedao":48.082112916276685,"convex":14.312047402655999,"yearn":17.63595}