{"stakedao":43.30382998940371,"convex":23.661188464564802,"yearn":31.28588}