{"stakedao":57.63122453772091,"convex":11.0115732319776,"yearn":15.69262}