{"stakedao":40.83677723984574,"convex":16.5267316186848,"yearn":33.35626}