{"stakedao":41.09866936723648,"convex":19.8102552335136,"yearn":26.90117}