{"stakedao":57.796281378056655,"convex":11.0115732319776,"yearn":15.56249}