{"stakedao":54.61424835009075,"convex":9.79887877092,"yearn":19.90188}