{"stakedao":48.430899651196384,"convex":17.3998845366912,"yearn":18.9459}