{"stakedao":42.17119947896476,"convex":13.1886734392368,"yearn":14.68284}