{"stakedao":45.80871687086915,"convex":8.9890005600144,"yearn":28.47711}