{"stakedao":51.71096001597014,"convex":25.857963338889597,"yearn":34.6916}