{"stakedao":64.37187044889413,"convex":18.4915108620144,"yearn":30.01492}