{"stakedao":44.23862901614565,"convex":23.7839259395376,"yearn":32.44779}