{"stakedao":37.48620466753078,"convex":24.4567642763808,"yearn":29.23425}