{"stakedao":41.32026513122497,"convex":20.997316618819198,"yearn":24.65439}