{"stakedao":55.27258953840598,"convex":10.5333234217056,"yearn":22.26936}