{"stakedao":59.48096227937214,"convex":16.9051549179024,"yearn":36.80016}