{"stakedao":38.856867439395614,"convex":16.4120339662416,"yearn":27.95499}