{"stakedao":47.68044553182581,"convex":22.3995932254512,"yearn":38.42873}