{"stakedao":44.427440160440014,"convex":23.2998895413216,"yearn":31.82501}