{"stakedao":39.53330957512712,"convex":15.690772482984,"yearn":33.25117}