{"stakedao":45.584755135361185,"convex":20.49076560744,"yearn":49.20084}