{"stakedao":42.38169783321578,"convex":12.3814217324736,"yearn":21.2814}