{"stakedao":47.642799220434014,"convex":19.791116000423997,"yearn":26.23811}