{"stakedao":44.275581828741,"convex":19.5778641883824,"yearn":43.62872}