{"stakedao":41.15165068794168,"convex":20.666499254726403,"yearn":23.51669}