{"stakedao":41.166881381258705,"convex":14.744518574558398,"yearn":20.51419}