{"stakedao":42.091231344613135,"convex":15.345060606172801,"yearn":14.94948}