{"stakedao":46.538410583764275,"convex":12.197536073337602,"yearn":23.06925}