{"stakedao":41.32642263279643,"convex":13.227320857694401,"yearn":16.04098}