{"stakedao":42.333901872308786,"convex":15.537981367152,"yearn":17.1728}