{"stakedao":45.344578286135715,"convex":22.058839337644798,"yearn":40.29153}