{"stakedao":54.38730730240386,"convex":12.228923907748799,"yearn":16.14068}