{"stakedao":52.89030679964624,"convex":11.292330639801598,"yearn":16.27165}