{"stakedao":52.26578569129536,"convex":17.5225267382544,"yearn":18.75216}