{"stakedao":44.276776089106036,"convex":19.57796933256,"yearn":43.75019}