{"stakedao":47.53410740086609,"convex":22.840933862664002,"yearn":38.82602}