{"stakedao":39.16832364356049,"convex":16.366850412192,"yearn":26.67901}