{"stakedao":42.711463395248074,"convex":24.9373417241232,"yearn":26.78332}