{"stakedao":45.62074138646475,"convex":10.623270949632,"yearn":25.34541}