{"stakedao":67.24554774864075,"convex":20.561205347352,"yearn":42.25924}