{"stakedao":42.47566940332938,"convex":13.1821123586688,"yearn":16.42159}