{"stakedao":42.443848688274365,"convex":22.134906115416,"yearn":26.00408}