{"stakedao":43.308004638411504,"convex":26.5449603904992,"yearn":25.99913}