{"stakedao":41.65672782456304,"convex":13.853848206412799,"yearn":21.48847}