{"stakedao":38.77332853162684,"convex":16.3891434723408,"yearn":27.95499}