{"stakedao":47.01603065215193,"convex":22.1487963579072,"yearn":39.9947}