{"stakedao":66.14775260901384,"convex":20.5490972830608,"yearn":43.63248}