{"stakedao":44.32854785318196,"convex":23.2338697862544,"yearn":35.53316}