{"stakedao":47.67474865053967,"convex":22.3564032259488,"yearn":37.88503}