{"stakedao":70.74979257928231,"convex":21.1852861142688,"yearn":32.42344}