{"stakedao":65.32728612736726,"convex":18.5834774539584,"yearn":42.07122}