{"stakedao":62.96049535826216,"convex":20.3128392021552,"yearn":43.15719}