{"stakedao":45.511246694806275,"convex":20.491096420079998,"yearn":49.08411}