{"stakedao":45.884846265300055,"convex":21.8080908810144,"yearn":43.21496}