{"stakedao":39.35356589809845,"convex":16.0591901252688,"yearn":26.79239}