{"stakedao":48.27464248240243,"convex":14.322270207024001,"yearn":17.77121}