{"stakedao":44.80731768132185,"convex":20.4587600616288,"yearn":47.99303}