{"stakedao":44.93871342522252,"convex":22.119251171976003,"yearn":43.74468}