{"stakedao":41.39730602588578,"convex":17.531376386342398,"yearn":34.09432}