{"stakedao":45.875370213763304,"convex":23.3503284972384,"yearn":32.50482}