{"stakedao":54.00131776719092,"convex":10.6091077283712,"yearn":15.46887}