{"stakedao":57.35558048160492,"convex":30.5562601891584,"yearn":40.83901}