{"stakedao":43.017204126378964,"convex":15.7013996293296,"yearn":16.95581}