{"stakedao":42.65420145135267,"convex":12.199705321248,"yearn":18.43878}