{"stakedao":65.9156621762652,"convex":18.320694575904,"yearn":31.37168}