{"stakedao":69.13288203948278,"convex":24.347760943852798,"yearn":34.7326}