{"stakedao":40.73746669684388,"convex":17.217644949532797,"yearn":30.39571}