{"stakedao":46.16515305883952,"convex":21.657565721390398,"yearn":42.19701}