{"stakedao":46.10430213517516,"convex":11.379889741464,"yearn":31.52919}