{"stakedao":42.623126083739926,"convex":15.701510941948799,"yearn":17.01509}