{"stakedao":43.38822389915884,"convex":19.5565119574896,"yearn":43.21291}