{"stakedao":45.68372122767724,"convex":31.0033610060688,"yearn":49.29051}