{"stakedao":64.84530174423259,"convex":19.025428915108797,"yearn":41.94741}