{"stakedao":39.532222608794314,"convex":15.735160979784002,"yearn":32.38665}