{"stakedao":46.28827494319728,"convex":21.573268848633603,"yearn":42.19701}