{"stakedao":47.72191457553699,"convex":29.2231329292368,"yearn":36.32966}