{"stakedao":40.81098519735622,"convex":19.094488538745598,"yearn":29.60422}