{"stakedao":55.88156775860473,"convex":10.2012477554448,"yearn":21.48681}