{"stakedao":41.21578140113245,"convex":20.9990763717696,"yearn":25.07232}