{"stakedao":44.56821754922337,"convex":22.6162596767328,"yearn":46.29731}