{"stakedao":47.3773683306475,"convex":11.3898152464992,"yearn":30.28689}