{"stakedao":41.14581825740482,"convex":14.7602890501344,"yearn":20.20993}