{"stakedao":54.61140662234613,"convex":10.3441074563952,"yearn":15.94886}