{"stakedao":42.59324710847865,"convex":12.198291966028801,"yearn":18.53843}