{"stakedao":40.65085214813956,"convex":20.20779607536,"yearn":26.48629}