{"stakedao":52.470589855149015,"convex":14.661711806184,"yearn":30.95609}