{"stakedao":41.119083769258005,"convex":14.805737481355198,"yearn":20.96223}