{"stakedao":45.54278798918814,"convex":22.0511391105312,"yearn":39.77331}