{"stakedao":54.44073025482462,"convex":12.266780217264,"yearn":26.40701}