{"stakedao":49.234532073754316,"convex":22.9547076711408,"yearn":32.82949}