{"stakedao":73.27912847405327,"convex":24.560154916776,"yearn":41.96386}