{"stakedao":39.042117923654246,"convex":18.097648410744,"yearn":29.43448}