{"stakedao":49.69331000644842,"convex":22.695503949331197,"yearn":34.56538}