{"stakedao":67.30363664240784,"convex":23.587993941523198,"yearn":36.31608}