{"stakedao":53.13684192421991,"convex":13.73422948416,"yearn":27.80176}