{"stakedao":45.34067238452877,"convex":13.221416391336,"yearn":25.01082}