{"stakedao":46.28282398226992,"convex":20.2753392210576,"yearn":42.30437}