{"stakedao":37.57903106250044,"convex":24.3200817588096,"yearn":29.94666}