{"stakedao":43.43257362477916,"convex":23.592805370121603,"yearn":30.7544}