{"stakedao":49.455943149986005,"convex":22.9504738401504,"yearn":33.16518}