{"stakedao":43.634808748321014,"convex":19.6145167214736,"yearn":41.48967}