{"stakedao":53.52451866565454,"convex":11.3410499944032,"yearn":22.30043}