{"stakedao":42.23155722067667,"convex":22.983146779176,"yearn":29.43448}