{"stakedao":47.63542016940816,"convex":29.281275010425603,"yearn":35.2499}