{"stakedao":39.63936152015151,"convex":15.772190560444798,"yearn":32.62094}