{"stakedao":53.94266672298953,"convex":10.764325678161601,"yearn":23.72564}