{"stakedao":52.88865236803193,"convex":11.2943732328288,"yearn":16.94809}