{"stakedao":63.175802835875345,"convex":19.1134284548544,"yearn":46.43031}