{"stakedao":64.08501501011636,"convex":20.3704757549568,"yearn":37.94986}