{"stakedao":49.80753066930984,"convex":17.511480711835198,"yearn":18.35746}