{"stakedao":53.30678913268329,"convex":13.588249466304,"yearn":32.53125}