{"stakedao":42.8645432208605,"convex":13.1880335548752,"yearn":16.51923}