{"stakedao":56.43454871264628,"convex":12.2171644424016,"yearn":17.36239}