{"stakedao":44.507691976508305,"convex":22.657396755168,"yearn":50.31939}