{"stakedao":52.42667794846133,"convex":28.111166293881602,"yearn":29.81758}