{"stakedao":58.818708945179694,"convex":16.9186784660928,"yearn":36.41608}