{"stakedao":40.288334122260565,"convex":15.131328292713599,"yearn":20.50896}