{"stakedao":42.41226230912997,"convex":15.536012212007998,"yearn":17.42087}