{"stakedao":56.20573426229884,"convex":11.3854387182624,"yearn":14.29266}