{"stakedao":42.53230936856274,"convex":16.4391256955232,"yearn":18.97025}