{"stakedao":38.713434715367534,"convex":16.4217427684992,"yearn":27.95499}