{"stakedao":40.928393036468414,"convex":17.129916278798397,"yearn":31.29557}