{"stakedao":42.099628777454456,"convex":22.978020996576,"yearn":29.43448}