{"stakedao":39.508210190051884,"convex":15.701579627356798,"yearn":32.78357}