{"stakedao":44.498904451353184,"convex":22.1254789107168,"yearn":44.36478}