{"stakedao":54.560183262824964,"convex":11.4177616739136,"yearn":18.34499}