{"stakedao":52.35509750910525,"convex":9.6006672183744,"yearn":19.18749}