{"stakedao":49.68772577225626,"convex":31.2196215322656,"yearn":26.86503}