{"stakedao":45.70413060809291,"convex":21.7801781403552,"yearn":42.696}