{"stakedao":54.100313829706124,"convex":10.609204559659199,"yearn":15.45128}