{"stakedao":40.89129973418875,"convex":13.2661732822272,"yearn":15.67314}