{"stakedao":62.62976779034064,"convex":19.1302803850176,"yearn":49.98647}