{"stakedao":44.384324917249536,"convex":23.8543630083504,"yearn":34.95874}