{"stakedao":45.59397753066747,"convex":8.977680211392,"yearn":29.32494}