{"stakedao":57.40966042352366,"convex":12.056007267273598,"yearn":13.88519}