{"stakedao":42.49705334318307,"convex":22.898827698768002,"yearn":29.43448}