{"stakedao":42.80573392885873,"convex":13.2612360912144,"yearn":15.45425}