{"stakedao":48.83770091966928,"convex":21.820627390248003,"yearn":39.80251}