{"stakedao":41.666922673194385,"convex":18.2580354231408,"yearn":30.6501}