{"stakedao":40.61416677675574,"convex":17.236136735928,"yearn":31.75256}