{"stakedao":51.71694330660711,"convex":13.8912402050928,"yearn":26.88976}