{"stakedao":48.80388747296165,"convex":29.3398411341312,"yearn":36.94755}