{"stakedao":60.35780884726475,"convex":17.4145847498064,"yearn":35.44658}