{"stakedao":53.73818595456269,"convex":13.6225573671744,"yearn":32.69199}