{"stakedao":53.128215747464495,"convex":11.380902595790399,"yearn":15.69797}