{"stakedao":54.857082263331336,"convex":10.5333234217056,"yearn":0}