{"stakedao":66.82198555916023,"convex":19.610058284784003,"yearn":40.68387}