{"stakedao":61.83747829016842,"convex":19.758367797580803,"yearn":41.03387}