{"stakedao":39.477442984969734,"convex":15.5245117013712,"yearn":31.00733}