{"stakedao":50.46207802239997,"convex":14.698946746123198,"yearn":17.6968}