{"stakedao":62.68461926932827,"convex":20.5327565861472,"yearn":42.9931}