{"stakedao":38.801733359718995,"convex":16.4296366991856,"yearn":29.43448}