{"stakedao":64.32882156948607,"convex":20.3658322366368,"yearn":37.94986}