{"stakedao":38.89746060424655,"convex":17.664569748259197,"yearn":29.43448}