{"stakedao":62.38927505330971,"convex":20.184050757182398,"yearn":44.42883}