{"stakedao":51.63462137895656,"convex":9.583601300683199,"yearn":18.69254}