{"stakedao":40.78620498361332,"convex":17.203664173492797,"yearn":31.47977}