{"stakedao":39.30314942469611,"convex":16.062683374296,"yearn":26.79239}