{"stakedao":43.99030285729125,"convex":27.395253776649604,"yearn":26.42305}