{"stakedao":45.407289689841676,"convex":20.4676133205888,"yearn":47.41498}