{"stakedao":40.690273892999315,"convex":20.8558016949024,"yearn":27.0576}