{"stakedao":45.06478761204646,"convex":23.1165454719888,"yearn":36.99577}