{"stakedao":42.93741219403786,"convex":14.767676427513601,"yearn":18.68639}