{"stakedao":39.33757973281358,"convex":16.3822093997328,"yearn":27.95499}