{"stakedao":45.96341810139745,"convex":22.1736852755136,"yearn":40.41326}