{"stakedao":38.73339834569697,"convex":16.437137776459203,"yearn":29.43448}