{"stakedao":49.0903463827008,"convex":16.823781542721598,"yearn":19.85088}