{"stakedao":42.81510458663699,"convex":24.8956064676864,"yearn":28.36947}