{"stakedao":42.502924352403504,"convex":23.0410008105408,"yearn":29.43448}