{"stakedao":43.11040544226923,"convex":16.453074377375998,"yearn":18.52433}