{"stakedao":47.767744908116946,"convex":11.470833608313601,"yearn":34.13108}