{"stakedao":37.64476264182953,"convex":23.748681542457604,"yearn":30.31328}