{"stakedao":44.103716559380636,"convex":22.4993938706784,"yearn":31.92193}