{"stakedao":54.15856533244736,"convex":10.4427371194848,"yearn":15.87112}