{"stakedao":63.900658463484035,"convex":18.547831732896,"yearn":30.01492}