{"stakedao":46.477575744656434,"convex":21.57422903784,"yearn":42.19701}