{"stakedao":47.878006983417436,"convex":14.322907789257599,"yearn":17.79851}