{"stakedao":53.85142863300701,"convex":14.191473915388801,"yearn":22.97443}