{"stakedao":52.25801948180902,"convex":13.893687420768003,"yearn":27.12713}