{"stakedao":42.73871882957234,"convex":24.9110779031424,"yearn":28.88814}