{"stakedao":63.23332811723088,"convex":19.0573156111968,"yearn":47.32306}