{"stakedao":47.01901623704736,"convex":26.007375810672,"yearn":27.16741}