{"stakedao":56.15213386410634,"convex":31.04042019588,"yearn":46.98871}