{"stakedao":61.48444042410041,"convex":18.9578895537312,"yearn":47.89741}