{"stakedao":52.579895292197946,"convex":11.292828432408,"yearn":16.03405}