{"stakedao":47.96659039905998,"convex":31.3947693762768,"yearn":28.94932}