{"stakedao":52.75785063796513,"convex":13.579741409860802,"yearn":32.25849}