{"stakedao":55.82707646329739,"convex":10.533436282742398,"yearn":16.14633}