{"stakedao":43.88492594276741,"convex":27.433976127796797,"yearn":26.39169}