{"stakedao":52.58314528607491,"convex":11.2925844509904,"yearn":16.13395}