{"stakedao":43.3542511691225,"convex":26.5434330894048,"yearn":27.42409}