{"stakedao":40.642177656229755,"convex":19.130332905072,"yearn":28.76108}