{"stakedao":46.5409046501766,"convex":28.342733243414397,"yearn":31.42951}