{"stakedao":46.33483463207769,"convex":21.573427645008003,"yearn":42.19701}