{"stakedao":42.235180848000425,"convex":22.17509745444,"yearn":26.03128}