{"stakedao":44.52490615979584,"convex":22.65833990232,"yearn":48.92309}