{"stakedao":42.533457219094345,"convex":12.3818261659056,"yearn":20.72892}