{"stakedao":57.2861043081073,"convex":30.557180122660796,"yearn":40.83901}