{"stakedao":45.706928451128036,"convex":8.9887597006608,"yearn":29.12742}