{"stakedao":40.64999683776607,"convex":17.0893999455264,"yearn":30.6865}