{"stakedao":40.582085039998134,"convex":19.0966632833808,"yearn":29.24838}