{"stakedao":52.75344032894955,"convex":14.141287982260799,"yearn":22.26744}