{"stakedao":65.15936367106072,"convex":19.0167613653456,"yearn":41.94741}