{"stakedao":53.97308788723673,"convex":14.419355362977601,"yearn":23.22332}