{"stakedao":39.197361826490585,"convex":16.0684045818048,"yearn":26.79239}