{"stakedao":40.80774962030861,"convex":19.832534017315197,"yearn":27.183}