{"stakedao":85.17993778661021,"convex":21.090537056894398,"yearn":33.63023}