{"stakedao":55.12145152724587,"convex":10.5809356482624,"yearn":17.06528}