{"stakedao":43.73945243608394,"convex":26.831581895448004,"yearn":26.0371}