{"stakedao":44.316278904950686,"convex":23.862393969263998,"yearn":34.07344}