{"stakedao":63.30265972367984,"convex":18.6261824865456,"yearn":31.62805}