{"stakedao":65.14760125179298,"convex":18.932606858707203,"yearn":43.68149}