{"stakedao":43.359524463428265,"convex":14.767082680320001,"yearn":18.6019}