{"stakedao":62.65727413325212,"convex":19.7951746457808,"yearn":40.12812}