{"stakedao":65.12408353406909,"convex":18.7447020814368,"yearn":41.66251}