{"stakedao":65.3240261666555,"convex":18.661115919744,"yearn":43.244}