{"stakedao":55.03276437111469,"convex":11.7197203308768,"yearn":17.14387}