{"stakedao":43.65799125433254,"convex":26.830703113272,"yearn":26.74193}