{"stakedao":42.56735489211793,"convex":21.087136195732796,"yearn":32.75571}