{"stakedao":41.37257043998021,"convex":20.6979563043504,"yearn":29.18957}