{"stakedao":47.12265009288514,"convex":28.3723713091728,"yearn":29.60785}