{"stakedao":45.84477150439555,"convex":21.7984079382768,"yearn":42.68223}