{"stakedao":41.08974324843106,"convex":19.8366204017376,"yearn":27.29937}