{"stakedao":40.013733038213985,"convex":16.434120664267198,"yearn":19.60308}