{"stakedao":55.16191770773412,"convex":11.3541569867232,"yearn":22.3752}