{"stakedao":41.55407070288939,"convex":14.8061360080944,"yearn":21.40366}