{"stakedao":43.302633178762534,"convex":25.120972711137597,"yearn":27.5292}