{"stakedao":66.10358220361908,"convex":20.5387862882688,"yearn":42.74324}