{"stakedao":78.75545063938304,"convex":24.781160781576,"yearn":40.83342}