{"stakedao":54.14301435279204,"convex":26.8130616825024,"yearn":29.39385}