{"stakedao":58.03429680340973,"convex":11.0258282356128,"yearn":16.96442}