{"stakedao":41.00757850582797,"convex":20.909094971025603,"yearn":25.81712}