{"stakedao":42.39821629860432,"convex":15.331634649288,"yearn":14.59242}