{"stakedao":55.68177564158276,"convex":12.114009284471999,"yearn":17.18868}