{"stakedao":51.69710960094869,"convex":25.081446273984,"yearn":33.03184}