{"stakedao":44.44464509912022,"convex":19.5845151307824,"yearn":41.13363}