{"stakedao":62.42260187462985,"convex":19.75965627024,"yearn":40.56205}