{"stakedao":52.58934049242042,"convex":24.3504407659104,"yearn":38.04336}