{"stakedao":75.92221287629675,"convex":20.7970749867312,"yearn":33.90379}