{"stakedao":66.48325186338508,"convex":20.468474117784,"yearn":45.02987}