{"stakedao":41.691591093123684,"convex":13.855054275504,"yearn":15.43413}