{"stakedao":54.829570297805084,"convex":11.720493344462401,"yearn":16.80652}