{"stakedao":73.23339420196773,"convex":24.5498699171088,"yearn":42.20821}