{"stakedao":43.800386731351196,"convex":12.341226874032,"yearn":19.17771}