{"stakedao":55.86044219859807,"convex":11.6036110198512,"yearn":13.92471}