{"stakedao":55.70756965421055,"convex":11.3132806763184,"yearn":15.89131}