{"stakedao":47.029688075206124,"convex":10.1644935124464,"yearn":19.608}