{"stakedao":47.594940491613876,"convex":10.6489881981216,"yearn":20.39831}