{"stakedao":42.343035275313134,"convex":13.1820803496288,"yearn":16.47832}