{"stakedao":42.04738950293401,"convex":13.188708627105601,"yearn":17.40319}