{"stakedao":69.57200319659685,"convex":23.596308767433598,"yearn":36.61276}