{"stakedao":54.02830579834365,"convex":27.8003321261568,"yearn":28.97284}