{"stakedao":53.028661704279,"convex":14.141337884827198,"yearn":22.4577}