{"stakedao":42.00053737993207,"convex":17.526883550184,"yearn":33.21041}