{"stakedao":40.61513201882473,"convex":19.998020211696,"yearn":29.45294}