{"stakedao":41.19434437450338,"convex":14.747647075056001,"yearn":20.36208}