{"stakedao":39.77792702427109,"convex":15.544106203924802,"yearn":33.85498}