{"stakedao":40.74911406851727,"convex":17.0621484958656,"yearn":31.30531}