{"stakedao":52.52617818625487,"convex":14.6618524441296,"yearn":30.95609}