{"stakedao":52.15246106723956,"convex":9.6006628285632,"yearn":19.07812}