{"stakedao":42.37068652743344,"convex":15.2913970974096,"yearn":15.17585}