{"stakedao":39.38099261324409,"convex":15.7363306405632,"yearn":24.95634}