{"stakedao":27.907530487548826,"convex":13.691831599598398,"yearn":25.68304}