{"stakedao":53.293354762203215,"convex":13.736138768207999,"yearn":27.88764}