{"stakedao":63.85892763946687,"convex":19.072592365463997,"yearn":47.24234}