{"stakedao":41.227269037189934,"convex":20.664515990376,"yearn":23.13999}