{"stakedao":53.43361022895953,"convex":11.390113744199999,"yearn":16.94627}