{"stakedao":49.54156491824446,"convex":21.8555367299424,"yearn":41.02455}