{"stakedao":46.05678857469503,"convex":20.1493402362,"yearn":42.2537}