{"stakedao":46.572628042319366,"convex":20.279967078600002,"yearn":41.50461}