{"stakedao":38.702321651688585,"convex":16.44639439032,"yearn":29.43448}