{"stakedao":50.537446961312504,"convex":9.982646185823999,"yearn":17.25338}