{"stakedao":73.02014482499386,"convex":21.2007025824768,"yearn":33.51813}