{"stakedao":42.56397009147072,"convex":20.6883725517936,"yearn":29.24459}