{"stakedao":46.971930553436096,"convex":8.9909157728304,"yearn":28.21986}