{"stakedao":42.57544175083851,"convex":16.4596122663696,"yearn":17.87663}