{"stakedao":53.05875515269065,"convex":26.9701719846624,"yearn":28.48573}