{"stakedao":43.542938814476834,"convex":12.374748011620799,"yearn":20.07543}