{"stakedao":56.671121474975244,"convex":12.1881339996768,"yearn":17.67282}