{"stakedao":41.414571522388506,"convex":17.380385042644797,"yearn":33.17513}