{"stakedao":50.157542499197994,"convex":10.841990820249599,"yearn":37.26578}