{"stakedao":48.457281681976234,"convex":10.9886285087712,"yearn":35.37354}