{"stakedao":51.27178958201387,"convex":21.9633652203264,"yearn":42.19701}