{"stakedao":42.687194812572415,"convex":15.5383741385712,"yearn":17.58928}