{"stakedao":44.69035615631297,"convex":22.120822941984002,"yearn":47.13011}