{"stakedao":40.64181022096152,"convex":19.130332905072,"yearn":28.76108}