{"stakedao":46.61301393748333,"convex":32.3454426609024,"yearn":27.2673}