{"stakedao":45.30324774749419,"convex":20.470535348587198,"yearn":48.61843}