{"stakedao":42.64396637352437,"convex":12.197920746312,"yearn":18.13853}