{"stakedao":53.93117251344745,"convex":15.9168696016176,"yearn":23.36012}