{"stakedao":42.16525533551176,"convex":23.6089125145728,"yearn":29.43448}