{"stakedao":42.13271058421757,"convex":20.6484760901376,"yearn":28.32088}