{"stakedao":43.26406027826103,"convex":23.7251393508096,"yearn":30.7544}