{"stakedao":42.56480824974094,"convex":15.2768792002176,"yearn":18.4423}