{"stakedao":41.73526156999822,"convex":20.7201576578112,"yearn":25.70175}