{"stakedao":46.63278187563472,"convex":8.9920624690944,"yearn":27.929}