{"stakedao":55.749115017076704,"convex":12.266073861321601,"yearn":26.11519}