{"stakedao":52.16101037384294,"convex":25.2161839475136,"yearn":42.19701}