{"stakedao":40.88409650185077,"convex":16.7558620810896,"yearn":34.26706}