{"stakedao":41.152015650927716,"convex":20.666352993912,"yearn":23.58703}