{"stakedao":47.708174433273555,"convex":22.408458726686398,"yearn":38.03824}