{"stakedao":65.63714536822506,"convex":19.6379467774128,"yearn":39.6711}