{"stakedao":37.55814457955797,"convex":15.3567284720544,"yearn":26.1194}