{"stakedao":53.526766663541224,"convex":26.885584567584,"yearn":28.75604}