{"stakedao":56.428877034906236,"convex":30.969172065297602,"yearn":44.59385}