{"stakedao":43.9830599479276,"convex":15.2768792002176,"yearn":18.59549}