{"stakedao":55.144380247160086,"convex":11.821275030499201,"yearn":17.91713}