{"stakedao":48.97771084853304,"convex":29.491780355380797,"yearn":35.10859}