{"stakedao":49.08491689733634,"convex":16.823781542721598,"yearn":19.9249}