{"stakedao":54.51473396051867,"convex":10.578927208723199,"yearn":15.07777}