{"stakedao":53.02892416857747,"convex":11.278791342532799,"yearn":16.89314}