{"stakedao":45.26279324210181,"convex":10.722497387371199,"yearn":26.23792}