{"stakedao":46.08283242232889,"convex":20.27249525412,"yearn":42.73519}