{"stakedao":44.90373462454178,"convex":22.7004441678,"yearn":47.69872}