{"stakedao":42.92669348901879,"convex":28.5596336192832,"yearn":27.07378}