{"stakedao":55.61895279787288,"convex":11.4076308064464,"yearn":15.53399}