{"stakedao":38.722024255843614,"convex":18.0627331138992,"yearn":29.43448}