{"stakedao":57.5771284101792,"convex":11.0386409024448,"yearn":17.16075}