{"stakedao":38.94120156465088,"convex":15.968786101128002,"yearn":27.8517}