{"stakedao":50.4552976929203,"convex":9.5706376079472,"yearn":17.61438}