{"stakedao":38.70679651819209,"convex":17.602160439456,"yearn":29.43448}