{"stakedao":50.08212900751252,"convex":10.6424955254448,"yearn":20.13012}