{"stakedao":41.166873036338735,"convex":20.6677694775024,"yearn":23.62179}