{"stakedao":40.57149814186906,"convex":17.237749729795198,"yearn":32.15939}