{"stakedao":49.49550936779116,"convex":11.0939576418576,"yearn":37.58266}