{"stakedao":55.809110547785934,"convex":10.533436282742398,"yearn":16.22792}