{"stakedao":44.29589551062468,"convex":23.2208070830928,"yearn":35.68967}