{"stakedao":54.29554827884093,"convex":15.7991770036368,"yearn":24.0274}