{"stakedao":38.900659799337035,"convex":17.6657750604864,"yearn":29.43448}