{"stakedao":53.12183261073797,"convex":13.631735191492801,"yearn":32.8675}