{"stakedao":38.75539692091258,"convex":16.404075446673602,"yearn":27.95499}