{"stakedao":48.067450426530215,"convex":31.5874944059184,"yearn":28.32964}