{"stakedao":40.985087017918126,"convex":20.8437487113888,"yearn":26.4946}