{"stakedao":42.87095715016138,"convex":25.4079210930336,"yearn":30.14957}