{"stakedao":49.13436907804869,"convex":29.4479951769504,"yearn":35.20851}