{"stakedao":59.36882846963442,"convex":17.108859215404802,"yearn":35.79244}