{"stakedao":42.933147099986684,"convex":13.18958100432,"yearn":16.46255}