{"stakedao":55.48143989482115,"convex":9.777109794940799,"yearn":20.18558}