{"stakedao":43.36196800744061,"convex":27.75093196608,"yearn":27.15918}