{"stakedao":80.02270147497862,"convex":24.918213153355204,"yearn":39.73009}