{"stakedao":43.22065687174525,"convex":28.5801979642128,"yearn":27.60557}