{"stakedao":55.512818675898274,"convex":12.0898725383088,"yearn":17.18868}