{"stakedao":65.1642289856898,"convex":18.9341309210544,"yearn":43.4085}