{"stakedao":39.461383366058215,"convex":14.788953744638398,"yearn":21.84239}