{"stakedao":40.575399316634325,"convex":16.4659681327248,"yearn":33.93319}