{"stakedao":41.138486942048544,"convex":19.8154556996688,"yearn":25.82977}