{"stakedao":66.95414962936626,"convex":20.4505558955424,"yearn":42.9325}