{"stakedao":28.94887214400119,"convex":15.7430972002464,"yearn":25.81229}