{"stakedao":51.68542660665066,"convex":22.427722968479998,"yearn":34.56538}