{"stakedao":41.616534463896286,"convex":20.7208287596592,"yearn":25.79261}