{"stakedao":47.484609852183624,"convex":22.8406031604,"yearn":38.9345}