{"stakedao":55.54606318389066,"convex":11.4018608064384,"yearn":16.29468}