{"stakedao":55.84400609607606,"convex":11.3132699950752,"yearn":15.91725}