{"stakedao":50.28896655069373,"convex":14.6990589575184,"yearn":17.6968}