{"stakedao":49.85302341548372,"convex":22.6897772545584,"yearn":34.56538}