{"stakedao":42.54578840578712,"convex":23.085055230724798,"yearn":29.43448}