{"stakedao":56.69957405036536,"convex":13.310881623446399,"yearn":18.06459}