{"stakedao":52.495047561121766,"convex":11.745199974528,"yearn":17.02752}