{"stakedao":68.97450626693931,"convex":24.340729390315197,"yearn":34.7326}