{"stakedao":43.88599208439927,"convex":23.3126901677088,"yearn":28.65533}