{"stakedao":58.60202476316738,"convex":17.0731663101792,"yearn":35.79244}