{"stakedao":38.7988998024464,"convex":18.1034997799392,"yearn":29.43448}