{"stakedao":47.254599441535056,"convex":27.237869634787202,"yearn":29.44014}