{"stakedao":43.2917796896377,"convex":25.120972711137597,"yearn":27.5292}