{"stakedao":54.38162570406023,"convex":10.343440782201599,"yearn":15.77016}