{"stakedao":37.619303175048806,"convex":14.1659430131232,"yearn":26.76968}