{"stakedao":43.96944949845245,"convex":22.497258678494397,"yearn":31.30309}