{"stakedao":62.06575027985646,"convex":19.7234305895232,"yearn":41.77673}