{"stakedao":39.491506026288754,"convex":15.701579627356798,"yearn":32.78357}