{"stakedao":41.01437625505038,"convex":20.9142722992176,"yearn":26.02885}