{"stakedao":63.07732123761302,"convex":20.268154184961602,"yearn":43.32019}