{"stakedao":41.743273705858975,"convex":15.3444271709232,"yearn":14.94948}