{"stakedao":44.138697434718836,"convex":23.771661475608,"yearn":33.76103}