{"stakedao":41.39612053262194,"convex":17.5448284455744,"yearn":33.4814}