{"stakedao":54.61946384155149,"convex":10.3438407595968,"yearn":15.88764}