{"stakedao":66.00240944547977,"convex":18.564492788265596,"yearn":42.23405}