{"stakedao":45.62637996420948,"convex":22.9403416008672,"yearn":32.87769}