{"stakedao":47.340783241298816,"convex":10.987142526144,"yearn":34.95108}