{"stakedao":39.48095447974178,"convex":15.567730956820801,"yearn":30.8496}