{"stakedao":44.88021209668346,"convex":9.0126450828288,"yearn":26.91537}