{"stakedao":41.60789135601523,"convex":20.689656946848004,"yearn":0}