{"stakedao":50.86865503853423,"convex":13.492053486791999,"yearn":17.6498}