{"stakedao":40.52087050029113,"convex":16.240455505468802,"yearn":34.51546}