{"stakedao":56.07850659054854,"convex":11.0115806933952,"yearn":15.71723}