{"stakedao":69.08852397524731,"convex":20.581158631824,"yearn":37.65478}