{"stakedao":54.481560297485764,"convex":12.2700046408128,"yearn":26.71091}