{"stakedao":64.90181948808382,"convex":18.481814175887997,"yearn":30.01492}