{"stakedao":40.22995483845775,"convex":13.029928064856001,"yearn":19.5496}