{"stakedao":64.93864726511086,"convex":20.574224105097603,"yearn":37.94986}