{"stakedao":57.104165800751645,"convex":12.26543689404,"yearn":24.48169}