{"stakedao":39.47131270491471,"convex":15.727148208835201,"yearn":33.0416}