{"stakedao":45.05042379528996,"convex":21.649355875670402,"yearn":42.19701}