{"stakedao":58.69160952998598,"convex":17.04380330772,"yearn":35.79244}