{"stakedao":55.95761415833128,"convex":13.7141252620848,"yearn":18.45373}