{"stakedao":53.163681828294955,"convex":27.922432214419196,"yearn":31.42527}