{"stakedao":49.91798955309729,"convex":16.8146694047376,"yearn":20.17921}