{"stakedao":45.453466031475955,"convex":20.531296037304003,"yearn":44.26443}