{"stakedao":45.61263544581068,"convex":22.9509637676784,"yearn":33.37392}