{"stakedao":39.151455305880454,"convex":16.471989124603198,"yearn":26.55289}