{"stakedao":42.4449277293631,"convex":22.9845118653936,"yearn":29.43448}