{"stakedao":55.760575548478066,"convex":13.714064662507198,"yearn":18.45373}