{"stakedao":52.87039927170916,"convex":24.3527062806144,"yearn":0}