{"stakedao":54.30631595151603,"convex":15.9183728785872,"yearn":23.41671}