{"stakedao":45.338338857598096,"convex":20.4902697479904,"yearn":49.51142}