{"stakedao":42.51246893488111,"convex":22.829158991980798,"yearn":29.43448}