{"stakedao":49.04732358301831,"convex":16.823781542721598,"yearn":19.85088}