{"stakedao":48.77236417861642,"convex":11.0735433483696,"yearn":19.1287}