{"stakedao":48.356651607099664,"convex":10.995134927990401,"yearn":36.09649}