{"stakedao":42.483359401882154,"convex":13.1890958198064,"yearn":17.00159}