{"stakedao":42.60931627389403,"convex":12.134174787302399,"yearn":21.61246}