{"stakedao":41.03866025328767,"convex":19.7916193875168,"yearn":26.03386}