{"stakedao":81.22873589877088,"convex":25.0779553743888,"yearn":41.70076}