{"stakedao":57.48598976516568,"convex":11.0324552548032,"yearn":16.60425}