{"stakedao":45.689663066514385,"convex":23.3493278031936,"yearn":32.42697}