{"stakedao":56.786346977250005,"convex":11.602153630915199,"yearn":14.28939}