{"stakedao":37.47959297331723,"convex":23.7292600054032,"yearn":30.66287}