{"stakedao":42.24940386655688,"convex":22.8170769228144,"yearn":29.43448}