{"stakedao":43.250939691434255,"convex":13.2725197508544,"yearn":16.90584}