{"stakedao":40.85341651320814,"convex":17.234107451092804,"yearn":30.93821}