{"stakedao":50.15562025853145,"convex":22.351281297047997,"yearn":34.56538}