{"stakedao":45.57769284727593,"convex":22.940045739576,"yearn":33.10269}