{"stakedao":47.66094205753771,"convex":29.281275010425603,"yearn":35.35578}