{"stakedao":42.126417314430356,"convex":13.1894762511888,"yearn":17.23143}