{"stakedao":43.42869699403933,"convex":26.4910241394864,"yearn":26.71131}