{"stakedao":41.73633232673782,"convex":20.6940529044144,"yearn":25.88107}