{"stakedao":40.75852783575132,"convex":13.1747938149168,"yearn":18.91568}