{"stakedao":49.30404312151737,"convex":10.7438499903888,"yearn":36.72428}