{"stakedao":44.874190671777,"convex":22.658605845408,"yearn":48.66124}