{"stakedao":45.97036679769795,"convex":8.9940772473696,"yearn":27.67106}