{"stakedao":66.76608465527028,"convex":21.3843298072464,"yearn":31.68482}