{"stakedao":43.811348537172506,"convex":23.3119824998688,"yearn":28.52311}