{"stakedao":38.99946706855786,"convex":15.964108555464001,"yearn":27.27203}