{"stakedao":41.79436465704922,"convex":17.526873300984,"yearn":33.09614}