{"stakedao":41.14136898166618,"convex":20.999149213622402,"yearn":25.25831}