{"stakedao":42.39968166949634,"convex":13.186787428756801,"yearn":16.77546}