{"stakedao":40.506275225623114,"convex":17.2179639456336,"yearn":31.47197}