{"stakedao":46.541524865757836,"convex":13.2326402807952,"yearn":24.47425}