{"stakedao":40.449713433159474,"convex":16.2309701736144,"yearn":34.32783}