{"stakedao":48.40461427143981,"convex":11.0750881550976,"yearn":20.41317}