{"stakedao":42.214620591176285,"convex":22.816542485376,"yearn":29.43448}