{"stakedao":43.129273512477255,"convex":13.253125915022398,"yearn":18.25344}