{"stakedao":28.94057196689319,"convex":15.855348693470399,"yearn":25.81229}