{"stakedao":45.987630671319494,"convex":20.517652753228802,"yearn":44.83226}