{"stakedao":44.06685527452426,"convex":23.7268632220992,"yearn":32.93068}