{"stakedao":40.57936250783122,"convex":17.235135319708803,"yearn":31.93348}