{"stakedao":42.10924559303088,"convex":20.6486981761104,"yearn":28.49487}