{"stakedao":40.576065537332404,"convex":15.130331496518401,"yearn":20.58288}