{"stakedao":37.575305055230686,"convex":14.058149966049601,"yearn":25.247}