{"stakedao":46.12702717630992,"convex":13.261581069825601,"yearn":26.14641}