{"stakedao":44.69063065120574,"convex":22.613866668287997,"yearn":46.12163}