{"stakedao":43.780327248095844,"convex":27.400362116688,"yearn":26.26608}