{"stakedao":52.4541989235082,"convex":28.119727766001603,"yearn":29.40156}