{"stakedao":59.24597453236855,"convex":16.906124987337602,"yearn":36.80016}