{"stakedao":37.3114245167922,"convex":25.878147359659202,"yearn":29.48261}