{"stakedao":44.40963810789121,"convex":23.2999698099024,"yearn":31.82501}