{"stakedao":39.7638623812429,"convex":15.6010799425392,"yearn":34.07402}