{"stakedao":64.6718571567704,"convex":17.4851160355728,"yearn":31.87698}