{"stakedao":41.505545856881746,"convex":15.0443083462752,"yearn":14.84093}