{"stakedao":52.540428176549355,"convex":11.2804207256592,"yearn":0}