{"stakedao":58.05395129789311,"convex":12.092094583790399,"yearn":14.08245}