{"stakedao":56.59401030647352,"convex":11.602153630915199,"yearn":14.26746}