{"stakedao":41.10318958298771,"convex":21.5189677040256,"yearn":25.91608}