{"stakedao":64.86779827295646,"convex":20.4153302434608,"yearn":37.94986}