{"stakedao":39.57470018819238,"convex":15.7547381123088,"yearn":32.12213}