{"stakedao":44.11084031822441,"convex":23.772064978728,"yearn":33.65672}