{"stakedao":51.205301078910125,"convex":14.730589807689599,"yearn":17.89293}