{"stakedao":28.940755740784954,"convex":15.7776729868224,"yearn":24.27526}