{"stakedao":54.88483738376659,"convex":10.6449356265984,"yearn":14.93901}