{"stakedao":54.20100393158203,"convex":13.801645505088,"yearn":19.57358}