{"stakedao":44.543884773433895,"convex":22.6159701951744,"yearn":46.20931}