{"stakedao":44.2756920278123,"convex":23.8652307207648,"yearn":34.5422}