{"stakedao":43.12559407616923,"convex":26.481558839299204,"yearn":26.39768}