{"stakedao":64.80625655955828,"convex":18.938678197809597,"yearn":42.63159}