{"stakedao":50.29600144554023,"convex":17.4754830584736,"yearn":17.40216}