{"stakedao":34.12526495082819,"convex":31.397799102868802,"yearn":27.88683}