{"stakedao":49.57041259787208,"convex":31.2800893556112,"yearn":27.60621}