{"stakedao":56.014156175896204,"convex":12.115062022377598,"yearn":17.18868}