{"stakedao":62.66769829265546,"convex":19.129825361534397,"yearn":50.05996}