{"stakedao":46.78590486096749,"convex":10.164333028896,"yearn":19.44103}