{"stakedao":50.903467075033205,"convex":9.5717573062416,"yearn":17.93929}