{"stakedao":40.39325817701562,"convex":18.901667847801598,"yearn":0}