{"stakedao":62.89356641273497,"convex":20.1881377250208,"yearn":45.54567}