{"stakedao":48.788453336826734,"convex":29.3197412293344,"yearn":36.99101}