{"stakedao":53.68755986463374,"convex":10.7622776514816,"yearn":24.30963}