{"stakedao":48.80289528054787,"convex":11.075961494160001,"yearn":20.17465}