{"stakedao":42.15796285320232,"convex":22.166287431336002,"yearn":26.03128}