{"stakedao":40.369471082064,"convex":16.6110315504336,"yearn":33.58414}