{"stakedao":38.728859223739896,"convex":16.422774093460802,"yearn":29.43448}