{"stakedao":43.289154460841175,"convex":23.661196468401602,"yearn":31.28588}