{"stakedao":46.645522402650464,"convex":12.197492471664,"yearn":23.06925}