{"stakedao":40.79527111340554,"convex":17.2284470260704,"yearn":31.29948}