{"stakedao":39.714766417725954,"convex":15.60452360436,"yearn":34.88473}