{"stakedao":46.48494445406794,"convex":28.399131434260802,"yearn":32.12691}