{"stakedao":67.2057293762783,"convex":21.375835743326398,"yearn":31.68482}