{"stakedao":52.91681141657726,"convex":17.2075689420912,"yearn":37.59934}