{"stakedao":65.85122380629986,"convex":19.5657841974384,"yearn":41.55229}