{"stakedao":41.28476359535083,"convex":21.509513952321598,"yearn":25.82895}