{"stakedao":47.052701672117166,"convex":31.397172075734403,"yearn":27.79823}