{"stakedao":55.08657055637482,"convex":12.283476652872,"yearn":25.0489}