{"stakedao":37.5754315000737,"convex":14.0885096164848,"yearn":26.30311}