{"stakedao":43.695437816623,"convex":26.830703113272,"yearn":25.95471}