{"stakedao":39.55431390570454,"convex":15.7035735382608,"yearn":32.48574}