{"stakedao":65.97432136673706,"convex":18.564492788265596,"yearn":42.31411}