{"stakedao":62.5912083836293,"convex":19.133050601865598,"yearn":46.115}