{"stakedao":49.15385187249375,"convex":27.799468705166397,"yearn":27.54158}