{"stakedao":40.05453160324535,"convex":13.130130232742399,"yearn":17.39635}