{"stakedao":37.33685248227758,"convex":25.6550258896848,"yearn":29.56238}