{"stakedao":38.96439833860422,"convex":16.058485137988804,"yearn":27.64107}