{"stakedao":49.163793747563055,"convex":21.834899968896,"yearn":38.80241}