{"stakedao":51.61419956009381,"convex":22.959852646550402,"yearn":34.56538}