{"stakedao":41.73406310686559,"convex":22.1145795203904,"yearn":26.06025}