{"stakedao":40.73011561657146,"convex":13.693335447369599,"yearn":16.3816}