{"stakedao":40.785582206087625,"convex":17.2372851477504,"yearn":31.07634}