{"stakedao":54.479370024912235,"convex":10.3433783787648,"yearn":15.7879}