{"stakedao":41.83252932199763,"convex":20.699793680011204,"yearn":29.82083}