{"stakedao":37.716439017539976,"convex":23.5187403367968,"yearn":30.16619}