{"stakedao":40.57302643158049,"convex":16.4621966667984,"yearn":34.00586}