{"stakedao":46.11654116714567,"convex":21.562119494510398,"yearn":42.19701}