{"stakedao":54.51517662054526,"convex":9.7877438161344,"yearn":19.90086}