{"stakedao":55.75661383146421,"convex":12.2827384707984,"yearn":25.32606}