{"stakedao":56.41060275451811,"convex":12.2235111317808,"yearn":17.30571}