{"stakedao":41.14235827067465,"convex":20.9990763717696,"yearn":25.11883}