{"stakedao":41.09118437152671,"convex":19.8415225152576,"yearn":27.33173}