{"stakedao":43.30433366707134,"convex":15.307379854416,"yearn":14.88489}