{"stakedao":53.77726961330615,"convex":11.401150171060799,"yearn":16.39371}