{"stakedao":70.25096267016679,"convex":20.583755873712,"yearn":37.43565}