{"stakedao":54.31440434387758,"convex":11.7224221745232,"yearn":16.44647}