{"stakedao":55.82614237461318,"convex":12.2662338056064,"yearn":24.61438}