{"stakedao":49.108098991692245,"convex":21.7984484336544,"yearn":40.24692}