{"stakedao":37.42177953655248,"convex":25.4392363252656,"yearn":28.99298}