{"stakedao":42.1224177581184,"convex":22.9801348672704,"yearn":29.43448}