{"stakedao":49.2973705706803,"convex":22.33166249916,"yearn":38.57111}