{"stakedao":49.36689473927563,"convex":17.4438329076144,"yearn":19.21788}