{"stakedao":38.66765967617243,"convex":16.4464723567728,"yearn":29.43448}