{"stakedao":63.67942152138822,"convex":20.349105958512002,"yearn":37.94986}