{"stakedao":63.192301971185486,"convex":20.268110640052804,"yearn":43.32019}