{"stakedao":76.68795963860526,"convex":24.609302810928,"yearn":41.66131}