{"stakedao":45.578890133072505,"convex":22.051358556940798,"yearn":39.77331}