{"stakedao":47.944843784671235,"convex":10.988185800096,"yearn":35.73324}