{"stakedao":41.39071021451068,"convex":13.272116250888,"yearn":14.82744}