{"stakedao":39.41757121608783,"convex":15.728140262016,"yearn":32.81979}