{"stakedao":79.38041355003196,"convex":19.7035515471024,"yearn":40.64555}