{"stakedao":42.59412617442172,"convex":21.0920619013344,"yearn":29.93588}