{"stakedao":40.18587629461994,"convex":13.1553326213424,"yearn":17.60429}