{"stakedao":45.40745420373548,"convex":20.4690308322528,"yearn":47.45392}