{"stakedao":39.67727820813681,"convex":15.4327644801504,"yearn":25.60773}