{"stakedao":47.545551020181264,"convex":10.1864979078192,"yearn":17.81989}