{"stakedao":40.567775990487455,"convex":20.2094991202752,"yearn":28.54985}