{"stakedao":38.917863618263176,"convex":16.372937380536,"yearn":27.95499}