{"stakedao":42.87259279889979,"convex":15.277449203956799,"yearn":17.84256}