{"stakedao":55.382641910669435,"convex":10.6688948913072,"yearn":14.49922}