{"stakedao":50.29649173338299,"convex":17.4754830584736,"yearn":17.40216}