{"stakedao":46.1676791240135,"convex":11.378202770448,"yearn":31.82989}