{"stakedao":53.69623415360283,"convex":26.808343300871996,"yearn":29.4849}