{"stakedao":53.428597907620556,"convex":28.1066932749456,"yearn":30.08465}