{"stakedao":41.50549903340173,"convex":18.0728458702416,"yearn":31.7004}