{"stakedao":64.40066688368759,"convex":17.3369726607312,"yearn":32.51893}