{"stakedao":49.25014691358535,"convex":21.822896515824,"yearn":38.38707}