{"stakedao":38.861425798656946,"convex":16.4243452642848,"yearn":29.43448}