{"stakedao":55.442423302509766,"convex":12.2632914179664,"yearn":24.82104}