{"stakedao":48.47257606017112,"convex":10.987209524376002,"yearn":35.37354}