{"stakedao":65.72532331870163,"convex":20.3851276927632,"yearn":42.42153}