{"stakedao":56.6748884836626,"convex":11.637534796473599,"yearn":14.39961}