{"stakedao":63.23217191094545,"convex":19.1134284548544,"yearn":46.43031}