{"stakedao":27.903365145381798,"convex":13.6855249041744,"yearn":23.66499}