{"stakedao":54.52039172237227,"convex":10.490728106016,"yearn":16.21078}