{"stakedao":41.044266577740096,"convex":20.9118194701344,"yearn":25.7955}