{"stakedao":43.19396655609259,"convex":14.8089623842512,"yearn":18.79692}