{"stakedao":43.51608084426573,"convex":19.548431390448,"yearn":44.35629}