{"stakedao":39.4163462835338,"convex":16.9084281497184,"yearn":26.78211}