{"stakedao":44.9552498023456,"convex":20.4955079312016,"yearn":47.59506}