{"stakedao":39.422963015589374,"convex":15.728450730782399,"yearn":32.94956}