{"stakedao":42.56122548084131,"convex":22.9885625857536,"yearn":29.43448}