{"stakedao":49.097548211843346,"convex":29.126180691216,"yearn":34.65958}