{"stakedao":53.82171532252933,"convex":11.822686288574399,"yearn":27.51547}