{"stakedao":46.31540135076055,"convex":12.192892116667199,"yearn":22.64986}