{"stakedao":43.75473471463595,"convex":14.872243272408,"yearn":18.27387}