{"stakedao":53.677557032244756,"convex":11.3976252945792,"yearn":16.7088}