{"stakedao":51.802353762571265,"convex":15.973892214724799,"yearn":25.85138}