{"stakedao":56.65315813606191,"convex":30.4644890951856,"yearn":41.86249}