{"stakedao":59.616276397370214,"convex":17.210113638696,"yearn":35.69022}