{"stakedao":44.90108238722146,"convex":22.6983195433296,"yearn":47.96103}