{"stakedao":43.50206077673758,"convex":14.821995547641599,"yearn":18.24423}