{"stakedao":44.80348103055191,"convex":22.699572017644797,"yearn":47.34843}