{"stakedao":46.40799240932749,"convex":21.6089016588576,"yearn":42.19701}