{"stakedao":42.88456086319885,"convex":28.5571618906752,"yearn":27.11832}