{"stakedao":43.44597688356838,"convex":12.3563129584896,"yearn":18.66985}