{"stakedao":57.29996065624249,"convex":31.150404849887998,"yearn":42.74029}