{"stakedao":64.69163991517621,"convex":20.4177535737696,"yearn":37.94986}