{"stakedao":66.40200283798725,"convex":14.1928287366384,"yearn":36.34898}