{"stakedao":65.48152080901073,"convex":18.8331623716032,"yearn":41.94741}