{"stakedao":52.68273045402687,"convex":9.5903136152928,"yearn":19.27488}