{"stakedao":54.89367336258091,"convex":10.414810531368,"yearn":15.94535}