{"stakedao":56.89518873622562,"convex":11.0336762719584,"yearn":16.35833}