{"stakedao":61.82433438755472,"convex":19.1141753976288,"yearn":47.32306}