{"stakedao":53.44085472575776,"convex":26.9237275298784,"yearn":28.71742}