{"stakedao":55.209414645637345,"convex":12.2657846131296,"yearn":26.25281}