{"stakedao":50.95651723246445,"convex":29.4070897146672,"yearn":37.14197}