{"stakedao":52.549842055119825,"convex":11.2925844509904,"yearn":16.17965}