{"stakedao":58.86992150935869,"convex":16.9582590095616,"yearn":36.12213}