{"stakedao":40.91776426319867,"convex":16.7683570164144,"yearn":34.32706}