{"stakedao":41.28714347188047,"convex":21.509513952321598,"yearn":25.79889}