{"stakedao":49.29219342913504,"convex":22.4066593739808,"yearn":34.56538}