{"stakedao":46.3791685208963,"convex":13.26103629804,"yearn":26.29676}