{"stakedao":44.67045025727949,"convex":10.644173820907199,"yearn":25.64361}