{"stakedao":39.40049698297458,"convex":15.7233652007328,"yearn":26.79239}