{"stakedao":44.221733484361955,"convex":23.7839259395376,"yearn":32.35802}