{"stakedao":51.51703553900239,"convex":25.2690395922576,"yearn":32.15129}