{"stakedao":28.91906441020534,"convex":15.7259470183632,"yearn":23.81013}