{"stakedao":51.64083190573359,"convex":13.716543858840001,"yearn":16.70344}