{"stakedao":54.82691393897122,"convex":10.6445879390448,"yearn":14.99425}