{"stakedao":41.18462325344886,"convex":21.7483969921056,"yearn":27.43015}