{"stakedao":40.72578458695204,"convex":20.855585165572798,"yearn":27.10647}