{"stakedao":37.59828498062037,"convex":24.3153993723696,"yearn":29.67215}