{"stakedao":45.755213301474114,"convex":23.3206912135728,"yearn":32.73871}