{"stakedao":41.66816546319522,"convex":21.521599405300798,"yearn":26.80457}