{"stakedao":40.1263470844245,"convex":13.1488666060464,"yearn":17.67366}