{"stakedao":44.560685429796976,"convex":23.309448159686397,"yearn":32.0725}