{"stakedao":39.641158428886264,"convex":15.604042844347202,"yearn":34.69801}