{"stakedao":51.678986343467905,"convex":24.3273099235392,"yearn":41.81435}