{"stakedao":47.42447140782323,"convex":11.375261581176,"yearn":30.51504}