{"stakedao":55.231512886525614,"convex":12.2549207859504,"yearn":25.76754}