{"stakedao":42.915723214302005,"convex":13.7335931066016,"yearn":17.09564}