{"stakedao":52.00046486698084,"convex":26.6887836613152,"yearn":28.63848}