{"stakedao":67.32224639792625,"convex":20.577736660463998,"yearn":41.91416}