{"stakedao":54.332147658973284,"convex":11.3174509906512,"yearn":15.45908}