{"stakedao":53.097489486601496,"convex":27.9965694588768,"yearn":30.6645}