{"stakedao":46.92680080699746,"convex":26.0586277173648,"yearn":28.93661}