{"stakedao":45.00114875367555,"convex":9.0132603974928,"yearn":25.68475}