{"stakedao":51.698580852022,"convex":25.2301136352336,"yearn":30.42875}