{"stakedao":43.41557912223655,"convex":26.489939537606404,"yearn":26.62169}