{"stakedao":45.21767644041928,"convex":23.1377885883216,"yearn":32.03478}