{"stakedao":40.21042346366054,"convex":13.0376457976032,"yearn":19.28826}