{"stakedao":52.5288738688804,"convex":11.2804040178864,"yearn":17.05466}