{"stakedao":52.11839099093818,"convex":14.9808723388416,"yearn":25.69503}