{"stakedao":53.68619008878272,"convex":13.851213644822401,"yearn":19.32196}