{"stakedao":58.199173597280506,"convex":12.5181740392128,"yearn":13.95352}