{"stakedao":55.605409368224024,"convex":11.3494297844736,"yearn":22.90985}