{"stakedao":42.85703333726155,"convex":15.3155653890336,"yearn":18.15741}