{"stakedao":43.70498858099031,"convex":12.3553236110976,"yearn":18.66985}