{"stakedao":44.54280521321661,"convex":22.1896696219344,"yearn":48.09454}