{"stakedao":47.47319792099533,"convex":22.3953067766448,"yearn":38.79538}