{"stakedao":44.65798258477311,"convex":22.1231657167344,"yearn":44.84328}