{"stakedao":52.8899266499596,"convex":11.3049607541904,"yearn":15.95337}