{"stakedao":43.82852382695638,"convex":12.351531845448,"yearn":18.20955}