{"stakedao":37.588275266815714,"convex":23.7463385059584,"yearn":30.44229}