{"stakedao":47.22283687429467,"convex":10.182525954926401,"yearn":18.57707}