{"stakedao":51.953869072306865,"convex":10.9658393400384,"yearn":17.23635}