{"stakedao":41.73507599591025,"convex":20.7011670192,"yearn":25.57754}