{"stakedao":47.12374657106728,"convex":13.231506523752001,"yearn":26.66259}