{"stakedao":49.391054990363166,"convex":10.748377446768,"yearn":36.79165}