{"stakedao":51.3859859725355,"convex":14.7277115800416,"yearn":17.93551}