{"stakedao":43.581517195791605,"convex":25.1197237310112,"yearn":27.9724}