{"stakedao":47.481772678898,"convex":29.2872805748928,"yearn":35.09081}