{"stakedao":76.49090335195575,"convex":20.8728614063088,"yearn":33.67092}