{"stakedao":41.463793314052836,"convex":13.228820807616,"yearn":16.14924}