{"stakedao":51.821907268146504,"convex":22.9634330453136,"yearn":34.56538}