{"stakedao":40.86929669748379,"convex":19.094488538745598,"yearn":29.60422}