{"stakedao":41.24578316486745,"convex":20.9260027672128,"yearn":23.38582}