{"stakedao":40.59605320917386,"convex":18.8775780871248,"yearn":29.24838}