{"stakedao":45.2905765482229,"convex":23.1311609037216,"yearn":31.79993}