{"stakedao":66.45930359536545,"convex":20.449122275289596,"yearn":42.29827}