{"stakedao":39.16086062101239,"convex":16.3900642100112,"yearn":27.64098}