{"stakedao":40.98262757994982,"convex":14.805672678028799,"yearn":21.24443}