{"stakedao":39.913285592296965,"convex":16.4360223197568,"yearn":19.32371}