{"stakedao":45.53717080853622,"convex":31.0828986769968,"yearn":48.69945}