{"stakedao":52.24239524101718,"convex":25.5063658416336,"yearn":28.72129}