{"stakedao":39.183616663492195,"convex":16.064493461856,"yearn":26.79239}