{"stakedao":62.88087210457866,"convex":20.1881377250208,"yearn":45.54567}