{"stakedao":43.773995381315245,"convex":26.832960617832,"yearn":26.07857}