{"stakedao":39.18480391975591,"convex":16.395036689808002,"yearn":27.32145}