{"stakedao":53.06763844838448,"convex":13.631735191492801,"yearn":32.9554}