{"stakedao":39.50773028242213,"convex":15.417269963496,"yearn":25.60773}