{"stakedao":42.860448642353504,"convex":15.3133532647776,"yearn":14.71452}