{"stakedao":53.17487786750762,"convex":26.9701719846624,"yearn":28.52423}