{"stakedao":42.548855011659086,"convex":21.1383481810032,"yearn":29.38708}