{"stakedao":39.682068761531774,"convex":15.604221489479999,"yearn":35.48211}