{"stakedao":41.372023363437776,"convex":14.7462962872608,"yearn":21.20383}