{"stakedao":64.8210387778573,"convex":18.564287958792,"yearn":32.25871}