{"stakedao":47.69134569480061,"convex":22.4149181888016,"yearn":38.54276}