{"stakedao":42.38873311503271,"convex":20.6454605547456,"yearn":29.13984}