{"stakedao":77.72461803602818,"convex":21.090165241147197,"yearn":33.63023}