{"stakedao":43.347742854228564,"convex":13.251591802152,"yearn":15.37061}