{"stakedao":45.83720553025293,"convex":10.615680073598401,"yearn":25.56616}