{"stakedao":48.20081004203794,"convex":10.9951590372624,"yearn":36.03631}