{"stakedao":37.508388450283256,"convex":15.3655558620336,"yearn":26.31747}