{"stakedao":42.86568323798509,"convex":13.1871954352176,"yearn":16.77546}