{"stakedao":41.59070767574749,"convex":17.5221414724032,"yearn":32.52215}