{"stakedao":45.451206903165186,"convex":20.5747392298896,"yearn":48.92902}