{"stakedao":54.98032103664573,"convex":10.5820001680176,"yearn":16.95419}