{"stakedao":44.84041758766507,"convex":13.989455992872001,"yearn":18.94503}