{"stakedao":45.67667717647613,"convex":8.988755260391999,"yearn":29.24036}