{"stakedao":53.73226753390402,"convex":13.845424789439999,"yearn":19.19981}