{"stakedao":53.552167499403204,"convex":10.7594389289808,"yearn":24.03404}