{"stakedao":51.54150419777409,"convex":22.873235897332798,"yearn":34.56538}