{"stakedao":43.604952914420046,"convex":12.3551884068048,"yearn":18.47775}