{"stakedao":54.8671417217321,"convex":9.8097538532976,"yearn":20.47563}