{"stakedao":71.18243578839706,"convex":21.2243986098864,"yearn":32.05859}