{"stakedao":56.92841077763562,"convex":12.2699883966192,"yearn":23.32677}