{"stakedao":45.43623321963052,"convex":20.4902835386832,"yearn":49.55024}