{"stakedao":40.994797053388844,"convex":19.816000607059202,"yearn":26.51382}