{"stakedao":43.103461314731135,"convex":22.1814617535216,"yearn":28.1515}