{"stakedao":67.79991207052879,"convex":24.3267153721776,"yearn":35.06557}