{"stakedao":42.53026760524563,"convex":21.025102193712,"yearn":28.88328}