{"stakedao":55.81652184906963,"convex":12.266073861321601,"yearn":26.09228}