{"stakedao":48.44766503862853,"convex":11.0759599709712,"yearn":20.23425}