{"stakedao":42.428114474566634,"convex":13.262661310276801,"yearn":17.78072}