{"stakedao":55.184535322973105,"convex":10.5333234217056,"yearn":22.26936}