{"stakedao":40.80656008446812,"convex":16.5266679191184,"yearn":33.4416}