{"stakedao":38.84960572242425,"convex":16.372416169296,"yearn":27.95499}