{"stakedao":43.158565578658504,"convex":14.8099757210784,"yearn":18.79692}