{"stakedao":51.60546493734665,"convex":22.848723790776,"yearn":34.56538}