{"stakedao":56.44053670508906,"convex":12.2661818721216,"yearn":24.58795}