{"stakedao":46.191950140984346,"convex":11.165895789580802,"yearn":32.1811}