{"stakedao":41.72669689471021,"convex":20.6940529044144,"yearn":25.94553}