{"stakedao":43.14732176242188,"convex":25.4355039355968,"yearn":27.20404}