{"stakedao":45.510632052651815,"convex":13.2217036496064,"yearn":24.75255}