{"stakedao":63.89073291760867,"convex":17.334617088672,"yearn":33.67015}