{"stakedao":28.938627910315027,"convex":15.7479196822128,"yearn":25.81229}