{"stakedao":62.56639655487187,"convex":19.1337855041952,"yearn":50.24585}