{"stakedao":44.411880411331076,"convex":23.2998895413216,"yearn":31.88157}