{"stakedao":44.462017883863936,"convex":22.103029104033602,"yearn":45.54724}