{"stakedao":51.78878369083097,"convex":13.890933864388801,"yearn":26.87601}