{"stakedao":39.63370863289073,"convex":15.6058355618784,"yearn":34.62312}