{"stakedao":40.85558846557882,"convex":19.094488538745598,"yearn":28.76108}