{"stakedao":49.11867315143276,"convex":29.126180691216,"yearn":34.65958}