{"stakedao":49.11836328185892,"convex":11.079442680667201,"yearn":37.91737}