{"stakedao":47.18994616005364,"convex":21.5023526817552,"yearn":42.19701}