{"stakedao":41.18871524953069,"convex":20.6678068255872,"yearn":23.03458}