{"stakedao":45.32210640786756,"convex":23.1311609037216,"yearn":31.83896}