{"stakedao":41.59150385989015,"convex":18.072913622184,"yearn":33.05997}