{"stakedao":41.75624813771164,"convex":20.7243972598896,"yearn":25.99133}