{"stakedao":46.35515626290915,"convex":28.3414453226352,"yearn":31.66204}