{"stakedao":41.025003913329,"convex":20.844124119086402,"yearn":26.58785}