{"stakedao":47.75875239306859,"convex":29.2231329292368,"yearn":36.26713}