{"stakedao":57.62171466770768,"convex":11.002257194832,"yearn":17.47709}