{"stakedao":47.247726495968664,"convex":19.8166609772064,"yearn":26.57603}