{"stakedao":38.62958724447701,"convex":16.4496939263136,"yearn":29.43448}