{"stakedao":46.021456618397515,"convex":12.097608448406397,"yearn":23.54478}