{"stakedao":40.720134679707485,"convex":16.6875502674672,"yearn":35.08378}