{"stakedao":42.4220553612211,"convex":20.7070793821728,"yearn":30.08597}