{"stakedao":51.6195974579186,"convex":25.3189803519072,"yearn":30.90587}