{"stakedao":41.46728774553394,"convex":17.380385042644797,"yearn":33.1367}