{"stakedao":53.844667078140304,"convex":9.783164779473601,"yearn":19.54291}