{"stakedao":40.91595014629113,"convex":13.226104911528001,"yearn":15.94803}