{"stakedao":47.69209326711443,"convex":22.4057848050144,"yearn":37.99543}