{"stakedao":41.59778261855347,"convex":13.270909730831999,"yearn":14.82744}