{"stakedao":44.52165581016038,"convex":19.5453479927376,"yearn":43.14324}