{"stakedao":39.73036167791867,"convex":15.60452360436,"yearn":35.03423}