{"stakedao":44.56088792804929,"convex":22.6572110648928,"yearn":50.40696}