{"stakedao":42.24725079029616,"convex":12.129555359332798,"yearn":21.76753}