{"stakedao":56.9691147207458,"convex":11.0141873866224,"yearn":15.42592}