{"stakedao":47.27923362448417,"convex":10.1868352168752,"yearn":18.99354}