{"stakedao":57.97691394987323,"convex":17.020140096672,"yearn":36.80016}