{"stakedao":44.151140452848395,"convex":22.5048337739136,"yearn":31.67617}