{"stakedao":52.49361585654313,"convex":14.6620638803952,"yearn":30.95609}