{"stakedao":41.632879369776425,"convex":18.2605607124912,"yearn":30.86809}