{"stakedao":44.83708479169578,"convex":9.0129336372288,"yearn":26.12301}