{"stakedao":47.60495465830839,"convex":22.9852237149072,"yearn":40.75739}