{"stakedao":37.57046918049786,"convex":24.323062768588798,"yearn":29.85516}