{"stakedao":41.23218614663157,"convex":21.6960154942752,"yearn":26.05538}