{"stakedao":56.73487248606696,"convex":11.602118856167998,"yearn":14.15736}