{"stakedao":44.36537289360587,"convex":22.6769159402928,"yearn":31.90265}