{"stakedao":41.073764909412766,"convex":20.9260064916144,"yearn":0}