{"stakedao":56.41558651554273,"convex":30.969932792457602,"yearn":44.5305}