{"stakedao":45.01425755270209,"convex":9.0126450828288,"yearn":26.97575}