{"stakedao":27.870120239730237,"convex":13.686215539420802,"yearn":23.66499}