{"stakedao":57.47391367400161,"convex":11.013212924222401,"yearn":15.28427}