{"stakedao":28.95597287850495,"convex":15.8648443817472,"yearn":25.81229}