{"stakedao":41.040462361197214,"convex":19.791195906340796,"yearn":0}