{"stakedao":40.85488314117127,"convex":17.234107451092804,"yearn":30.93821}