{"stakedao":44.062274681384885,"convex":27.4771639166256,"yearn":25.83112}