{"stakedao":42.81374234362703,"convex":13.6999227122784,"yearn":16.6013}