{"stakedao":40.730621424064424,"convex":13.176794654280002,"yearn":18.67412}