{"stakedao":51.76730963827474,"convex":9.6344697958416,"yearn":18.86071}