{"stakedao":54.53665139434795,"convex":11.7203426086896,"yearn":16.93536}