{"stakedao":47.00180026229876,"convex":13.2601559737536,"yearn":26.55584}