{"stakedao":39.6225165908746,"convex":14.718004259976,"yearn":19.91979}