{"stakedao":44.71525384134063,"convex":22.610999667456,"yearn":45.77109}