{"stakedao":40.845387240042584,"convex":19.8381561355584,"yearn":26.89661}