{"stakedao":42.62222493379832,"convex":21.0939954460272,"yearn":29.68273}