{"stakedao":44.59627079268108,"convex":22.6115451551088,"yearn":45.07484}