{"stakedao":54.11527047735986,"convex":12.265811737243201,"yearn":27.03388}