{"stakedao":45.70763780788289,"convex":21.786883271064,"yearn":42.75378}