{"stakedao":55.801422657073964,"convex":10.2012477554448,"yearn":21.46358}