{"stakedao":52.89867575496951,"convex":11.278791342532799,"yearn":16.87019}