{"stakedao":42.092567149800644,"convex":15.345060606172801,"yearn":14.94948}