{"stakedao":46.75609288242101,"convex":10.167549546369601,"yearn":19.66358}