{"stakedao":41.034220855379736,"convex":19.816413955718403,"yearn":26.48411}