{"stakedao":48.06585446202838,"convex":31.3947693762768,"yearn":28.94932}