{"stakedao":55.57485914359855,"convex":11.406388991299199,"yearn":14.89056}