{"stakedao":40.77643468130115,"convex":17.2170804393648,"yearn":30.57134}