{"stakedao":52.909606855886715,"convex":13.686273628732799,"yearn":31.86125}