{"stakedao":39.952044643618706,"convex":13.1378333800896,"yearn":17.80793}