{"stakedao":55.30929591124057,"convex":11.3497264625472,"yearn":22.65134}