{"stakedao":54.0740615050911,"convex":12.2698099816992,"yearn":26.90464}