{"stakedao":39.21336540264452,"convex":16.064493461856,"yearn":26.79239}