{"stakedao":39.14334780038234,"convex":16.3643976745632,"yearn":27.95499}