{"stakedao":37.39963201774122,"convex":15.4056146647104,"yearn":28.78515}