{"stakedao":78.0527592262944,"convex":21.0040274512368,"yearn":33.63023}