{"stakedao":43.791749154226544,"convex":12.0748324774896,"yearn":22.72018}