{"stakedao":45.989903797774424,"convex":20.5187462829504,"yearn":44.83226}