{"stakedao":66.10209642961954,"convex":20.528662781304,"yearn":44.07617}