{"stakedao":42.72508138546297,"convex":12.2053250805984,"yearn":17.9051}