{"stakedao":58.08214882592294,"convex":24.3465414971904,"yearn":37.98396}