{"stakedao":42.44019362325994,"convex":22.1739861131856,"yearn":25.63563}