{"stakedao":58.17054696478807,"convex":12.194381498875199,"yearn":14.71857}