{"stakedao":55.866412986213845,"convex":13.712660802777599,"yearn":18.35632}