{"stakedao":42.63639947787081,"convex":13.2216095777184,"yearn":17.89337}