{"stakedao":53.03895555368198,"convex":13.7326239800928,"yearn":27.75712}