{"stakedao":43.28741500046205,"convex":23.661399178655998,"yearn":31.1563}