{"stakedao":41.53735124916158,"convex":18.0716749574832,"yearn":31.97338}