{"stakedao":37.475289450950996,"convex":23.7292600054032,"yearn":30.66287}