{"stakedao":47.692881986552884,"convex":22.4004288348432,"yearn":38.32037}