{"stakedao":53.426686129605415,"convex":24.3501627508416,"yearn":37.58172}