{"stakedao":44.777007341011796,"convex":9.0111565300176,"yearn":26.58161}