{"stakedao":57.97156878583807,"convex":11.0258282356128,"yearn":16.96442}