{"stakedao":56.36423326780149,"convex":12.378850075742399,"yearn":14.14151}