{"stakedao":39.53647656232451,"convex":15.7547381123088,"yearn":32.12213}