{"stakedao":47.18542661028832,"convex":22.4058372241536,"yearn":38.32721}