{"stakedao":40.486822481158015,"convex":17.18419377456,"yearn":30.33826}