{"stakedao":55.43372544530634,"convex":11.405656744300801,"yearn":14.81441}