{"stakedao":49.737048396016334,"convex":31.2800893556112,"yearn":27.64348}