{"stakedao":40.94479709979867,"convex":17.1156037566528,"yearn":30.18414}