{"stakedao":46.492256595564825,"convex":20.309078250331197,"yearn":44.21227}