{"stakedao":44.23185566280256,"convex":23.2204087455696,"yearn":35.68967}