{"stakedao":45.8445089308856,"convex":22.9547810806416,"yearn":32.96334}