{"stakedao":55.795803417966205,"convex":11.6036110198512,"yearn":13.92471}