{"stakedao":54.0450327197525,"convex":12.211798049582399,"yearn":15.57854}