{"stakedao":53.81522095925159,"convex":11.401150171060799,"yearn":16.39371}