{"stakedao":48.16668262816074,"convex":26.0301028219488,"yearn":27.86012}