{"stakedao":44.912405722544435,"convex":22.118771859465603,"yearn":43.6625}