{"stakedao":40.72687948598107,"convex":13.266127517184,"yearn":15.73979}