{"stakedao":44.37860607236788,"convex":23.865382670673604,"yearn":34.6984}