{"stakedao":43.54242265335207,"convex":26.819425398168,"yearn":26.98885}