{"stakedao":48.22437133375197,"convex":27.9505873849248,"yearn":27.60459}