{"stakedao":43.63386096513593,"convex":27.440930074392,"yearn":26.10483}