{"stakedao":55.63569419233664,"convex":13.714064662507198,"yearn":18.45373}