{"stakedao":52.21744351686003,"convex":16.6446441865728,"yearn":27.25925}