{"stakedao":51.33261525327328,"convex":25.101581820768004,"yearn":34.52436}