{"stakedao":44.13328347395209,"convex":9.2457262649376,"yearn":26.37586}