{"stakedao":77.84945647932636,"convex":21.1043171630592,"yearn":33.63023}