{"stakedao":66.00693343500711,"convex":20.4771360289104,"yearn":44.50927}