{"stakedao":52.99649045516083,"convex":14.141337884827198,"yearn":22.4849}