{"stakedao":51.41924765594624,"convex":9.5977430017776,"yearn":18.4615}