{"stakedao":40.54145361666051,"convex":16.252763066496,"yearn":34.21859}