{"stakedao":64.86724245285056,"convex":18.659848005403198,"yearn":43.244}