{"stakedao":52.175932191124716,"convex":24.9639759732672,"yearn":39.62379}