{"stakedao":42.409296797505895,"convex":22.1414700531456,"yearn":25.63563}