{"stakedao":52.72378112404608,"convex":13.593010121942402,"yearn":31.79608}