{"stakedao":57.79924882017695,"convex":12.056007267273598,"yearn":13.88519}