{"stakedao":63.33770933898896,"convex":20.533145109667203,"yearn":42.44594}