{"stakedao":43.13408356605211,"convex":26.481558839299204,"yearn":26.39768}