{"stakedao":43.701887350033495,"convex":19.5362900399088,"yearn":44.51267}