{"stakedao":48.203452366852986,"convex":14.322270207024001,"yearn":17.77121}