{"stakedao":43.293305528072466,"convex":15.2745052395168,"yearn":18.28682}