{"stakedao":43.16472100451966,"convex":28.5805477899072,"yearn":27.51651}