{"stakedao":40.77136638899557,"convex":19.9829348147232,"yearn":29.38038}