{"stakedao":43.0274225870062,"convex":28.584204259809603,"yearn":26.94005}