{"stakedao":44.10956438574694,"convex":22.4993938706784,"yearn":31.97819}