{"stakedao":42.37181512424516,"convex":13.719668493024,"yearn":17.83539}