{"stakedao":43.51836279714351,"convex":12.0736375311456,"yearn":22.72018}