{"stakedao":41.48174022003988,"convex":15.0443083462752,"yearn":14.84093}