{"stakedao":48.19741703841214,"convex":11.376297302255999,"yearn":30.66085}