{"stakedao":61.88403605436328,"convex":17.327442774816003,"yearn":35.04331}