{"stakedao":37.383876222610134,"convex":15.4069948062144,"yearn":28.47843}