{"stakedao":56.16148795883153,"convex":11.3854387182624,"yearn":14.29266}