{"stakedao":41.71227429546271,"convex":14.2015449338352,"yearn":17.45834}