{"stakedao":45.987324270453286,"convex":21.646565305488,"yearn":42.19701}