{"stakedao":40.26808441871553,"convex":16.241616288863998,"yearn":34.76629}