{"stakedao":55.36006193665328,"convex":10.1825625934512,"yearn":21.14963}