{"stakedao":64.89122378437625,"convex":20.4240453873552,"yearn":37.94986}