{"stakedao":40.50411381937206,"convex":16.4533608945504,"yearn":18.63893}