{"stakedao":40.79440490338752,"convex":16.5266679191184,"yearn":33.56983}