{"stakedao":40.5751754277491,"convex":16.2641306339712,"yearn":34.51546}