{"stakedao":42.65012024697905,"convex":25.4057044938192,"yearn":30.02145}