{"stakedao":49.2411981429736,"convex":17.5566986685072,"yearn":17.82946}