{"stakedao":48.0297497052522,"convex":10.9870275994992,"yearn":35.22469}