{"stakedao":52.73237010735512,"convex":17.205085068969602,"yearn":36.90972}