{"stakedao":41.221532003978695,"convex":17.1925351254,"yearn":29.88061}