{"stakedao":49.053478474336885,"convex":17.5561445399904,"yearn":17.82946}