{"stakedao":40.6864977406023,"convex":17.200499466513598,"yearn":31.12111}