{"stakedao":43.20005617745183,"convex":23.7292600054032,"yearn":30.69943}