{"stakedao":51.42137567285399,"convex":22.873149211176,"yearn":34.56538}