{"stakedao":51.95357375113764,"convex":13.585900778553599,"yearn":32.12419}