{"stakedao":52.26152809050097,"convex":14.762465226503998,"yearn":30.95609}