{"stakedao":54.177831915481434,"convex":11.7331633739664,"yearn":27.69127}