{"stakedao":37.5833963894023,"convex":24.3160239964608,"yearn":29.9283}