{"stakedao":57.945463026140985,"convex":24.311364520924798,"yearn":39.59054}