{"stakedao":55.81872026618061,"convex":12.0122018774208,"yearn":15.84199}