{"stakedao":42.55624705283207,"convex":21.0896557896816,"yearn":30.02031}