{"stakedao":39.32914783557076,"convex":16.460435904696,"yearn":26.43063}