{"stakedao":44.582660841270965,"convex":22.1030175208608,"yearn":45.45915}