{"stakedao":43.96196358294734,"convex":27.395253776649604,"yearn":26.45429}