{"stakedao":63.32645911061768,"convex":18.618949370664,"yearn":43.244}