{"stakedao":45.75704165518282,"convex":12.2138729417808,"yearn":24.77104}