{"stakedao":44.40915899452915,"convex":23.3112625140672,"yearn":32.01588}