{"stakedao":44.20007546432936,"convex":19.572126988967998,"yearn":43.38718}