{"stakedao":40.55075759091065,"convex":16.2534313837152,"yearn":34.18214}