{"stakedao":54.75543540491691,"convex":10.4929878559392,"yearn":16.39763}