{"stakedao":64.12240580898536,"convex":20.245091539190398,"yearn":46.42777}