{"stakedao":41.37484151169386,"convex":18.1303191422496,"yearn":32.06536}