{"stakedao":41.038367725204665,"convex":14.8052207923776,"yearn":21.12097}