{"stakedao":41.05235705179709,"convex":15.139029759192,"yearn":20.71258}