{"stakedao":50.89389992410318,"convex":29.299036025707203,"yearn":37.65321}