{"stakedao":55.26732188396241,"convex":11.818385689564801,"yearn":17.32899}