{"stakedao":53.437791810452424,"convex":26.720095096612802,"yearn":29.94145}