{"stakedao":46.66921749264107,"convex":20.0400921811584,"yearn":43.58995}