{"stakedao":40.68895920819507,"convex":20.8558016949024,"yearn":27.0576}