{"stakedao":39.507251239959295,"convex":15.417269963496,"yearn":25.60773}