{"stakedao":45.16031208167785,"convex":9.012597908126398,"yearn":27.21706}