{"stakedao":42.52599695667969,"convex":15.276840373094402,"yearn":18.4423}