{"stakedao":43.792799852879156,"convex":19.6145167214736,"yearn":41.48967}