{"stakedao":42.56982979218404,"convex":16.4596122663696,"yearn":17.87663}