{"stakedao":39.1294360442637,"convex":18.038469924144003,"yearn":29.43448}