{"stakedao":53.926021112914164,"convex":11.8408035250512,"yearn":27.41337}