{"stakedao":48.268688387843795,"convex":17.3998845366912,"yearn":18.9459}