{"stakedao":43.83447064464728,"convex":23.314388293008,"yearn":32.07883}