{"stakedao":47.74761050816547,"convex":31.34879583912,"yearn":29.34736}