{"stakedao":52.37896101444996,"convex":25.524627062025598,"yearn":28.68455}