{"stakedao":51.0547249454316,"convex":10.9645849893312,"yearn":17.80453}