{"stakedao":54.62814277959218,"convex":12.219407579159999,"yearn":15.9793}