{"stakedao":53.15549300110642,"convex":14.8458450134592,"yearn":30.95609}