{"stakedao":39.31202654555058,"convex":16.9074170487936,"yearn":27.15307}