{"stakedao":63.71949668242334,"convex":17.4313741030848,"yearn":33.85036}