{"stakedao":59.044237470333336,"convex":17.1088839680112,"yearn":35.79244}