{"stakedao":40.665644995633926,"convex":20.097135831931197,"yearn":26.38927}