{"stakedao":44.1900565884031,"convex":23.7706707784752,"yearn":32.53802}