{"stakedao":54.419442464616125,"convex":10.4384961834336,"yearn":15.61557}