{"stakedao":44.868917926188594,"convex":22.1159515098384,"yearn":43.90982}