{"stakedao":40.958196665884905,"convex":19.8166609772064,"yearn":26.5598}