{"stakedao":66.78935254511757,"convex":20.3264203603104,"yearn":42.23558}