{"stakedao":37.4895026536866,"convex":23.729416550107203,"yearn":30.58965}