{"stakedao":52.793956980994665,"convex":14.6378299371264,"yearn":21.77537}