{"stakedao":53.23138629987371,"convex":15.7763112150384,"yearn":23.74786}