{"stakedao":40.442965436719255,"convex":13.155288373180799,"yearn":18.94601}