{"stakedao":47.62101132238878,"convex":22.3972269532272,"yearn":38.53708}