{"stakedao":43.661799327907566,"convex":27.478332208742398,"yearn":26.45205}