{"stakedao":46.03262162702147,"convex":21.5249370620112,"yearn":42.19701}