{"stakedao":45.878905353286676,"convex":20.5178927548032,"yearn":44.71422}