{"stakedao":51.73708901006762,"convex":24.3273099235392,"yearn":41.81435}