{"stakedao":47.399268245579336,"convex":13.0364966856816,"yearn":24.47951}