{"stakedao":42.76558658729704,"convex":12.1857509534544,"yearn":18.5713}