{"stakedao":48.65196723394759,"convex":22.943117424816002,"yearn":29.97243}