{"stakedao":52.43654296018414,"convex":28.139068019015998,"yearn":29.40156}