{"stakedao":42.65162937099329,"convex":12.418709775883201,"yearn":19.2613}