{"stakedao":37.486626451707195,"convex":14.058999873863998,"yearn":25.40131}