{"stakedao":45.85697699063731,"convex":12.2138008946352,"yearn":24.86092}