{"stakedao":41.63829612519257,"convex":18.261540643233598,"yearn":30.81359}