{"stakedao":38.70448577196974,"convex":16.469189809488,"yearn":29.43448}