{"stakedao":43.232463462768344,"convex":19.533448826064,"yearn":42.64145}