{"stakedao":46.05522361791983,"convex":21.5742839609376,"yearn":42.19701}