{"stakedao":46.522500663854,"convex":20.154117905510404,"yearn":44.07425}