{"stakedao":38.76351677614312,"convex":16.3891434723408,"yearn":27.95499}