{"stakedao":46.49089614400033,"convex":12.197536073337602,"yearn":23.06925}