{"stakedao":54.08770043161778,"convex":11.4047723203344,"yearn":16.40317}