{"stakedao":45.20509451063204,"convex":20.4686661436416,"yearn":48.0363}