{"stakedao":41.8527168411412,"convex":20.6981434042848,"yearn":25.68235}