{"stakedao":49.502823327457754,"convex":21.8555367299424,"yearn":40.96944}