{"stakedao":54.30031064795635,"convex":10.441042299158399,"yearn":15.79895}