{"stakedao":45.43025908549167,"convex":20.4689821406688,"yearn":47.64779}