{"stakedao":54.076646950012666,"convex":11.7334455360192,"yearn":27.8172}