{"stakedao":51.629643241365216,"convex":22.848524357111998,"yearn":34.56538}