{"stakedao":52.48881495475561,"convex":15.7702099892688,"yearn":26.00493}