{"stakedao":39.82756050682599,"convex":13.107657430008,"yearn":17.08578}