{"stakedao":55.8997379467788,"convex":12.2660705910384,"yearn":26.13802}