{"stakedao":46.77256325368184,"convex":28.353486199478397,"yearn":30.22229}