{"stakedao":46.309559532059374,"convex":20.072559092342402,"yearn":43.29219}