{"stakedao":39.79302177320834,"convex":15.6010799425392,"yearn":34.00093}