{"stakedao":41.651265438902186,"convex":13.8545202669552,"yearn":15.43413}