{"stakedao":42.39589555956293,"convex":15.536012212007998,"yearn":17.42087}