{"stakedao":39.17307967736192,"convex":16.3900642100112,"yearn":27.64098}