{"stakedao":55.45269591479493,"convex":10.533787899681599,"yearn":16.36193}