{"stakedao":47.66193580926794,"convex":31.394743144632002,"yearn":29.0819}