{"stakedao":42.76945736205621,"convex":14.7671268969456,"yearn":18.68639}