{"stakedao":41.00299966311989,"convex":14.804559040953599,"yearn":21.03314}