{"stakedao":43.56282006806959,"convex":12.3551884068048,"yearn":18.55254}