{"stakedao":48.24964496401269,"convex":12.2006219056272,"yearn":22.89811}