{"stakedao":43.15030073987154,"convex":25.1107947415008,"yearn":30.96067}