{"stakedao":44.45233595354164,"convex":22.6061314172928,"yearn":48.70925}