{"stakedao":56.68988304107821,"convex":12.286531355975999,"yearn":23.79113}