{"stakedao":64.6237833404438,"convex":18.659952755380797,"yearn":43.45649}