{"stakedao":41.308494434444576,"convex":14.744311417728,"yearn":20.84466}