{"stakedao":38.913945749421096,"convex":17.6648869909584,"yearn":29.43448}