{"stakedao":44.6263658250356,"convex":22.6562094941472,"yearn":47.07297}