{"stakedao":55.89219279903611,"convex":10.5333373763856,"yearn":16.68974}