{"stakedao":65.56130277694099,"convex":20.3552903194848,"yearn":42.42153}