{"stakedao":56.61223335671535,"convex":30.9844822130352,"yearn":45.16114}