{"stakedao":75.66628699191112,"convex":20.2917620850192,"yearn":0}