{"stakedao":40.84417626212847,"convex":17.2097650996704,"yearn":31.61537}