{"stakedao":52.50181488368659,"convex":11.2788422984016,"yearn":16.77776}