{"stakedao":46.73635503646476,"convex":20.042461830888,"yearn":43.76876}