{"stakedao":44.99242848119722,"convex":9.0126450828288,"yearn":26.97575}