{"stakedao":63.915458153911615,"convex":17.430104192515202,"yearn":33.85036}