{"stakedao":54.606339492868685,"convex":10.578683880100801,"yearn":17.30403}