{"stakedao":42.58360508461902,"convex":12.129555359332798,"yearn":21.86}