{"stakedao":40.73075036164951,"convex":20.2088126351664,"yearn":26.42161}