{"stakedao":42.10565796185603,"convex":20.6575056038016,"yearn":28.40787}