{"stakedao":44.162278666473455,"convex":19.563448959792,"yearn":42.6576}