{"stakedao":65.71502274211628,"convex":19.597760521992,"yearn":41.55229}