{"stakedao":41.98521814373042,"convex":13.176048187699198,"yearn":15.87237}