{"stakedao":41.11667710745983,"convex":21.7067526192672,"yearn":26.50877}