{"stakedao":44.18825612396828,"convex":9.2464681714128,"yearn":26.34675}