{"stakedao":42.389361796743515,"convex":23.541601272004797,"yearn":29.43448}