{"stakedao":47.64476118687756,"convex":22.9792034798928,"yearn":39.15764}