{"stakedao":44.42939849511406,"convex":23.2998895413216,"yearn":31.82501}