{"stakedao":42.148100841226366,"convex":20.63313432756,"yearn":28.05106}