{"stakedao":46.86010357694025,"convex":32.032584367632,"yearn":27.53245}