{"stakedao":40.5944003032539,"convex":20.2069629068544,"yearn":28.43643}