{"stakedao":54.849251626371014,"convex":10.6445879390448,"yearn":14.95755}