{"stakedao":59.1872801904702,"convex":17.1124757985744,"yearn":35.79244}