{"stakedao":45.12517956978904,"convex":9.0180075304944,"yearn":25.44211}