{"stakedao":46.90115584109012,"convex":28.373807802355202,"yearn":29.94421}