{"stakedao":51.67644562101335,"convex":25.8494579125488,"yearn":34.78015}