{"stakedao":47.8455565134133,"convex":11.003523081408002,"yearn":34.7378}