{"stakedao":45.75598026906917,"convex":20.4877560355056,"yearn":44.50784}