{"stakedao":41.08524354491901,"convex":13.7640794781456,"yearn":16.43121}