{"stakedao":52.697735443177535,"convex":14.6367367069968,"yearn":31.33641}