{"stakedao":54.25932649641841,"convex":10.4426219437056,"yearn":15.978}