{"stakedao":39.368805591783286,"convex":16.3855620045072,"yearn":27.95499}