{"stakedao":50.58125176186013,"convex":22.655306154888002,"yearn":29.97243}