{"stakedao":42.25179888066222,"convex":22.8170769228144,"yearn":29.43448}