{"stakedao":51.93135870142451,"convex":25.8276005411616,"yearn":35.13457}