{"stakedao":47.423647198659104,"convex":11.4667105159872,"yearn":34.04096}