{"stakedao":52.09675430187228,"convex":15.9751401730848,"yearn":25.8044}