{"stakedao":47.786536662092956,"convex":11.466937537343998,"yearn":34.13108}