{"stakedao":39.73368373458537,"convex":15.679583630020797,"yearn":36.1933}