{"stakedao":42.579138524279045,"convex":21.088361593238396,"yearn":32.89201}