{"stakedao":40.97506369068759,"convex":19.8353846888064,"yearn":27.0557}