{"stakedao":44.27146271463662,"convex":23.8657728277584,"yearn":34.22964}