{"stakedao":41.4623564465129,"convex":13.2699775802832,"yearn":15.05502}