{"stakedao":41.455239800358804,"convex":20.6905412730528,"yearn":23.56611}