{"stakedao":48.951022062583995,"convex":29.405711418019198,"yearn":35.40783}