{"stakedao":46.27580088423392,"convex":11.165895789580802,"yearn":32.1811}