{"stakedao":39.46896455687535,"convex":15.564620974262402,"yearn":26.71326}