{"stakedao":63.30188567518624,"convex":18.6237864348768,"yearn":43.244}