{"stakedao":53.48321962905814,"convex":27.8172002532096,"yearn":31.7386}