{"stakedao":44.15587860642111,"convex":19.563454163232002,"yearn":43.76179}