{"stakedao":38.868862791432036,"convex":16.372583010504002,"yearn":27.95499}