{"stakedao":46.79267548388761,"convex":31.9056038468496,"yearn":27.70998}