{"stakedao":40.76430637645784,"convex":16.689837472632,"yearn":34.52734}