{"stakedao":56.22130300376348,"convex":11.011233601872,"yearn":15.98221}