{"stakedao":48.94748258991842,"convex":21.820627390248003,"yearn":39.96934}