{"stakedao":43.35701057208434,"convex":26.5449603904992,"yearn":25.99913}