{"stakedao":52.080213079448924,"convex":15.9545501610048,"yearn":25.8044}