{"stakedao":43.63437836769682,"convex":28.563302832883203,"yearn":26.81807}