{"stakedao":42.860493529917605,"convex":21.0369086130096,"yearn":30.43166}