{"stakedao":37.56656556528094,"convex":24.3077997009456,"yearn":29.81854}