{"stakedao":58.19554215750135,"convex":30.743097510672,"yearn":40.49385}