{"stakedao":43.10858668575939,"convex":15.8026833527184,"yearn":16.8176}