{"stakedao":55.24374374568259,"convex":10.533787899681599,"yearn":16.34053}