{"stakedao":46.30767923430857,"convex":32.3009535138048,"yearn":27.11465}