{"stakedao":52.14191512525658,"convex":9.6006713716656,"yearn":19.16544}