{"stakedao":55.2952235539226,"convex":10.5944324160816,"yearn":14.60889}