{"stakedao":51.056611808292274,"convex":25.204171267008,"yearn":31.71909}