{"stakedao":45.674595227190665,"convex":23.2788178073808,"yearn":32.30913}