{"stakedao":43.24614314257541,"convex":25.245994042152,"yearn":27.30193}