{"stakedao":40.698338281092184,"convex":17.200499466513598,"yearn":31.05133}