{"stakedao":62.1214958418384,"convex":19.101079764576,"yearn":46.7261}