{"stakedao":41.798849314024984,"convex":18.0365832766368,"yearn":31.12055}