{"stakedao":57.98284216904445,"convex":24.3103287620016,"yearn":39.52612}