{"stakedao":41.27531722701413,"convex":21.6960154185888,"yearn":26.22034}