{"stakedao":38.98501586948431,"convex":16.0582724686656,"yearn":27.64107}