{"stakedao":40.39569641664549,"convex":13.152238564464,"yearn":19.04713}