{"stakedao":42.37356017477232,"convex":13.7948119250976,"yearn":16.2806}