{"stakedao":44.81705048269674,"convex":21.7529287878384,"yearn":50.20835}