{"stakedao":49.565015213060875,"convex":11.0798184384144,"yearn":37.85018}