{"stakedao":38.75471604889929,"convex":16.3891434723408,"yearn":27.95499}