{"stakedao":39.49770612052298,"convex":16.9001571399264,"yearn":26.71353}