{"stakedao":37.61799945678807,"convex":14.1595774399872,"yearn":24.64869}