{"stakedao":41.56866007947647,"convex":20.7591062797584,"yearn":27.8876}