{"stakedao":40.68759990898024,"convex":16.4578178080512,"yearn":33.44769}