{"stakedao":42.68240004858303,"convex":25.3979560481616,"yearn":29.88138}