{"stakedao":45.300447370362136,"convex":20.465555577667203,"yearn":48.15289}