{"stakedao":47.566493606890255,"convex":10.1864979078192,"yearn":17.76321}