{"stakedao":44.08490127763886,"convex":22.4988648227424,"yearn":32.09089}