{"stakedao":42.902317946135504,"convex":24.911751341808,"yearn":28.70065}