{"stakedao":52.35965688442293,"convex":28.1225874694032,"yearn":29.77305}