{"stakedao":75.07527026235587,"convex":24.5775757753008,"yearn":41.67961}