{"stakedao":53.557184916855526,"convex":15.7762906504128,"yearn":23.79747}