{"stakedao":41.64670932023575,"convex":18.1584849687696,"yearn":31.30406}