{"stakedao":48.04842155569579,"convex":12.2000994991728,"yearn":22.45623}