{"stakedao":43.25346267098132,"convex":26.4828282074496,"yearn":26.53206}