{"stakedao":41.50415789543811,"convex":18.0727975129392,"yearn":32.90263}