{"stakedao":39.78704454674986,"convex":15.544106203924802,"yearn":33.85498}