{"stakedao":39.27281436435499,"convex":16.3827308790288,"yearn":27.95499}