{"stakedao":39.69226407595814,"convex":15.605390434392,"yearn":35.14614}