{"stakedao":55.40263038123693,"convex":10.4425955196912,"yearn":13.98322}