{"stakedao":54.88579126761759,"convex":10.582210929412799,"yearn":16.89874}