{"stakedao":64.17169609350245,"convex":17.3489787502128,"yearn":32.19056}