{"stakedao":55.252942255715375,"convex":11.8233045991584,"yearn":17.56777}