{"stakedao":47.667796999619284,"convex":21.1234359734352,"yearn":42.19701}