{"stakedao":43.7511931283719,"convex":12.3551884068048,"yearn":18.37677}