{"stakedao":40.94209858054694,"convex":17.1156037566528,"yearn":30.18414}