{"stakedao":42.40643323444394,"convex":13.1823033343776,"yearn":16.47832}