{"stakedao":46.24460059554478,"convex":22.1752765063872,"yearn":40.32293}