{"stakedao":49.264239273265886,"convex":29.302879715380804,"yearn":34.50819}