{"stakedao":44.29692662990605,"convex":22.6769159402928,"yearn":31.7326}