{"stakedao":42.176676631127464,"convex":14.2253779220928,"yearn":17.37512}