{"stakedao":40.58697275688393,"convex":19.106722264536,"yearn":28.76108}