{"stakedao":46.3830034821396,"convex":12.1952345918256,"yearn":22.37229}