{"stakedao":42.625899234994385,"convex":22.8164542602624,"yearn":29.43448}