{"stakedao":65.94098679780481,"convex":20.549289898641597,"yearn":43.63248}