{"stakedao":42.26331487819539,"convex":15.277060216857599,"yearn":19.50212}