{"stakedao":40.7854336045337,"convex":17.2284470260704,"yearn":31.38963}