{"stakedao":41.145767629358986,"convex":19.8102283869168,"yearn":26.90117}