{"stakedao":37.41301637574615,"convex":15.3343364550912,"yearn":27.16851}