{"stakedao":46.62487308758347,"convex":11.165895789580802,"yearn":32.34197}