{"stakedao":39.939921696380964,"convex":13.1524371687312,"yearn":17.95726}