{"stakedao":42.48164881321893,"convex":13.2640798594752,"yearn":17.53963}