{"stakedao":48.05736715742333,"convex":31.357146603456002,"yearn":29.52449}