{"stakedao":48.70925616574208,"convex":11.059586539689601,"yearn":19.43104}