{"stakedao":42.542778273728814,"convex":13.7251446185088,"yearn":17.64655}