{"stakedao":44.31699711446211,"convex":22.5569581555824,"yearn":30.11724}