{"stakedao":37.47332825205127,"convex":15.4150459438608,"yearn":29.29536}