{"stakedao":58.6201908675867,"convex":16.90532053236,"yearn":36.66941}