{"stakedao":40.60037500359317,"convex":20.2094624659824,"yearn":28.56205}