{"stakedao":40.52718155491467,"convex":16.2641973168432,"yearn":34.33323}