{"stakedao":40.24015342751723,"convex":13.1567751694368,"yearn":19.08316}