{"stakedao":27.945106773129467,"convex":13.7163970240704,"yearn":25.68304}