{"stakedao":41.51660510630063,"convex":18.0727975129392,"yearn":32.79326}