{"stakedao":46.96358737462178,"convex":10.1695933188432,"yearn":19.66358}