{"stakedao":44.87322968957558,"convex":9.0123459607152,"yearn":26.58161}