{"stakedao":44.35668508605092,"convex":19.5865198743024,"yearn":41.28739}