{"stakedao":37.479295300287156,"convex":24.449738131267203,"yearn":29.08754}