{"stakedao":42.93168891044423,"convex":12.0755711799072,"yearn":22.47568}