{"stakedao":64.21849503068756,"convex":19.0180409795424,"yearn":41.94741}