{"stakedao":72.69877284680318,"convex":20.3300977701168,"yearn":32.51147}