{"stakedao":49.168499563375626,"convex":11.1576150130896,"yearn":32.84086}