{"stakedao":37.54923851374533,"convex":15.3351051104016,"yearn":27.57924}