{"stakedao":39.554718396154485,"convex":15.7459992754176,"yearn":32.38665}