{"stakedao":41.218193878426646,"convex":13.227320857694401,"yearn":16.04098}