{"stakedao":43.713412123195624,"convex":19.5362900399088,"yearn":44.51267}