{"stakedao":64.49408969089626,"convex":18.6599552404176,"yearn":43.294}