{"stakedao":53.10921670439467,"convex":27.9980597524752,"yearn":31.29098}