{"stakedao":45.78051078356518,"convex":23.0731229197152,"yearn":37.76442}