{"stakedao":48.14300009939239,"convex":11.3750060228928,"yearn":30.95111}