{"stakedao":61.241764597920294,"convex":18.9578895537312,"yearn":47.96974}