{"stakedao":42.48731782407334,"convex":20.707222937198402,"yearn":30.08597}