{"stakedao":47.34051244464622,"convex":11.375643021710399,"yearn":30.51504}