{"stakedao":44.337854328945625,"convex":22.557155857919998,"yearn":30.11724}