{"stakedao":43.601694441711736,"convex":26.7692224229856,"yearn":26.90619}