{"stakedao":41.03769789782861,"convex":19.8162558216,"yearn":26.51382}