{"stakedao":53.90886757862012,"convex":11.4047723203344,"yearn":16.56776}