{"stakedao":53.54758394595177,"convex":25.574242010644802,"yearn":33.82293}