{"stakedao":56.944846260364415,"convex":12.2590428975072,"yearn":24.29617}