{"stakedao":54.25485698150103,"convex":10.441237324089599,"yearn":15.96039}