{"stakedao":38.8356524571861,"convex":18.0642542875488,"yearn":29.43448}