{"stakedao":45.70353493654508,"convex":13.2525773053056,"yearn":24.97835}