{"stakedao":46.419876377067894,"convex":13.2329302574688,"yearn":24.46968}