{"stakedao":40.595478897180776,"convex":20.207335113648,"yearn":28.43643}