{"stakedao":40.57740720387275,"convex":17.192502176587197,"yearn":29.63463}