{"stakedao":47.71178744004995,"convex":10.987115496638399,"yearn":35.07349}