{"stakedao":41.08477760409812,"convex":19.7940954460176,"yearn":25.97557}