{"stakedao":52.01336436813621,"convex":25.5973911848928,"yearn":34.36075}