{"stakedao":41.081256985005844,"convex":21.7289667385008,"yearn":27.8876}