{"stakedao":42.41170696519866,"convex":12.3824766211344,"yearn":20.72892}