{"stakedao":57.79618102652378,"convex":12.664479972168,"yearn":15.00571}