{"stakedao":41.4325809406339,"convex":14.8068208281024,"yearn":21.40366}