{"stakedao":40.647747776542246,"convex":20.097135831931197,"yearn":26.38927}