{"stakedao":63.26716122716195,"convex":18.6237864348768,"yearn":43.244}