{"stakedao":37.61276757488538,"convex":23.746462407748798,"yearn":30.38697}