{"stakedao":41.425672887321525,"convex":16.4376448280352,"yearn":19.0112}