{"stakedao":47.85406374537123,"convex":21.1185506181456,"yearn":42.19701}