{"stakedao":50.26579339167959,"convex":17.4801696234336,"yearn":17.40216}