{"stakedao":64.15166717859671,"convex":18.614804288284798,"yearn":43.244}