{"stakedao":41.09242001177003,"convex":21.698152808832,"yearn":26.35412}