{"stakedao":49.63120414985143,"convex":13.506208940736,"yearn":17.34403}