{"stakedao":39.59985975513329,"convex":14.715652645684798,"yearn":19.99932}