{"stakedao":55.47951266174863,"convex":11.4075529503696,"yearn":15.53399}