{"stakedao":51.24963499248802,"convex":10.986196919184,"yearn":17.25661}