{"stakedao":47.32313907742572,"convex":13.2316058968416,"yearn":26.66259}