{"stakedao":56.485350657613374,"convex":30.946418182195202,"yearn":43.8368}