{"stakedao":43.931552003938606,"convex":12.35361494016,"yearn":18.30808}