{"stakedao":43.37760574539824,"convex":12.346149940070399,"yearn":18.66985}