{"stakedao":53.23880271716257,"convex":11.278791342532799,"yearn":16.89314}