{"stakedao":67.59476185398917,"convex":23.455160064777605,"yearn":36.18087}