{"stakedao":42.68439662354248,"convex":24.928721588736003,"yearn":26.63618}