{"stakedao":47.482536463603026,"convex":22.8337411664736,"yearn":39.07901}