{"stakedao":45.338181581174254,"convex":22.864176724060798,"yearn":33.99971}