{"stakedao":45.318133761237206,"convex":22.93621116696,"yearn":33.82799}