{"stakedao":49.37916172675713,"convex":22.916065370976,"yearn":33.21496}