{"stakedao":45.55305534221155,"convex":22.0151978151552,"yearn":41.50097}