{"stakedao":38.90356694660628,"convex":16.3727347743504,"yearn":27.95499}