{"stakedao":43.03762874581847,"convex":13.725414516211199,"yearn":17.32212}