{"stakedao":39.040935133718406,"convex":16.3668773880864,"yearn":26.89144}