{"stakedao":42.145396434647324,"convex":22.9183413682464,"yearn":29.43448}