{"stakedao":63.92416891908794,"convex":12.6308336051232,"yearn":46.87159}