{"stakedao":41.273717642460745,"convex":21.522270595449598,"yearn":26.06608}