{"stakedao":41.826987410665076,"convex":20.7002728285344,"yearn":29.82083}