{"stakedao":54.054274153129356,"convex":10.6076316196656,"yearn":15.31426}