{"stakedao":39.77244053966019,"convex":15.544106203924802,"yearn":33.85498}