{"stakedao":56.806477855941694,"convex":30.9823100007408,"yearn":45.54049}