{"stakedao":38.99317379638351,"convex":16.3093230811728,"yearn":27.95499}