{"stakedao":55.48768104132125,"convex":10.4157295818624,"yearn":15.741}