{"stakedao":45.30185074770981,"convex":20.465555577667203,"yearn":48.15289}