{"stakedao":51.93432750144318,"convex":14.980507968744,"yearn":25.67924}