{"stakedao":44.9474229019873,"convex":20.484478423339198,"yearn":47.7585}