{"stakedao":54.52588970003474,"convex":10.618385439816,"yearn":15.28567}