{"stakedao":47.605589062183554,"convex":10.1824422678432,"yearn":18.78388}