{"stakedao":47.480589102920575,"convex":31.4136704589552,"yearn":27.88683}