{"stakedao":47.789053532053,"convex":11.541254048193599,"yearn":33.52302}