{"stakedao":56.87769968831262,"convex":12.061487325297598,"yearn":14.76312}