{"stakedao":43.502310792955996,"convex":19.5615769229136,"yearn":43.73292}