{"stakedao":39.70705349807413,"convex":15.6060593665632,"yearn":35.44489}