{"stakedao":41.0041651437674,"convex":19.8352747826928,"yearn":27.0557}