{"stakedao":65.88324132498977,"convex":18.563261887727997,"yearn":42.15209}