{"stakedao":56.244021647416595,"convex":10.4285412616176,"yearn":15.98685}