{"stakedao":39.85060358497586,"convex":13.1378333800896,"yearn":17.82447}