{"stakedao":40.893197100366976,"convex":17.247317071017598,"yearn":32.47282}