{"stakedao":47.49028551315803,"convex":22.39525200492,"yearn":37.64123}