{"stakedao":52.78183112058707,"convex":24.248118341289604,"yearn":37.2732}