{"stakedao":45.86988863266315,"convex":20.5239563455104,"yearn":44.95068}