{"stakedao":55.98638595091968,"convex":13.7174377688352,"yearn":18.45373}