{"stakedao":39.32958539048563,"convex":15.7219275974832,"yearn":24.59256}