{"stakedao":43.30445739866397,"convex":23.664567938011196,"yearn":30.84595}