{"stakedao":46.19422083785366,"convex":28.3945333277808,"yearn":30.045}