{"stakedao":54.275468054554764,"convex":10.607367146155202,"yearn":15.41663}