{"stakedao":40.79045070340406,"convex":19.982552380804798,"yearn":29.28887}