{"stakedao":58.13019237950685,"convex":30.745505366265597,"yearn":40.10661}