{"stakedao":38.95086803147912,"convex":15.985294304659199,"yearn":27.75547}