{"stakedao":49.45394570707503,"convex":17.445879202968,"yearn":19.21788}