{"stakedao":41.246525517612476,"convex":19.1346097953168,"yearn":29.0702}