{"stakedao":40.629337770868545,"convex":19.1321712993456,"yearn":28.76108}