{"stakedao":78.55228715019288,"convex":21.1052970622656,"yearn":33.63023}