{"stakedao":43.251393558039126,"convex":23.724964836892802,"yearn":30.7361}