{"stakedao":47.89551283237411,"convex":13.0353209037648,"yearn":24.47951}