{"stakedao":50.601230274622026,"convex":12.1743247637088,"yearn":25.3607}