{"stakedao":43.615391583459974,"convex":12.341226874032,"yearn":19.17771}