{"stakedao":39.890262679182214,"convex":13.0631376583008,"yearn":16.89112}