{"stakedao":51.18537582294988,"convex":25.456717739217602,"yearn":29.24439}