{"stakedao":38.735831798585124,"convex":16.422774093460802,"yearn":29.43448}