{"stakedao":72.55511710744005,"convex":21.203293088275203,"yearn":33.3955}