{"stakedao":39.18624351557522,"convex":16.064493461856,"yearn":26.79239}