{"stakedao":38.98604351398928,"convex":16.0587691165152,"yearn":27.64107}