{"stakedao":47.19823559637011,"convex":13.219130075486401,"yearn":24.72048}