{"stakedao":47.10065928068937,"convex":12.2067961309296,"yearn":24.17967}