{"stakedao":43.629292368438676,"convex":12.0717985912992,"yearn":22.72018}