{"stakedao":39.48730119847669,"convex":15.567730956820801,"yearn":30.8496}