{"stakedao":47.22685488735098,"convex":12.1978040599584,"yearn":23.28525}