{"stakedao":42.67515060528466,"convex":25.3983350698848,"yearn":29.77649}