{"stakedao":44.67200316193382,"convex":22.6163040478848,"yearn":46.55998}