{"stakedao":45.57856339857184,"convex":22.9400729582976,"yearn":33.23835}