{"stakedao":40.73772649815787,"convex":16.687378894536,"yearn":34.99808}