{"stakedao":55.304617163892345,"convex":11.405966449895999,"yearn":14.68772}