{"stakedao":43.16103513780382,"convex":14.8089623842512,"yearn":18.79692}