{"stakedao":51.49296894551712,"convex":25.26827771088,"yearn":32.04733}