{"stakedao":56.9938610128702,"convex":11.635338468599999,"yearn":14.53511}