{"stakedao":54.3555785447272,"convex":10.665059587056,"yearn":23.55737}