{"stakedao":44.558615377493965,"convex":23.310080409182405,"yearn":32.12931}