{"stakedao":47.46514936604039,"convex":22.840933862664002,"yearn":38.86202}