{"stakedao":51.200843597883136,"convex":13.759624040529602,"yearn":16.75634}