{"stakedao":55.45013329318178,"convex":10.443547235174401,"yearn":14.03858}