{"stakedao":39.63994636571152,"convex":15.6047014863216,"yearn":35.8938}