{"stakedao":52.55475289755091,"convex":25.8632744491008,"yearn":32.77482}