{"stakedao":66.90341671749584,"convex":20.4505558955424,"yearn":42.9325}