{"stakedao":41.587555633492904,"convex":13.853848206412799,"yearn":15.35643}