{"stakedao":53.99452408468031,"convex":10.607367146155202,"yearn":15.3991}