{"stakedao":42.709845864230935,"convex":13.186718582515201,"yearn":16.77546}