{"stakedao":54.861583167486245,"convex":11.8098731171664,"yearn":18.16107}