{"stakedao":38.74342163714918,"convex":16.420740157065598,"yearn":29.43448}