{"stakedao":39.71148447917479,"convex":14.7179830898592,"yearn":19.76123}