{"stakedao":43.22870324296446,"convex":14.1765851989872,"yearn":17.07076}