{"stakedao":40.730375023933426,"convex":20.8558016949024,"yearn":27.0576}