{"stakedao":41.08233121203237,"convex":19.836201647808,"yearn":27.13686}