{"stakedao":46.71350342776214,"convex":8.991961348910399,"yearn":28.12309}