{"stakedao":44.03884232098633,"convex":22.4974751668272,"yearn":31.75316}