{"stakedao":50.0091736550244,"convex":22.5084778690896,"yearn":29.97243}