{"stakedao":42.74001036722418,"convex":16.45813981584,"yearn":18.08966}