{"stakedao":49.357623390374954,"convex":22.9155936775632,"yearn":33.21496}