{"stakedao":49.11515641736918,"convex":29.1297435528096,"yearn":34.55983}