{"stakedao":51.29853387619076,"convex":25.3910867851872,"yearn":29.81742}