{"stakedao":45.673509808695684,"convex":22.9542680435328,"yearn":32.69011}