{"stakedao":55.83383103056019,"convex":11.312884650384,"yearn":15.68421}