{"stakedao":56.65519358277597,"convex":30.481908708038404,"yearn":41.27774}