{"stakedao":45.48150674370053,"convex":20.490991026768,"yearn":49.08411}