{"stakedao":41.03011924871935,"convex":19.7911959189552,"yearn":0}