{"stakedao":37.3797934106881,"convex":25.4982861702144,"yearn":29.67858}