{"stakedao":45.586359963030205,"convex":22.9401523186416,"yearn":33.2838}