{"stakedao":51.34692597061463,"convex":25.1495662951152,"yearn":32.4172}