{"stakedao":45.67176594822561,"convex":31.0165781725584,"yearn":49.40915}