{"stakedao":49.209535661991175,"convex":11.1576150130896,"yearn":32.84086}