{"stakedao":63.473589473892204,"convex":18.619147186531197,"yearn":31.62805}