{"stakedao":53.976973942746916,"convex":11.732348190441598,"yearn":27.59208}