{"stakedao":39.17981777612579,"convex":16.4720414081376,"yearn":26.56806}