{"stakedao":40.773015909962986,"convex":19.835728844328,"yearn":27.19915}