{"stakedao":47.70077518566931,"convex":22.4062902230256,"yearn":38.43552}