{"stakedao":64.948965314019,"convex":18.9325376498016,"yearn":43.29121}