{"stakedao":51.910732007490864,"convex":26.687242995264,"yearn":27.96305}