{"stakedao":55.27355551199419,"convex":10.4434203563856,"yearn":14.16249}