{"stakedao":37.678782537492324,"convex":23.7627822404448,"yearn":30.258}