{"stakedao":39.211525413230255,"convex":16.064493461856,"yearn":26.79239}