{"stakedao":45.63988787048524,"convex":22.0406556831984,"yearn":42.19227}