{"stakedao":52.430908220612835,"convex":11.7447142948992,"yearn":17.02752}