{"stakedao":48.212692617942736,"convex":11.4709498216272,"yearn":34.61514}