{"stakedao":41.695500555535276,"convex":17.519822009064,"yearn":32.71361}