{"stakedao":66.5340730973819,"convex":20.150117671132797,"yearn":31.68482}