{"stakedao":38.894872573973245,"convex":16.3727919081216,"yearn":27.95499}