{"stakedao":42.716078053187545,"convex":24.8868745056432,"yearn":27.50556}