{"stakedao":51.75051792962391,"convex":14.7860972452944,"yearn":30.95609}