{"stakedao":42.630307133734235,"convex":12.199006294272,"yearn":18.5713}