{"stakedao":42.53374179633888,"convex":21.087136195732796,"yearn":32.75571}