{"stakedao":55.21931862875774,"convex":12.269466958319999,"yearn":24.87155}