{"stakedao":41.37737208544022,"convex":17.5443303722976,"yearn":33.4048}