{"stakedao":43.70107607197318,"convex":26.830703113272,"yearn":25.95471}