{"stakedao":72.18475294582427,"convex":20.3434728373584,"yearn":32.51147}