{"stakedao":48.99686183839825,"convex":29.127201013267204,"yearn":34.80936}