{"stakedao":39.36976627784728,"convex":15.5205627697584,"yearn":31.03359}