{"stakedao":48.28670527720142,"convex":10.9951590372624,"yearn":36.09649}