{"stakedao":41.27864514900158,"convex":20.9311142419296,"yearn":23.75308}