{"stakedao":47.53809170788107,"convex":10.1884673120976,"yearn":17.73421}