{"stakedao":42.20987874829609,"convex":22.8123646812432,"yearn":29.43448}