{"stakedao":39.40919081212736,"convex":15.739413435936001,"yearn":24.66142}