{"stakedao":56.45836989512851,"convex":31.0405157215776,"yearn":47.11432}