{"stakedao":49.47084868116831,"convex":29.294463081801602,"yearn":34.00238}