{"stakedao":55.157080892809745,"convex":9.7993722809376,"yearn":19.98553}