{"stakedao":37.576671399920414,"convex":14.0883758123904,"yearn":26.14909}