{"stakedao":48.17561569810959,"convex":14.309762827593598,"yearn":17.47551}