{"stakedao":56.25321982582193,"convex":10.4285412616176,"yearn":16.02571}