{"stakedao":42.2515652136299,"convex":15.369297226848001,"yearn":19.31749}