{"stakedao":41.51447512874763,"convex":18.07266924972,"yearn":32.90263}