{"stakedao":42.61456708031265,"convex":22.8164542602624,"yearn":29.43448}