{"stakedao":43.46259891995607,"convex":19.534220723275197,"yearn":41.84197}