{"stakedao":44.3030524147549,"convex":23.7715270786368,"yearn":33.96982}