{"stakedao":71.30468095244234,"convex":21.228761050992002,"yearn":31.89589}