{"stakedao":39.62288898320037,"convex":15.6046110789168,"yearn":35.8561}