{"stakedao":39.09022323971794,"convex":16.3669383282528,"yearn":26.89144}