{"stakedao":44.78667450989583,"convex":21.7529287878384,"yearn":50.20835}