{"stakedao":41.23277917716411,"convex":21.731663135879998,"yearn":27.67629}