{"stakedao":45.59760369231859,"convex":10.707873913958402,"yearn":27.58536}