{"stakedao":39.65904524008753,"convex":15.6050913248928,"yearn":35.7812}