{"stakedao":48.28410236079516,"convex":27.937590689764797,"yearn":26.97632}