{"stakedao":78.91689739853865,"convex":19.7035515471024,"yearn":40.56812}