{"stakedao":41.0017914534601,"convex":15.1195178241936,"yearn":20.17355}