{"stakedao":52.14633594025014,"convex":25.5834048868992,"yearn":34.27355}