{"stakedao":41.4903946197128,"convex":20.6934303522384,"yearn":28.97846}