{"stakedao":57.895690995446444,"convex":12.5074422532656,"yearn":14.09696}