{"stakedao":56.4951645766258,"convex":30.946273299504,"yearn":43.69033}