{"stakedao":73.01689797643942,"convex":20.3145705727056,"yearn":32.46559}