{"stakedao":55.71628575870528,"convex":12.115062022377598,"yearn":17.18868}