{"stakedao":64.17503233580996,"convex":18.4914418107888,"yearn":30.01492}