{"stakedao":51.59171897008441,"convex":11.9940511118688,"yearn":25.06626}