{"stakedao":47.231558803031035,"convex":12.1978289513232,"yearn":23.24111}