{"stakedao":37.555458582460425,"convex":15.364232245656,"yearn":26.42747}