{"stakedao":53.728706952869615,"convex":13.848515850398403,"yearn":18.98477}