{"stakedao":66.34035265356297,"convex":19.5657841974384,"yearn":40.68387}