{"stakedao":64.05980364400676,"convex":18.614804288284798,"yearn":43.244}