{"stakedao":42.296622422271994,"convex":22.984516482264,"yearn":29.43448}