{"stakedao":42.296270873997855,"convex":13.1823023126112,"yearn":16.51586}