{"stakedao":44.893033665051945,"convex":22.7002187831616,"yearn":47.7863}