{"stakedao":44.39134628971194,"convex":23.86559837376,"yearn":34.6984}