{"stakedao":51.43461259312544,"convex":13.8352935719232,"yearn":27.9006}