{"stakedao":40.59001964337249,"convex":16.4567170881216,"yearn":33.53348}