{"stakedao":42.54290367184324,"convex":12.4136654980752,"yearn":17.46297}