{"stakedao":52.576937885730764,"convex":14.6743960016592,"yearn":30.95609}