{"stakedao":44.29716279996036,"convex":23.2250471266752,"yearn":35.95222}