{"stakedao":41.42306862306485,"convex":20.6846372545056,"yearn":23.88307}