{"stakedao":44.11187974960858,"convex":23.771661475608,"yearn":33.8131}