{"stakedao":55.357024718206254,"convex":11.819090046124801,"yearn":17.22332}