{"stakedao":46.31011684884583,"convex":21.649355875670402,"yearn":42.19701}