{"stakedao":37.592667420950804,"convex":14.0582826695376,"yearn":25.247}