{"stakedao":43.15347198703263,"convex":26.544340458964797,"yearn":25.80627}