{"stakedao":54.520970261789635,"convex":12.2111817541488,"yearn":15.79777}