{"stakedao":69.86298932415457,"convex":21.2081907426048,"yearn":33.07161}