{"stakedao":52.341711783135565,"convex":10.969006560436801,"yearn":17.57032}