{"stakedao":50.35752374346031,"convex":9.981579915820799,"yearn":17.38586}