{"stakedao":51.29378892851959,"convex":25.772110120382397,"yearn":32.69774}