{"stakedao":41.163827662078,"convex":14.7372728064336,"yearn":20.53964}