{"stakedao":45.765500313271986,"convex":23.323565496067197,"yearn":30.45837}