{"stakedao":59.741436636011315,"convex":17.051954111740802,"yearn":35.79244}