{"stakedao":54.91820824790358,"convex":11.821275030499201,"yearn":17.9444}