{"stakedao":40.33761861223685,"convex":18.901667847801598,"yearn":0}