{"stakedao":42.49214955813066,"convex":21.0334596152976,"yearn":29.39748}