{"stakedao":46.17514629061468,"convex":12.187609108185601,"yearn":22.12882}