{"stakedao":47.50977656228308,"convex":29.2872805748928,"yearn":35.14366}