{"stakedao":47.62940118604476,"convex":29.279954620180803,"yearn":35.82616}