{"stakedao":52.865000529043925,"convex":13.686273628732799,"yearn":31.86125}