{"stakedao":51.922545542244706,"convex":25.283161876636797,"yearn":31.73418}