{"stakedao":57.5316849768528,"convex":12.2706801860832,"yearn":24.00292}