{"stakedao":54.52506432441177,"convex":10.3433783787648,"yearn":15.7879}