{"stakedao":43.231929379557805,"convex":19.5329102511024,"yearn":42.43358}