{"stakedao":44.51205995218912,"convex":19.5760610482032,"yearn":43.26452}