{"stakedao":39.94712928575796,"convex":16.4363274652464,"yearn":19.32371}