{"stakedao":47.64488586614934,"convex":22.4064819240624,"yearn":38.54384}