{"stakedao":44.77041411444584,"convex":23.230610376667197,"yearn":36.79528}