{"stakedao":41.627655652177715,"convex":13.2703421648256,"yearn":15.05502}