{"stakedao":56.70874649786765,"convex":11.637534796473599,"yearn":14.33525}