{"stakedao":46.27554023898127,"convex":21.4950066606864,"yearn":42.19701}