{"stakedao":40.74267350803903,"convex":17.0621484958656,"yearn":31.26033}