{"stakedao":38.73333202957881,"convex":16.422774093460802,"yearn":29.43448}