{"stakedao":43.48091232973603,"convex":26.986187387736,"yearn":26.57646}