{"stakedao":40.03887766402836,"convex":13.140872378265602,"yearn":17.67366}