{"stakedao":43.60776581587659,"convex":19.5362900399088,"yearn":44.61785}