{"stakedao":66.06346766852332,"convex":19.597760521992,"yearn":41.55229}