{"stakedao":45.223951297427604,"convex":22.93621116696,"yearn":33.82799}