{"stakedao":63.904468225335116,"convex":20.1654132303168,"yearn":39.06894}