{"stakedao":55.46162047029678,"convex":10.180560571488,"yearn":20.90345}