{"stakedao":42.70529349721312,"convex":24.9631433661024,"yearn":0}