{"stakedao":41.29106295830985,"convex":20.758701234528,"yearn":27.8876}