{"stakedao":40.79657665658963,"convex":16.5266679191184,"yearn":33.4416}