{"stakedao":41.331546729220264,"convex":13.2716718897264,"yearn":18.57517}