{"stakedao":41.5001135428028,"convex":18.0727975129392,"yearn":32.84795}