{"stakedao":45.28521055466923,"convex":20.469827895192,"yearn":47.80342}