{"stakedao":42.457204328872024,"convex":20.66550563736,"yearn":30.71811}