{"stakedao":56.74963592643158,"convex":30.5594049117744,"yearn":41.05862}