{"stakedao":42.32254579186062,"convex":15.537981367152,"yearn":17.1728}