{"stakedao":37.66096906685554,"convex":14.124679298726399,"yearn":24.97782}