{"stakedao":48.041679384979425,"convex":11.3752721331216,"yearn":31.28248}