{"stakedao":40.52619419333381,"convex":13.6859697825264,"yearn":16.31579}