{"stakedao":42.60687215038857,"convex":20.7073395825552,"yearn":32.24813}