{"stakedao":45.78403397616463,"convex":21.786819902625602,"yearn":42.88317}