{"stakedao":47.75467103432341,"convex":10.9881580673376,"yearn":35.73324}