{"stakedao":80.06969983790047,"convex":24.923219871787197,"yearn":39.73009}