{"stakedao":40.98316529806402,"convex":13.759909107048001,"yearn":16.4589}