{"stakedao":40.70617430396248,"convex":20.208801553416,"yearn":26.4539}