{"stakedao":48.74592478030182,"convex":23.292364033108797,"yearn":29.97243}