{"stakedao":44.24242745804435,"convex":19.5708333128688,"yearn":43.43116}