{"stakedao":39.38046688438562,"convex":15.7193157544272,"yearn":26.79239}