{"stakedao":37.608192529783075,"convex":24.3205438968144,"yearn":30.00156}