{"stakedao":37.59422609958142,"convex":15.3351185920416,"yearn":27.32244}