{"stakedao":44.47867323302417,"convex":23.299856422214404,"yearn":31.93795}