{"stakedao":43.423722688331274,"convex":15.313888452772801,"yearn":14.88489}