{"stakedao":47.588968988218326,"convex":11.375194488336,"yearn":30.66085}