{"stakedao":42.9787784253639,"convex":14.817512970144001,"yearn":19.16375}