{"stakedao":54.61139006336751,"convex":11.7948640562352,"yearn":18.18835}