{"stakedao":49.28537865330637,"convex":21.8360908660176,"yearn":38.63608}