{"stakedao":43.092664527600405,"convex":22.3183165491072,"yearn":28.1515}