{"stakedao":40.93565594404424,"convex":17.2480431243456,"yearn":30.29017}