{"stakedao":45.57473106089188,"convex":22.0151978151552,"yearn":41.54436}