{"stakedao":55.67854647320743,"convex":11.4049659923712,"yearn":15.15678}