{"stakedao":49.469155901163504,"convex":13.477848253271999,"yearn":17.43858}