{"stakedao":41.183939208491125,"convex":21.5189677040256,"yearn":25.91608}