{"stakedao":49.32854304960132,"convex":11.0792832409584,"yearn":37.95035}