{"stakedao":39.65589798410059,"convex":15.6050913248928,"yearn":35.74387}