{"stakedao":54.45473363400677,"convex":10.4384961834336,"yearn":15.63395}