{"stakedao":39.2191070147909,"convex":16.0701903393408,"yearn":26.79239}