{"stakedao":40.56169135124101,"convex":19.9980028227456,"yearn":29.46552}