{"stakedao":48.95946590145334,"convex":22.9122467681904,"yearn":30.01733}