{"stakedao":55.61857225974576,"convex":10.5333373763856,"yearn":16.55767}