{"stakedao":45.47036371424606,"convex":20.5325101070784,"yearn":43.91017}