{"stakedao":50.00578260797122,"convex":9.0650231495424,"yearn":20.3093}