{"stakedao":51.88756105220655,"convex":11.9944572797808,"yearn":25.06626}