{"stakedao":47.72954693096033,"convex":22.4004936129408,"yearn":38.28425}