{"stakedao":43.41987619254087,"convex":14.840464271760002,"yearn":17.9578}