{"stakedao":44.505226569289974,"convex":22.109206347331202,"yearn":46.33992}