{"stakedao":53.21390784459758,"convex":13.5880243244928,"yearn":32.53125}