{"stakedao":42.20573886992483,"convex":22.74987582288,"yearn":29.10261}