{"stakedao":54.96138655819061,"convex":12.3739851179376,"yearn":16.60442}