{"stakedao":42.968526533112005,"convex":12.0745319173344,"yearn":22.35239}