{"stakedao":57.230040117089686,"convex":31.112651789236796,"yearn":47.35712}