{"stakedao":56.95872892798192,"convex":12.2699883966192,"yearn":23.32677}