{"stakedao":74.13585919480289,"convex":24.4265273262144,"yearn":43.26871}