{"stakedao":42.57716673371215,"convex":21.0334596152976,"yearn":29.19183}