{"stakedao":40.91311927781611,"convex":17.1305375159232,"yearn":31.35677}