{"stakedao":41.05429749503853,"convex":19.8161210430432,"yearn":26.41432}