{"stakedao":44.35308514970495,"convex":19.6150507899408,"yearn":43.5403}