{"stakedao":55.635957548212275,"convex":11.4018608064384,"yearn":16.36953}