{"stakedao":52.19151605399369,"convex":22.962001320374398,"yearn":34.56538}