{"stakedao":42.59284275513484,"convex":21.027444217905597,"yearn":28.96606}