{"stakedao":39.280280325921375,"convex":16.3827308790288,"yearn":27.95499}