{"stakedao":48.12438204509985,"convex":27.9376783314624,"yearn":27.06346}