{"stakedao":55.77051937176009,"convex":11.603509593767999,"yearn":13.92704}