{"stakedao":50.60896277938451,"convex":10.840599906048002,"yearn":37.23192}