{"stakedao":39.25851177513178,"convex":16.265954054952,"yearn":27.95499}