{"stakedao":39.458472585967684,"convex":15.524270242833598,"yearn":30.95413}