{"stakedao":52.2238906921504,"convex":26.7158611394784,"yearn":28.36565}