{"stakedao":53.345464936479914,"convex":13.610300153371199,"yearn":32.53125}