{"stakedao":39.17826755946044,"convex":16.3801209439008,"yearn":27.95499}