{"stakedao":41.509697014688555,"convex":13.2275973464208,"yearn":16.14924}