{"stakedao":55.21019845976563,"convex":12.2827806438912,"yearn":25.22625}