{"stakedao":55.24828246167584,"convex":9.8085813542784,"yearn":20.58854}