{"stakedao":28.959873040470008,"convex":15.778581362380798,"yearn":24.09579}