{"stakedao":54.95463311143442,"convex":10.5809819809536,"yearn":17.15762}