{"stakedao":66.43339629965561,"convex":21.375520629307204,"yearn":31.68482}