{"stakedao":41.21353409632536,"convex":19.1181534621984,"yearn":29.00809}