{"stakedao":46.78824975125214,"convex":8.991850550328,"yearn":28.21986}