{"stakedao":65.18912116178785,"convex":18.741522653452797,"yearn":41.9898}