{"stakedao":58.070005158488016,"convex":31.0787367417792,"yearn":48.30875}