{"stakedao":42.21917443336547,"convex":22.983146779176,"yearn":29.43448}