{"stakedao":41.69323721587459,"convex":20.699793680011204,"yearn":29.75045}