{"stakedao":54.57058806893981,"convex":12.266780217264,"yearn":26.43446}