{"stakedao":40.74688140638258,"convex":19.110063346056002,"yearn":28.76108}