{"stakedao":65.30578382219616,"convex":18.587284650172798,"yearn":32.25871}