{"stakedao":42.59575256166137,"convex":24.8863577315184,"yearn":27.42134}