{"stakedao":48.56104315957991,"convex":22.6930875317136,"yearn":34.56538}