{"stakedao":42.47788613358891,"convex":13.2216353110944,"yearn":16.30622}