{"stakedao":42.590750504463784,"convex":13.220461052366401,"yearn":17.89337}