{"stakedao":48.48570043250756,"convex":10.9871225543952,"yearn":35.37354}