{"stakedao":53.11436099936189,"convex":27.9980597524752,"yearn":31.33575}