{"stakedao":39.77207712520453,"convex":15.5447435780208,"yearn":33.92796}