{"stakedao":43.35517303220966,"convex":14.8369696004592,"yearn":17.9578}