{"stakedao":56.34752441812752,"convex":11.219136678100801,"yearn":15.61552}