{"stakedao":51.79707031024641,"convex":13.848888110803202,"yearn":26.97934}