{"stakedao":41.717333007576016,"convex":18.3359114937648,"yearn":31.03561}