{"stakedao":53.14625153114295,"convex":15.7760655275232,"yearn":23.72319}