{"stakedao":48.10745470283493,"convex":12.7005770995344,"yearn":23.33306}