{"stakedao":41.03742511977312,"convex":21.7293535306944,"yearn":27.8876}