{"stakedao":41.60123837257883,"convex":17.9893707625728,"yearn":33.05997}