{"stakedao":42.90762473672523,"convex":13.2295901945616,"yearn":16.27574}