{"stakedao":39.27347197912906,"convex":16.312789187164796,"yearn":27.95499}