{"stakedao":51.6412735089651,"convex":22.8427978326336,"yearn":34.56538}