{"stakedao":45.562928990973866,"convex":22.0151978151552,"yearn":41.38598}