{"stakedao":52.09251061108915,"convex":10.9682216451648,"yearn":17.5468}