{"stakedao":53.02091604798298,"convex":14.141337884827198,"yearn":22.4849}