{"stakedao":54.960145279610714,"convex":12.174597852854397,"yearn":15.76703}