{"stakedao":52.59882220724336,"convex":24.3273099235392,"yearn":0}