{"stakedao":52.64723373238499,"convex":13.6842058888992,"yearn":31.6644}