{"stakedao":42.554740614948926,"convex":21.0861767791584,"yearn":32.51197}