{"stakedao":40.63767949200136,"convex":19.9980028227456,"yearn":29.46132}