{"stakedao":42.547236647149376,"convex":21.1218565212576,"yearn":29.17599}