{"stakedao":41.42064234076524,"convex":17.5350569055984,"yearn":33.97945}