{"stakedao":54.08783299679219,"convex":27.789750252892798,"yearn":29.06242}