{"stakedao":42.67245173897092,"convex":24.910635550823997,"yearn":28.98168}