{"stakedao":55.48716351421779,"convex":12.2658070699152,"yearn":26.22997}