{"stakedao":37.36134794881425,"convex":15.4023480806832,"yearn":28.27307}