{"stakedao":49.585169777845984,"convex":10.6425094580496,"yearn":20.30895}