{"stakedao":53.547617354411074,"convex":26.8918513100496,"yearn":29.34242}