{"stakedao":50.005861009797364,"convex":22.684244909846402,"yearn":34.56538}