{"stakedao":37.70535889537065,"convex":23.5187403367968,"yearn":30.18455}