{"stakedao":48.55747090853231,"convex":11.068598219745601,"yearn":19.43104}