{"stakedao":54.771865931026596,"convex":12.3755770741392,"yearn":16.66199}