{"stakedao":58.5566564855875,"convex":12.056007267273598,"yearn":13.89694}