{"stakedao":52.57271064399076,"convex":11.2925844509904,"yearn":16.13395}