{"stakedao":52.304681421905414,"convex":15.777574209763198,"yearn":25.95901}