{"stakedao":54.03592126108998,"convex":12.218736991348802,"yearn":15.91868}