{"stakedao":56.17304414920853,"convex":12.3765039928656,"yearn":16.74755}