{"stakedao":43.78506163026177,"convex":26.769435193224,"yearn":26.74047}