{"stakedao":45.875410206224046,"convex":20.5178927548032,"yearn":44.673}