{"stakedao":42.68537877352025,"convex":13.2648300725328,"yearn":17.3315}