{"stakedao":40.86848169083077,"convex":17.215051167144,"yearn":31.70567}