{"stakedao":41.54084392553188,"convex":20.7597750100992,"yearn":27.8876}