{"stakedao":42.70806885313128,"convex":25.1015930128944,"yearn":29.16872}