{"stakedao":80.18006335747322,"convex":26.0464904349696,"yearn":41.01569}