{"stakedao":40.77231360392352,"convex":13.1704091693136,"yearn":18.82238}