{"stakedao":48.46056717907626,"convex":22.580572031712002,"yearn":34.56538}