{"stakedao":37.383166960479386,"convex":15.402970604476803,"yearn":28.11928}