{"stakedao":55.63244178748768,"convex":10.669851466488002,"yearn":16.21828}