{"stakedao":45.7730883177806,"convex":10.7132840629776,"yearn":26.98229}