{"stakedao":40.53266029143159,"convex":20.2090093031232,"yearn":28.52965}