{"stakedao":45.834336457352926,"convex":31.0005868251456,"yearn":41.9373}