{"stakedao":42.44395499709086,"convex":20.6639389541088,"yearn":30.98205}