{"stakedao":52.668628610426566,"convex":15.764017775832,"yearn":23.49837}