{"stakedao":41.35010662152428,"convex":14.744311417728,"yearn":20.79354}