{"stakedao":52.339901915901386,"convex":28.1225874694032,"yearn":29.77305}