{"stakedao":47.72142321968978,"convex":11.4861110185296,"yearn":33.75168}