{"stakedao":42.435027728162865,"convex":15.2839265091408,"yearn":19.78139}