{"stakedao":41.22176254243736,"convex":21.522270595449598,"yearn":26.03604}