{"stakedao":46.742250392240805,"convex":10.069946367465601,"yearn":19.08271}