{"stakedao":54.409397762420994,"convex":10.4409915703488,"yearn":15.85341}