{"stakedao":46.94074279910769,"convex":32.3929062929808,"yearn":26.97433}