{"stakedao":46.947807365768135,"convex":26.0586277173648,"yearn":29.04855}