{"stakedao":49.175477753157296,"convex":21.792682804536,"yearn":40.41364}