{"stakedao":82.9528600203024,"convex":25.8259369162464,"yearn":41.64514}