{"stakedao":40.73512366267729,"convex":16.688287657987203,"yearn":34.99808}