{"stakedao":28.9719041581387,"convex":15.728453367192,"yearn":23.68191}