{"stakedao":43.249838409108065,"convex":15.291763842167999,"yearn":15.23154}