{"stakedao":48.52269039931217,"convex":29.3398411341312,"yearn":36.68503}