{"stakedao":28.93366161275342,"convex":15.766158515198399,"yearn":25.81229}