{"stakedao":73.48220154811477,"convex":21.205108555876798,"yearn":33.59889}