{"stakedao":47.93697661284106,"convex":21.118593280046397,"yearn":42.19701}