{"stakedao":47.883373260802244,"convex":11.3748797874384,"yearn":31.28248}