{"stakedao":55.340943429371464,"convex":12.267523050897601,"yearn":26.30487}