{"stakedao":41.41598598841701,"convex":17.582734395907202,"yearn":33.2516}