{"stakedao":40.6652007844371,"convex":19.1287553545152,"yearn":28.76108}