{"stakedao":37.33855977159967,"convex":25.498071731721602,"yearn":29.64}