{"stakedao":53.000712212533855,"convex":14.263452552182398,"yearn":22.04936}