{"stakedao":41.321723939475,"convex":14.74551860004,"yearn":20.66643}