{"stakedao":67.2211902476395,"convex":23.537109085487998,"yearn":36.18087}