{"stakedao":37.593105467829076,"convex":23.7463385059584,"yearn":30.42387}