{"stakedao":44.19243883780204,"convex":27.4702698379728,"yearn":26.57707}