{"stakedao":46.96166510929191,"convex":10.1845763373456,"yearn":18.25288}