{"stakedao":41.25432254079284,"convex":21.730362190732798,"yearn":27.74673}