{"stakedao":44.60948018247433,"convex":13.9174856595072,"yearn":19.2073}