{"stakedao":53.645775565554175,"convex":9.7656871372272,"yearn":19.63396}