{"stakedao":43.385203139814664,"convex":19.556486772840003,"yearn":43.21291}