{"stakedao":49.21111205442931,"convex":21.7869807078432,"yearn":38.48625}