{"stakedao":54.65614998393852,"convex":10.414648751687999,"yearn":16.00154}