{"stakedao":58.912726147780965,"convex":24.344455447555198,"yearn":38.59346}