{"stakedao":51.39848640682425,"convex":14.7277115800416,"yearn":17.93551}