{"stakedao":44.51537748936998,"convex":19.5453479927376,"yearn":43.14324}