{"stakedao":42.173143334167605,"convex":22.8106114562448,"yearn":29.43448}