{"stakedao":42.4519965660712,"convex":15.332469322060803,"yearn":14.43443}