{"stakedao":72.5367079445451,"convex":24.4341465657264,"yearn":43.63658}