{"stakedao":41.18064832415801,"convex":20.926680056424,"yearn":23.45622}