{"stakedao":65.67698710989677,"convex":20.3674413074256,"yearn":42.42153}