{"stakedao":62.56977911676876,"convex":19.1337855041952,"yearn":50.24585}