{"stakedao":58.092496657881526,"convex":11.0236317185232,"yearn":16.96442}