{"stakedao":51.95901387928437,"convex":28.258211279304,"yearn":28.86206}