{"stakedao":46.529566952225046,"convex":11.381883746976,"yearn":31.93773}