{"stakedao":56.765926244695024,"convex":30.9931603084368,"yearn":45.91837}