{"stakedao":45.75088646337611,"convex":22.9542680435328,"yearn":32.69011}