{"stakedao":46.47640557618105,"convex":28.342542280319996,"yearn":31.15048}