{"stakedao":41.259804120242,"convex":21.6960154185888,"yearn":26.22034}