{"stakedao":40.00644972534297,"convex":13.1398996188096,"yearn":17.08578}