{"stakedao":42.9731969457637,"convex":13.272509315592,"yearn":17.05582}