{"stakedao":42.55267528616613,"convex":25.18353976932,"yearn":29.21563}