{"stakedao":47.11854772551486,"convex":14.332737055881601,"yearn":18.27393}