{"stakedao":40.849104226972266,"convex":16.7617008674208,"yearn":34.39872}