{"stakedao":41.28509550927292,"convex":17.5305259487232,"yearn":33.86427}