{"stakedao":54.712179829852005,"convex":10.344194470526398,"yearn":15.90061}