{"stakedao":84.29130025851944,"convex":21.093090826406403,"yearn":33.63023}