{"stakedao":53.148932427616714,"convex":14.8263793670016,"yearn":30.95609}