{"stakedao":41.28353197895532,"convex":13.2599148085008,"yearn":15.28216}