{"stakedao":37.66067381300992,"convex":14.1247631340288,"yearn":24.97782}