{"stakedao":37.54427554139955,"convex":15.364192557600001,"yearn":26.42747}