{"stakedao":56.09490002291268,"convex":10.533436282742398,"yearn":16.14633}