{"stakedao":67.09612907783207,"convex":19.610058284784003,"yearn":40.68387}