{"stakedao":52.62198834564314,"convex":11.2788422984016,"yearn":16.77776}