{"stakedao":42.264304560474145,"convex":13.262820872976,"yearn":17.93623}