{"stakedao":54.70041623253525,"convex":11.2462658847648,"yearn":21.73256}