{"stakedao":45.52625217293146,"convex":22.077030021465603,"yearn":40.69485}