{"stakedao":43.11922339652445,"convex":14.8149776712672,"yearn":19.16375}