{"stakedao":51.62989271520874,"convex":24.299871279336,"yearn":41.5223}