{"stakedao":48.30158020858475,"convex":28.006668522288,"yearn":27.211}