{"stakedao":40.486534975546554,"convex":16.4547230731488,"yearn":18.58358}