{"stakedao":45.686801850857464,"convex":23.278809693168,"yearn":32.34839}