{"stakedao":47.769105011726765,"convex":31.578820142140803,"yearn":28.37391}