{"stakedao":51.89023537203864,"convex":13.928342741136,"yearn":18.1709}