{"stakedao":55.3865668204959,"convex":10.5292593647712,"yearn":16.49372}