{"stakedao":42.50093415494102,"convex":15.276840373094402,"yearn":18.4423}