{"stakedao":51.62043506810548,"convex":25.071262558488,"yearn":32.76726}