{"stakedao":43.20219572881523,"convex":15.3064394540496,"yearn":14.88489}