{"stakedao":67.42402289915705,"convex":20.253314712024,"yearn":31.68482}