{"stakedao":45.87238102087534,"convex":21.8080908810144,"yearn":43.05605}