{"stakedao":52.742571127224195,"convex":9.6341599104912,"yearn":18.96896}