{"stakedao":40.689411635607094,"convex":18.8756368728768,"yearn":29.24838}