{"stakedao":50.38554167932652,"convex":25.445806816176002,"yearn":29.57905}