{"stakedao":41.44325943820673,"convex":13.263520987943998,"yearn":18.50913}