{"stakedao":52.48180937491171,"convex":15.7700821454784,"yearn":25.98967}