{"stakedao":28.97691159718326,"convex":15.778432411545602,"yearn":24.09579}