{"stakedao":41.49681651221322,"convex":13.2703990809984,"yearn":15.05502}