{"stakedao":47.67689405775056,"convex":29.2807722035952,"yearn":35.63259}