{"stakedao":46.972685098835015,"convex":28.3715501464224,"yearn":29.664}