{"stakedao":37.516053763113,"convex":14.070953112163199,"yearn":25.61908}