{"stakedao":41.35279203286869,"convex":14.7462962872608,"yearn":21.12675}