{"stakedao":64.18634781071123,"convex":20.2135623257376,"yearn":37.94986}