{"stakedao":43.53348286238122,"convex":14.767082680320001,"yearn":18.6019}