{"stakedao":44.03608244064064,"convex":22.4971400842128,"yearn":31.19057}