{"stakedao":65.90723933240628,"convex":10.291187329991999,"yearn":38.00807}