{"stakedao":28.975430716468377,"convex":15.778548577555199,"yearn":24.09579}