{"stakedao":42.7650322260835,"convex":16.4572448210064,"yearn":18.08966}