{"stakedao":43.201843776302425,"convex":15.313888452772801,"yearn":14.88489}