{"stakedao":54.25792521669071,"convex":26.8130616825024,"yearn":29.39385}