{"stakedao":69.8034678283662,"convex":21.211341337224,"yearn":32.62506}