{"stakedao":59.182095403902785,"convex":16.927597692057603,"yearn":36.20564}