{"stakedao":43.27017511747408,"convex":15.313888452772801,"yearn":14.88489}