{"stakedao":42.5378839946462,"convex":21.0334596152976,"yearn":29.19183}