{"stakedao":47.626712357472435,"convex":22.9852237149072,"yearn":40.75739}