{"stakedao":63.10171588875989,"convex":20.188579099723203,"yearn":45.54567}