{"stakedao":41.156781266897745,"convex":19.8122843165184,"yearn":25.79998}