{"stakedao":53.315575552288614,"convex":26.924607664948798,"yearn":28.67878}