{"stakedao":53.6810317367804,"convex":15.776416047009597,"yearn":23.83178}