{"stakedao":47.494299695607026,"convex":22.9855370566032,"yearn":43.97122}