{"stakedao":46.16369847160125,"convex":8.9904758456304,"yearn":28.41328}