{"stakedao":40.53159325975894,"convex":18.8776114206768,"yearn":29.24838}