{"stakedao":49.0389490592816,"convex":29.381260440844798,"yearn":35.70687}