{"stakedao":39.459098767889856,"convex":16.894004482094402,"yearn":26.51287}