{"stakedao":47.554571130432194,"convex":21.076767956793603,"yearn":42.19701}