{"stakedao":41.3565904224215,"convex":14.7462962872608,"yearn":21.12675}