{"stakedao":39.6723536731761,"convex":15.805952759217599,"yearn":33.61606}