{"stakedao":39.30961814663264,"convex":15.7193846322048,"yearn":26.79239}