{"stakedao":54.840073181292425,"convex":10.582210929412799,"yearn":16.84329}