{"stakedao":54.92733304880137,"convex":10.5333762318912,"yearn":22.15649}