{"stakedao":54.01124417019348,"convex":27.789750252892798,"yearn":29.06242}