{"stakedao":49.31838952126948,"convex":10.747444924094399,"yearn":36.2481}