{"stakedao":65.81544581523848,"convex":19.603594650456,"yearn":41.55229}