{"stakedao":55.51711815151383,"convex":11.4075529503696,"yearn":15.53399}