{"stakedao":44.0257720804527,"convex":22.4973129172608,"yearn":31.58457}