{"stakedao":54.3210069530546,"convex":13.7982024929088,"yearn":19.65747}