{"stakedao":73.53875012655982,"convex":24.57735509268,"yearn":41.71937}