{"stakedao":47.87120208137754,"convex":11.37490085664,"yearn":31.19037}