{"stakedao":45.18187408544244,"convex":23.1831234489456,"yearn":32.50407}