{"stakedao":52.73702123641076,"convex":24.3504407659104,"yearn":38.10328}