{"stakedao":42.98309153026718,"convex":16.4491003777968,"yearn":18.74906}