{"stakedao":45.70915038951173,"convex":20.182048965432,"yearn":42.74195}