{"stakedao":57.570106436275665,"convex":17.020723547361598,"yearn":36.80016}