{"stakedao":48.58867572442672,"convex":11.0759599709712,"yearn":20.17465}