{"stakedao":39.99909877201397,"convex":16.434118453593598,"yearn":19.62973}