{"stakedao":44.15903581243524,"convex":19.572731723304003,"yearn":43.07846}