{"stakedao":38.618756643326726,"convex":17.600788648684798,"yearn":29.43448}