{"stakedao":42.91493408486941,"convex":13.699928363529601,"yearn":16.70792}