{"stakedao":46.5318961135222,"convex":28.341711215265597,"yearn":30.9181}