{"stakedao":43.48129892622509,"convex":14.821958436076802,"yearn":18.24423}