{"stakedao":47.15496048941913,"convex":8.978452001380798,"yearn":29.57962}