{"stakedao":53.05680922024057,"convex":27.9966508816752,"yearn":30.70911}