{"stakedao":52.356083330798214,"convex":14.681435369817601,"yearn":30.95609}