{"stakedao":45.37496323062983,"convex":12.097103512896,"yearn":23.51115}