{"stakedao":43.727016253296746,"convex":27.3997253228544,"yearn":26.17004}