{"stakedao":65.11588385691995,"convex":19.562927701248,"yearn":41.55229}