{"stakedao":50.39953468493941,"convex":9.981579915820799,"yearn":17.40799}