{"stakedao":42.75144769057045,"convex":25.217985107232,"yearn":27.65414}