{"stakedao":28.85275895555571,"convex":15.723277789248002,"yearn":24.09804}