{"stakedao":46.70858492875507,"convex":20.287395017582398,"yearn":41.19833}