{"stakedao":43.811413302676385,"convex":12.341226874032,"yearn":19.17771}