{"stakedao":42.18590302863474,"convex":22.1761498296816,"yearn":26.03128}