{"stakedao":39.70541132431849,"convex":15.8059671017904,"yearn":33.5412}