{"stakedao":44.18639450432398,"convex":23.7839259395376,"yearn":32.49291}