{"stakedao":42.589761033421745,"convex":23.0820888410352,"yearn":29.43448}