{"stakedao":59.175016068875664,"convex":16.949373795172804,"yearn":35.99589}