{"stakedao":42.44536539114142,"convex":20.66550563736,"yearn":30.87619}