{"stakedao":65.14662152002894,"convex":18.182292737688,"yearn":31.87698}