{"stakedao":55.38026174183984,"convex":10.414810531368,"yearn":15.88797}