{"stakedao":39.77603354593711,"convex":15.60452360436,"yearn":34.99676}