{"stakedao":47.98974568015619,"convex":21.1274376363936,"yearn":42.19701}