{"stakedao":45.1114542793666,"convex":13.99385740932,"yearn":18.8575}