{"stakedao":40.869521738805076,"convex":16.765440554519998,"yearn":34.32706}