{"stakedao":39.20311002453846,"convex":16.466926820817598,"yearn":26.50087}