{"stakedao":49.5047237799804,"convex":11.1603280646304,"yearn":32.99185}