{"stakedao":45.62984325742516,"convex":20.487324752323197,"yearn":44.50784}