{"stakedao":42.179784563698014,"convex":22.730395736088,"yearn":26.09722}