{"stakedao":40.89729485810048,"convex":21.7539609075072,"yearn":27.8876}