{"stakedao":40.88176264079741,"convex":16.7547030952464,"yearn":34.12173}