{"stakedao":47.071888406144254,"convex":26.0211508269264,"yearn":28.09671}