{"stakedao":39.14752024787106,"convex":16.0603552480176,"yearn":27.64107}