{"stakedao":41.262077536157946,"convex":21.5221776304752,"yearn":25.97612}