{"stakedao":41.62990747485376,"convex":18.036015716937598,"yearn":31.4919}