{"stakedao":28.885674688014213,"convex":15.733909606075198,"yearn":24.30104}