{"stakedao":66.98425784826364,"convex":19.6075301445792,"yearn":40.8255}