{"stakedao":41.141555236106605,"convex":20.926680056424,"yearn":23.49095}