{"stakedao":28.956022290060567,"convex":15.7431882194496,"yearn":25.81229}