{"stakedao":55.80931241063875,"convex":12.6158889596256,"yearn":25.57222}