{"stakedao":55.45209332514733,"convex":9.809675237203201,"yearn":20.29704}