{"stakedao":64.68418406311994,"convex":19.017461603304,"yearn":41.94741}