{"stakedao":63.34524425121279,"convex":19.124641243641598,"yearn":46.115}