{"stakedao":46.3563135547848,"convex":28.3464196535952,"yearn":30.53091}