{"stakedao":46.46961683920509,"convex":21.608960782550398,"yearn":42.19701}