{"stakedao":42.63800304929708,"convex":15.2768792002176,"yearn":18.57206}