{"stakedao":41.60302203958159,"convex":18.1585210175712,"yearn":31.46773}