{"stakedao":39.340973928428745,"convex":16.9090704024336,"yearn":27.15307}