{"stakedao":46.612487158209355,"convex":20.042461830888,"yearn":43.70922}