{"stakedao":42.308148396562416,"convex":22.147913911248004,"yearn":26.46865}