{"stakedao":27.880270106856948,"convex":13.6850966295264,"yearn":25.5024}