{"stakedao":45.34972651916331,"convex":23.184723074702397,"yearn":31.41524}