{"stakedao":40.30108472110259,"convex":18.8984278486224,"yearn":0}