{"stakedao":28.95425558933652,"convex":15.7778069769792,"yearn":24.33173}