{"stakedao":45.47487230618732,"convex":21.8137728009744,"yearn":39.28465}