{"stakedao":54.67288229686909,"convex":11.3968118613024,"yearn":18.6125}