{"stakedao":54.8442012764231,"convex":10.4929878559392,"yearn":16.3791}