{"stakedao":39.58568351291881,"convex":15.7540323555504,"yearn":32.22133}