{"stakedao":54.31166247399003,"convex":10.44241657812,"yearn":16.03137}