{"stakedao":44.45067662109541,"convex":23.304625270905603,"yearn":31.42904}