{"stakedao":44.287923983835896,"convex":23.7715270786368,"yearn":34.02137}