{"stakedao":68.14608536048576,"convex":23.564179389211205,"yearn":36.18087}