{"stakedao":58.71134904957135,"convex":16.9186784660928,"yearn":36.41608}