{"stakedao":71.1686218739682,"convex":20.283069637584,"yearn":30.73782}