{"stakedao":49.32360716595957,"convex":21.7904398286112,"yearn":40.74702}