{"stakedao":45.46795468297806,"convex":20.9496188508624,"yearn":43.69812}