{"stakedao":72.58904458068344,"convex":21.095308482076803,"yearn":33.63023}