{"stakedao":41.253217369037046,"convex":20.6552197515312,"yearn":24.26936}