{"stakedao":37.54286669166769,"convex":15.3351051104016,"yearn":27.52788}