{"stakedao":65.30424644030921,"convex":18.938549322792,"yearn":42.94224}