{"stakedao":57.05521527230748,"convex":11.0136171274416,"yearn":15.31908}