{"stakedao":41.07785521697172,"convex":20.9278305149328,"yearn":0}