{"stakedao":52.71077775213395,"convex":24.3491471087328,"yearn":38.35533}