{"stakedao":42.45754406361837,"convex":22.141858999248,"yearn":26.00408}