{"stakedao":39.06919290944607,"convex":16.3109141953632,"yearn":27.95499}