{"stakedao":42.55550676609818,"convex":20.6883725517936,"yearn":29.24459}