{"stakedao":42.69026310183695,"convex":24.9295818876624,"yearn":0}