{"stakedao":45.58254948149296,"convex":22.051358556940798,"yearn":39.77331}