{"stakedao":40.83999325366954,"convex":17.2339219878768,"yearn":30.86466}