{"stakedao":46.557160730455664,"convex":12.2200365268368,"yearn":23.05993}