{"stakedao":40.69492266652803,"convex":4.9563127465632,"yearn":19.8536}