{"stakedao":54.61306831718302,"convex":11.314606563288,"yearn":21.81406}