{"stakedao":46.595611654159484,"convex":12.204872589456,"yearn":24.95035}