{"stakedao":39.893116483863366,"convex":13.155873605654401,"yearn":19.14362}