{"stakedao":46.9114492265813,"convex":32.379143626224,"yearn":27.13506}