{"stakedao":39.499642519072694,"convex":15.5245117013712,"yearn":31.00733}