{"stakedao":44.890590497060586,"convex":9.011778013123198,"yearn":26.46048}