{"stakedao":54.40848003092459,"convex":11.3442594351984,"yearn":22.13758}