{"stakedao":39.393524051382826,"convex":16.060058901072,"yearn":26.79239}