{"stakedao":41.95810631577062,"convex":14.1991853503968,"yearn":17.45834}