{"stakedao":55.570535233139246,"convex":11.349944568676799,"yearn":22.7442}