{"stakedao":47.36752518328223,"convex":21.118580760254403,"yearn":42.19701}