{"stakedao":44.50949904298631,"convex":22.103436199104,"yearn":45.81119}