{"stakedao":40.68274892521,"convex":18.8614689653664,"yearn":29.24838}