{"stakedao":45.44822921156465,"convex":20.3524923478032,"yearn":41.99822}