{"stakedao":39.123244236289665,"convex":18.0548259191712,"yearn":29.43448}