{"stakedao":37.55807933938789,"convex":24.3155607925392,"yearn":29.5625}