{"stakedao":45.939598234521476,"convex":14.329680321859199,"yearn":18.55208}