{"stakedao":54.52062038516533,"convex":12.219976526443197,"yearn":16.05988}