{"stakedao":46.83718200674626,"convex":32.3250826251024,"yearn":27.40268}