{"stakedao":44.25620265720766,"convex":23.8668306965712,"yearn":34.38566}