{"stakedao":42.69792384780452,"convex":16.4408081253552,"yearn":18.91484}