{"stakedao":58.98018533836103,"convex":16.919266618800002,"yearn":36.28998}