{"stakedao":45.836338904376326,"convex":8.977644225662399,"yearn":29.49486}