{"stakedao":40.70239823868813,"convex":19.118303608248,"yearn":28.76108}