{"stakedao":41.53394574754096,"convex":18.0715184096256,"yearn":32.73858}