{"stakedao":40.56471414481393,"convex":16.2641973168432,"yearn":34.2968}