{"stakedao":53.31142531718908,"convex":28.1034853888752,"yearn":30.12915}