{"stakedao":49.25267019427355,"convex":16.823781542721598,"yearn":19.9249}