{"stakedao":44.04726364375373,"convex":23.7268634239296,"yearn":33.0155}