{"stakedao":39.57476709128767,"convex":15.692526351316799,"yearn":25.60773}