{"stakedao":48.36569596983869,"convex":12.203837688312,"yearn":22.63036}