{"stakedao":37.52148185950762,"convex":15.3679233263184,"yearn":26.32484}