{"stakedao":45.05746924955073,"convex":11.6181684821088,"yearn":25.65945}