{"stakedao":45.86720540393968,"convex":8.991379629547199,"yearn":27.36726}