{"stakedao":46.34116363420232,"convex":20.2786462657728,"yearn":41.75046}