{"stakedao":42.22298257878225,"convex":22.9831402259952,"yearn":29.43448}