{"stakedao":39.20938316028226,"convex":16.2806957536752,"yearn":27.95499}