{"stakedao":40.60268562885449,"convex":20.209680666719997,"yearn":27.39422}