{"stakedao":40.56876079393131,"convex":16.2641973168432,"yearn":34.2968}