{"stakedao":45.82823833874481,"convex":23.313842171481603,"yearn":30.34804}