{"stakedao":38.94408830368712,"convex":15.968786101128002,"yearn":27.83444}