{"stakedao":55.52022859674765,"convex":12.2660826977088,"yearn":24.79571}