{"stakedao":39.16247264418539,"convex":18.0394504824528,"yearn":29.43448}