{"stakedao":51.40428333815639,"convex":14.7277115800416,"yearn":17.93551}