{"stakedao":41.40972708279145,"convex":13.2414096256128,"yearn":18.57517}