{"stakedao":64.239102147355,"convex":18.6480271331568,"yearn":33.59258}