{"stakedao":46.448648676267865,"convex":22.173949332748798,"yearn":40.13751}