{"stakedao":41.18514753784103,"convex":21.5167866458832,"yearn":25.76625}