{"stakedao":49.2786717186277,"convex":11.0790068689152,"yearn":37.71637}