{"stakedao":58.75557077358812,"convex":17.175304674936,"yearn":35.91198}