{"stakedao":40.5993128884713,"convex":12.9893621538384,"yearn":16.61734}