{"stakedao":49.17457178055241,"convex":12.6960425380944,"yearn":23.26827}