{"stakedao":42.420322034956634,"convex":13.2274245764448,"yearn":17.36865}