{"stakedao":47.40496143251615,"convex":21.118580760254403,"yearn":42.19701}