{"stakedao":38.70129616791733,"convex":17.602160439456,"yearn":29.43448}