{"stakedao":39.279112182671874,"convex":16.457884746364797,"yearn":26.45148}