{"stakedao":55.926210163883916,"convex":10.532800450756799,"yearn":21.60289}