{"stakedao":40.521603892151916,"convex":17.237749729795198,"yearn":32.06891}