{"stakedao":54.91266948098264,"convex":11.821275030499201,"yearn":17.97159}