{"stakedao":51.22275071843524,"convex":25.2129548881728,"yearn":31.0172}