{"stakedao":40.77212184129213,"convex":17.2309177076832,"yearn":31.43463}