{"stakedao":52.53047057020653,"convex":28.1213397191808,"yearn":29.64239}