{"stakedao":44.965035399434136,"convex":20.484443462529597,"yearn":47.71473}