{"stakedao":42.353822082556825,"convex":20.642809600742403,"yearn":29.08746}