{"stakedao":39.13043409380459,"convex":18.038469924144003,"yearn":29.43448}