{"stakedao":51.157864178170875,"convex":22.8628858704336,"yearn":34.56538}