{"stakedao":53.1843466951769,"convex":24.9669540186624,"yearn":39.3313}