{"stakedao":38.7456296377569,"convex":16.4296363270608,"yearn":29.43448}