{"stakedao":39.66355156364584,"convex":15.605797611455998,"yearn":34.43876}