{"stakedao":47.35318973193158,"convex":21.084331756017598,"yearn":42.19701}