{"stakedao":44.16489301473359,"convex":22.5203070636864,"yearn":30.90916}