{"stakedao":52.72657289823436,"convex":17.5887419976,"yearn":18.44931}