{"stakedao":46.10915193430996,"convex":13.2619451308704,"yearn":26.14641}