{"stakedao":48.99310374513091,"convex":17.491295281406398,"yearn":18.49347}