{"stakedao":55.08963948303447,"convex":11.3462150677056,"yearn":22.55661}