{"stakedao":54.28537658633852,"convex":11.7264228535584,"yearn":18.21527}