{"stakedao":52.857993973489265,"convex":25.740118567094402,"yearn":33.12608}