{"stakedao":43.22070487776226,"convex":22.181425036156803,"yearn":28.1515}