{"stakedao":41.47277355836383,"convex":17.380385042644797,"yearn":33.17513}