{"stakedao":65.11544641138852,"convex":18.611429501087997,"yearn":32.15238}