{"stakedao":63.66705095200348,"convex":17.3369319919056,"yearn":33.50613}