{"stakedao":37.663207398804715,"convex":14.141678952974399,"yearn":26.39745}