{"stakedao":47.95338556988568,"convex":12.2000994991728,"yearn":23.55049}