{"stakedao":49.1288732574001,"convex":21.832522838827202,"yearn":39.5942}