{"stakedao":52.331772647053086,"convex":11.7447142948992,"yearn":17.00754}