{"stakedao":40.7166273396063,"convex":18.8782112953152,"yearn":29.24838}