{"stakedao":37.50264691217062,"convex":23.7260054334384,"yearn":30.55283}