{"stakedao":65.67410602747154,"convex":19.597760521992,"yearn":41.55229}