{"stakedao":42.30021371836729,"convex":22.143839191992,"yearn":26.46865}