{"stakedao":42.388087757315,"convex":24.716964756542403,"yearn":29.43448}