{"stakedao":44.5220286269219,"convex":23.30441785548,"yearn":32.24255}