{"stakedao":56.537974635339836,"convex":12.378850075742399,"yearn":14.14151}