{"stakedao":52.570944686843305,"convex":24.239142662731197,"yearn":37.78649}