{"stakedao":54.10999106577023,"convex":10.607367146155202,"yearn":15.43378}