{"stakedao":44.647740315067324,"convex":13.9180661237376,"yearn":19.2073}