{"stakedao":54.35303360830508,"convex":11.4013030859712,"yearn":16.38935}