{"stakedao":54.070818277150806,"convex":27.818023355424,"yearn":28.61439}