{"stakedao":28.966373096828,"convex":15.778351477555201,"yearn":24.09579}