{"stakedao":48.248496150903435,"convex":28.0192620423024,"yearn":27.09908}