{"stakedao":47.69554166002999,"convex":29.28181050432,"yearn":35.40916}