{"stakedao":53.05368201497627,"convex":25.002700427865598,"yearn":38.8935}