{"stakedao":42.250258752931515,"convex":13.262820872976,"yearn":17.78072}