{"stakedao":55.07254178572124,"convex":11.7198450368352,"yearn":17.09091}