{"stakedao":37.37789549831816,"convex":15.4056198334608,"yearn":28.73417}