{"stakedao":44.48320611104006,"convex":22.6574581147632,"yearn":50.0576}