{"stakedao":44.43340748404262,"convex":19.6410911878224,"yearn":44.61996}