{"stakedao":41.25086034028931,"convex":20.664421855416002,"yearn":23.3154}