{"stakedao":63.07138345491516,"convex":20.1839373600336,"yearn":45.53401}