{"stakedao":39.47372263143656,"convex":15.7213940367456,"yearn":32.95318}