{"stakedao":47.693016535212806,"convex":11.5877014452864,"yearn":33.74406}