{"stakedao":28.90217722331206,"convex":15.728170315824,"yearn":23.71819}