{"stakedao":51.526204541926845,"convex":11.9938576952736,"yearn":25.05011}