{"stakedao":54.432020119143644,"convex":9.7986476404224,"yearn":19.90391}