{"stakedao":44.10757469806414,"convex":23.771302138656,"yearn":33.29644}