{"stakedao":39.00255428734239,"convex":18.0648911665296,"yearn":29.43448}