{"stakedao":42.3535685572501,"convex":22.147933122979204,"yearn":26.46865}