{"stakedao":49.35464213556037,"convex":31.171608451612798,"yearn":27.09317}