{"stakedao":54.29691782693914,"convex":10.643786975102401,"yearn":15.19372}