{"stakedao":52.40393156276554,"convex":10.969006560436801,"yearn":17.57359}