{"stakedao":48.02003590990593,"convex":14.322907789257599,"yearn":17.79851}