{"stakedao":58.07300705761865,"convex":12.5194810266576,"yearn":13.95352}