{"stakedao":27.968483447570918,"convex":13.7410983024768,"yearn":25.81229}