{"stakedao":45.65508001466706,"convex":20.4882790064544,"yearn":44.46645}