{"stakedao":44.46369928911068,"convex":22.1885296049952,"yearn":48.18257}