{"stakedao":51.99386091559072,"convex":26.687242995264,"yearn":27.96305}