{"stakedao":40.89038216865802,"convex":15.134019108220802,"yearn":20.61996}