{"stakedao":38.887423905319544,"convex":16.412758143177598,"yearn":27.95499}