{"stakedao":42.67401930814731,"convex":12.2171175168336,"yearn":17.81648}