{"stakedao":27.88515041042917,"convex":13.6850966295264,"yearn":25.5024}