{"stakedao":43.51579146866187,"convex":12.3460544490624,"yearn":18.90384}