{"stakedao":54.10839334745483,"convex":11.34107889084,"yearn":22.27297}