{"stakedao":39.36946009419182,"convex":15.7216792073328,"yearn":24.66142}