{"stakedao":42.728009962593944,"convex":20.69223972948,"yearn":31.72047}