{"stakedao":41.90547217254314,"convex":17.4978458541792,"yearn":33.73484}