{"stakedao":42.73388758656354,"convex":24.9124950206064,"yearn":28.57082}