{"stakedao":64.04941421109348,"convex":20.4034937892768,"yearn":37.94986}