{"stakedao":42.37161031493817,"convex":13.1892903559296,"yearn":16.51586}