{"stakedao":40.72466059251285,"convex":13.264079030078399,"yearn":15.47349}