{"stakedao":54.333785405247724,"convex":11.3453791776432,"yearn":22.02921}