{"stakedao":46.04914021553346,"convex":10.6264889682192,"yearn":25.76852}