{"stakedao":39.206642004519686,"convex":16.2806957536752,"yearn":27.95499}