{"stakedao":57.764947887761885,"convex":11.0115732319776,"yearn":15.56249}