{"stakedao":37.44264776063702,"convex":24.4493963945568,"yearn":29.05078}