{"stakedao":48.62261954324431,"convex":29.33698833396,"yearn":35.85686}