{"stakedao":52.758025502592965,"convex":24.3504407659104,"yearn":38.10328}