{"stakedao":42.178913981832956,"convex":16.4388965581008,"yearn":19.00765}