{"stakedao":47.28083028398659,"convex":13.377136728527997,"yearn":25.29393}