{"stakedao":53.8143949344529,"convex":12.346129410134399,"yearn":16.28131}