{"stakedao":55.872239250566025,"convex":10.2012477554448,"yearn":21.41821}