{"stakedao":66.24257023458205,"convex":21.348933154358402,"yearn":31.68482}