{"stakedao":55.31067188157653,"convex":11.809179154872002,"yearn":17.22332}