{"stakedao":48.473364990794714,"convex":27.9329414445072,"yearn":27.15918}