{"stakedao":40.67043880213921,"convex":16.689144103214403,"yearn":34.74156}