{"stakedao":49.61466075830297,"convex":22.8949564781664,"yearn":32.5045}