{"stakedao":44.63656087782265,"convex":22.1255255524608,"yearn":44.28139}