{"stakedao":56.70909806722078,"convex":30.4484974166448,"yearn":41.57024}