{"stakedao":66.31121895408587,"convex":20.5489615048128,"yearn":43.8149}