{"stakedao":40.67549199844815,"convex":17.200499466513598,"yearn":31.12111}