{"stakedao":44.61228007093356,"convex":22.127439585830402,"yearn":44.24048}