{"stakedao":43.03381658182877,"convex":16.4586610775376,"yearn":18.22761}