{"stakedao":45.5981262693692,"convex":20.4905457289872,"yearn":49.43378}