{"stakedao":37.50188970219504,"convex":15.363725777496,"yearn":26.93907}