{"stakedao":40.67723854612628,"convex":20.208801553416,"yearn":26.43778}