{"stakedao":50.112443822326085,"convex":10.8397574880336,"yearn":37.26578}