{"stakedao":41.62884456494054,"convex":13.176048187699198,"yearn":15.87237}