{"stakedao":39.048471401975576,"convex":15.964197190545601,"yearn":27.27203}