{"stakedao":42.88339852904308,"convex":28.584042379214402,"yearn":26.85123}