{"stakedao":46.03370054299189,"convex":20.1159732623472,"yearn":42.54635}