{"stakedao":63.495513467240414,"convex":20.1676447334448,"yearn":38.85191}