{"stakedao":44.43627291233674,"convex":10.6216212573216,"yearn":26.05687}