{"stakedao":45.74012955746583,"convex":8.991379629547199,"yearn":27.48784}