{"stakedao":43.97517797294826,"convex":12.355659917308799,"yearn":18.37677}