{"stakedao":49.02698354721824,"convex":29.3837399525376,"yearn":35.65681}