{"stakedao":40.994477122458925,"convex":20.929882969267197,"yearn":0}