{"stakedao":39.66451301623139,"convex":15.6057461825472,"yearn":34.58548}