{"stakedao":57.88119359770226,"convex":30.7309487807088,"yearn":40.62272}