{"stakedao":42.42619234164204,"convex":22.120213420483203,"yearn":26.00408}