{"stakedao":27.948508334596255,"convex":13.7166254046288,"yearn":25.78123}