{"stakedao":51.18580741369742,"convex":12.1907661550704,"yearn":25.45904}