{"stakedao":42.27608540283852,"convex":22.816542485376,"yearn":29.43448}