{"stakedao":41.960451740518565,"convex":20.656166045976,"yearn":28.45137}