{"stakedao":48.26594122420261,"convex":10.9951590372624,"yearn":35.97593}