{"stakedao":57.63132564501504,"convex":11.0115732319776,"yearn":15.69262}