{"stakedao":49.185508792355954,"convex":21.7888280930304,"yearn":40.74702}