{"stakedao":55.47144955779094,"convex":10.4267073959136,"yearn":15.68643}