{"stakedao":52.74512817758131,"convex":17.907623616412803,"yearn":23.4603}