{"stakedao":55.37057224664706,"convex":10.1805391616976,"yearn":20.88094}