{"stakedao":40.922437525896754,"convex":13.2643247838192,"yearn":15.49553}