{"stakedao":41.85855292870708,"convex":17.497617101496,"yearn":33.55317}