{"stakedao":39.182755751541805,"convex":16.469778331166403,"yearn":26.50087}