{"stakedao":57.50977213907214,"convex":11.0323103626512,"yearn":16.60425}