{"stakedao":47.94602982500079,"convex":21.123246435768,"yearn":42.19701}