{"stakedao":39.325598428226144,"convex":16.8868526281776,"yearn":26.38992}