{"stakedao":41.41832038045104,"convex":17.5350569055984,"yearn":33.97945}