{"stakedao":44.143929635053695,"convex":19.563448959792,"yearn":42.6576}