{"stakedao":73.58344655145328,"convex":21.2007025824768,"yearn":33.51813}