{"stakedao":53.12239143573959,"convex":13.5880243244928,"yearn":32.53125}