{"stakedao":47.82100413078173,"convex":11.059532449142399,"yearn":20.00819}