{"stakedao":56.79533609598272,"convex":30.559372341393598,"yearn":41.05862}