{"stakedao":40.85358394522471,"convex":16.7552817871536,"yearn":34.05334}