{"stakedao":53.80112224123094,"convex":11.401150171060799,"yearn":16.3962}