{"stakedao":65.78555001872385,"convex":19.082811161606397,"yearn":32.46626}