{"stakedao":51.91112038237131,"convex":26.7474623401584,"yearn":27.7427}