{"stakedao":45.780409384042116,"convex":10.7131976574912,"yearn":26.94908}