{"stakedao":51.2532231090866,"convex":13.8878758626192,"yearn":26.87601}