{"stakedao":55.30180359435801,"convex":10.1825625934512,"yearn":21.12735}