{"stakedao":54.70203873668475,"convex":10.4965347792384,"yearn":16.49098}