{"stakedao":49.66524914574373,"convex":16.8029293561056,"yearn":19.78691}