{"stakedao":42.47011134324882,"convex":20.6774513259408,"yearn":29.92793}