{"stakedao":54.72351553897637,"convex":10.4929878559392,"yearn":16.43507}