{"stakedao":54.6435076830982,"convex":11.246394491726399,"yearn":21.73256}