{"stakedao":38.89886579423342,"convex":16.30412240688,"yearn":27.95499}