{"stakedao":42.46520558604069,"convex":22.173951451968,"yearn":25.63563}