{"stakedao":45.93171532530672,"convex":20.0727979428528,"yearn":43.2329}