{"stakedao":54.81156185664881,"convex":10.599934782672001,"yearn":15.68795}