{"stakedao":46.20318542972704,"convex":28.3767828675984,"yearn":28.77556}