{"stakedao":40.72709365941136,"convex":18.8782112953152,"yearn":29.24838}