{"stakedao":39.081299883830205,"convex":17.665294357238402,"yearn":29.43448}