{"stakedao":41.34813394220318,"convex":20.6258400602208,"yearn":24.12881}