{"stakedao":64.7452538364681,"convex":19.0193636277648,"yearn":41.94741}