{"stakedao":40.54645938442815,"convex":20.2055203871424,"yearn":27.06989}