{"stakedao":39.25812024077467,"convex":16.4664101223792,"yearn":26.48981}