{"stakedao":44.19402485558568,"convex":23.7706707784752,"yearn":32.53802}