{"stakedao":40.723947118130624,"convex":16.4577754362816,"yearn":33.95578}