{"stakedao":49.46236980596328,"convex":29.2946798444976,"yearn":33.75424}