{"stakedao":46.33940623186265,"convex":28.3945333277808,"yearn":29.75331}