{"stakedao":42.4808624888552,"convex":21.1340844507312,"yearn":29.38708}