{"stakedao":64.87933647529904,"convex":19.0266612568416,"yearn":41.94741}