{"stakedao":66.24900305181896,"convex":20.5490972830608,"yearn":43.72829}