{"stakedao":64.94320762124403,"convex":19.025590026225597,"yearn":41.94741}