{"stakedao":41.49635324471573,"convex":20.6934303522384,"yearn":28.90824}