{"stakedao":42.417403057356516,"convex":22.0987065433536,"yearn":26.38004}