{"stakedao":39.835940466759055,"convex":5.393639336630399,"yearn":19.75295}