{"stakedao":39.48953914051733,"convex":15.726066126681598,"yearn":33.06788}