{"stakedao":43.62019243224692,"convex":26.830703113272,"yearn":26.74193}