{"stakedao":37.57569228254973,"convex":14.059028234188801,"yearn":25.19585}