{"stakedao":42.47471481938627,"convex":13.1891127357168,"yearn":16.86146}