{"stakedao":54.133023730080765,"convex":15.939561973752001,"yearn":23.79814}