{"stakedao":42.34990200095188,"convex":22.7234659712976,"yearn":25.49714}