{"stakedao":43.90290712072615,"convex":27.433976127796797,"yearn":26.39169}