{"stakedao":44.41133263092658,"convex":10.6214785663824,"yearn":26.05687}