{"stakedao":41.72663561198658,"convex":13.794353274974402,"yearn":15.9858}