{"stakedao":42.96470338052591,"convex":13.246631208273602,"yearn":18.20823}