{"stakedao":45.94174838249069,"convex":21.6469817825184,"yearn":42.19701}