{"stakedao":51.92809051438893,"convex":25.640337603484802,"yearn":34.44804}