{"stakedao":47.483921135361484,"convex":22.3952522288256,"yearn":37.67793}