{"stakedao":44.039061692284875,"convex":27.478150328016,"yearn":25.95519}