{"stakedao":46.88804519145003,"convex":11.165879189030399,"yearn":32.1811}