{"stakedao":45.445928256477316,"convex":20.4891639286896,"yearn":45.32076}