{"stakedao":43.490966271296344,"convex":25.1219298350448,"yearn":27.39333}