{"stakedao":42.38725845685276,"convex":12.129555359332798,"yearn":21.76753}