{"stakedao":52.16232951033757,"convex":26.7110843815584,"yearn":28.45672}