{"stakedao":41.482323277057255,"convex":22.1158022184144,"yearn":26.06025}