{"stakedao":44.42589716505221,"convex":22.5340337825568,"yearn":29.71217}