{"stakedao":50.32368411596869,"convex":9.981571060512,"yearn":17.31933}