{"stakedao":54.95852158277942,"convex":11.3489384851296,"yearn":22.37706}