{"stakedao":42.68555119320395,"convex":13.2647753260368,"yearn":17.43579}