{"stakedao":43.49013542046467,"convex":25.1141238803376,"yearn":28.2105}