{"stakedao":51.46740639726825,"convex":25.157924609169598,"yearn":32.32958}