{"stakedao":34.12526495082819,"convex":31.413399157900802,"yearn":27.88683}