{"stakedao":39.39384108964598,"convex":16.9090606357344,"yearn":26.91508}