{"stakedao":41.63925359691508,"convex":17.5194834511824,"yearn":32.71361}