{"stakedao":56.065823575683424,"convex":11.385595398571201,"yearn":14.43256}