{"stakedao":28.941155135031906,"convex":15.748133628744,"yearn":25.81229}