{"stakedao":52.9881165645609,"convex":15.775350272121598,"yearn":23.72319}