{"stakedao":54.08100129355046,"convex":11.733494126687999,"yearn":27.76693}