{"stakedao":56.47569036376288,"convex":30.9737365449408,"yearn":44.25146}