{"stakedao":41.152806953833505,"convex":14.7575470485456,"yearn":20.15775}