{"stakedao":40.69722134143005,"convex":20.208801553416,"yearn":26.43778}