{"stakedao":50.32840101292703,"convex":14.698946746123198,"yearn":17.6968}