{"stakedao":56.90351715969355,"convex":30.416067863006397,"yearn":42.22811}