{"stakedao":41.37461874837045,"convex":20.6979019583616,"yearn":29.32984}