{"stakedao":38.93157371652542,"convex":15.9662368160352,"yearn":27.77382}