{"stakedao":41.10925897294113,"convex":19.810366296998403,"yearn":26.91697}