{"stakedao":41.504435232286454,"convex":18.070742198289597,"yearn":31.80959}