{"stakedao":57.080043945315495,"convex":30.398744523254397,"yearn":42.30148}