{"stakedao":49.748248121822925,"convex":29.2946798444976,"yearn":33.85327}