{"stakedao":46.34615321958244,"convex":21.5732378834352,"yearn":42.19701}