{"stakedao":53.06179620444519,"convex":15.775350272121598,"yearn":23.68223}