{"stakedao":53.967780591736094,"convex":11.8865601828288,"yearn":27.23634}