{"stakedao":37.49864322555078,"convex":23.7292600054032,"yearn":30.62625}