{"stakedao":52.11772068023914,"convex":10.967437874649601,"yearn":17.35021}