{"stakedao":39.16120572585842,"convex":16.3900566760608,"yearn":27.64098}