{"stakedao":71.86037281725243,"convex":21.2034007174896,"yearn":33.63023}