{"stakedao":64.75693536745882,"convex":20.4217350789168,"yearn":37.94986}