{"stakedao":75.42750878379674,"convex":24.577872538521596,"yearn":41.67961}