{"stakedao":38.784544731826465,"convex":18.092915046359998,"yearn":29.43448}