{"stakedao":39.165237338049664,"convex":16.0397750436336,"yearn":26.79239}