{"stakedao":56.04982640278137,"convex":11.4063467803632,"yearn":15.00456}