{"stakedao":38.872984606072016,"convex":17.601520271270402,"yearn":29.43448}