{"stakedao":47.19846784597152,"convex":14.3232734207952,"yearn":17.96013}