{"stakedao":41.500818770735755,"convex":18.1581967707264,"yearn":31.52204}