{"stakedao":57.65145244075876,"convex":11.0115732319776,"yearn":15.69262}