{"stakedao":37.68246914728225,"convex":23.7575554638048,"yearn":30.2396}