{"stakedao":41.005492117710034,"convex":21.7289667385008,"yearn":27.8876}