{"stakedao":46.40271692683352,"convex":21.494974370976003,"yearn":42.19701}