{"stakedao":53.629734642964586,"convex":26.916869966759997,"yearn":29.37337}