{"stakedao":46.05391578793414,"convex":20.27249525412,"yearn":42.73519}