{"stakedao":42.750672197495916,"convex":12.4595264864016,"yearn":19.2613}