{"stakedao":53.226266919826024,"convex":11.2837471271712,"yearn":16.78913}