{"stakedao":39.47049683348045,"convex":15.6987515041056,"yearn":25.60773}