{"stakedao":52.43153196040265,"convex":17.5931307933408,"yearn":18.37349}