{"stakedao":43.65988505520503,"convex":19.6145167214736,"yearn":41.53394}