{"stakedao":42.40845909043451,"convex":22.983639652166403,"yearn":29.43448}