{"stakedao":46.10070847844566,"convex":20.088177308956798,"yearn":42.69974}