{"stakedao":42.37167583478253,"convex":15.7052730069936,"yearn":17.1728}