{"stakedao":52.27683522502582,"convex":13.893687420768003,"yearn":27.14212}