{"stakedao":40.85369338583796,"convex":19.834674542236804,"yearn":26.89661}