{"stakedao":54.20361361809956,"convex":12.260344602672,"yearn":27.05914}