{"stakedao":47.05590588722602,"convex":28.3741730270784,"yearn":30.05518}