{"stakedao":51.96691018881312,"convex":15.9741796811328,"yearn":25.8044}