{"stakedao":79.84643919378988,"convex":24.829192383321598,"yearn":40.28077}