{"stakedao":40.60455023357776,"convex":17.2004657702976,"yearn":30.98109}