{"stakedao":49.53140738743849,"convex":17.445879202968,"yearn":19.27999}