{"stakedao":44.153461395139516,"convex":23.771306225721602,"yearn":33.44879}