{"stakedao":44.36779374125978,"convex":19.614200036961602,"yearn":43.5403}