{"stakedao":44.514399789938786,"convex":23.300608322448,"yearn":31.49303}