{"stakedao":40.73251332713305,"convex":18.8782112953152,"yearn":29.24838}