{"stakedao":46.83343850258332,"convex":13.2332049864864,"yearn":24.46054}