{"stakedao":38.65479798066543,"convex":18.061582541860798,"yearn":29.43448}