{"stakedao":27.875248264772804,"convex":13.685387136004802,"yearn":25.53394}