{"stakedao":54.32273061473206,"convex":10.4409915735024,"yearn":15.83552}