{"stakedao":49.12791475642939,"convex":29.1297435528096,"yearn":34.55983}