{"stakedao":63.98609622160703,"convex":20.1649951228752,"yearn":39.14209}