{"stakedao":48.23049672356364,"convex":10.8531796227552,"yearn":29.86194}