{"stakedao":47.60705566311351,"convex":19.791195906340796,"yearn":25.08333}