{"stakedao":39.736020788641405,"convex":15.604932071246399,"yearn":35.14614}