{"stakedao":44.61169691379666,"convex":9.009475027344,"yearn":26.58161}