{"stakedao":45.89515619842408,"convex":20.5184117805984,"yearn":44.673}