{"stakedao":47.10128293087221,"convex":10.1845558011024,"yearn":18.19343}