{"stakedao":42.40634718709772,"convex":12.3814217324736,"yearn":21.2814}