{"stakedao":40.93320396350594,"convex":19.8166609772064,"yearn":26.52929}