{"stakedao":39.370687428494236,"convex":15.7402312022592,"yearn":24.66142}