{"stakedao":42.50193866426571,"convex":21.1218565212576,"yearn":29.30264}