{"stakedao":46.0658393888361,"convex":21.647727533232,"yearn":42.19701}