{"stakedao":41.335068330010984,"convex":13.227320857694401,"yearn":16.1313}