{"stakedao":41.33902560195504,"convex":14.743911389875201,"yearn":20.99856}