{"stakedao":48.26201984413963,"convex":14.322270207024001,"yearn":17.77121}