{"stakedao":41.112932169556125,"convex":20.9833139221056,"yearn":24.23516}