{"stakedao":29.121576679425843,"convex":15.859470518049601,"yearn":25.81229}