{"stakedao":51.15623944758099,"convex":9.5975466144912,"yearn":18.33585}