{"stakedao":51.64041627817333,"convex":24.3002561572944,"yearn":41.37606}