{"stakedao":43.27850215490777,"convex":23.6613550314096,"yearn":31.21671}