{"stakedao":47.57195176360809,"convex":10.1884668327504,"yearn":17.59308}