{"stakedao":47.964395644898644,"convex":26.030684440396797,"yearn":27.66518}