{"stakedao":44.4898251602471,"convex":14.3407865315808,"yearn":18.67862}