{"stakedao":45.92564431618224,"convex":8.9907453964368,"yearn":28.47711}