{"stakedao":41.66211665673298,"convex":18.2580354231408,"yearn":30.7046}