{"stakedao":37.70272682545416,"convex":14.162479540387201,"yearn":26.10909}