{"stakedao":41.34575413045855,"convex":14.743917961977598,"yearn":20.99856}