{"stakedao":42.48743368598694,"convex":22.197435229483197,"yearn":26.46865}