{"stakedao":43.00288291019962,"convex":12.074296696617601,"yearn":22.47568}