{"stakedao":42.66509244157112,"convex":24.9366432868704,"yearn":26.92878}