{"stakedao":64.35141474404823,"convex":18.179990174491202,"yearn":31.87698}