{"stakedao":48.12147838837346,"convex":10.988185800096,"yearn":35.61219}