{"stakedao":45.30195895681699,"convex":23.1158203205904,"yearn":37.53865}