{"stakedao":46.589722500837254,"convex":20.279519677368,"yearn":41.44388}