{"stakedao":46.74928132877001,"convex":28.3736697692832,"yearn":30.27812}