{"stakedao":49.57741332797398,"convex":22.4561847035952,"yearn":34.56538}