{"stakedao":47.97404028200882,"convex":29.22594282468,"yearn":36.57876}