{"stakedao":54.86575070949085,"convex":11.821275030499201,"yearn":17.97159}