{"stakedao":55.18208333158534,"convex":11.313933641812799,"yearn":15.45908}