{"stakedao":41.660381312244084,"convex":17.5194834511824,"yearn":32.71361}