{"stakedao":46.53401230752254,"convex":12.208401089424001,"yearn":23.05993}