{"stakedao":54.39705156395799,"convex":10.6438649005584,"yearn":15.2122}