{"stakedao":41.308994814091605,"convex":14.805672936624003,"yearn":21.31514}