{"stakedao":51.96249441280797,"convex":13.585900778553599,"yearn":32.12419}