{"stakedao":40.634014122350806,"convex":19.106473697784004,"yearn":28.76108}