{"stakedao":39.364827147037666,"convex":15.719033519841599,"yearn":26.79239}