{"stakedao":54.56035563796894,"convex":11.4177616739136,"yearn":18.32059}