{"stakedao":52.68968128255989,"convex":17.0126985972096,"yearn":36.84581}