{"stakedao":38.905510215683556,"convex":17.6644890444816,"yearn":29.43448}