{"stakedao":51.35924574560644,"convex":29.360319029424,"yearn":37.50719}