{"stakedao":41.23944835997047,"convex":20.664988888464,"yearn":23.28065}