{"stakedao":48.10988093501994,"convex":12.700268223336,"yearn":23.33306}