{"stakedao":40.58006998620396,"convex":19.106631973814398,"yearn":28.76108}