{"stakedao":46.52618747976966,"convex":12.207866869584,"yearn":23.05993}