{"stakedao":53.69736984402189,"convex":10.7622776514816,"yearn":24.28254}