{"stakedao":44.14014893997589,"convex":19.572232208832,"yearn":43.29923}