{"stakedao":64.47038277305754,"convex":18.6599552404176,"yearn":43.294}