{"stakedao":54.54379556193851,"convex":12.2700046408128,"yearn":26.73892}