{"stakedao":73.61338990247464,"convex":24.546195727128,"yearn":42.37102}