{"stakedao":44.94032551131488,"convex":22.658605845408,"yearn":48.66124}