{"stakedao":49.48419701119036,"convex":22.3315221608064,"yearn":38.68149}