{"stakedao":41.12065711284964,"convex":21.511335436992,"yearn":26.82956}