{"stakedao":64.96752856105908,"convex":19.0659265822224,"yearn":32.46626}