{"stakedao":55.7811874727832,"convex":13.712660802777599,"yearn":18.35632}