{"stakedao":52.538664840177844,"convex":14.6620638803952,"yearn":30.95609}