{"stakedao":54.81278131692743,"convex":9.7989644132352,"yearn":19.89989}