{"stakedao":41.36395504424875,"convex":18.1302817279392,"yearn":32.22815}