{"stakedao":51.51273365403504,"convex":25.717066164216,"yearn":33.66054}