{"stakedao":45.582332142216075,"convex":23.072060213280004,"yearn":37.90028}