{"stakedao":41.725140703596196,"convex":20.7011670192,"yearn":25.61248}