{"stakedao":51.02176129349867,"convex":14.719538502144001,"yearn":17.84209}