{"stakedao":37.30777266796505,"convex":25.8780906137808,"yearn":29.46237}