{"stakedao":48.191113392034396,"convex":28.005170865033598,"yearn":27.36074}