{"stakedao":28.930653009240093,"convex":15.748131979411198,"yearn":25.81229}