{"stakedao":52.95371186642682,"convex":11.291583602419202,"yearn":16.61663}