{"stakedao":66.15405298473448,"convex":19.5538135071168,"yearn":40.68387}