{"stakedao":54.093538300483445,"convex":11.7334918655568,"yearn":27.76693}