{"stakedao":45.07112155123515,"convex":23.1165454719888,"yearn":36.89995}