{"stakedao":46.68006201047171,"convex":10.0688116012704,"yearn":19.08271}