{"stakedao":41.848536719994016,"convex":17.497617101496,"yearn":33.55317}