{"stakedao":54.0998695016666,"convex":12.2113257349104,"yearn":15.57854}