{"stakedao":67.23931641735014,"convex":23.537392811726402,"yearn":36.18087}