{"stakedao":52.23142078703583,"convex":10.967237731425598,"yearn":17.31907}