{"stakedao":54.375336303067996,"convex":11.3442594351984,"yearn":22.08353}