{"stakedao":41.64733848086136,"convex":15.0331918337424,"yearn":14.94948}