{"stakedao":46.162112353001376,"convex":28.3767828675984,"yearn":28.66505}