{"stakedao":40.359533250786185,"convex":18.8633500719984,"yearn":27.23412}