{"stakedao":56.729877012022556,"convex":30.498644380737602,"yearn":41.27774}