{"stakedao":43.60163033979707,"convex":15.289270952904,"yearn":15.28706}