{"stakedao":54.65694879722948,"convex":12.219407579159999,"yearn":16.03979}