{"stakedao":42.49923854419971,"convex":13.2211231790688,"yearn":17.60863}