{"stakedao":39.279325883950975,"convex":16.373723431104,"yearn":27.95499}