{"stakedao":51.487314175902796,"convex":25.1621767215792,"yearn":32.24317}