{"stakedao":51.21943683763671,"convex":25.252177116455996,"yearn":30.84255}