{"stakedao":43.17317711967971,"convex":26.481558839299204,"yearn":26.35298}