{"stakedao":49.228020587161865,"convex":11.1542278921632,"yearn":32.87126}