{"stakedao":47.6075998533948,"convex":13.090373261121599,"yearn":24.29241}