{"stakedao":38.95473186278229,"convex":16.0905327559776,"yearn":27.64107}