{"stakedao":48.87641422259111,"convex":22.939747532006397,"yearn":29.97243}