{"stakedao":52.731666813819004,"convex":17.1983948894784,"yearn":37.40984}