{"stakedao":51.63875294628616,"convex":13.759755719097598,"yearn":16.78252}