{"stakedao":40.30351523447955,"convex":16.1854163743104,"yearn":35.27816}