{"stakedao":47.82604358052677,"convex":31.3540587055584,"yearn":29.65708}