{"stakedao":41.39259197086278,"convex":13.2699775802832,"yearn":15.16769}