{"stakedao":56.96814415596458,"convex":12.267818145863998,"yearn":23.50012}