{"stakedao":69.98649482261536,"convex":21.211341337224,"yearn":32.70638}