{"stakedao":46.84985467260607,"convex":26.0596771282224,"yearn":28.76888}