{"stakedao":44.20890833771248,"convex":14.189235695092801,"yearn":19.41502}