{"stakedao":39.27551271262555,"convex":16.2644769465552,"yearn":27.95499}