{"stakedao":44.9318900284521,"convex":23.1158371103568,"yearn":37.08634}