{"stakedao":55.812660611141695,"convex":10.5333373763856,"yearn":16.68974}