{"stakedao":47.65298448780867,"convex":22.4076503801664,"yearn":38.06755}