{"stakedao":45.39128377784172,"convex":20.4680245374144,"yearn":47.37605}