{"stakedao":39.309435111648384,"convex":15.719424184655999,"yearn":26.79239}