{"stakedao":34.12526495082819,"convex":16.2631136894256,"yearn":27.95499}