{"stakedao":46.375798544631564,"convex":21.5739209405808,"yearn":42.19701}