{"stakedao":53.15525859513188,"convex":27.8311815212112,"yearn":31.55956}