{"stakedao":49.62916250840043,"convex":17.511480711835198,"yearn":18.4028}