{"stakedao":50.009800410923575,"convex":9.129582327383998,"yearn":20.3093}