{"stakedao":39.61339522849186,"convex":14.8624654063104,"yearn":21.56308}