{"stakedao":45.05161832109219,"convex":23.2816626384048,"yearn":32.27767}