{"stakedao":39.431419668436405,"convex":15.7271467928688,"yearn":32.98272}