{"stakedao":67.30170448321857,"convex":24.3675689545872,"yearn":35.68707}