{"stakedao":41.03377058964484,"convex":20.9278305149328,"yearn":23.63109}