{"stakedao":39.23490095434153,"convex":18.0394509523392,"yearn":29.43448}