{"stakedao":45.46582280491738,"convex":20.5326158599008,"yearn":43.91017}