{"stakedao":40.80882487682141,"convex":16.754171890248003,"yearn":34.39872}