{"stakedao":49.06160034247741,"convex":29.3177582866512,"yearn":34.15926}