{"stakedao":39.51861491553052,"convex":14.8697166112416,"yearn":21.56308}