{"stakedao":44.360685389133415,"convex":22.605593829408,"yearn":49.32514}