{"stakedao":50.424858225350235,"convex":9.57057776208,"yearn":17.59404}