{"stakedao":40.74492692717735,"convex":16.690056370315197,"yearn":35.255}