{"stakedao":45.74674966506515,"convex":10.712565442684802,"yearn":27.08227}