{"stakedao":42.86050316390703,"convex":15.273567034056,"yearn":18.19592}