{"stakedao":37.36811164095934,"convex":25.4982861702144,"yearn":29.67858}