{"stakedao":55.89074962196014,"convex":10.427552778312,"yearn":15.82666}