{"stakedao":47.504518190868595,"convex":22.9855370566032,"yearn":42.39618}