{"stakedao":41.25969485948838,"convex":21.007537792776,"yearn":24.61952}