{"stakedao":42.39444965064267,"convex":13.1899561944192,"yearn":17.23143}