{"stakedao":49.670640465336845,"convex":31.279687697347203,"yearn":27.68092}