{"stakedao":41.24583861928877,"convex":21.006888261552,"yearn":24.57302}