{"stakedao":51.80749848595299,"convex":13.848888110803202,"yearn":26.95672}