{"stakedao":55.39827261613263,"convex":10.4435796005712,"yearn":14.07466}