{"stakedao":43.694656709763244,"convex":26.830703113272,"yearn":25.95471}