{"stakedao":47.427372301417826,"convex":11.3901748262784,"yearn":30.05998}