{"stakedao":40.54107292369995,"convex":16.2414144080064,"yearn":34.66132}