{"stakedao":40.68241641551613,"convex":19.981596862080004,"yearn":29.43199}