{"stakedao":39.60749699298982,"convex":15.693138389390398,"yearn":25.60773}