{"stakedao":37.66572872307726,"convex":14.141656146139201,"yearn":26.49063}