{"stakedao":55.65980527740105,"convex":11.349944568676799,"yearn":22.76766}