{"stakedao":67.66862603861767,"convex":19.7069514495696,"yearn":40.10503}