{"stakedao":49.0613381798924,"convex":29.150750215368003,"yearn":34.41005}