{"stakedao":43.364860193897854,"convex":28.5602558371776,"yearn":26.63196}