{"stakedao":54.53674837072732,"convex":11.4011751570336,"yearn":16.39044}