{"stakedao":64.30138906181921,"convex":20.370563794008,"yearn":37.94986}