{"stakedao":62.98108416344741,"convex":20.1881377250208,"yearn":45.54567}