{"stakedao":40.88032551644859,"convex":13.2257022314976,"yearn":15.9539}