{"stakedao":42.499077422293496,"convex":13.2626596893264,"yearn":17.57438}