{"stakedao":40.97046884552439,"convex":20.9090119367376,"yearn":25.58437}