{"stakedao":41.10205977686504,"convex":19.8366204017376,"yearn":27.28297}