{"stakedao":53.77832752280386,"convex":10.7627821423344,"yearn":24.36482}