{"stakedao":76.65978214072034,"convex":24.609302810928,"yearn":41.66131}