{"stakedao":48.529324684398304,"convex":22.608832418928003,"yearn":34.56538}