{"stakedao":42.34041929592599,"convex":13.274636822452802,"yearn":18.91444}