{"stakedao":53.52116506097787,"convex":10.7589919251024,"yearn":24.11686}