{"stakedao":64.00138640535619,"convex":12.6308362699152,"yearn":46.79803}