{"stakedao":46.37492938814922,"convex":12.212797002840002,"yearn":24.86092}