{"stakedao":51.65050730928566,"convex":24.299871279336,"yearn":41.5223}