{"stakedao":68.93695833817966,"convex":19.7069514495696,"yearn":40.40908}