{"stakedao":43.66458148139945,"convex":14.7978725574816,"yearn":18.29612}