{"stakedao":54.66560553473208,"convex":10.49301222696,"yearn":16.47251}