{"stakedao":41.63978075723687,"convex":18.1584849687696,"yearn":31.30406}