{"stakedao":39.115107151671694,"convex":16.395036689808002,"yearn":27.32145}