{"stakedao":43.6114123432214,"convex":25.1083640664576,"yearn":27.9724}