{"stakedao":41.686955795844135,"convex":13.8021822099648,"yearn":15.90631}