{"stakedao":55.012567948530986,"convex":11.3541569867232,"yearn":22.37427}