{"stakedao":40.67541132642991,"convex":20.8558016949024,"yearn":27.0576}