{"stakedao":41.18391288730649,"convex":21.7309672498896,"yearn":27.60597}