{"stakedao":56.31059749790018,"convex":13.334510961676802,"yearn":18.19451}