{"stakedao":43.84085667167838,"convex":27.433935052156798,"yearn":26.36045}