{"stakedao":37.38942949757424,"convex":15.4056198334608,"yearn":28.68285}