{"stakedao":47.93716261351016,"convex":31.3535689010208,"yearn":29.65708}