{"stakedao":44.95503550258071,"convex":20.484443462529597,"yearn":47.71473}