{"stakedao":49.09396043005481,"convex":29.1262080550032,"yearn":34.65958}