{"stakedao":47.98587709602925,"convex":31.4097764599008,"yearn":28.77214}