{"stakedao":43.33065666309972,"convex":25.1219270756448,"yearn":27.42729}