{"stakedao":39.383401228919226,"convex":15.76203819804,"yearn":32.75375}