{"stakedao":41.00906814536465,"convex":15.1371984100608,"yearn":20.82053}