{"stakedao":46.58694120705786,"convex":10.068354714009601,"yearn":19.26875}