{"stakedao":45.35891532510876,"convex":20.4718914281232,"yearn":48.50199}