{"stakedao":40.816158963517594,"convex":16.5294461208816,"yearn":33.185}