{"stakedao":43.37298606459193,"convex":19.5576584708448,"yearn":43.36881}