{"stakedao":62.84793208631595,"convex":18.6278432732208,"yearn":34.12611}