{"stakedao":41.51164871134662,"convex":18.0707422645152,"yearn":31.91879}