{"stakedao":38.68895448247788,"convex":16.4296363270608,"yearn":29.43448}