{"stakedao":66.88367361588553,"convex":21.208529224800003,"yearn":31.68482}