{"stakedao":40.64361158712273,"convex":17.0609635558944,"yearn":30.53492}