{"stakedao":82.98992312424312,"convex":25.7962344508224,"yearn":41.64514}