{"stakedao":55.48151721231672,"convex":11.407518431064,"yearn":15.45553}