{"stakedao":44.722694645017896,"convex":9.0117709049088,"yearn":26.46048}