{"stakedao":40.47743841588975,"convex":13.203926096846399,"yearn":18.27489}