{"stakedao":44.95602198865815,"convex":21.752749619208004,"yearn":50.20835}