{"stakedao":41.3455303040005,"convex":20.627605063915198,"yearn":24.19908}