{"stakedao":37.46689914415968,"convex":15.3431917292016,"yearn":27.40141}