{"stakedao":37.66221828022355,"convex":14.142136158748798,"yearn":26.49063}