{"stakedao":39.49911290986532,"convex":15.7042171407168,"yearn":33.06788}