{"stakedao":42.32566089104863,"convex":13.274636822452802,"yearn":18.91444}