{"stakedao":43.49898723408832,"convex":19.54766670552,"yearn":44.25226}