{"stakedao":44.49963260982043,"convex":19.5762606836976,"yearn":43.30499}