{"stakedao":51.74504474957784,"convex":14.823499133664,"yearn":30.95609}