{"stakedao":45.85171445519149,"convex":22.954731061392,"yearn":32.91777}