{"stakedao":67.00075909482874,"convex":20.579287411727996,"yearn":41.56988}