{"stakedao":55.36105386247191,"convex":10.53211923216,"yearn":16.44976}