{"stakedao":40.835510301424236,"convex":18.880022745230402,"yearn":29.24838}