{"stakedao":42.37556624549434,"convex":22.3259349497616,"yearn":25.94319}