{"stakedao":51.5161279684764,"convex":25.268370549710397,"yearn":32.04733}