{"stakedao":47.07963422965889,"convex":32.325018219129596,"yearn":27.43857}