{"stakedao":41.47286209457716,"convex":20.688150670804802,"yearn":25.50292}