{"stakedao":57.882000545897725,"convex":24.3456031403568,"yearn":38.79029}