{"stakedao":42.41152283867348,"convex":20.6831869769376,"yearn":31.24564}