{"stakedao":46.80566647147336,"convex":10.0711682455536,"yearn":19.08271}