{"stakedao":38.82063097788051,"convex":17.6683438316736,"yearn":29.43448}