{"stakedao":42.72782001198019,"convex":13.7069864041536,"yearn":16.83404}