{"stakedao":51.07481627221155,"convex":25.204171267008,"yearn":31.80616}