{"stakedao":38.626424284705784,"convex":16.448553083131202,"yearn":29.43448}