{"stakedao":42.54780493610767,"convex":21.5361618786288,"yearn":26.12978}