{"stakedao":48.87812215764792,"convex":17.4438697984272,"yearn":19.13481}