{"stakedao":63.04136354934232,"convex":20.241916359105602,"yearn":45.98344}