{"stakedao":44.663788554058705,"convex":10.622898569390399,"yearn":25.52439}