{"stakedao":39.91751827850049,"convex":16.434118453593598,"yearn":19.62973}