{"stakedao":49.273711467886244,"convex":22.8946162583376,"yearn":34.41661}