{"stakedao":38.68372029287799,"convex":16.4217427684992,"yearn":27.95499}