{"stakedao":49.3512732546385,"convex":29.294463081801602,"yearn":34.05182}