{"stakedao":46.45943712935643,"convex":13.259594636107199,"yearn":26.29676}