{"stakedao":43.14017261151696,"convex":18.901809750340803,"yearn":27.98319}