{"stakedao":40.68810935574708,"convex":17.2000033673904,"yearn":30.83775}