{"stakedao":40.69105077279859,"convex":16.4577754362816,"yearn":33.95578}