{"stakedao":38.86702319072741,"convex":17.6706838754064,"yearn":29.43448}