{"stakedao":54.49264398124442,"convex":10.490829563635199,"yearn":16.17214}