{"stakedao":43.60550069424673,"convex":12.0753360033408,"yearn":22.72018}