{"stakedao":63.8647193538318,"convex":20.3491239750288,"yearn":37.94986}