{"stakedao":53.468745555498344,"convex":14.8263793670016,"yearn":30.95609}