{"stakedao":63.40184197661513,"convex":18.619147186531197,"yearn":31.62805}