{"stakedao":53.491418858726625,"convex":10.7589919251024,"yearn":24.11686}