{"stakedao":41.050212727738206,"convex":13.2608068673328,"yearn":15.42357}