{"stakedao":47.48807378598275,"convex":11.375261581176,"yearn":30.51504}