{"stakedao":52.37429931549562,"convex":17.189062589217603,"yearn":37.85132}