{"stakedao":40.955975649359615,"convex":17.1156037566528,"yearn":30.18414}