{"stakedao":39.2521218502601,"convex":16.381497367310402,"yearn":27.95499}