{"stakedao":47.49627564234076,"convex":22.9828027182624,"yearn":50.20835}