{"stakedao":55.59736625657246,"convex":12.2539029520896,"yearn":26.02377}