{"stakedao":55.136715227833506,"convex":12.2549869579392,"yearn":25.74287}