{"stakedao":42.55022010969875,"convex":13.221147159043198,"yearn":17.81866}