{"stakedao":48.0336515284918,"convex":21.1274376363936,"yearn":42.19701}