{"stakedao":42.68870163806415,"convex":12.2168313276336,"yearn":18.08852}