{"stakedao":39.26590780683519,"convex":16.4788611627456,"yearn":29.43448}