{"stakedao":44.86189715289565,"convex":20.458801440014398,"yearn":48.07692}