{"stakedao":42.78757534229456,"convex":13.2725123146656,"yearn":17.15895}