{"stakedao":49.110896193588296,"convex":31.1653502995536,"yearn":26.98133}