{"stakedao":46.187910212482194,"convex":12.1923487703088,"yearn":22.41205}