{"stakedao":43.34233048202405,"convex":26.543563837660802,"yearn":27.46267}