{"stakedao":63.372449297654235,"convex":19.279856235355197,"yearn":47.19645}