{"stakedao":53.88714188408064,"convex":15.943229689392,"yearn":23.66912}