{"stakedao":54.582699880876234,"convex":10.4923904694912,"yearn":16.09636}