{"stakedao":44.11155226256246,"convex":19.585689159297598,"yearn":42.54185}