{"stakedao":39.81259622784337,"convex":15.544196160364798,"yearn":33.78213}