{"stakedao":46.643729818713425,"convex":22.1471603238384,"yearn":44.82494}