{"stakedao":40.616164602757706,"convex":17.083349227814402,"yearn":30.6865}