{"stakedao":64.46746961959572,"convex":17.3369726607312,"yearn":32.51893}