{"stakedao":41.21900690115001,"convex":21.730362190732798,"yearn":27.82608}