{"stakedao":44.19983076622937,"convex":22.605463932623998,"yearn":31.78941}