{"stakedao":46.16566875534902,"convex":10.618862989463999,"yearn":25.297}