{"stakedao":42.4184105096046,"convex":23.1139789461648,"yearn":29.43448}