{"stakedao":43.088800870737174,"convex":15.801272116718401,"yearn":16.77944}