{"stakedao":42.72450348329701,"convex":13.21611145272,"yearn":16.91672}