{"stakedao":45.873058554670024,"convex":8.99047114992,"yearn":27.60862}