{"stakedao":39.03548640827539,"convex":16.2983280169296,"yearn":27.95499}