{"stakedao":41.203668986443816,"convex":21.7303622348832,"yearn":27.82608}