{"stakedao":42.53813697506815,"convex":21.027444217905597,"yearn":28.92474}