{"stakedao":51.90733255671028,"convex":13.928342741136,"yearn":18.1709}