{"stakedao":51.819819112078974,"convex":24.974062412817602,"yearn":38.7478}