{"stakedao":38.646089012254485,"convex":17.6008389675264,"yearn":29.43448}