{"stakedao":63.71235762738323,"convex":17.4206954710656,"yearn":33.85036}