{"stakedao":54.95450441336258,"convex":10.5809819809536,"yearn":17.13961}