{"stakedao":46.35923539593155,"convex":28.3945333277808,"yearn":29.85038}