{"stakedao":47.65199059703131,"convex":13.0476056894928,"yearn":24.07348}