{"stakedao":37.57917744968422,"convex":14.058149966049601,"yearn":25.247}