{"stakedao":49.03049614143844,"convex":29.448103102603202,"yearn":35.1583}