{"stakedao":44.63183773837476,"convex":13.911798204979199,"yearn":19.11992}