{"stakedao":51.64442010012558,"convex":25.8295942186992,"yearn":35.00147}