{"stakedao":47.9601208406028,"convex":22.9976725382928,"yearn":29.97243}