{"stakedao":45.807176969747964,"convex":8.988505479504001,"yearn":29.05263}