{"stakedao":53.62808075401695,"convex":26.7939671043888,"yearn":29.71316}