{"stakedao":45.369695581949095,"convex":10.722497387371199,"yearn":26.23792}