{"stakedao":43.20884676995545,"convex":14.7634898185296,"yearn":17.98705}