{"stakedao":52.766130775579,"convex":24.3455783372928,"yearn":37.81983}