{"stakedao":37.60922580569204,"convex":24.3153993723696,"yearn":29.69045}