{"stakedao":48.32365178835141,"convex":22.615925496048,"yearn":34.56538}