{"stakedao":57.5520506991504,"convex":11.01321660132,"yearn":15.69262}