{"stakedao":54.029732800226185,"convex":10.5564994425504,"yearn":23.27852}