{"stakedao":62.30401047253262,"convex":17.326670048208,"yearn":34.88075}