{"stakedao":66.130958324522,"convex":21.348933154358402,"yearn":31.68482}