{"stakedao":51.738591018089664,"convex":13.867519245321603,"yearn":26.97934}