{"stakedao":37.50550436342706,"convex":15.365721817079999,"yearn":26.42021}