{"stakedao":52.24790664475435,"convex":26.7197369864112,"yearn":28.32011}