{"stakedao":47.64719557145141,"convex":22.3603276887792,"yearn":39.09962}