{"stakedao":49.15867281787856,"convex":28.0105253214768,"yearn":26.98703}