{"stakedao":43.7741480655753,"convex":26.869192344000002,"yearn":26.61642}