{"stakedao":82.83241283107617,"convex":21.093090826406403,"yearn":33.63023}