{"stakedao":40.06586482589415,"convex":13.112711383060798,"yearn":16.89112}