{"stakedao":53.311251085931836,"convex":25.4722554160416,"yearn":33.58002}