{"stakedao":42.98457572369795,"convex":14.767676427513601,"yearn":18.68639}