{"stakedao":43.44891302049889,"convex":19.5362900399088,"yearn":44.61785}