{"stakedao":51.363661825480605,"convex":25.0838304397344,"yearn":33.55873}