{"stakedao":44.49410739040597,"convex":19.6416903655152,"yearn":43.26014}