{"stakedao":47.22454105293444,"convex":10.184884967563201,"yearn":17.98996}