{"stakedao":40.3182457473587,"convex":16.1663233225392,"yearn":35.16857}