{"stakedao":56.32589758592012,"convex":11.219136678100801,"yearn":15.46442}