{"stakedao":41.440541053998125,"convex":18.085000957862402,"yearn":31.26342}