{"stakedao":49.2788455638582,"convex":29.1523466244528,"yearn":34.16093}