{"stakedao":54.116316070091656,"convex":27.8301128639328,"yearn":28.70393}