{"stakedao":45.382605616945966,"convex":20.4695610028704,"yearn":48.81248}