{"stakedao":63.3893407675353,"convex":19.0573104392928,"yearn":47.32306}