{"stakedao":39.182614151192645,"convex":16.0694011919376,"yearn":26.79239}