{"stakedao":39.24355344946913,"convex":16.4660124092688,"yearn":26.50087}