{"stakedao":48.56844597550074,"convex":10.9886285087712,"yearn":35.37354}