{"stakedao":39.44613476300364,"convex":15.6978694737216,"yearn":25.60773}