{"stakedao":44.004466761184844,"convex":14.8053909795552,"yearn":18.63216}