{"stakedao":58.24424551963014,"convex":24.3111112868448,"yearn":39.91279}