{"stakedao":43.753468211911354,"convex":23.3143754547024,"yearn":32.1475}