{"stakedao":38.77389299237667,"convex":18.092915046359998,"yearn":29.43448}