{"stakedao":48.55411929150278,"convex":29.3372603603424,"yearn":35.90675}