{"stakedao":43.99202949621197,"convex":22.502378437718402,"yearn":31.02174}