{"stakedao":52.67133930323591,"convex":28.1202372048528,"yearn":29.4714}