{"stakedao":44.16648522383478,"convex":19.5722783743824,"yearn":43.25496}