{"stakedao":42.35362865354195,"convex":12.415009130352,"yearn":17.39775}