{"stakedao":40.75981417631737,"convex":16.5259881669456,"yearn":33.74064}