{"stakedao":54.095359672002765,"convex":11.8814659362288,"yearn":27.31287}