{"stakedao":41.455726655352905,"convex":20.6898844034016,"yearn":23.63658}