{"stakedao":42.66107881589643,"convex":14.1795722699856,"yearn":17.07076}