{"stakedao":52.589292815142485,"convex":11.2943732328288,"yearn":16.87907}