{"stakedao":55.39542094851856,"convex":12.267523050897601,"yearn":26.30487}