{"stakedao":39.269953603657456,"convex":16.38275576724,"yearn":27.95499}