{"stakedao":41.04961048171027,"convex":19.7909488533168,"yearn":0}