{"stakedao":42.80776245949065,"convex":24.911751341808,"yearn":28.74757}