{"stakedao":37.61301157716463,"convex":14.1659430131232,"yearn":24.64869}