{"stakedao":37.600162298526854,"convex":14.1603590660544,"yearn":24.64869}