{"stakedao":41.045130307518896,"convex":19.8366204017376,"yearn":27.28297}