{"stakedao":62.51948370907918,"convex":19.131942073622398,"yearn":49.05331}