{"stakedao":44.99428300492727,"convex":9.0126450828288,"yearn":26.97575}