{"stakedao":46.7240558544359,"convex":32.2234493125392,"yearn":27.48833}