{"stakedao":44.541851018128554,"convex":10.6294062027456,"yearn":25.64361}