{"stakedao":43.895012881264165,"convex":26.4890344701744,"yearn":27.02492}