{"stakedao":47.613874269865875,"convex":22.822105249713598,"yearn":37.96988}