{"stakedao":45.831999572591,"convex":31.005503883575997,"yearn":41.66611}