{"stakedao":42.54590952147921,"convex":21.0943136915712,"yearn":29.5983}