{"stakedao":47.333845169827754,"convex":10.1948089683312,"yearn":18.87376}