{"stakedao":43.438465056672115,"convex":12.346149940070399,"yearn":18.66985}