{"stakedao":55.959117852356066,"convex":12.622092185433601,"yearn":25.42408}