{"stakedao":66.98814805732366,"convex":24.314751099431998,"yearn":35.22035}