{"stakedao":40.667279622508616,"convex":17.2338431604912,"yearn":30.75839}