{"stakedao":43.28654098522584,"convex":26.5449603904992,"yearn":25.92214}