{"stakedao":40.580809117882694,"convex":17.235135319708803,"yearn":31.97865}