{"stakedao":39.00011700746825,"convex":16.070571221688,"yearn":27.64107}