{"stakedao":39.213888276673345,"convex":16.0626318791616,"yearn":26.79239}