{"stakedao":41.338082307292034,"convex":14.7462962872608,"yearn":21.20383}