{"stakedao":43.31794383137289,"convex":14.876194159252801,"yearn":17.77234}