{"stakedao":42.40964993487101,"convex":20.707730559576,"yearn":30.34952}