{"stakedao":42.71854893982926,"convex":12.1857509534544,"yearn":18.5713}