{"stakedao":38.89435682202468,"convex":16.30412240688,"yearn":27.95499}