{"stakedao":41.24636111474575,"convex":20.983229386704,"yearn":24.09531}