{"stakedao":38.847382570880605,"convex":17.6013060093792,"yearn":29.43448}