{"stakedao":40.94855442362825,"convex":17.239846321915202,"yearn":31.88626}