{"stakedao":40.72617879045142,"convex":16.6874930832384,"yearn":34.95544}