{"stakedao":46.35361716213792,"convex":21.5734744160496,"yearn":42.19701}