{"stakedao":62.472521648875805,"convex":19.0307147302944,"yearn":46.8463}