{"stakedao":46.43660604526551,"convex":20.2887143072208,"yearn":44.56622}