{"stakedao":44.6175843477926,"convex":22.1254910142336,"yearn":44.32306}