{"stakedao":42.49434679211221,"convex":20.66550563736,"yearn":30.82362}