{"stakedao":52.95155808965299,"convex":14.6058717615408,"yearn":21.80339}