{"stakedao":47.72162945835693,"convex":22.394162038766396,"yearn":38.03824}