{"stakedao":44.96323004348229,"convex":9.011775310488,"yearn":26.46048}