{"stakedao":43.57254029006672,"convex":15.2768792002176,"yearn":18.57206}