{"stakedao":42.541599560233934,"convex":21.0334596152976,"yearn":29.36362}