{"stakedao":51.28648199269695,"convex":9.6013212182496,"yearn":18.16895}