{"stakedao":65.10034953720563,"convex":17.4847183287696,"yearn":31.87698}