{"stakedao":52.824036217384844,"convex":13.686273628732799,"yearn":31.86125}