{"stakedao":38.87405893467494,"convex":16.372583010504002,"yearn":27.95499}