{"stakedao":58.02455573920257,"convex":12.0753932096448,"yearn":14.38431}