{"stakedao":49.6493322903787,"convex":11.155324849848,"yearn":32.93167}