{"stakedao":45.72037388712934,"convex":8.9862402423168,"yearn":29.10565}