{"stakedao":55.29918473002539,"convex":10.533787899681599,"yearn":16.36193}