{"stakedao":40.765327499468604,"convex":20.855585165572798,"yearn":27.20404}