{"stakedao":64.93498833269814,"convex":18.7415133976368,"yearn":41.9898}