{"stakedao":65.02272540496102,"convex":18.7415133976368,"yearn":41.90812}