{"stakedao":47.048118843948075,"convex":13.2601604613264,"yearn":25.77015}