{"stakedao":57.55691610539029,"convex":11.0330649213696,"yearn":16.85373}