{"stakedao":55.631700856079725,"convex":12.2539029520896,"yearn":26.00101}