{"stakedao":46.6165362387255,"convex":13.260103614532799,"yearn":25.80768}