{"stakedao":38.62723124244831,"convex":16.4753176232592,"yearn":29.43448}