{"stakedao":52.75528452824162,"convex":11.2923292049136,"yearn":16.22588}