{"stakedao":47.53067299315201,"convex":22.826289922387197,"yearn":37.93389}