{"stakedao":46.76420418196926,"convex":12.201528931444798,"yearn":23.78283}