{"stakedao":28.922236404716525,"convex":15.726242851271998,"yearn":23.7548}