{"stakedao":44.487438205803194,"convex":22.6586917305504,"yearn":49.97062}