{"stakedao":41.19092105883341,"convex":21.039301520539198,"yearn":23.75308}