{"stakedao":43.879232081195376,"convex":19.6145167214736,"yearn":41.44584}