{"stakedao":41.29720322415428,"convex":20.664988888464,"yearn":23.13999}