{"stakedao":43.07463543011842,"convex":16.4582959285008,"yearn":18.32643}