{"stakedao":47.86150553826141,"convex":22.4057848050144,"yearn":37.92103}