{"stakedao":46.257121485959466,"convex":28.3784887696752,"yearn":28.66505}