{"stakedao":55.64506335871894,"convex":11.406424485067202,"yearn":14.91591}