{"stakedao":43.41811119239888,"convex":25.1306720273664,"yearn":26.49513}