{"stakedao":42.54678668779138,"convex":16.4581770819312,"yearn":18.08966}