{"stakedao":44.36029746827388,"convex":22.605780579292798,"yearn":48.9733}