{"stakedao":41.271774173377636,"convex":21.6960154185888,"yearn":26.17899}