{"stakedao":41.8132123007156,"convex":20.690938018007998,"yearn":25.29688}