{"stakedao":38.94070761310978,"convex":18.0968499381456,"yearn":29.43448}