{"stakedao":44.29442677140412,"convex":23.1630498956304,"yearn":35.32391}