{"stakedao":41.99482406580464,"convex":15.2839265091408,"yearn":19.73699}