{"stakedao":53.783032053911256,"convex":13.848840828878402,"yearn":19.19981}