{"stakedao":39.51142363775029,"convex":15.701690848521599,"yearn":32.75056}