{"stakedao":37.617424613029634,"convex":15.334901936568002,"yearn":27.88743}