{"stakedao":42.31606984420657,"convex":24.716739274142398,"yearn":29.43448}