{"stakedao":47.37524050823181,"convex":19.8053080613568,"yearn":26.60854}