{"stakedao":53.68066703030172,"convex":10.7627821423344,"yearn":24.36482}