{"stakedao":43.40127397186056,"convex":23.663334861489602,"yearn":30.97517}