{"stakedao":48.44889997440872,"convex":11.1610172807568,"yearn":32.42492}