{"stakedao":44.62111323025617,"convex":22.102912796112,"yearn":44.93126}