{"stakedao":42.60771721074136,"convex":12.2047386907536,"yearn":18.13853}