{"stakedao":39.26932520267799,"convex":16.457884746364797,"yearn":26.45148}