{"stakedao":51.64712560282442,"convex":13.8093413550048,"yearn":27.9006}