{"stakedao":42.59908225796829,"convex":20.6922175849008,"yearn":31.72047}