{"stakedao":63.11127355568451,"convex":20.1839373600336,"yearn":45.44194}