{"stakedao":39.44238795744037,"convex":15.567730956820801,"yearn":30.79709}