{"stakedao":55.33451536816493,"convex":11.819031395471999,"yearn":17.27629}