{"stakedao":65.59512300411072,"convex":19.6364955064608,"yearn":39.84505}