{"stakedao":41.32346203827273,"convex":20.6552301457968,"yearn":24.26936}