{"stakedao":45.17919422757251,"convex":23.1639852533904,"yearn":31.6042}