{"stakedao":54.56007849392614,"convex":10.618385439816,"yearn":15.30379}