{"stakedao":38.675398956998315,"convex":16.4215227765168,"yearn":27.95499}