{"stakedao":47.90262084193954,"convex":11.0596512042576,"yearn":19.94891}