{"stakedao":53.212258480903316,"convex":13.738598390145599,"yearn":27.88764}