{"stakedao":65.5139890519801,"convex":20.3857437359088,"yearn":42.42153}