{"stakedao":44.60212269595611,"convex":22.1030175208608,"yearn":45.28326}