{"stakedao":45.35621213015745,"convex":22.9388241106224,"yearn":33.78499}