{"stakedao":42.821037717030386,"convex":13.1880335548752,"yearn":16.51923}