{"stakedao":55.108039028367784,"convex":12.283384283928001,"yearn":25.09974}