{"stakedao":40.65490186396244,"convex":17.2338431604912,"yearn":30.75839}