{"stakedao":54.367320373657535,"convex":10.7899414911072,"yearn":23.61346}