{"stakedao":41.09523861145324,"convex":14.805191400825601,"yearn":21.12097}