{"stakedao":55.20546086612201,"convex":9.8096144894064,"yearn":20.3416}