{"stakedao":38.94133665478305,"convex":16.476559410024002,"yearn":29.43448}