{"stakedao":46.65487060124113,"convex":10.06887975372,"yearn":19.08271}