{"stakedao":51.4898926543506,"convex":22.862680321939198,"yearn":34.56538}