{"stakedao":40.65416005958437,"convex":19.128197416449602,"yearn":28.76108}