{"stakedao":53.285966088781095,"convex":14.200041231129601,"yearn":22.78054}