{"stakedao":41.725503207844035,"convex":13.1760602533728,"yearn":15.81671}