{"stakedao":54.92278455424753,"convex":10.5809819809536,"yearn":17.13961}