{"stakedao":53.07481795481231,"convex":13.7326239800928,"yearn":27.75712}