{"stakedao":42.43042561426596,"convex":13.1892490374624,"yearn":16.86146}