{"stakedao":39.029589363341785,"convex":15.964197190545601,"yearn":27.27203}