{"stakedao":44.17209844546511,"convex":22.5242135919936,"yearn":30.86713}