{"stakedao":49.11208522135691,"convex":16.8161447439648,"yearn":19.9249}