{"stakedao":42.80673114193648,"convex":16.458662537654398,"yearn":18.18795}