{"stakedao":54.17173375567896,"convex":11.7216386626032,"yearn":16.60017}