{"stakedao":45.484415577417735,"convex":20.183990356281598,"yearn":42.33611}