{"stakedao":38.940897732098264,"convex":16.3722573130032,"yearn":27.95499}