{"stakedao":27.89774003233785,"convex":13.685850910728,"yearn":23.66499}