{"stakedao":44.91286650577178,"convex":22.6601177096304,"yearn":48.48693}