{"stakedao":48.13234149345733,"convex":17.3998845366912,"yearn":18.98944}