{"stakedao":64.45046149393211,"convex":17.4065534136144,"yearn":34.55751}