{"stakedao":49.51769823063119,"convex":22.8938859098064,"yearn":34.37595}