{"stakedao":43.16526151761667,"convex":14.813085000384,"yearn":18.90399}