{"stakedao":45.285090776164736,"convex":20.470535348587198,"yearn":48.61843}