{"stakedao":42.52829090600267,"convex":21.027444217905597,"yearn":28.92474}