{"stakedao":46.384388079767234,"convex":12.1923487703088,"yearn":22.64986}