{"stakedao":43.31057855704536,"convex":19.5615745482528,"yearn":43.52489}