{"stakedao":42.612132424686436,"convex":15.3133532647776,"yearn":14.71452}