{"stakedao":47.64410814253209,"convex":31.344635569003202,"yearn":29.30312}