{"stakedao":39.43047276574541,"convex":15.728140262016,"yearn":32.81979}