{"stakedao":40.81944099829975,"convex":16.526589794985604,"yearn":33.69805}