{"stakedao":45.216235818589396,"convex":20.4686661436416,"yearn":48.0363}