{"stakedao":40.80025633204983,"convex":20.857910049950398,"yearn":26.8645}