{"stakedao":55.82853846517419,"convex":11.3132699950752,"yearn":15.91725}