{"stakedao":56.18389670249377,"convex":11.0117317476816,"yearn":15.98221}