{"stakedao":45.75953665720975,"convex":31.0825882019232,"yearn":48.53294}