{"stakedao":52.699186680975444,"convex":15.022945752652799,"yearn":30.95609}