{"stakedao":41.18009636304727,"convex":14.73730402392,"yearn":20.53964}