{"stakedao":50.95114201169856,"convex":10.9864029470256,"yearn":17.25661}