{"stakedao":50.67298176795425,"convex":9.5717403556416,"yearn":17.7968}