{"stakedao":45.417581470379005,"convex":20.516290120512004,"yearn":44.50103}