{"stakedao":66.62042724394288,"convex":19.593817843968,"yearn":41.55229}