{"stakedao":46.75474056395557,"convex":13.2595955380368,"yearn":26.44754}