{"stakedao":52.13228004761007,"convex":13.927078141228797,"yearn":18.1709}