{"stakedao":52.63012239842285,"convex":11.2788422984016,"yearn":16.75489}