{"stakedao":54.27880967598813,"convex":11.3454789922368,"yearn":22.00219}