{"stakedao":46.91987370975963,"convex":32.4129951065664,"yearn":26.86626}