{"stakedao":46.363476507548086,"convex":21.4972763791392,"yearn":42.19701}