{"stakedao":57.6155755955121,"convex":24.3446683060944,"yearn":38.94687}