{"stakedao":74.5190105431059,"convex":20.309793376435202,"yearn":0}