{"stakedao":52.661143839737335,"convex":26.7438302601984,"yearn":27.83092}