{"stakedao":38.59819200018695,"convex":16.475937466492798,"yearn":29.43448}