{"stakedao":53.49036961503841,"convex":26.715061027007998,"yearn":29.94145}