{"stakedao":53.82184907983927,"convex":26.7752144238192,"yearn":29.75882}