{"stakedao":53.37430987934927,"convex":24.3501627508416,"yearn":37.52243}