{"stakedao":54.04196445128732,"convex":12.353678374824,"yearn":16.3547}