{"stakedao":44.0358151414225,"convex":22.497260554886402,"yearn":31.64064}