{"stakedao":40.970923749929625,"convex":20.9142650459376,"yearn":25.7955}