{"stakedao":53.65870166561132,"convex":9.7152833754864,"yearn":19.38419}