{"stakedao":44.23452492505335,"convex":23.8653559849104,"yearn":34.59427}