{"stakedao":41.37885092647219,"convex":17.531376386342398,"yearn":34.05598}