{"stakedao":56.48291327631862,"convex":30.946377617438397,"yearn":43.90979}