{"stakedao":57.99101301220125,"convex":12.08626850016,"yearn":14.12878}