{"stakedao":44.602198763749314,"convex":22.662971777548798,"yearn":46.73513}