{"stakedao":48.80769168163735,"convex":21.8323974737664,"yearn":38.96946}