{"stakedao":41.02185671469063,"convex":13.765947197745598,"yearn":16.40924}