{"stakedao":42.57077534741037,"convex":12.131397121651197,"yearn":21.39601}