{"stakedao":37.277502327907754,"convex":26.2389623913648,"yearn":29.44219}