{"stakedao":39.525392978740086,"convex":14.791444309699202,"yearn":21.66633}