{"stakedao":39.93517097854257,"convex":13.204687079448,"yearn":18.55874}