{"stakedao":52.11818300687422,"convex":13.927051231559997,"yearn":18.14558}