{"stakedao":44.04670681963232,"convex":12.355659917308799,"yearn":18.30808}