{"stakedao":43.27305647338955,"convex":25.133007911500798,"yearn":28.58479}