{"stakedao":39.121077047195726,"convex":16.3669383282528,"yearn":26.89144}