{"stakedao":44.44487584533932,"convex":19.5454218878928,"yearn":42.9815}