{"stakedao":39.43067075574849,"convex":16.8944645544912,"yearn":26.44965}