{"stakedao":38.76201870561982,"convex":16.423233781118398,"yearn":29.43448}