{"stakedao":40.33678524860515,"convex":18.8961788367072,"yearn":27.5712}