{"stakedao":47.479269700562334,"convex":11.466690121656,"yearn":34.07108}