{"stakedao":54.029667557622865,"convex":11.7334455360192,"yearn":27.79206}