{"stakedao":53.16837374238713,"convex":24.2328678817392,"yearn":37.21654}