{"stakedao":43.07371304481879,"convex":14.767676427513601,"yearn":18.68639}