{"stakedao":52.5665729506197,"convex":24.337440147672,"yearn":37.6861}