{"stakedao":44.070853515651734,"convex":19.5631656435216,"yearn":42.57653}