{"stakedao":42.210374632304024,"convex":22.983146779176,"yearn":29.43448}