{"stakedao":44.70634889291662,"convex":22.6120762812672,"yearn":45.85888}