{"stakedao":49.06057746421482,"convex":29.322316017590403,"yearn":33.98458}