{"stakedao":54.77283302504257,"convex":26.812881299736002,"yearn":29.25688}