{"stakedao":47.37241713775716,"convex":22.9815088529472,"yearn":38.79658}