{"stakedao":43.64883591141055,"convex":26.8697035614816,"yearn":26.53348}