{"stakedao":45.84173191183791,"convex":32.2994651533632,"yearn":26.90704}