{"stakedao":37.37248208688007,"convex":25.624538231472002,"yearn":29.6012}