{"stakedao":39.004725584213936,"convex":18.116741834640003,"yearn":29.43448}