{"stakedao":41.44633241890382,"convex":13.2689276112384,"yearn":15.05502}