{"stakedao":51.84159993360136,"convex":22.7913750008208,"yearn":34.56538}