{"stakedao":41.27802003312397,"convex":14.009737920307202,"yearn":21.35799}