{"stakedao":42.35758120783625,"convex":13.1892903559296,"yearn":16.51586}