{"stakedao":53.046848295450275,"convex":24.235641315259198,"yearn":37.95762}