{"stakedao":48.218399459414584,"convex":27.936895705704,"yearn":26.93283}