{"stakedao":28.96360527731047,"convex":15.8528181502224,"yearn":25.81229}