{"stakedao":40.98804454435512,"convex":20.909094971025603,"yearn":25.77037}