{"stakedao":41.50700991346799,"convex":20.6934303522384,"yearn":28.97846}