{"stakedao":39.29798883946911,"convex":16.0629523637616,"yearn":26.79239}