{"stakedao":66.46907363153164,"convex":21.375520629307204,"yearn":31.68482}