{"stakedao":44.6065216813456,"convex":22.6113302151936,"yearn":45.5967}