{"stakedao":47.610748419769656,"convex":22.822105249713598,"yearn":37.96988}