{"stakedao":42.40568434261466,"convex":15.2841937294368,"yearn":19.82571}