{"stakedao":43.14224638064974,"convex":13.262040199295999,"yearn":18.25344}