{"stakedao":47.576398901029776,"convex":21.1234359734352,"yearn":42.19701}