{"stakedao":41.375528451429496,"convex":20.627605063915198,"yearn":24.19908}