{"stakedao":43.77951331696662,"convex":27.3997253228544,"yearn":26.20281}