{"stakedao":37.47478147968313,"convex":15.365721817079999,"yearn":26.31747}