{"stakedao":54.71259600233632,"convex":11.2462658847648,"yearn":21.73256}