{"stakedao":44.86720932015831,"convex":20.4841418837616,"yearn":47.80775}