{"stakedao":40.59562907415385,"convex":19.106722264536,"yearn":28.76108}