{"stakedao":43.34349696761,"convex":23.664567938011196,"yearn":30.86059}