{"stakedao":45.706113249200996,"convex":23.2809250208256,"yearn":32.2306}