{"stakedao":47.55416338485735,"convex":13.0476056894928,"yearn":24.07348}