{"stakedao":68.8841610267065,"convex":23.532263065051197,"yearn":36.18087}