{"stakedao":62.36136897031976,"convex":20.184050757182398,"yearn":44.42883}