{"stakedao":53.738140427554825,"convex":26.7957451166832,"yearn":29.62184}