{"stakedao":47.95955323633137,"convex":29.219852463062402,"yearn":36.6413}