{"stakedao":53.771490031122234,"convex":13.798872339624001,"yearn":19.71323}