{"stakedao":52.14458831442901,"convex":14.8029626917872,"yearn":30.95609}