{"stakedao":51.75436324967165,"convex":13.704136357075202,"yearn":19.9368}