{"stakedao":71.48055560369679,"convex":21.192879207283198,"yearn":31.73428}