{"stakedao":45.60785207902449,"convex":22.0148732371824,"yearn":41.60176}