{"stakedao":43.74990054155777,"convex":14.8008441474576,"yearn":18.58204}