{"stakedao":48.076890014307565,"convex":11.1575981634048,"yearn":33.31668}