{"stakedao":51.944157528456756,"convex":10.967237731425598,"yearn":17.25686}