{"stakedao":42.99648664832012,"convex":16.445639749608,"yearn":18.78596}