{"stakedao":52.302118674796674,"convex":22.857141458736002,"yearn":34.56538}