{"stakedao":37.65600323834683,"convex":14.106676329791998,"yearn":25.27435}