{"stakedao":41.54087884517411,"convex":17.5221414724032,"yearn":32.40761}