{"stakedao":53.70599114314501,"convex":15.943801897497599,"yearn":23.6177}