{"stakedao":43.22930059693165,"convex":13.7253000846816,"yearn":17.45311}