{"stakedao":46.68122907728917,"convex":20.2874377330944,"yearn":41.25986}