{"stakedao":37.36618867280126,"convex":15.4041326398512,"yearn":28.27307}