{"stakedao":63.08880324342895,"convex":18.53747236188,"yearn":30.01492}