{"stakedao":63.48705555363688,"convex":18.622225866456,"yearn":43.244}