{"stakedao":52.89897854047109,"convex":11.291441034470399,"yearn":16.61663}