{"stakedao":37.48247871200455,"convex":15.415250921553598,"yearn":29.19333}