{"stakedao":52.8411223790513,"convex":24.3278247676608,"yearn":0}