{"stakedao":65.05142601149642,"convex":19.0167613653456,"yearn":41.94741}