{"stakedao":39.379657652783735,"convex":15.7737250990512,"yearn":26.79239}