{"stakedao":44.224349453302544,"convex":23.771557933459203,"yearn":33.86499}