{"stakedao":44.724713774505524,"convex":22.6994925437712,"yearn":47.34843}