{"stakedao":42.57196697716008,"convex":21.5356606076016,"yearn":26.39326}