{"stakedao":40.428408614524116,"convex":18.8784865762128,"yearn":29.24838}