{"stakedao":38.6235743757641,"convex":16.4775229861968,"yearn":29.43448}