{"stakedao":64.88746098914032,"convex":18.6538950051408,"yearn":43.53801}