{"stakedao":43.987694402010824,"convex":23.3126901677088,"yearn":28.6896}