{"stakedao":55.8940070099668,"convex":10.427552778312,"yearn":15.80583}