{"stakedao":49.52750385891693,"convex":17.4942489242448,"yearn":18.44859}