{"stakedao":39.29359590496863,"convex":16.3837556192736,"yearn":27.95499}