{"stakedao":58.25496479317414,"convex":24.3465414971904,"yearn":37.98396}