{"stakedao":49.695814626413224,"convex":29.2946798444976,"yearn":33.90236}