{"stakedao":55.2539135740937,"convex":10.440902045951999,"yearn":13.94635}