{"stakedao":54.60514012473771,"convex":10.3438407595968,"yearn":15.90061}