{"stakedao":37.60801329930713,"convex":24.3152765081136,"yearn":29.65384}