{"stakedao":37.50657510528413,"convex":24.44966858808,"yearn":29.125}