{"stakedao":40.98687212775145,"convex":17.2399161930768,"yearn":31.88626}