{"stakedao":66.00500906347442,"convex":19.5537620372112,"yearn":40.68387}