{"stakedao":42.422150414488556,"convex":21.0246340323312,"yearn":29.48042}