{"stakedao":53.83471239395444,"convex":11.401150171060799,"yearn":16.39703}