{"stakedao":51.9002627628858,"convex":13.763458663603203,"yearn":27.9006}