{"stakedao":63.425043538386305,"convex":19.5727743473616,"yearn":42.26803}