{"stakedao":55.37925999542894,"convex":11.349578662776,"yearn":22.60339}