{"stakedao":57.9209210170286,"convex":12.518825894639999,"yearn":14.04898}