{"stakedao":49.31146810520447,"convex":22.456544012164798,"yearn":34.56538}