{"stakedao":44.03940939457854,"convex":23.7268632220992,"yearn":32.97323}