{"stakedao":52.06533150187559,"convex":25.5834048868992,"yearn":34.27355}