{"stakedao":40.76373121437797,"convex":13.266174543667201,"yearn":15.73979}