{"stakedao":41.552764286963146,"convex":13.8545202669552,"yearn":15.43413}