{"stakedao":56.470457438192184,"convex":31.0405157215776,"yearn":47.11432}