{"stakedao":40.522072100337645,"convex":17.235135319708803,"yearn":32.02365}