{"stakedao":51.16242453991143,"convex":13.864019976071999,"yearn":26.87601}