{"stakedao":39.79412564537444,"convex":15.5447435780208,"yearn":33.96444}