{"stakedao":48.11617679059255,"convex":11.0078184675168,"yearn":34.6457}