{"stakedao":58.0046470843362,"convex":12.194290839182399,"yearn":14.67068}