{"stakedao":42.85500352204957,"convex":13.2295901945616,"yearn":16.27574}