{"stakedao":67.16526421553033,"convex":24.312994367630402,"yearn":35.22035}