{"stakedao":44.327131388740696,"convex":23.160894618168,"yearn":35.37623}