{"stakedao":38.734285934187845,"convex":16.469189809488,"yearn":29.43448}