{"stakedao":55.64284011800057,"convex":11.011503398659201,"yearn":15.69108}