{"stakedao":53.826048777555805,"convex":13.802373289742402,"yearn":19.3501}