{"stakedao":40.27959776842074,"convex":18.8990297352576,"yearn":27.3362}