{"stakedao":45.74873960986565,"convex":23.3472514918752,"yearn":32.73871}