{"stakedao":53.19725213612476,"convex":25.755069980217602,"yearn":33.28099}