{"stakedao":44.47671080572075,"convex":12.072000207254401,"yearn":23.26877}