{"stakedao":39.97803313280283,"convex":13.059453878222401,"yearn":16.78019}