{"stakedao":40.633798854206255,"convex":19.106473697784004,"yearn":28.76108}