{"stakedao":39.188999604418115,"convex":17.662294747526403,"yearn":29.43448}