{"stakedao":43.310754891953415,"convex":14.7634898185296,"yearn":17.98705}