{"stakedao":45.62945889673589,"convex":22.9509637676784,"yearn":33.37392}