{"stakedao":40.29580961121539,"convex":16.241616288863998,"yearn":34.7296}