{"stakedao":42.68658896076461,"convex":24.932017873367997,"yearn":27.03707}