{"stakedao":41.055366915864276,"convex":15.1195754940768,"yearn":20.2723}