{"stakedao":42.67676448604955,"convex":12.385401269774398,"yearn":21.39601}