{"stakedao":63.19303775067607,"convex":19.7250773868288,"yearn":42.05587}