{"stakedao":68.77315830805438,"convex":23.4745752536352,"yearn":36.18087}