{"stakedao":48.33519457014606,"convex":28.0192620423024,"yearn":27.13655}