{"stakedao":45.217624220446965,"convex":20.4590879035776,"yearn":48.42437}