{"stakedao":50.46933036276293,"convex":12.171276121824,"yearn":25.32795}