{"stakedao":42.32119192259813,"convex":13.7943996076656,"yearn":16.2806}