{"stakedao":66.80263791372306,"convex":20.468474117784,"yearn":44.94292}