{"stakedao":42.219191300268605,"convex":16.4388965581008,"yearn":19.00882}