{"stakedao":56.90944276819728,"convex":11.0342659951584,"yearn":16.46598}