{"stakedao":64.00206884122107,"convex":17.333242071768,"yearn":33.85036}