{"stakedao":45.37670589189585,"convex":22.07721641184,"yearn":40.45004}