{"stakedao":44.59903748145412,"convex":13.9097865298464,"yearn":19.05445}