{"stakedao":55.640894324969324,"convex":11.011503398659201,"yearn":15.71723}