{"stakedao":39.1882987036506,"convex":16.4724948012096,"yearn":26.54692}