{"stakedao":46.12202458324801,"convex":20.1493402362,"yearn":42.2537}