{"stakedao":41.41174052999552,"convex":20.6843999145696,"yearn":23.92653}