{"stakedao":38.67976114924388,"convex":16.475937466492798,"yearn":29.43448}