{"stakedao":42.77183512561078,"convex":12.2165296227216,"yearn":18.08852}