{"stakedao":54.86832376568297,"convex":10.439527202495999,"yearn":15.36831}