{"stakedao":40.42518312642035,"convex":16.2309701736144,"yearn":34.32783}