{"stakedao":49.35775476336369,"convex":22.954782559679998,"yearn":32.91643}