{"stakedao":45.8572472588274,"convex":14.3287182089568,"yearn":18.47641}