{"stakedao":54.7898374331579,"convex":10.3438449791136,"yearn":15.85307}