{"stakedao":44.59186619612253,"convex":22.6562094941472,"yearn":47.16003}