{"stakedao":49.22797233830612,"convex":27.799468705166397,"yearn":27.54158}