{"stakedao":44.14054703794214,"convex":19.5634518642576,"yearn":42.69794}