{"stakedao":45.51576313709555,"convex":21.814006981003203,"yearn":39.46558}