{"stakedao":38.943876378158244,"convex":16.3042864350768,"yearn":27.95499}