{"stakedao":53.54095452483413,"convex":26.904085909387202,"yearn":29.24165}