{"stakedao":43.217271035260495,"convex":25.1212543181568,"yearn":31.00334}