{"stakedao":54.1152843615969,"convex":10.7900184610224,"yearn":23.64141}