{"stakedao":44.99987554780218,"convex":21.7303606297008,"yearn":50.20835}