{"stakedao":47.29127885979814,"convex":21.118580760254403,"yearn":42.19701}