{"stakedao":37.57447653427218,"convex":14.0878484453232,"yearn":26.40624}