{"stakedao":52.876415950388804,"convex":27.01624613112,"yearn":28.3312}