{"stakedao":40.431215796321595,"convex":15.1305218856576,"yearn":20.54605}