{"stakedao":38.682019641503615,"convex":16.4210234670288,"yearn":27.95499}