{"stakedao":49.132343170255695,"convex":29.1261407855616,"yearn":34.60954}