{"stakedao":42.38093394081486,"convex":23.277566767953598,"yearn":29.43448}