{"stakedao":38.683316608623414,"convex":16.4088606089376,"yearn":27.95499}