{"stakedao":39.14348446005292,"convex":16.390132542216,"yearn":27.84859}