{"stakedao":46.523586866496984,"convex":21.575307808713603,"yearn":42.19701}