{"stakedao":44.689181866001235,"convex":22.1272648763904,"yearn":46.95484}