{"stakedao":46.027009229674846,"convex":12.2341655409984,"yearn":24.45829}