{"stakedao":39.58214255919834,"convex":15.467557224945601,"yearn":25.60773}