{"stakedao":49.377328395577884,"convex":21.7890589523184,"yearn":38.63608}