{"stakedao":46.87532657839885,"convex":26.0599752506448,"yearn":28.88064}