{"stakedao":39.12156301105163,"convex":16.3666760748768,"yearn":26.67901}