{"stakedao":37.523459633669596,"convex":24.315383916575996,"yearn":29.45296}