{"stakedao":46.781614923314784,"convex":32.3931101069952,"yearn":27.01037}