{"stakedao":42.22564376381886,"convex":22.983146779176,"yearn":29.43448}