{"stakedao":52.72133096994942,"convex":11.2925842901568,"yearn":16.05709}