{"stakedao":49.13818061348581,"convex":22.4066593739808,"yearn":34.56538}