{"stakedao":52.236880200791575,"convex":13.8866208212736,"yearn":27.08275}