{"stakedao":42.431985927845304,"convex":21.035531587262398,"yearn":33.61922}