{"stakedao":46.17136639113306,"convex":13.2610116242736,"yearn":26.14641}