{"stakedao":43.55797458293984,"convex":12.073749565939199,"yearn":22.72018}