{"stakedao":43.86789989730964,"convex":27.433976127796797,"yearn":26.42305}