{"stakedao":43.685164877579396,"convex":14.872243272408,"yearn":18.27387}