{"stakedao":51.712251789221874,"convex":12.190276672200001,"yearn":25.58549}