{"stakedao":44.847346360728395,"convex":9.0134018963712,"yearn":26.12301}