{"stakedao":56.20564703780485,"convex":11.4063467803632,"yearn":15.00456}