{"stakedao":41.5048968529805,"convex":20.699793680011204,"yearn":29.7156}