{"stakedao":54.091462175313644,"convex":12.353386102329598,"yearn":16.3547}