{"stakedao":48.46230836683472,"convex":29.3355987095808,"yearn":36.2484}