{"stakedao":62.994702184823694,"convex":20.533145109667203,"yearn":42.44594}