{"stakedao":45.14386745507436,"convex":21.7303606297008,"yearn":50.20835}