{"stakedao":52.899340049898846,"convex":24.351502128912,"yearn":37.3436}