{"stakedao":53.58632655059089,"convex":14.6176227626256,"yearn":21.96737}