{"stakedao":47.4548813678921,"convex":11.3898152464992,"yearn":30.28689}