{"stakedao":43.3461165269881,"convex":25.133007911500798,"yearn":28.58479}