{"stakedao":28.945329813331746,"convex":15.7259926257264,"yearn":23.79209}