{"stakedao":55.26777736200404,"convex":10.428180064041602,"yearn":16.05738}