{"stakedao":52.164114105415,"convex":9.6006628285632,"yearn":19.07812}