{"stakedao":40.74043997701931,"convex":17.0621484958656,"yearn":31.26033}