{"stakedao":54.75105128353468,"convex":10.4390520527376,"yearn":15.43231}