{"stakedao":42.09197141777667,"convex":15.345060606172801,"yearn":14.94948}