{"stakedao":39.37032779279025,"convex":15.7310277959376,"yearn":25.2519}