{"stakedao":52.17996625673021,"convex":25.6408623846,"yearn":34.18604}