{"stakedao":44.98093136008016,"convex":21.7209361402512,"yearn":50.20835}