{"stakedao":57.92472514605943,"convex":12.195935094686398,"yearn":14.7904}