{"stakedao":56.187949573995525,"convex":11.011233601872,"yearn":15.98221}