{"stakedao":65.19078060173132,"convex":18.741522653452797,"yearn":42.07122}