{"stakedao":51.520774758653175,"convex":25.470408106540802,"yearn":29.17628}