{"stakedao":55.329583321516665,"convex":12.267580730241601,"yearn":26.29679}