{"stakedao":47.05763824354166,"convex":13.2403098076128,"yearn":26.66259}