{"stakedao":44.52571927217359,"convex":22.6584587205072,"yearn":49.2725}