{"stakedao":51.43453614884024,"convex":22.862574354672,"yearn":34.56538}