{"stakedao":47.9598252159859,"convex":29.22594282468,"yearn":36.57876}