{"stakedao":43.17004589578204,"convex":22.1901671023344,"yearn":28.1515}