{"stakedao":45.4717874283758,"convex":14.299945462655998,"yearn":18.47641}