{"stakedao":51.28269635337021,"convex":25.3800027515808,"yearn":29.9915}