{"stakedao":52.72709984922363,"convex":13.5926061993936,"yearn":31.99229}