{"stakedao":37.521863115896906,"convex":14.070953112163199,"yearn":25.55477}