{"stakedao":28.93722156277113,"convex":15.726110050022399,"yearn":23.79209}