{"stakedao":56.375466096086704,"convex":11.015215267852803,"yearn":16.14366}