{"stakedao":67.29583126058273,"convex":21.375818985095997,"yearn":31.68482}