{"stakedao":45.22900192892041,"convex":12.2288812426944,"yearn":24.59226}