{"stakedao":45.358028652222416,"convex":23.184715297924797,"yearn":31.41524}