{"stakedao":53.91744516353374,"convex":12.3465196902096,"yearn":16.28131}