{"stakedao":47.96075857878883,"convex":13.092986252088,"yearn":24.01432}