{"stakedao":46.0461411747804,"convex":28.3800592593216,"yearn":29.33141}