{"stakedao":64.1560628998484,"convex":12.688076093529597,"yearn":46.68695}