{"stakedao":43.400535012950456,"convex":12.074296696617601,"yearn":22.47568}