{"stakedao":43.963839856603336,"convex":12.3747789169008,"yearn":19.82012}