{"stakedao":42.16916250632498,"convex":13.1886734392368,"yearn":17.40319}