{"stakedao":65.72187508194088,"convex":19.597760521992,"yearn":41.55229}