{"stakedao":43.888672506259034,"convex":12.0748324774896,"yearn":23.09618}