{"stakedao":76.46388248254502,"convex":20.986164382305603,"yearn":33.63023}