{"stakedao":41.10159838669632,"convex":20.9833139221056,"yearn":24.23516}