{"stakedao":44.51178722422883,"convex":22.65833990232,"yearn":49.01037}