{"stakedao":47.602884538831404,"convex":22.821632998113603,"yearn":0}