{"stakedao":73.22463911898737,"convex":20.316961581768002,"yearn":32.51147}