{"stakedao":40.99776442501657,"convex":20.8437487113888,"yearn":26.4946}