{"stakedao":40.7690248993291,"convex":17.217644949532797,"yearn":30.43116}