{"stakedao":72.71512600576736,"convex":20.3443627012848,"yearn":32.51147}