{"stakedao":47.73626039203334,"convex":10.6431621586416,"yearn":20.13012}