{"stakedao":43.071795257144984,"convex":13.7253085773264,"yearn":17.32212}