{"stakedao":42.252863973236096,"convex":22.816542485376,"yearn":29.43448}