{"stakedao":39.25433645151366,"convex":16.3829355161328,"yearn":27.95499}