{"stakedao":41.13089744243457,"convex":21.7293535306944,"yearn":27.8876}