{"stakedao":41.4741622144627,"convex":20.694940598663997,"yearn":25.52713}