{"stakedao":47.56261672308782,"convex":22.3752071525184,"yearn":38.71779}