{"stakedao":55.59682955415388,"convex":12.3799479921216,"yearn":16.45086}