{"stakedao":68.09424992330136,"convex":23.6124832128624,"yearn":36.18087}