{"stakedao":39.48324654435045,"convex":15.5674434368016,"yearn":33.30339}