{"stakedao":45.510465084654754,"convex":22.077030021465603,"yearn":40.63722}