{"stakedao":57.340752357963545,"convex":11.0324527855344,"yearn":16.60425}