{"stakedao":47.32317941760563,"convex":10.179138830846401,"yearn":18.45925}