{"stakedao":48.101717150089186,"convex":11.0597040964368,"yearn":19.79849}