{"stakedao":44.22209664926878,"convex":23.7840030072144,"yearn":32.49291}