{"stakedao":45.91601480406817,"convex":20.0727979428528,"yearn":43.29219}