{"stakedao":46.88182702194546,"convex":10.165339178668798,"yearn":19.05876}