{"stakedao":39.07845604240341,"convex":18.0350709330672,"yearn":29.43448}