{"stakedao":47.33732963710935,"convex":19.811592025632002,"yearn":26.67347}