{"stakedao":51.732647572657925,"convex":13.848874452561603,"yearn":26.94184}