{"stakedao":43.329824829300506,"convex":13.2724415541888,"yearn":17.05582}