{"stakedao":39.30844038659748,"convex":15.7193846322048,"yearn":26.79239}