{"stakedao":47.69715383082667,"convex":22.4057848050144,"yearn":38.03143}