{"stakedao":46.78185101028445,"convex":32.3454426609024,"yearn":27.22327}