{"stakedao":49.292602099656705,"convex":22.8949564781664,"yearn":32.66672}