{"stakedao":52.48756748641455,"convex":24.3377556779664,"yearn":37.50744}