{"stakedao":52.54468167803314,"convex":10.9683707252976,"yearn":17.42251}