{"stakedao":48.20128904820157,"convex":12.7001956495392,"yearn":23.47836}