{"stakedao":48.95129914972645,"convex":11.070563294131201,"yearn":19.18649}