{"stakedao":65.31570929126048,"convex":18.563105778220798,"yearn":30.01492}