{"stakedao":55.58985814063202,"convex":11.3498377278624,"yearn":22.69781}