{"stakedao":45.62001165166115,"convex":10.7247765224736,"yearn":26.46029}