{"stakedao":51.77205987782991,"convex":13.9101995568384,"yearn":26.9121}