{"stakedao":63.034702275632114,"convex":20.2636194500736,"yearn":43.15719}