{"stakedao":47.99287684595463,"convex":11.374974956779202,"yearn":30.97966}