{"stakedao":62.59954237721706,"convex":19.1337855041952,"yearn":50.32315}