{"stakedao":42.37927309039769,"convex":14.199309274262399,"yearn":17.42512}