{"stakedao":64.59974194107284,"convex":20.415373964971202,"yearn":37.94986}