{"stakedao":54.5314480507429,"convex":10.578927208723199,"yearn":15.07777}