{"stakedao":42.575720560310614,"convex":21.5253302402448,"yearn":26.12978}