{"stakedao":47.399061011219416,"convex":29.2872970461456,"yearn":34.9844}