{"stakedao":54.62060845574798,"convex":11.4179610823488,"yearn":18.39347}