{"stakedao":64.50042987248501,"convex":19.0167613653456,"yearn":41.94741}