{"stakedao":47.19774312785904,"convex":13.377079711439999,"yearn":25.29393}