{"stakedao":45.3492384750181,"convex":11.6155765414224,"yearn":25.43171}