{"stakedao":57.481696069976245,"convex":11.013212924222401,"yearn":15.28427}