{"stakedao":41.373632052811296,"convex":14.7439026291744,"yearn":21.05012}