{"stakedao":39.34494472851487,"convex":15.519965307624,"yearn":31.19688}