{"stakedao":46.48892952636875,"convex":11.165895789580802,"yearn":32.1811}