{"stakedao":47.08255948026323,"convex":26.033055256958402,"yearn":27.50806}