{"stakedao":54.95130754072265,"convex":11.349567767088,"yearn":22.37613}