{"stakedao":57.93944057008634,"convex":17.001973452744,"yearn":36.80016}