{"stakedao":65.5372203306982,"convex":18.9824776115904,"yearn":41.94741}