{"stakedao":71.74593452333812,"convex":21.1012482971376,"yearn":33.63023}