{"stakedao":45.582372490394256,"convex":31.090096958212797,"yearn":41.18909}