{"stakedao":42.480054628625936,"convex":15.311888903232001,"yearn":14.71452}