{"stakedao":54.00936886221262,"convex":26.714995141996802,"yearn":27.74002}