{"stakedao":28.97464065526568,"convex":15.778699411089601,"yearn":25.81229}