{"stakedao":42.854591030187564,"convex":25.4079210930336,"yearn":30.14957}