{"stakedao":43.21923381153231,"convex":25.1197028384112,"yearn":27.56312}