{"stakedao":39.456776832564515,"convex":15.715795589424001,"yearn":32.78357}