{"stakedao":39.798911999031624,"convex":13.1375543211792,"yearn":17.84107}