{"stakedao":45.37932906136237,"convex":22.9388241106224,"yearn":33.78499}