{"stakedao":44.1492379632554,"convex":23.7397533539616,"yearn":32.71758}