{"stakedao":65.0411580906806,"convex":19.562927701248,"yearn":41.55229}