{"stakedao":45.79277669116249,"convex":31.013646551308796,"yearn":40.70773}