{"stakedao":44.35680878985014,"convex":22.605780579292798,"yearn":48.9733}