{"stakedao":38.95855588153088,"convex":16.3038661579584,"yearn":27.95499}