{"stakedao":72.4413406287303,"convex":20.3304011085936,"yearn":32.51147}