{"stakedao":40.84400969229524,"convex":17.259110421796798,"yearn":30.89588}