{"stakedao":65.04371661384745,"convex":18.9328782795984,"yearn":43.01956}