{"stakedao":48.763566167141306,"convex":17.4460303360944,"yearn":19.01021}