{"stakedao":44.09359361696613,"convex":22.4993938706784,"yearn":31.97819}