{"stakedao":61.62305394446172,"convex":18.816696618681597,"yearn":49.01461}