{"stakedao":57.21192127495432,"convex":30.3990543139968,"yearn":42.3746}