{"stakedao":48.764326627209,"convex":29.322146353910398,"yearn":33.76641}