{"stakedao":41.347161656339296,"convex":20.9977040984976,"yearn":24.84057}