{"stakedao":47.73571467581867,"convex":21.118593280046397,"yearn":42.19701}