{"stakedao":44.3042658350152,"convex":23.30141838768,"yearn":31.66531}