{"stakedao":64.43310358400348,"convex":19.2875202591408,"yearn":47.07961}