{"stakedao":39.32175795295293,"convex":16.3687314210624,"yearn":27.95499}