{"stakedao":51.61042550641757,"convex":22.959852646550402,"yearn":34.56538}