{"stakedao":40.96972544421695,"convex":20.758183854911998,"yearn":27.8876}