{"stakedao":41.698526778822135,"convex":13.8545202669552,"yearn":15.38247}