{"stakedao":67.24348202883797,"convex":20.1470306247072,"yearn":31.68482}