{"stakedao":49.21264446125495,"convex":31.2744443769216,"yearn":27.53162}