{"stakedao":42.44226805846823,"convex":22.3424785839888,"yearn":25.94319}