{"stakedao":39.708630736950326,"convex":15.60452360436,"yearn":35.10892}