{"stakedao":44.22324984484389,"convex":12.0748418342208,"yearn":23.20009}