{"stakedao":40.65287146385853,"convex":17.155326398184002,"yearn":30.66049}