{"stakedao":42.67006498430263,"convex":25.3681157735712,"yearn":29.55465}