{"stakedao":43.48716265142735,"convex":25.125424093224,"yearn":27.76781}