{"stakedao":27.91022732694164,"convex":13.6857334927392,"yearn":23.66499}