{"stakedao":51.46877843076197,"convex":22.7875987067328,"yearn":42.19701}