{"stakedao":51.80321532430272,"convex":25.8275080460736,"yearn":35.13457}