{"stakedao":40.560962857404434,"convex":13.1792442793056,"yearn":18.19088}