{"stakedao":48.25823356910994,"convex":11.471012366976,"yearn":34.55432}