{"stakedao":39.362462747079014,"convex":15.7193987224896,"yearn":26.79239}