{"stakedao":42.39978569746003,"convex":13.2730832644848,"yearn":19.13259}