{"stakedao":41.44056828047836,"convex":13.2703421648256,"yearn":15.05502}