{"stakedao":38.98576376808363,"convex":18.0974058295248,"yearn":29.43448}