{"stakedao":51.610357921790474,"convex":12.024032784422399,"yearn":25.01732}