{"stakedao":63.77215271490836,"convex":18.4244948689392,"yearn":47.24234}