{"stakedao":49.011050963089815,"convex":11.0705645114208,"yearn":19.18649}