{"stakedao":64.93430699833705,"convex":17.484679400731203,"yearn":31.87698}