{"stakedao":55.01114009157378,"convex":11.3462150677056,"yearn":22.55661}