{"stakedao":44.451893500256105,"convex":23.30441785548,"yearn":31.31609}