{"stakedao":40.62241161251456,"convex":20.205893760768,"yearn":28.46478}