{"stakedao":56.32088048265995,"convex":12.2171644424016,"yearn":17.41852}