{"stakedao":55.02284817390894,"convex":11.3462150677056,"yearn":22.55661}