{"stakedao":51.43609252063163,"convex":13.832914915512,"yearn":27.9006}