{"stakedao":42.521195105779775,"convex":21.0334596152976,"yearn":29.39748}