{"stakedao":39.997205338926086,"convex":13.156890461899202,"yearn":19.14362}