{"stakedao":53.35885640724912,"convex":27.8308412856144,"yearn":31.64908}