{"stakedao":28.88414420229808,"convex":15.7345018206192,"yearn":24.30104}