{"stakedao":44.790684639902,"convex":23.230610376667197,"yearn":36.74272}