{"stakedao":39.052653119296004,"convex":16.0584627884256,"yearn":27.64107}