{"stakedao":43.658767088757855,"convex":26.830703113272,"yearn":25.91324}