{"stakedao":44.50210656609932,"convex":22.1043846096144,"yearn":46.07597}