{"stakedao":41.361111584567624,"convex":13.2599148085008,"yearn":15.28216}