{"stakedao":77.66550758198008,"convex":21.087158788123197,"yearn":33.63023}