{"stakedao":39.222802055105404,"convex":16.064493461856,"yearn":26.79239}