{"stakedao":41.30303829813389,"convex":21.5169031240992,"yearn":25.76882}