{"stakedao":40.244334928407135,"convex":16.2419823051408,"yearn":34.83943}