{"stakedao":47.43768221252775,"convex":22.3562903459904,"yearn":37.81267}