{"stakedao":52.66593096036648,"convex":11.286046924660798,"yearn":16.52467}