{"stakedao":53.571220265297825,"convex":10.76345447724,"yearn":23.72564}