{"stakedao":41.37393763111594,"convex":17.52990204996,"yearn":33.59631}