{"stakedao":48.26039519986046,"convex":31.344584568983997,"yearn":26.93465}