{"stakedao":54.878878637034674,"convex":12.283476652872,"yearn":25.02365}