{"stakedao":39.45768295896919,"convex":15.7006133580096,"yearn":25.60773}