{"stakedao":45.32884586145407,"convex":22.864176724060798,"yearn":33.95685}