{"stakedao":54.82462525809381,"convex":10.6438171550544,"yearn":15.01222}