{"stakedao":64.43775604890874,"convex":18.622154563559995,"yearn":47.52944}