{"stakedao":46.349914400329844,"convex":22.1733860398704,"yearn":40.18512}