{"stakedao":42.12481635880525,"convex":14.249500445519999,"yearn":17.20916}