{"stakedao":40.46520622555891,"convex":16.5412224579888,"yearn":33.79803}