{"stakedao":53.88276134024909,"convex":12.346129410134399,"yearn":16.28131}