{"stakedao":57.87241045627307,"convex":24.3456031403568,"yearn":38.79029}