{"stakedao":39.64755845527553,"convex":15.608136056313597,"yearn":36.04348}