{"stakedao":40.917897290469114,"convex":18.8800227988416,"yearn":29.24838}