{"stakedao":42.352074231671224,"convex":13.7943996076656,"yearn":16.2806}