{"stakedao":28.94429758891848,"convex":15.743168090020802,"yearn":25.81229}