{"stakedao":46.44630625130742,"convex":28.3945333277808,"yearn":29.80209}