{"stakedao":62.3926669992911,"convex":19.7607044038896,"yearn":40.48079}