{"stakedao":39.70069943279894,"convex":15.605602873502399,"yearn":34.36589}