{"stakedao":39.243412280974425,"convex":16.265954054952,"yearn":27.95499}