{"stakedao":39.19415063643132,"convex":16.2656637597648,"yearn":27.95499}