{"stakedao":41.15695628497323,"convex":19.836296801380797,"yearn":27.13686}