{"stakedao":49.170870153072414,"convex":17.5851731063232,"yearn":17.82946}