{"stakedao":54.70869270487671,"convex":12.2094959783472,"yearn":16.26496}