{"stakedao":39.59117775323875,"convex":14.718004259976,"yearn":19.89328}