{"stakedao":46.22638802672047,"convex":20.2724940210624,"yearn":42.61187}