{"stakedao":53.65804502391558,"convex":11.397850707600002,"yearn":16.63832}