{"stakedao":49.84856337646446,"convex":13.520225592129599,"yearn":17.29717}