{"stakedao":52.494663021979946,"convex":17.580902573736,"yearn":18.5252}