{"stakedao":51.41922007329447,"convex":14.7277115800416,"yearn":17.93551}