{"stakedao":55.10448111926827,"convex":10.443844332676798,"yearn":14.14506}