{"stakedao":41.04070998503072,"convex":21.7067526192672,"yearn":26.50877}