{"stakedao":46.7765498992234,"convex":8.9909167819824,"yearn":28.18757}