{"stakedao":49.46625282325218,"convex":17.511480711835198,"yearn":18.35746}