{"stakedao":46.90287927422042,"convex":12.188423941660801,"yearn":23.78283}