{"stakedao":43.3424571724515,"convex":14.8369696004592,"yearn":18.09913}