{"stakedao":42.617523476609634,"convex":12.385047984580801,"yearn":21.39601}