{"stakedao":49.51898168679515,"convex":10.746418086705601,"yearn":36.45994}