{"stakedao":63.07766747300923,"convex":18.6243598035072,"yearn":47.52944}