{"stakedao":37.49000613755253,"convex":24.4447807824432,"yearn":29.27068}