{"stakedao":47.48888761839166,"convex":22.840933862664002,"yearn":38.9345}