{"stakedao":44.96620898190423,"convex":9.0126450828288,"yearn":26.91537}