{"stakedao":42.8206449180197,"convex":14.813618365598401,"yearn":18.85873}