{"stakedao":78.80956185508859,"convex":21.1209072466608,"yearn":33.63023}