{"stakedao":48.11962885900222,"convex":11.1575981634048,"yearn":33.31668}