{"stakedao":48.177461919980864,"convex":26.034832547078402,"yearn":27.61648}