{"stakedao":55.260582362954594,"convex":10.5333234217056,"yearn":22.31474}