{"stakedao":51.876465784387975,"convex":10.9648550983248,"yearn":17.73905}