{"stakedao":39.477780883861946,"convex":14.791157310024,"yearn":21.73669}