{"stakedao":47.23735023343546,"convex":10.1849153682672,"yearn":17.87671}