{"stakedao":52.14970637212974,"convex":17.002946316268797,"yearn":36.80016}