{"stakedao":54.63989147315564,"convex":10.4929878559392,"yearn":16.43507}