{"stakedao":38.95112042748931,"convex":15.963509056104,"yearn":27.8517}