{"stakedao":51.24901420513933,"convex":9.6013212182496,"yearn":18.18956}