{"stakedao":40.65927426404305,"convex":19.1073188278944,"yearn":28.76108}