{"stakedao":42.32544321234468,"convex":12.127477814956798,"yearn":21.67454}