{"stakedao":42.343020984957874,"convex":12.1274808045696,"yearn":21.76753}