{"stakedao":45.637104202312464,"convex":23.3490870889056,"yearn":32.58279}