{"stakedao":40.48537368700724,"convex":18.8784865762128,"yearn":29.24838}