{"stakedao":53.97543106382829,"convex":12.236599836374399,"yearn":16.26284}