{"stakedao":55.85186774378666,"convex":10.6688948913072,"yearn":14.48099}