{"stakedao":40.78012903143578,"convex":17.2350610776576,"yearn":31.30149}