{"stakedao":46.04188414544534,"convex":12.194365929552,"yearn":25.3517}