{"stakedao":39.65227031524054,"convex":15.428213138404802,"yearn":25.60773}