{"stakedao":52.86723874192509,"convex":27.0133263926352,"yearn":28.3312}