{"stakedao":37.35552855650611,"convex":15.419525317300801,"yearn":29.44219}