{"stakedao":43.71445628412136,"convex":15.285692074176,"yearn":15.28706}