{"stakedao":44.4304121949863,"convex":23.300608322448,"yearn":31.45838}