{"stakedao":40.942047987582285,"convex":17.2401012116352,"yearn":32.06675}