{"stakedao":53.916661422325845,"convex":10.764325678161601,"yearn":23.72564}