{"stakedao":39.46985511289947,"convex":15.7211609604768,"yearn":32.85278}