{"stakedao":53.2237162894011,"convex":11.380902595790399,"yearn":15.67336}