{"stakedao":40.57364262687376,"convex":16.2483782285232,"yearn":34.73443}