{"stakedao":45.397570955571695,"convex":20.468230186824,"yearn":47.11375}