{"stakedao":39.64166806369691,"convex":15.4323867924,"yearn":25.60773}