{"stakedao":55.050069924210476,"convex":10.5820001680176,"yearn":17.02825}