{"stakedao":43.55479913245921,"convex":25.125468874344,"yearn":27.7336}