{"stakedao":45.47773278450065,"convex":20.953132815887997,"yearn":43.76609}