{"stakedao":67.63085071551839,"convex":20.2530588982992,"yearn":31.68482}