{"stakedao":52.62604477296598,"convex":17.588244769488,"yearn":18.42423}