{"stakedao":45.35733322331547,"convex":20.4690308322528,"yearn":47.49246}