{"stakedao":37.35193661316492,"convex":25.6549654067904,"yearn":29.58184}