{"stakedao":65.08791041994766,"convex":18.5906831082912,"yearn":32.25871}