{"stakedao":62.975787900031364,"convex":20.0232544894992,"yearn":39.78236}