{"stakedao":47.19952233951807,"convex":11.8399490255952,"yearn":23.78283}