{"stakedao":43.339766420458034,"convex":25.120972711137597,"yearn":27.46124}