{"stakedao":51.72203958235577,"convex":25.8307417254384,"yearn":34.95713}