{"stakedao":54.677188757611304,"convex":12.3755770741392,"yearn":16.66199}