{"stakedao":37.69344956696391,"convex":23.5187403367968,"yearn":30.18455}