{"stakedao":53.327112613779455,"convex":13.588231932288,"yearn":32.53125}