{"stakedao":42.86956746558583,"convex":13.18718884104,"yearn":16.4056}