{"stakedao":27.89939812654577,"convex":13.69183051476,"yearn":25.6517}