{"stakedao":40.91126568564425,"convex":17.215310471903997,"yearn":31.79616}