{"stakedao":63.95447324802635,"convex":20.1217214299824,"yearn":39.28763}