{"stakedao":53.4197092613966,"convex":25.491563533871997,"yearn":33.92083}