{"stakedao":37.6806951002479,"convex":14.106662289964802,"yearn":25.32572}