{"stakedao":45.97214127732873,"convex":10.618541565091201,"yearn":26.14068}