{"stakedao":53.01549825446083,"convex":11.3410499944032,"yearn":22.32753}