{"stakedao":41.152035233139244,"convex":19.8122843165184,"yearn":25.79998}