{"stakedao":54.57973271251434,"convex":10.578927208723199,"yearn":15.07777}