{"stakedao":50.501050213779415,"convex":9.5706376079472,"yearn":17.63432}