{"stakedao":44.267823504959175,"convex":23.8653068959728,"yearn":34.59427}