{"stakedao":51.043103986235174,"convex":9.592115241744,"yearn":18.08523}