{"stakedao":52.71387190805216,"convex":24.349571378308802,"yearn":38.16242}