{"stakedao":52.552187037509576,"convex":11.2804207256592,"yearn":0}