{"stakedao":42.393827015068425,"convex":22.7234659712976,"yearn":25.49714}