{"stakedao":41.50091658113524,"convex":20.7010131834384,"yearn":25.57517}