{"stakedao":46.975323461015485,"convex":10.167137947958402,"yearn":19.66358}