{"stakedao":46.89760709540652,"convex":31.3881884437968,"yearn":27.75414}