{"stakedao":44.335613476893286,"convex":22.5226319196816,"yearn":30.6277}