{"stakedao":58.27146509569266,"convex":24.3474318215424,"yearn":38.14974}