{"stakedao":58.385114688408635,"convex":16.9029343640736,"yearn":36.66941}