{"stakedao":46.51459857173082,"convex":21.4947124991856,"yearn":42.19701}