{"stakedao":45.12989725883728,"convex":20.468859181804802,"yearn":47.95852}