{"stakedao":38.87431488911379,"convex":15.963459781104001,"yearn":27.8517}