{"stakedao":45.67632189850774,"convex":23.072060213280004,"yearn":32.69754}