{"stakedao":66.97913408227821,"convex":21.3843298072464,"yearn":31.68482}