{"stakedao":52.89732387124461,"convex":11.2748787309312,"yearn":17.10068}