{"stakedao":49.15289159758182,"convex":21.7933577663904,"yearn":40.41364}