{"stakedao":47.59037394201408,"convex":22.826289922387197,"yearn":37.89767}