{"stakedao":45.38020353091086,"convex":10.722584682172801,"yearn":26.23792}