{"stakedao":47.21525311752477,"convex":14.3232734207952,"yearn":17.96013}