{"stakedao":41.337264860966705,"convex":17.529397833470398,"yearn":33.67278}