{"stakedao":53.42413848499456,"convex":26.885584567584,"yearn":28.79465}