{"stakedao":57.970341925205396,"convex":11.010288830616,"yearn":15.53373}