{"stakedao":63.089448377431594,"convex":19.1268668211552,"yearn":46.13542}