{"stakedao":42.49148283960153,"convex":15.311888903232001,"yearn":14.71452}