{"stakedao":38.82345265416883,"convex":18.058555738656004,"yearn":29.43448}