{"stakedao":56.39208217346029,"convex":10.4285412616176,"yearn":16.02571}