{"stakedao":40.720733661763674,"convex":13.1742554260176,"yearn":18.82238}