{"stakedao":57.716134913361756,"convex":11.002257194832,"yearn":15.13083}