{"stakedao":49.080158388807675,"convex":29.3177582866512,"yearn":34.15926}