{"stakedao":51.50586654394556,"convex":13.835246091321602,"yearn":27.9006}