{"stakedao":43.203004681550595,"convex":19.533439381031997,"yearn":42.53734}