{"stakedao":37.576627176936114,"convex":14.0878484453232,"yearn":26.35451}