{"stakedao":45.89263665602551,"convex":21.822896515824,"yearn":39.86212}