{"stakedao":43.02967464768829,"convex":15.8025324466512,"yearn":16.89663}