{"stakedao":37.60722190374356,"convex":23.746452372993602,"yearn":30.38697}