{"stakedao":27.955354088268493,"convex":13.7410983024768,"yearn":25.81229}