{"stakedao":54.56510252669148,"convex":12.2111817541488,"yearn":15.79777}