{"stakedao":42.1735960463349,"convex":22.7501798835312,"yearn":26.32832}