{"stakedao":39.510552788954485,"convex":15.701690848521599,"yearn":32.75056}