{"stakedao":45.33696915891948,"convex":23.1640325163936,"yearn":31.56523}