{"stakedao":58.2630425551236,"convex":30.743097510672,"yearn":40.49385}