{"stakedao":73.97911656703255,"convex":24.478518452515196,"yearn":42.69746}