{"stakedao":28.91927266101893,"convex":15.864750035496,"yearn":25.81229}