{"stakedao":46.6396491441978,"convex":8.9927172163728,"yearn":27.73533}