{"stakedao":54.70644619341908,"convex":10.618826893358401,"yearn":15.35895}