{"stakedao":42.46147294420648,"convex":16.438485707092802,"yearn":18.97025}