{"stakedao":67.27462213865901,"convex":23.591440835784,"yearn":36.24195}