{"stakedao":45.48498110287308,"convex":20.574699368385602,"yearn":48.96781}