{"stakedao":51.54179189162194,"convex":9.5849652799872,"yearn":18.69254}