{"stakedao":44.923582538411935,"convex":23.1156150275376,"yearn":36.84744}