{"stakedao":45.228839727846335,"convex":10.6070341007664,"yearn":27.85558}