{"stakedao":40.30214238041434,"convex":16.1663233225392,"yearn":35.20502}