{"stakedao":44.498991918279685,"convex":13.924735177262399,"yearn":19.16354}