{"stakedao":47.589057535218735,"convex":22.9792766118768,"yearn":39.30239}