{"stakedao":41.250957470623064,"convex":22.100643635846403,"yearn":26.06025}