{"stakedao":74.26079438477495,"convex":20.3116474125648,"yearn":0}