{"stakedao":43.18131452815196,"convex":15.276840373094402,"yearn":18.39044}