{"stakedao":56.50646275848834,"convex":30.9931603084368,"yearn":45.98191}