{"stakedao":41.40147040702045,"convex":14.746120054632001,"yearn":21.10109}