{"stakedao":48.988725876131646,"convex":22.9421584402848,"yearn":29.97243}