{"stakedao":49.24094039013147,"convex":21.834899968896,"yearn":38.85816}