{"stakedao":67.80181555723306,"convex":23.592200222663998,"yearn":36.18087}