{"stakedao":40.586850021574776,"convex":4.9562741654208,"yearn":19.8536}