{"stakedao":53.10955910386373,"convex":25.001002239494397,"yearn":39.03968}