{"stakedao":41.04897027113891,"convex":21.7478321823456,"yearn":27.14774}