{"stakedao":40.806249187990744,"convex":17.259690280536,"yearn":30.71563}