{"stakedao":40.16386172406173,"convex":13.0596918457248,"yearn":16.78019}