{"stakedao":45.750588632602984,"convex":23.323565496067197,"yearn":30.49713}