{"stakedao":55.64251262503952,"convex":12.1242196037376,"yearn":15.84199}