{"stakedao":39.419147106205784,"convex":16.9084866584592,"yearn":26.84872}