{"stakedao":42.9570849662696,"convex":28.5631464174768,"yearn":26.41692}