{"stakedao":40.88692586658882,"convex":19.1346097953168,"yearn":29.10117}