{"stakedao":41.73590541044026,"convex":20.693449081468803,"yearn":26.13912}