{"stakedao":42.54047356824021,"convex":21.535382062727997,"yearn":26.43367}