{"stakedao":42.46518776257639,"convex":21.5356606076016,"yearn":26.34923}