{"stakedao":37.607389632024486,"convex":14.086867836556802,"yearn":26.71428}