{"stakedao":55.049177228038225,"convex":10.5502239740736,"yearn":14.77392}