{"stakedao":45.36840011218531,"convex":20.5325101070784,"yearn":43.91017}