{"stakedao":57.0993646728176,"convex":11.0222756673696,"yearn":16.35833}