{"stakedao":39.37023987105117,"convex":16.0571324422656,"yearn":26.79239}