{"stakedao":44.65520482801159,"convex":10.622281044052801,"yearn":25.61376}