{"stakedao":46.52660466650034,"convex":12.202645012560001,"yearn":24.90579}