{"stakedao":54.10220824786644,"convex":12.353386102329598,"yearn":16.3547}