{"stakedao":57.12148795489525,"convex":12.0610435191696,"yearn":13.7369}