{"stakedao":28.965741819223986,"convex":15.728451197515199,"yearn":23.68191}