{"stakedao":45.60684756512105,"convex":23.278866461121602,"yearn":32.19152}