{"stakedao":51.26481706321865,"convex":10.9864029470256,"yearn":17.25661}