{"stakedao":43.139826886076484,"convex":13.736117673777601,"yearn":17.03028}