{"stakedao":38.68878001332242,"convex":16.429828315075202,"yearn":29.43448}