{"stakedao":42.489957316274804,"convex":23.042161341648,"yearn":29.43448}