{"stakedao":43.06374430419385,"convex":22.3183165491072,"yearn":28.1515}