{"stakedao":65.62593337525811,"convex":19.613841598785598,"yearn":40.53707}