{"stakedao":52.87406612050066,"convex":26.9841673271808,"yearn":28.36983}