{"stakedao":52.7639043331218,"convex":11.2923292049136,"yearn":16.22588}