{"stakedao":54.04609790034472,"convex":10.630951630732799,"yearn":23.41725}