{"stakedao":52.38747895624981,"convex":17.5887419976,"yearn":18.44931}