{"stakedao":46.262901239526585,"convex":20.040201156960002,"yearn":43.47107}