{"stakedao":45.72380859336246,"convex":22.954799116080004,"yearn":33.19114}