{"stakedao":37.65559291644512,"convex":14.1259433372928,"yearn":25.07375}