{"stakedao":55.41394240210366,"convex":11.384020626336,"yearn":14.28558}