{"stakedao":47.32823851180976,"convex":22.9815088529472,"yearn":38.79658}