{"stakedao":63.633388888531826,"convex":17.4313741030848,"yearn":33.85036}