{"stakedao":39.253528294534554,"convex":16.2791720823744,"yearn":27.95499}