{"stakedao":41.55735644505969,"convex":18.0718258603968,"yearn":32.73858}