{"stakedao":66.81044770167534,"convex":20.150210377511996,"yearn":31.68482}