{"stakedao":42.22986638362717,"convex":13.7947412560752,"yearn":16.17357}