{"stakedao":81.00762192897838,"convex":26.0560445216112,"yearn":41.01569}