{"stakedao":81.62661031498476,"convex":26.0560445216112,"yearn":41.16868}