{"stakedao":42.356328327228525,"convex":23.109257306865597,"yearn":29.43448}