{"stakedao":47.6834826516867,"convex":13.041548204155202,"yearn":24.39831}