{"stakedao":53.878917833895386,"convex":15.943801897497599,"yearn":23.59212}