{"stakedao":44.822846411560974,"convex":9.0126450828288,"yearn":26.88514}