{"stakedao":42.0829503167334,"convex":15.345073353024002,"yearn":14.94948}