{"stakedao":68.94845998562013,"convex":18.460679193345598,"yearn":30.07941}