{"stakedao":43.18317591860496,"convex":25.5130700672592,"yearn":30.92689}