{"stakedao":49.492111888716195,"convex":16.8091300905696,"yearn":19.9304}