{"stakedao":46.62257930813496,"convex":13.2581962731024,"yearn":25.5793}