{"stakedao":46.27866336894732,"convex":12.194347525142401,"yearn":25.3517}