{"stakedao":42.435540609267136,"convex":22.8098213217648,"yearn":29.43448}