{"stakedao":49.286233738675236,"convex":22.3311771853488,"yearn":38.46036}