{"stakedao":40.436009730206386,"convex":16.2416409910128,"yearn":34.58356}