{"stakedao":56.017471202731585,"convex":13.7172885310224,"yearn":18.35632}