{"stakedao":50.42980624620628,"convex":22.3002098582688,"yearn":34.56538}