{"stakedao":28.931498427773896,"convex":15.777748950739202,"yearn":24.21534}