{"stakedao":41.64707428899638,"convex":20.693449081468803,"yearn":26.20387}