{"stakedao":41.26332552466248,"convex":20.983229386704,"yearn":24.04859}