{"stakedao":41.15528709233807,"convex":13.227327742003201,"yearn":16.04098}