{"stakedao":52.790493581928835,"convex":14.1477416985168,"yearn":22.21309}