{"stakedao":53.06647921815239,"convex":27.994333370414402,"yearn":30.70911}