{"stakedao":45.41706624541111,"convex":10.722505580424002,"yearn":26.11073}