{"stakedao":37.42943635090298,"convex":15.351493795646402,"yearn":27.11696}