{"stakedao":39.70491723953371,"convex":15.607796432515201,"yearn":35.33286}