{"stakedao":54.19547226219966,"convex":13.801645505088,"yearn":19.54556}