{"stakedao":64.54319676744069,"convex":18.491003905046398,"yearn":30.01492}