{"stakedao":38.65498391970509,"convex":16.4477678430384,"yearn":29.43448}