{"stakedao":40.761808362935284,"convex":17.230174886664003,"yearn":31.0736}