{"stakedao":37.5421468598041,"convex":14.070565455883202,"yearn":25.72171}