{"stakedao":40.2619355956765,"convex":19.1481881183856,"yearn":28.76108}