{"stakedao":42.8014457407137,"convex":13.2612360912144,"yearn":15.50977}