{"stakedao":61.70338834133951,"convex":19.758368765736,"yearn":40.81758}