{"stakedao":37.50452126182442,"convex":24.4449665610192,"yearn":29.2524}