{"stakedao":40.551567250028306,"convex":16.4659681327248,"yearn":33.89685}