{"stakedao":48.807926689415,"convex":11.073605171544001,"yearn":20.51352}