{"stakedao":46.27832834017228,"convex":21.657565721390398,"yearn":42.19701}