{"stakedao":45.49197984821474,"convex":22.015539274348797,"yearn":41.14121}