{"stakedao":41.29843398015728,"convex":13.261553655580801,"yearn":15.22611}