{"stakedao":64.9050709623808,"convex":18.7415133976368,"yearn":41.90812}