{"stakedao":58.043871630706754,"convex":12.075098742244801,"yearn":14.50301}