{"stakedao":40.92131301384753,"convex":17.115432998673597,"yearn":30.2553}