{"stakedao":44.691008730177955,"convex":22.120934185223998,"yearn":47.13011}