{"stakedao":65.3198141911042,"convex":19.0170775673568,"yearn":41.94741}