{"stakedao":42.52705115770068,"convex":21.1218565212576,"yearn":29.26042}