{"stakedao":40.73182140233226,"convex":18.8782112953152,"yearn":29.24838}