{"stakedao":56.102770653274035,"convex":10.533673751976,"yearn":16.7339}