{"stakedao":42.09940287732296,"convex":20.6494053614496,"yearn":28.84298}