{"stakedao":62.533826680903374,"convex":20.5327565861472,"yearn":42.88261}