{"stakedao":48.96555734866929,"convex":29.386755784368,"yearn":35.5572}