{"stakedao":42.23393684897361,"convex":13.2627509355888,"yearn":18.05011}