{"stakedao":52.13000186918184,"convex":25.8273644216688,"yearn":35.22466}