{"stakedao":63.24208388422492,"convex":20.211442765948803,"yearn":37.94986}