{"stakedao":55.61809812545417,"convex":10.4267073959136,"yearn":15.70462}