{"stakedao":51.683002280337305,"convex":25.475890378392,"yearn":28.78661}