{"stakedao":47.90484749683512,"convex":11.3747245609392,"yearn":31.43699}