{"stakedao":38.91534758338306,"convex":15.9655484986848,"yearn":27.77921}