{"stakedao":46.17145524265114,"convex":21.573268848633603,"yearn":42.19701}