{"stakedao":67.10405837576275,"convex":23.5935100262736,"yearn":36.18087}