{"stakedao":65.45392328380362,"convex":19.574331531969598,"yearn":41.55229}