{"stakedao":42.82500822142997,"convex":13.2467121517248,"yearn":18.08803}