{"stakedao":43.56263069693598,"convex":26.7692224229856,"yearn":26.86466}