{"stakedao":50.78289675461352,"convex":13.492053486791999,"yearn":17.6498}