{"stakedao":42.72119713218905,"convex":15.5397266040816,"yearn":17.72176}