{"stakedao":58.16585012188931,"convex":11.033094754425601,"yearn":16.90917}