{"stakedao":39.292493795456764,"convex":15.7720121549856,"yearn":26.79239}