{"stakedao":64.58968200782205,"convex":18.6599552404176,"yearn":43.37552}