{"stakedao":45.5006594753282,"convex":20.9204266915296,"yearn":41.72775}