{"stakedao":47.60081334995348,"convex":29.279954620180803,"yearn":35.8908}