{"stakedao":41.22401106994287,"convex":14.7383491238064,"yearn":20.53964}