{"stakedao":37.55163697481759,"convex":24.3242818557408,"yearn":29.89177}