{"stakedao":55.29018801301346,"convex":10.2075636436128,"yearn":20.76845}