{"stakedao":44.87852689130405,"convex":23.1158371103568,"yearn":37.17687}