{"stakedao":43.79883301689378,"convex":14.8006292390784,"yearn":18.58204}