{"stakedao":79.05141952578356,"convex":21.043476833328,"yearn":33.63023}