{"stakedao":38.944345979236694,"convex":18.0974058295248,"yearn":29.43448}