{"stakedao":40.748577465193705,"convex":20.855585165572798,"yearn":27.10647}