{"stakedao":53.36052792896359,"convex":14.386170512678401,"yearn":21.99449}