{"stakedao":39.507628013389635,"convex":14.869706251665601,"yearn":21.50977}