{"stakedao":51.01441513911629,"convex":25.204171267008,"yearn":31.63162}