{"stakedao":45.6862283679254,"convex":23.2820233566336,"yearn":32.26987}