{"stakedao":40.80354122464063,"convex":19.9824280059744,"yearn":29.24165}