{"stakedao":41.04349278544373,"convex":14.7892153136832,"yearn":14.72824}