{"stakedao":65.24457295671604,"convex":19.068536110535998,"yearn":32.46626}