{"stakedao":38.99981292267074,"convex":18.0974058295248,"yearn":29.43448}