{"stakedao":47.28728269515253,"convex":19.8077675382288,"yearn":26.73835}