{"stakedao":56.34887321405684,"convex":11.011233601872,"yearn":16.11662}