{"stakedao":45.24402010223678,"convex":9.0125983307088,"yearn":27.15632}