{"stakedao":42.76181980365922,"convex":13.2190201567584,"yearn":16.18054}