{"stakedao":39.04279421187153,"convex":16.0905327559776,"yearn":27.64107}