{"stakedao":47.687010862351045,"convex":21.1234706945712,"yearn":42.19701}