{"stakedao":37.727822792413235,"convex":23.5198994550912,"yearn":30.14795}