{"stakedao":52.905578743527656,"convex":9.591387337252801,"yearn":19.29664}