{"stakedao":51.60426726800957,"convex":22.9501368779904,"yearn":34.56538}