{"stakedao":49.007575404850705,"convex":17.491295281406398,"yearn":18.49347}