{"stakedao":66.7847578224864,"convex":18.430165079582398,"yearn":30.71945}