{"stakedao":49.475296317524226,"convex":17.4752800643952,"yearn":17.61493}