{"stakedao":45.49112516499018,"convex":31.052068752268802,"yearn":48.86584}