{"stakedao":68.82501255117668,"convex":23.6140624505952,"yearn":36.61276}