{"stakedao":54.140797315658034,"convex":11.3956826265216,"yearn":16.77968}