{"stakedao":43.37324060677073,"convex":23.664567938011196,"yearn":30.87181}