{"stakedao":27.867002333451442,"convex":13.6850966295264,"yearn":25.5024}