{"stakedao":65.47230767356287,"convex":18.553639781088,"yearn":30.01492}