{"stakedao":45.325863532761886,"convex":20.4689821406688,"yearn":47.5314}