{"stakedao":51.97743491641907,"convex":13.930121756275199,"yearn":18.22153}