{"stakedao":42.45307297781251,"convex":22.1739861131856,"yearn":25.63563}