{"stakedao":46.75151989498225,"convex":12.2023402391952,"yearn":25.17335}