{"stakedao":51.81654290802942,"convex":22.849625468088,"yearn":34.56538}