{"stakedao":46.38261777362898,"convex":22.173949332748798,"yearn":40.13751}