{"stakedao":57.88908211552288,"convex":31.0787367417792,"yearn":48.36483}