{"stakedao":43.30134053444655,"convex":23.661399178655998,"yearn":31.1563}