{"stakedao":51.582695018160194,"convex":25.2246128170608,"yearn":30.60535}