{"stakedao":37.50447260185848,"convex":15.3641320053264,"yearn":27.24724}