{"stakedao":43.46965730735813,"convex":14.7634453527696,"yearn":17.9666}