{"stakedao":41.50748592486639,"convex":20.6934303522384,"yearn":27.8876}