{"stakedao":42.52527385935562,"convex":22.1204379568032,"yearn":26.00408}