{"stakedao":42.55154481560443,"convex":20.7115773334704,"yearn":32.14243}