{"stakedao":37.59593912464584,"convex":14.0702617011312,"yearn":25.91429}