{"stakedao":37.37186353755107,"convex":15.402970604476803,"yearn":28.17031}