{"stakedao":41.13723258262217,"convex":19.791195906340796,"yearn":25.14195}