{"stakedao":52.48789878787324,"convex":11.2804207256592,"yearn":0}