{"stakedao":56.65440080747931,"convex":30.98333577852,"yearn":44.97154}