{"stakedao":40.60116813045749,"convex":17.192502176587197,"yearn":29.56502}