{"stakedao":48.69268784227476,"convex":11.072359310328,"yearn":20.51352}