{"stakedao":51.219910300704896,"convex":9.5977751401152,"yearn":18.39834}