{"stakedao":44.165682812223196,"convex":23.7413820779856,"yearn":32.88841}