{"stakedao":51.61683854656905,"convex":25.217306026776,"yearn":30.82791}