{"stakedao":44.27077764983131,"convex":22.6116662659632,"yearn":30.40244}