{"stakedao":51.25948030808487,"convex":25.690145940316803,"yearn":33.04807}