{"stakedao":41.67390916951341,"convex":13.1760602533728,"yearn":15.81671}