{"stakedao":63.81760211182626,"convex":19.071558533390398,"yearn":47.24234}