{"stakedao":59.28632806647951,"convex":17.048125600344,"yearn":35.79244}