{"stakedao":41.24188758275483,"convex":21.6960154942752,"yearn":26.01419}