{"stakedao":81.11298969961157,"convex":21.114418626360003,"yearn":33.63023}