{"stakedao":52.88766795006228,"convex":24.248118341289604,"yearn":37.33061}