{"stakedao":55.098164009160605,"convex":12.2549869579392,"yearn":25.74287}