{"stakedao":53.368641813810854,"convex":13.610252855678402,"yearn":32.53125}