{"stakedao":42.45083967978414,"convex":20.707152756984,"yearn":30.244}