{"stakedao":39.34592600869553,"convex":15.719033519841599,"yearn":26.79239}