{"stakedao":46.922541673901364,"convex":12.185012083896002,"yearn":25.03963}