{"stakedao":41.43950179927998,"convex":17.5220714593296,"yearn":32.36921}