{"stakedao":49.70963840535103,"convex":16.803600700780798,"yearn":19.85088}