{"stakedao":51.53483088446183,"convex":25.070671438243203,"yearn":32.85574}