{"stakedao":52.66267127216449,"convex":25.2301411882368,"yearn":42.19701}