{"stakedao":54.815924320377704,"convex":12.3755770741392,"yearn":16.60442}