{"stakedao":51.94926012157321,"convex":10.967237731425598,"yearn":17.25686}