{"stakedao":47.424551375402345,"convex":31.413520842710398,"yearn":28.01977}