{"stakedao":52.33200870194579,"convex":22.7855377439856,"yearn":34.56538}