{"stakedao":45.22292185278438,"convex":23.184715297924797,"yearn":32.50407}