{"stakedao":52.4529305946027,"convex":11.2804207256592,"yearn":17.27028}