{"stakedao":67.34817959253343,"convex":18.4538310878736,"yearn":30.23834}