{"stakedao":64.958600612645,"convex":20.5752811350528,"yearn":37.8756}