{"stakedao":75.94063125142611,"convex":20.374063851657603,"yearn":34.66005}