{"stakedao":41.76600362312428,"convex":13.267481657255999,"yearn":18.33758}