{"stakedao":41.46834545848833,"convex":18.0737570777328,"yearn":31.48201}