{"stakedao":45.88955506510863,"convex":20.5230631419216,"yearn":45.10853}