{"stakedao":40.541699212275084,"convex":16.2529806144384,"yearn":34.88065}