{"stakedao":42.86881950968343,"convex":13.205292334128,"yearn":16.15291}