{"stakedao":43.707985121296495,"convex":12.3442150897872,"yearn":19.17771}