{"stakedao":42.85313880931756,"convex":16.4408081253552,"yearn":18.91484}