{"stakedao":39.60489714712003,"convex":14.715652645684798,"yearn":19.94701}