{"stakedao":45.84705303200026,"convex":20.1492932664816,"yearn":42.38874}