{"stakedao":39.310047921944125,"convex":15.721906714344001,"yearn":24.52}