{"stakedao":48.03349277306879,"convex":10.854602473463999,"yearn":30.05998}