{"stakedao":47.449838382623454,"convex":22.3938191320704,"yearn":38.72305}