{"stakedao":42.61454914329254,"convex":22.8164542602624,"yearn":29.43448}