{"stakedao":34.12526495082819,"convex":22.978083567153597,"yearn":29.43448}