{"stakedao":55.07999101974259,"convex":10.1802788793216,"yearn":20.85842}