{"stakedao":45.5718357824677,"convex":22.670384809464004,"yearn":30.86467}