{"stakedao":53.581231225598756,"convex":13.799689371158404,"yearn":19.797}