{"stakedao":40.811815144249316,"convex":16.76148759576,"yearn":34.39872}