{"stakedao":58.45291238514986,"convex":11.006577579528,"yearn":15.30387}