{"stakedao":40.564258810994886,"convex":19.1872801629072,"yearn":28.76108}