{"stakedao":40.825845850630095,"convex":17.259690280536,"yearn":30.71563}