{"stakedao":51.33774443794532,"convex":25.8482324519712,"yearn":34.82433}