{"stakedao":49.068099229343,"convex":16.8161657343264,"yearn":19.9304}