{"stakedao":54.09680154641621,"convex":27.83947496256,"yearn":28.92802}