{"stakedao":42.57059709291086,"convex":12.1304666267424,"yearn":21.6434}