{"stakedao":44.40893982643044,"convex":19.5454405225152,"yearn":42.90055}