{"stakedao":56.84268090687371,"convex":11.019266659929599,"yearn":16.14366}