{"stakedao":45.70888659300354,"convex":20.569991759452797,"yearn":45.98335}