{"stakedao":54.47869641376632,"convex":26.813412533116797,"yearn":29.12006}