{"stakedao":39.00288954684215,"convex":16.0582724686656,"yearn":27.64107}