{"stakedao":53.8037127294944,"convex":26.7945645223728,"yearn":29.62184}