{"stakedao":56.42156119117822,"convex":13.334510961676802,"yearn":18.1619}