{"stakedao":44.37681818492209,"convex":23.223300990969598,"yearn":36.26833}