{"stakedao":52.934457658725094,"convex":15.765899598331199,"yearn":23.50614}