{"stakedao":49.095272352201135,"convex":29.126180691216,"yearn":34.65958}