{"stakedao":64.08058755359184,"convex":20.353331025648,"yearn":37.94986}