{"stakedao":54.66938990128186,"convex":10.5788056185216,"yearn":16.60246}