{"stakedao":46.54598034103075,"convex":28.377583241817597,"yearn":30.77893}