{"stakedao":43.6430155647511,"convex":15.285692074176,"yearn":15.28706}