{"stakedao":61.952545586458456,"convex":19.759534967016002,"yearn":40.68866}