{"stakedao":42.830656138569594,"convex":15.89568043392,"yearn":16.66658}