{"stakedao":62.66074241641824,"convex":20.2674573907344,"yearn":43.69224}