{"stakedao":55.88515787165957,"convex":11.3138257035456,"yearn":15.91725}