{"stakedao":53.69539633398314,"convex":26.780468598936004,"yearn":29.71316}