{"stakedao":43.49634877208963,"convex":14.870533743691201,"yearn":17.89572}