{"stakedao":40.686024410028374,"convex":16.6874503456512,"yearn":33.32729}