{"stakedao":38.68351131001345,"convex":16.44639439032,"yearn":29.43448}