{"stakedao":37.340578580013464,"convex":25.950139370870396,"yearn":29.46237}