{"stakedao":44.94226206987127,"convex":20.484478423339198,"yearn":47.78031}