{"stakedao":42.50710158926185,"convex":15.331634649288,"yearn":14.54378}