{"stakedao":41.592764236942024,"convex":13.2703421648256,"yearn":15.05502}