{"stakedao":44.432575240755455,"convex":19.607828604436797,"yearn":43.68926}