{"stakedao":53.8606459225397,"convex":9.751270464288,"yearn":19.45216}