{"stakedao":52.774934266838045,"convex":11.2925842901568,"yearn":16.05709}