{"stakedao":55.60723065875882,"convex":10.2075518964528,"yearn":20.74609}