{"stakedao":43.32853509553159,"convex":23.66447059584,"yearn":30.84595}