{"stakedao":39.02583097189619,"convex":17.665294357238402,"yearn":29.43448}