{"stakedao":41.399312576581906,"convex":21.5206054946496,"yearn":26.366}