{"stakedao":41.7631913801961,"convex":20.720820049415998,"yearn":25.85888}