{"stakedao":42.843481393196754,"convex":13.18958100432,"yearn":16.4056}