{"stakedao":39.424504377674026,"convex":15.728450730782399,"yearn":32.9164}