{"stakedao":41.36111615262237,"convex":20.697935168923202,"yearn":29.11924}