{"stakedao":52.0372890141997,"convex":9.6006628285632,"yearn":19.14353}