{"stakedao":48.892279149085546,"convex":31.3354808479584,"yearn":27.29156}