{"stakedao":40.63777146841634,"convex":19.130573540519997,"yearn":28.76108}