{"stakedao":40.731848787034224,"convex":12.996813732206402,"yearn":16.49222}