{"stakedao":43.78056916822646,"convex":12.0717985912992,"yearn":22.72018}