{"stakedao":40.79289869990286,"convex":13.2662735067888,"yearn":15.73979}