{"stakedao":28.943336990429223,"convex":15.7473059411952,"yearn":23.9791}