{"stakedao":39.66733285696896,"convex":15.606135541771199,"yearn":34.54833}