{"stakedao":49.39375502316096,"convex":22.8946162583376,"yearn":34.45727}