{"stakedao":42.876392587996726,"convex":22.8098213217648,"yearn":29.43448}