{"stakedao":52.97841811869651,"convex":14.6058717615408,"yearn":21.83042}