{"stakedao":46.39674217876535,"convex":12.2287038116976,"yearn":24.37874}