{"stakedao":55.21464826467603,"convex":11.3971997982528,"yearn":18.66106}