{"stakedao":28.94167435185826,"convex":15.748133628744,"yearn":25.81229}