{"stakedao":54.39587040173174,"convex":26.815176978624002,"yearn":29.07445}