{"stakedao":52.1784305955979,"convex":21.228806390299198,"yearn":42.19701}