{"stakedao":41.74308371951632,"convex":17.519238407001602,"yearn":32.94334}