{"stakedao":40.80614781588042,"convex":17.2350610776576,"yearn":31.30149}