{"stakedao":42.36190179537235,"convex":15.2913970974096,"yearn":15.17585}