{"stakedao":45.0944949786455,"convex":21.7303606297008,"yearn":50.20835}