{"stakedao":63.689223980085465,"convex":17.4065139778464,"yearn":33.85036}