{"stakedao":40.96522704913643,"convex":20.9118194701344,"yearn":26.0504}