{"stakedao":51.61478865242815,"convex":25.0811669690928,"yearn":33.03184}