{"stakedao":49.714618582903825,"convex":17.4403084757904,"yearn":19.65905}