{"stakedao":41.54601010281519,"convex":18.072913622184,"yearn":33.01237}