{"stakedao":37.519952577766134,"convex":14.0540815256112,"yearn":25.40131}