{"stakedao":46.199215184102115,"convex":21.4974165850416,"yearn":42.19701}