{"stakedao":41.29736068293927,"convex":13.88136518604,"yearn":21.33238}