{"stakedao":53.96011654958803,"convex":13.9301797036752,"yearn":18.22153}