{"stakedao":54.03679182792092,"convex":12.211185260952,"yearn":15.85826}