{"stakedao":54.43702966466999,"convex":12.2669930789568,"yearn":26.3241}