{"stakedao":44.409452923499664,"convex":22.6062321054336,"yearn":48.27062}