{"stakedao":53.616397627480154,"convex":13.845573440683198,"yearn":19.19981}