{"stakedao":57.15264200492885,"convex":31.147206506611198,"yearn":43.10598}