{"stakedao":43.464725644231585,"convex":25.114262525207998,"yearn":28.07443}