{"stakedao":52.88410519204127,"convex":21.253590211031998,"yearn":42.19701}