{"stakedao":58.81108799269495,"convex":24.344455447555198,"yearn":38.59346}