{"stakedao":44.68821812870546,"convex":22.1895001411632,"yearn":47.83189}