{"stakedao":46.84900351294866,"convex":32.032584367632,"yearn":27.53245}