{"stakedao":53.828260585482184,"convex":11.8814659362288,"yearn":27.33768}