{"stakedao":45.98496319632405,"convex":21.646565305488,"yearn":42.19701}