{"stakedao":42.30719757913371,"convex":13.274636822452802,"yearn":18.93848}