{"stakedao":79.90687298138656,"convex":24.9192646455888,"yearn":39.73009}