{"stakedao":51.71372729567961,"convex":12.0240731599632,"yearn":25.01732}