{"stakedao":40.61163887239797,"convex":16.2530796122496,"yearn":33.99988}