{"stakedao":68.11297512124793,"convex":24.228855089726398,"yearn":35.89434}