{"stakedao":40.859925521030554,"convex":20.914270520587202,"yearn":25.88868}