{"stakedao":39.30057709066078,"convex":16.458155154950397,"yearn":26.44509}