{"stakedao":52.71583803581956,"convex":24.3504407659104,"yearn":38.10328}