{"stakedao":49.44899886717761,"convex":16.843886427052798,"yearn":19.9304}