{"stakedao":45.66082774391284,"convex":21.657127837723202,"yearn":42.74997}