{"stakedao":42.41871516582984,"convex":22.3259349497616,"yearn":25.94319}