{"stakedao":40.77528300299143,"convex":19.982475035611202,"yearn":29.33424}