{"stakedao":40.44836455920824,"convex":13.0060496742192,"yearn":16.56301}