{"stakedao":52.860342277181864,"convex":14.1411694983552,"yearn":22.37601}