{"stakedao":37.39750584038566,"convex":25.4955466631232,"yearn":29.69799}