{"stakedao":47.735140863609764,"convex":29.2231329292368,"yearn":36.39178}