{"stakedao":45.8555975443296,"convex":20.5241126379264,"yearn":45.06897}