{"stakedao":52.670981003764226,"convex":11.958016668609599,"yearn":24.91907}