{"stakedao":75.8906297190147,"convex":20.3770786144176,"yearn":34.66005}