{"stakedao":39.52196195883904,"convex":15.4170530620416,"yearn":25.60773}