{"stakedao":46.06148096156439,"convex":28.3806651636432,"yearn":29.47049}