{"stakedao":48.41733113586636,"convex":11.0598247973232,"yearn":19.64578}