{"stakedao":43.157814211963995,"convex":12.3684189035616,"yearn":20.62823}