{"stakedao":54.88644549020211,"convex":11.345702667624,"yearn":22.46258}