{"stakedao":40.39139178672352,"convex":16.2416000888208,"yearn":34.54704}