{"stakedao":44.92118809993157,"convex":22.10269395204,"yearn":43.10447}