{"stakedao":65.7349805524186,"convex":19.5850712965248,"yearn":41.55229}