{"stakedao":55.296547147013655,"convex":13.7140722973728,"yearn":18.45373}