{"stakedao":72.49767936526283,"convex":21.109161981974403,"yearn":33.63023}