{"stakedao":45.62989390971786,"convex":31.004034879931197,"yearn":49.22917}