{"stakedao":48.915487051408206,"convex":29.1258949025232,"yearn":34.85873}