{"stakedao":45.597796640301056,"convex":10.618103703499202,"yearn":25.16257}