{"stakedao":49.33968533412056,"convex":22.9547090902608,"yearn":32.96588}