{"stakedao":78.9037702813809,"convex":21.043476833328,"yearn":33.63023}