{"stakedao":57.882441504840656,"convex":11.0065826978208,"yearn":15.26001}