{"stakedao":40.69158790471353,"convex":17.237292167664002,"yearn":31.79771}