{"stakedao":44.38440059320919,"convex":23.223300990969598,"yearn":36.26833}