{"stakedao":42.70815131765973,"convex":24.9366432868704,"yearn":26.97683}