{"stakedao":41.09778918299417,"convex":20.9990763717696,"yearn":25.11883}