{"stakedao":42.68736825942317,"convex":12.197983414651198,"yearn":18.13853}