{"stakedao":45.68871856849691,"convex":10.7235206201952,"yearn":26.65088}