{"stakedao":62.05359147651626,"convex":19.006160128977598,"yearn":49.05331}