{"stakedao":46.196331370360056,"convex":28.3765801699584,"yearn":28.77556}