{"stakedao":40.508701794963386,"convex":17.221413078950402,"yearn":30.23145}