{"stakedao":55.56914382598259,"convex":11.383967699467199,"yearn":14.30329}