{"stakedao":44.18157152819974,"convex":19.5730348977936,"yearn":42.9905}