{"stakedao":58.26121787614446,"convex":30.746745377553598,"yearn":39.97731}