{"stakedao":41.60833868925027,"convex":20.6893762638336,"yearn":25.37502}