{"stakedao":50.03647072463602,"convex":22.8229160434272,"yearn":34.56538}