{"stakedao":53.572198008166254,"convex":26.904085909387202,"yearn":29.19683}