{"stakedao":56.236265077679235,"convex":13.334510961676802,"yearn":18.19451}