{"stakedao":42.426270071743474,"convex":15.703223236372802,"yearn":17.11358}