{"stakedao":37.51399506894843,"convex":15.363985053873598,"yearn":26.93907}