{"stakedao":58.86493489901461,"convex":24.342492246408,"yearn":38.6863}