{"stakedao":42.43923551429797,"convex":13.2729433960176,"yearn":18.72061}