{"stakedao":55.76249898519748,"convex":12.3765039928656,"yearn":16.78711}