{"stakedao":53.68937565049612,"convex":9.7656871372272,"yearn":19.58847}