{"stakedao":50.40355409656055,"convex":9.981571060512,"yearn":17.29727}