{"stakedao":50.86100788687952,"convex":10.9828515298464,"yearn":17.25661}