{"stakedao":41.46890967042822,"convex":18.07345899,"yearn":31.42742}