{"stakedao":43.8366111415623,"convex":23.311911272659202,"yearn":28.48869}