{"stakedao":56.66744212160969,"convex":11.637534796473599,"yearn":14.39961}