{"stakedao":39.19304710352271,"convex":16.369666003036798,"yearn":27.95499}