{"stakedao":52.85443355052397,"convex":11.2788422984016,"yearn":16.8011}