{"stakedao":40.60860290149531,"convex":17.2170319496112,"yearn":31.75256}