{"stakedao":58.13632287598383,"convex":11.023060743475202,"yearn":16.96442}