{"stakedao":42.964342156461484,"convex":14.8136697282816,"yearn":18.79692}