{"stakedao":54.110700281450576,"convex":12.353386102329598,"yearn":16.3547}