{"stakedao":53.963223285564084,"convex":11.840726898878401,"yearn":27.43893}