{"stakedao":50.7743440089543,"convex":24.903575160768,"yearn":37.79922}