{"stakedao":47.61198564682512,"convex":11.375362395460801,"yearn":30.66085}