{"stakedao":44.47354393114632,"convex":23.299856422214404,"yearn":31.93795}