{"stakedao":51.531682093125184,"convex":29.479275722736,"yearn":36.99654}