{"stakedao":39.121089851963696,"convex":18.066613006900802,"yearn":29.43448}