{"stakedao":42.29590253689659,"convex":12.127477814956798,"yearn":21.67454}