{"stakedao":39.61048804899522,"convex":15.6930739108848,"yearn":25.60773}