{"stakedao":28.942300745907104,"convex":15.7431882194496,"yearn":25.81229}