{"stakedao":52.66235756617976,"convex":14.6367367069968,"yearn":31.33641}