{"stakedao":54.683743966810454,"convex":12.2111817541488,"yearn":15.72413}