{"stakedao":54.53253049013997,"convex":10.44241657812,"yearn":16.067}