{"stakedao":40.57308506801157,"convex":19.0966632833808,"yearn":29.24838}