{"stakedao":38.93021609146445,"convex":15.985499052139199,"yearn":27.75547}