{"stakedao":42.33883678958333,"convex":15.284229529104,"yearn":19.82571}