{"stakedao":45.809348951507374,"convex":22.0907875131648,"yearn":39.27158}