{"stakedao":47.86622156756359,"convex":31.578937528593602,"yearn":28.19669}