{"stakedao":39.47292480692213,"convex":15.7042171407168,"yearn":33.12018}