{"stakedao":43.64895005660881,"convex":14.786613622065598,"yearn":18.15976}