{"stakedao":40.647608060777586,"convex":20.000572795454403,"yearn":26.33541}