{"stakedao":41.54794155862217,"convex":20.699793680011204,"yearn":29.68893}