{"stakedao":52.363000512718926,"convex":11.2787720393472,"yearn":16.70875}