{"stakedao":52.93920715647688,"convex":14.1417791270784,"yearn":22.53947}