{"stakedao":43.63059311470094,"convex":14.190211724832,"yearn":19.41502}