{"stakedao":55.83563343397816,"convex":12.274592378256,"yearn":23.00894}