{"stakedao":58.01454744071948,"convex":24.3456584418864,"yearn":38.77167}