{"stakedao":67.22200007790997,"convex":19.705387828463998,"yearn":40.10503}