{"stakedao":68.7510725988329,"convex":19.7069514495696,"yearn":40.3325}