{"stakedao":40.78099698889613,"convex":17.232800274431998,"yearn":31.02847}