{"stakedao":41.91844766818615,"convex":17.4976683758784,"yearn":33.63492}