{"stakedao":42.36141612447198,"convex":13.220359635744,"yearn":17.09804}