{"stakedao":56.24697847477914,"convex":11.3272597084176,"yearn":15.69631}