{"stakedao":49.11032196266104,"convex":29.1261407855616,"yearn":34.60954}