{"stakedao":55.45149865224533,"convex":10.9974132053136,"yearn":15.53399}