{"stakedao":40.75533060708358,"convex":13.2640846687152,"yearn":15.4513}