{"stakedao":40.627036554847415,"convex":17.153197860096,"yearn":30.78031}