{"stakedao":44.14811351153998,"convex":19.56690445392,"yearn":43.68089}