{"stakedao":44.85147425564922,"convex":20.458792092743998,"yearn":47.97198}