{"stakedao":40.844713920634824,"convex":4.9563265246416,"yearn":19.8536}