{"stakedao":62.07111338523722,"convex":19.132612327152,"yearn":49.912}