{"stakedao":41.29879009318513,"convex":21.6960154185888,"yearn":26.13793}