{"stakedao":41.43341425131199,"convex":13.261707986457601,"yearn":15.22611}