{"stakedao":42.57445378113677,"convex":16.4394085356,"yearn":18.97025}