{"stakedao":46.32128617399772,"convex":21.5732378834352,"yearn":42.19701}