{"stakedao":44.23924092476826,"convex":23.1596811791136,"yearn":35.16683}