{"stakedao":44.27009379010508,"convex":22.5566757002448,"yearn":30.23866}