{"stakedao":37.36497862395826,"convex":15.414381628560001,"yearn":29.04028}