{"stakedao":54.626646705885996,"convex":10.4965347792384,"yearn":16.49098}