{"stakedao":40.63397672620005,"convex":19.1094218975088,"yearn":28.76108}