{"stakedao":57.03976385570424,"convex":12.259219600022398,"yearn":24.26834}