{"stakedao":53.228274060801255,"convex":24.247283659056002,"yearn":38.3003}