{"stakedao":47.76644932761539,"convex":22.4057848050144,"yearn":37.92103}