{"stakedao":46.560151016026275,"convex":21.658779740707203,"yearn":42.19701}