{"stakedao":58.72754740450322,"convex":24.3465414971904,"yearn":38.03918}