{"stakedao":38.7957504241031,"convex":16.437176007552,"yearn":29.43448}