{"stakedao":42.47705467404065,"convex":16.438485707092802,"yearn":18.97025}