{"stakedao":43.086348781127555,"convex":22.3183165491072,"yearn":28.1515}