{"stakedao":64.35775902736536,"convex":19.0176265965024,"yearn":41.94741}