{"stakedao":42.3827325884391,"convex":13.1890958198064,"yearn":16.86146}