{"stakedao":52.91262117072435,"convex":11.2837471271712,"yearn":16.78913}