{"stakedao":42.7186234547957,"convex":12.1979904913296,"yearn":18.13853}