{"stakedao":45.87864847665248,"convex":22.955382131572797,"yearn":32.78123}