{"stakedao":45.399550542526946,"convex":10.7224609695984,"yearn":26.23792}