{"stakedao":41.050928633662544,"convex":19.7916193875168,"yearn":26.03386}