{"stakedao":68.14522852578159,"convex":23.4942611506704,"yearn":36.18087}