{"stakedao":44.68915494750043,"convex":22.6623451856112,"yearn":47.17474}