{"stakedao":48.766344046430916,"convex":23.2888893146352,"yearn":29.97243}