{"stakedao":45.199867384920296,"convex":9.0173014646832,"yearn":25.44211}