{"stakedao":43.89921966587421,"convex":14.8008441474576,"yearn":18.63216}