{"stakedao":56.372046871209236,"convex":12.2730193878048,"yearn":23.20762}