{"stakedao":46.53492015019491,"convex":13.2264750527136,"yearn":24.47655}