{"stakedao":62.94036967693451,"convex":20.533145109667203,"yearn":42.44594}