{"stakedao":42.96706002359775,"convex":15.8025160952352,"yearn":16.89663}