{"stakedao":52.91507425759245,"convex":27.013043350727997,"yearn":28.29243}