{"stakedao":45.81370170734592,"convex":21.7257199496208,"yearn":42.59521}