{"stakedao":64.09503554073783,"convex":20.351993177073602,"yearn":37.94986}