{"stakedao":52.20038324898924,"convex":13.592568665246402,"yearn":32.05846}