{"stakedao":61.20700624732784,"convex":18.818694988776,"yearn":48.36625}