{"stakedao":41.57840103234492,"convex":15.342065133984,"yearn":14.94948}