{"stakedao":55.332121421329376,"convex":11.8233045991584,"yearn":17.54173}