{"stakedao":41.02100926893906,"convex":21.735426638966402,"yearn":27.11244}