{"stakedao":54.70387398944032,"convex":10.7689545890064,"yearn":16.03804}