{"stakedao":48.212307877739605,"convex":11.0747132961264,"yearn":20.35327}