{"stakedao":44.22978862698734,"convex":19.5860563518672,"yearn":43.82425}