{"stakedao":63.85231309151012,"convex":20.2080159790416,"yearn":38.12459}