{"stakedao":46.92674694756014,"convex":26.0586277173648,"yearn":28.93661}