{"stakedao":55.76213682215594,"convex":12.376498357382399,"yearn":16.74229}