{"stakedao":49.21640984309542,"convex":22.7273628117456,"yearn":34.56538}