{"stakedao":45.24379104633067,"convex":22.0629565516608,"yearn":40.1044}