{"stakedao":66.29510364827907,"convex":14.1928287366384,"yearn":36.34898}