{"stakedao":43.562421019972746,"convex":19.561833118224,"yearn":43.78455}