{"stakedao":38.73754343546253,"convex":17.6021653212288,"yearn":29.43448}