{"stakedao":54.94252119440303,"convex":12.174597852854397,"yearn":15.76703}