{"stakedao":42.28991197352745,"convex":13.262663533564801,"yearn":18.05011}