{"stakedao":53.89228297047748,"convex":9.751270464288,"yearn":19.45216}