{"stakedao":51.93824651391896,"convex":10.967237731425598,"yearn":17.23635}