{"stakedao":45.299802160463884,"convex":22.936867210368,"yearn":33.64804}