{"stakedao":53.97573502328895,"convex":12.346129410134399,"yearn":16.29698}