{"stakedao":40.59631211558535,"convex":18.878302752868798,"yearn":29.24838}