{"stakedao":45.75197161167759,"convex":22.7557293585984,"yearn":30.77885}