{"stakedao":44.94257781160162,"convex":22.6915625012112,"yearn":48.31085}