{"stakedao":51.73931534862653,"convex":25.3186956448992,"yearn":31.00901}