{"stakedao":64.52650019522046,"convex":18.6599552404176,"yearn":43.37552}