{"stakedao":45.466517314405564,"convex":20.468242820145598,"yearn":47.29844}