{"stakedao":38.70728365674623,"convex":16.420740157065598,"yearn":29.43448}