{"stakedao":39.6977053601724,"convex":15.682291506504,"yearn":33.27041}