{"stakedao":56.292867162882516,"convex":12.2662338056064,"yearn":24.58795}