{"stakedao":49.15007018967964,"convex":31.1775578567712,"yearn":27.05601}