{"stakedao":41.679065174245665,"convex":21.5214772663728,"yearn":25.86536}