{"stakedao":52.60201764252524,"convex":26.7235200418176,"yearn":28.13794}