{"stakedao":41.157183675266516,"convex":20.999149213622402,"yearn":25.25831}