{"stakedao":40.64801297505852,"convex":13.7474550959904,"yearn":16.40924}