{"stakedao":42.727968995106494,"convex":22.8063712991328,"yearn":29.43448}