{"stakedao":39.670392119022736,"convex":15.682291506504,"yearn":33.31711}