{"stakedao":40.55287679346671,"convex":17.192502176587197,"yearn":29.66956}