{"stakedao":46.00312660056163,"convex":21.644382285806397,"yearn":42.19701}