{"stakedao":47.07150606796955,"convex":10.179138830846401,"yearn":18.37041}