{"stakedao":44.31101512906579,"convex":14.189235695092801,"yearn":19.41502}