{"stakedao":37.58074762354472,"convex":14.058149966049601,"yearn":25.31116}