{"stakedao":47.40916686121123,"convex":22.3940908084032,"yearn":37.75036}