{"stakedao":66.02128218174585,"convex":19.562362847337603,"yearn":40.68387}