{"stakedao":28.954361837970737,"convex":15.7428185229216,"yearn":25.81229}