{"stakedao":41.147314316088355,"convex":19.123254908467203,"yearn":30.19389}