{"stakedao":47.137277626935216,"convex":8.9910423425664,"yearn":28.0909}