{"stakedao":47.64965593833226,"convex":13.035321619632,"yearn":24.47951}