{"stakedao":45.540326771377906,"convex":23.1133679487792,"yearn":37.67421}