{"stakedao":42.65674708252479,"convex":12.071199624897599,"yearn":21.9835}