{"stakedao":54.62712585367096,"convex":10.4424366949344,"yearn":16.08467}