{"stakedao":44.53832989447197,"convex":22.6577928347136,"yearn":49.62156}