{"stakedao":47.73182291803672,"convex":11.540228115888002,"yearn":33.74406}