{"stakedao":40.74323464771247,"convex":19.835728844328,"yearn":27.21531}