{"stakedao":40.348740369965526,"convex":16.2772201206576,"yearn":35.388}