{"stakedao":45.04378596683145,"convex":9.0126450828288,"yearn":26.97575}