{"stakedao":53.09091026983067,"convex":15.500362113748801,"yearn":38.31004}