{"stakedao":47.78678509890306,"convex":11.469288445228802,"yearn":34.13108}