{"stakedao":53.67814756319838,"convex":15.9165902273472,"yearn":23.2777}