{"stakedao":39.219902056188545,"convex":16.2631136894256,"yearn":27.95499}