{"stakedao":52.628639356863836,"convex":13.7288584713168,"yearn":18.83071}