{"stakedao":52.43978976660172,"convex":15.7702099892688,"yearn":26.0204}