{"stakedao":40.73670168014154,"convex":16.6875331497264,"yearn":35.08378}