{"stakedao":42.5521364784026,"convex":21.0334596152976,"yearn":29.36362}