{"stakedao":44.422605568532724,"convex":10.6441546186368,"yearn":25.93898}