{"stakedao":37.53761872142071,"convex":14.0547855951936,"yearn":25.34982}