{"stakedao":37.628791007321794,"convex":14.1595774399872,"yearn":24.64869}