{"stakedao":39.86713519757275,"convex":14.7006865557072,"yearn":19.76123}