{"stakedao":77.57496895865242,"convex":21.0899292383376,"yearn":33.63023}