{"stakedao":46.57836417092768,"convex":28.3760836041024,"yearn":31.00096}