{"stakedao":46.97164857422407,"convex":13.2338111525568,"yearn":24.46054}