{"stakedao":66.85945766546163,"convex":20.7314043257232,"yearn":42.87534}