{"stakedao":39.29481602673489,"convex":16.458155154950397,"yearn":26.44509}