{"stakedao":47.00641866180883,"convex":26.0210748976992,"yearn":28.2649}