{"stakedao":55.28389030927826,"convex":10.440902045951999,"yearn":13.94635}