{"stakedao":43.31622637128405,"convex":23.661686525227196,"yearn":30.84595}