{"stakedao":39.51646520770066,"convex":15.507882021168001,"yearn":33.01948}