{"stakedao":42.59478073384903,"convex":21.088381016260797,"yearn":32.98287}