{"stakedao":46.9060696903913,"convex":32.3845648412256,"yearn":27.09015}