{"stakedao":55.941657001563115,"convex":10.533436282742398,"yearn":16.2082}