{"stakedao":39.635135969953254,"convex":15.6050913248928,"yearn":35.74387}