{"stakedao":55.61980606612468,"convex":11.4018608064384,"yearn":16.29468}