{"stakedao":50.034345496596536,"convex":22.684244909846402,"yearn":34.56538}