{"stakedao":39.206642004519686,"convex":16.2724524955632,"yearn":27.95499}