{"stakedao":44.64588159420232,"convex":22.6562094941472,"yearn":47.16003}