{"stakedao":42.659723371305745,"convex":12.1985923306608,"yearn":18.47197}