{"stakedao":40.707323511773026,"convex":18.8782112953152,"yearn":29.24838}