{"stakedao":41.24157302103613,"convex":19.1276356436064,"yearn":30.12438}