{"stakedao":43.6816182875172,"convex":14.767082680320001,"yearn":18.6019}