{"stakedao":48.35122120238719,"convex":11.082739996526401,"yearn":20.35327}