{"stakedao":52.383366344304164,"convex":25.5063658416336,"yearn":28.72129}