{"stakedao":45.74032552490209,"convex":22.0408225086384,"yearn":42.0051}