{"stakedao":49.37465658620894,"convex":11.1542278921632,"yearn":32.87126}