{"stakedao":52.84520341610539,"convex":16.0152483453696,"yearn":24.24361}