{"stakedao":42.67724050095522,"convex":24.9578642081664,"yearn":0}