{"stakedao":37.566267788140564,"convex":14.0879237217552,"yearn":26.35451}