{"stakedao":42.4632159649888,"convex":20.6654793647184,"yearn":30.71811}