{"stakedao":44.81396397618751,"convex":20.4955079312016,"yearn":47.50781}