{"stakedao":44.49489073430542,"convex":19.6416903655152,"yearn":43.29967}