{"stakedao":67.61006410292009,"convex":23.6331451869408,"yearn":36.18087}