{"stakedao":37.47748689754553,"convex":23.7293767832112,"yearn":30.60795}