{"stakedao":46.22701693333889,"convex":28.387187672529603,"yearn":29.65644}