{"stakedao":39.04616290135273,"convex":16.373380366728,"yearn":27.10863}