{"stakedao":53.469259744467536,"convex":9.7657100512848,"yearn":19.65629}