{"stakedao":39.67204166831801,"convex":15.6040960928832,"yearn":35.63162}