{"stakedao":54.23524425411772,"convex":26.8130616825024,"yearn":29.3481}