{"stakedao":58.733557034290385,"convex":17.175304674936,"yearn":35.91198}