{"stakedao":40.5753077066866,"convex":16.2641973168432,"yearn":34.26049}