{"stakedao":41.45465131339151,"convex":14.8057415621136,"yearn":21.35053}