{"stakedao":37.63298926353225,"convex":14.1855522997536,"yearn":26.67666}