{"stakedao":47.16616647901698,"convex":10.179138830846401,"yearn":18.37041}