{"stakedao":76.50881412731168,"convex":20.882592441446402,"yearn":33.67092}