{"stakedao":41.62863189942009,"convex":18.2860094445552,"yearn":31.61475}