{"stakedao":45.625065455655395,"convex":10.618894487620802,"yearn":25.16257}