{"stakedao":28.94588678004337,"convex":15.7776729363648,"yearn":24.27526}