{"stakedao":40.6989355818849,"convex":16.6874503456512,"yearn":33.28391}