{"stakedao":45.38001730093797,"convex":10.7225561042496,"yearn":26.23792}