{"stakedao":54.70200290012478,"convex":12.219407579159999,"yearn":15.9793}