{"stakedao":39.20103172848537,"convex":18.0394504824528,"yearn":29.43448}