{"stakedao":45.716325280170594,"convex":10.7132458760352,"yearn":26.84933}