{"stakedao":40.00478195461361,"convex":13.025234271844802,"yearn":19.23041}