{"stakedao":40.55363219674595,"convex":16.253169470928,"yearn":34.10925}