{"stakedao":49.62840007630007,"convex":17.4411184054176,"yearn":19.65905}