{"stakedao":56.76558941294069,"convex":12.292774749187199,"yearn":23.68545}