{"stakedao":50.19117427392378,"convex":31.218300397771202,"yearn":27.83003}