{"stakedao":53.206050895622965,"convex":24.931744907212803,"yearn":38.8935}