{"stakedao":39.168573949752606,"convex":17.662294747526403,"yearn":29.43448}