{"stakedao":45.296373465545685,"convex":20.4651050102208,"yearn":48.26909}