{"stakedao":40.545634978678656,"convex":18.8784865762128,"yearn":29.24838}