{"stakedao":51.495660616216014,"convex":13.8909706069824,"yearn":26.87601}