{"stakedao":52.9376212645389,"convex":27.01624613112,"yearn":28.36983}