{"stakedao":49.39341942692487,"convex":16.8116329609776,"yearn":19.9304}