{"stakedao":57.31161024455362,"convex":11.002257194832,"yearn":15.05915}