{"stakedao":56.60619174327751,"convex":30.9922216330896,"yearn":46.36063}