{"stakedao":43.65572448364868,"convex":12.0753360033408,"yearn":22.72018}