{"stakedao":38.96757174541132,"convex":15.968765687875202,"yearn":27.80846}