{"stakedao":51.30435223177608,"convex":25.1690455935072,"yearn":32.08985}