{"stakedao":42.685087416532184,"convex":15.278958917424,"yearn":18.15741}