{"stakedao":50.342775334787376,"convex":10.011564395078398,"yearn":17.42946}