{"stakedao":28.914297946888027,"convex":15.7259470183632,"yearn":23.81013}