{"stakedao":45.68615756059546,"convex":21.617612665228805,"yearn":42.81794}