{"stakedao":52.45237434479523,"convex":11.974939844904,"yearn":24.95174}