{"stakedao":39.02366452058704,"convex":17.665240859568,"yearn":29.43448}