{"stakedao":51.01461837132677,"convex":22.8628858704336,"yearn":34.56538}