{"stakedao":54.65939137957337,"convex":10.4965347792384,"yearn":16.50972}