{"stakedao":41.27160741869156,"convex":21.510698687308796,"yearn":27.12233}