{"stakedao":46.84928451259296,"convex":11.165879189030399,"yearn":32.1811}