{"stakedao":45.79097536026169,"convex":22.954799116080004,"yearn":33.2367}