{"stakedao":55.096507355472426,"convex":10.5944324160816,"yearn":14.62723}