{"stakedao":49.312046215606685,"convex":21.7890589523184,"yearn":38.63608}