{"stakedao":56.761595490910594,"convex":11.637534796473599,"yearn":14.3114}