{"stakedao":28.96830421757769,"convex":15.7461560282592,"yearn":23.9791}