{"stakedao":57.75924027394138,"convex":31.10544183024,"yearn":48.08417}