{"stakedao":68.75718262311247,"convex":23.4745752536352,"yearn":36.18087}