{"stakedao":47.4431236760331,"convex":13.233808746360001,"yearn":24.37557}