{"stakedao":47.030697662576,"convex":14.322179733393599,"yearn":18.09478}