{"stakedao":42.386706491129,"convex":15.2913970974096,"yearn":15.17585}