{"stakedao":43.743549106378175,"convex":26.4890344701744,"yearn":27.02492}