{"stakedao":37.575804435402446,"convex":14.0885096164848,"yearn":26.30311}