{"stakedao":69.61058042638004,"convex":23.6121917949936,"yearn":36.61276}