{"stakedao":46.46831747881079,"convex":28.399131434260802,"yearn":32.12691}