{"stakedao":52.19162783288266,"convex":16.6446441865728,"yearn":27.25925}