{"stakedao":42.44740742934015,"convex":20.706979324751998,"yearn":30.19132}