{"stakedao":44.53986853732296,"convex":22.103436199104,"yearn":45.81119}