{"stakedao":55.0515020042197,"convex":12.2632914179664,"yearn":24.87155}