{"stakedao":67.82268614738527,"convex":23.4836498227824,"yearn":36.18087}