{"stakedao":53.083943696794336,"convex":14.863177732017599,"yearn":30.95609}