{"stakedao":51.168793798473914,"convex":10.969009799184,"yearn":17.9467}