{"stakedao":56.846896009574195,"convex":30.9850074104256,"yearn":45.22489}