{"stakedao":41.189927593581686,"convex":14.805376829352,"yearn":21.03314}