{"stakedao":39.71306767147681,"convex":15.60452360436,"yearn":35.03423}