{"stakedao":61.77940750120064,"convex":19.7457835775328,"yearn":41.70717}