{"stakedao":42.74728026551044,"convex":13.1871954352176,"yearn":16.7192}