{"stakedao":44.28760349435625,"convex":23.2204087455696,"yearn":35.68967}