{"stakedao":42.59170201414173,"convex":23.0820888410352,"yearn":29.43448}