{"stakedao":45.78858598304349,"convex":10.712565442684802,"yearn":26.98229}