{"stakedao":45.436083175090225,"convex":13.221742158216,"yearn":25.01082}