{"stakedao":43.73810288867554,"convex":26.7692224229856,"yearn":26.74047}