{"stakedao":45.27232689012381,"convex":20.469827895192,"yearn":47.76432}