{"stakedao":55.38885073600119,"convex":12.1249418317488,"yearn":15.49304}