{"stakedao":46.83396948507906,"convex":26.0596771282224,"yearn":28.76888}