{"stakedao":46.719123288082464,"convex":20.287395017582398,"yearn":41.19833}