{"stakedao":39.05697384624391,"convex":18.0569919283344,"yearn":29.43448}