{"stakedao":41.792669005239034,"convex":20.6936631919872,"yearn":25.52809}