{"stakedao":57.07335470600687,"convex":11.6351322736176,"yearn":14.60313}