{"stakedao":44.91716690241364,"convex":21.720734067023997,"yearn":50.20835}