{"stakedao":55.34514243844576,"convex":10.414785371947199,"yearn":15.81364}