{"stakedao":43.377604623428624,"convex":28.5602558371776,"yearn":26.63196}