{"stakedao":65.73187901006982,"convex":19.082811161606397,"yearn":32.46626}