{"stakedao":54.27210292138433,"convex":10.441042299158399,"yearn":15.78042}