{"stakedao":51.13149861889709,"convex":13.815390571603198,"yearn":17.93551}