{"stakedao":42.24055524045721,"convex":23.6089125145728,"yearn":29.43448}