{"stakedao":47.21930491956134,"convex":13.21908135552,"yearn":24.72048}