{"stakedao":43.167133038346705,"convex":25.1107947415008,"yearn":30.92689}