{"stakedao":42.64761636827433,"convex":15.2841937294368,"yearn":19.89198}