{"stakedao":42.2321927308749,"convex":23.633808877828802,"yearn":29.43448}