{"stakedao":39.290977176022196,"convex":16.062683374296,"yearn":26.79239}