{"stakedao":44.14797971245662,"convex":22.5079768945008,"yearn":31.4497}