{"stakedao":57.01690678935796,"convex":11.0136171274416,"yearn":15.31908}