{"stakedao":55.36854599889905,"convex":11.3462150677056,"yearn":22.60339}