{"stakedao":55.26566618575541,"convex":10.5340518654624,"yearn":21.90549}