{"stakedao":45.567932171900146,"convex":22.9542680435328,"yearn":32.6444}