{"stakedao":37.49658372174754,"convex":23.7261621957408,"yearn":30.55283}