{"stakedao":42.470178319183226,"convex":20.686321699487998,"yearn":29.66441}