{"stakedao":53.23914340080581,"convex":28.015329361190403,"yearn":30.30728}