{"stakedao":46.333893267244285,"convex":22.173949332748798,"yearn":40.18512}