{"stakedao":55.5107024308915,"convex":11.4075529503696,"yearn":15.53399}