{"stakedao":67.98544348963767,"convex":20.1926863010592,"yearn":31.68482}