{"stakedao":51.10006216963669,"convex":25.2099489554928,"yearn":31.28026}