{"stakedao":44.61895793800397,"convex":22.1254789107168,"yearn":44.32306}