{"stakedao":48.32775967511445,"convex":13.0910213290752,"yearn":24.01432}