{"stakedao":42.69367789379798,"convex":25.1016637229136,"yearn":29.1218}