{"stakedao":42.55030500016907,"convex":22.9955256084096,"yearn":29.43448}