{"stakedao":39.56949609822426,"convex":15.428395284033599,"yearn":25.60773}