{"stakedao":39.04204396383231,"convex":18.0569919283344,"yearn":29.43448}