{"stakedao":47.418561558468085,"convex":29.339644030977603,"yearn":34.56046}