{"stakedao":42.4665312926629,"convex":22.1739861131856,"yearn":25.63563}