{"stakedao":44.91433677902988,"convex":9.011778013123198,"yearn":26.46048}