{"stakedao":43.868006710534594,"convex":23.314292455104,"yearn":32.18188}