{"stakedao":41.80392718744522,"convex":21.5180097917184,"yearn":26.58333}