{"stakedao":52.97100856903481,"convex":27.994234202308796,"yearn":30.53012}