{"stakedao":64.03411806228524,"convex":20.2899352833792,"yearn":31.08043}