{"stakedao":57.98231473958093,"convex":24.310209849206398,"yearn":39.52612}