{"stakedao":45.074109407453804,"convex":9.0134401243104,"yearn":25.71615}