{"stakedao":41.10845091838041,"convex":13.0090586690448,"yearn":16.54477}