{"stakedao":54.41179020303649,"convex":10.4384961834336,"yearn":15.63395}