{"stakedao":45.86637689293437,"convex":20.5239563455104,"yearn":44.95068}