{"stakedao":40.943825396215495,"convex":17.1156037566528,"yearn":30.18414}