{"stakedao":48.34306668399378,"convex":12.2015309213664,"yearn":22.50053}