{"stakedao":42.30884802968825,"convex":13.2731214009696,"yearn":19.13259}