{"stakedao":47.53679232974857,"convex":22.4064819240624,"yearn":38.50774}