{"stakedao":48.45802328865214,"convex":27.9329619429072,"yearn":27.15918}