{"stakedao":45.37695233670878,"convex":10.6123291023888,"yearn":24.96123}