{"stakedao":47.80872239512493,"convex":22.4063299300032,"yearn":38.11057}