{"stakedao":54.745560533352325,"convex":10.5981977451024,"yearn":15.672}