{"stakedao":41.1950943384905,"convex":20.983229386704,"yearn":24.09531}