{"stakedao":40.46482657287986,"convex":18.8663017123008,"yearn":29.24838}