{"stakedao":37.57943567550477,"convex":24.309073909871998,"yearn":29.74534}