{"stakedao":64.53094115474454,"convex":19.0267282645344,"yearn":41.94741}