{"stakedao":41.038554041854,"convex":21.7361407969152,"yearn":27.11244}