{"stakedao":49.36157288810496,"convex":22.9158600684624,"yearn":33.21496}