{"stakedao":28.899396913417938,"convex":15.864843369441601,"yearn":25.81229}