{"stakedao":44.45190993252506,"convex":22.612746446496,"yearn":44.71437}