{"stakedao":62.67950000499515,"convex":19.1316514788432,"yearn":49.0982}