{"stakedao":56.765576529733686,"convex":12.174472490947199,"yearn":17.84201}