{"stakedao":55.4069853703316,"convex":10.2250972527984,"yearn":20.65588}