{"stakedao":51.126258490667794,"convex":13.8214772214336,"yearn":18.04416}