{"stakedao":40.732632458953404,"convex":17.0621484958656,"yearn":31.30531}