{"stakedao":55.52832250959554,"convex":10.1824543303632,"yearn":21.03796}