{"stakedao":48.822947044394844,"convex":11.079035629747201,"yearn":20.05504}