{"stakedao":54.049668822379594,"convex":15.925934148624002,"yearn":23.56636}