{"stakedao":62.21123953814372,"convex":19.1141753976288,"yearn":47.32306}