{"stakedao":58.08691513317282,"convex":12.0753932096448,"yearn":14.38431}