{"stakedao":37.573059492089385,"convex":24.3240799811904,"yearn":29.9283}