{"stakedao":40.08878398172815,"convex":13.1404633941888,"yearn":17.50049}