{"stakedao":48.096859737938495,"convex":26.0300662023456,"yearn":27.76241}