{"stakedao":44.64610681309608,"convex":22.1231657167344,"yearn":44.84328}