{"stakedao":51.6883427444117,"convex":24.299871279336,"yearn":41.74195}