{"stakedao":54.946565698323774,"convex":11.313933641812799,"yearn":15.45908}