{"stakedao":54.76755512850277,"convex":11.3477717225088,"yearn":22.39226}