{"stakedao":40.539221628106425,"convex":13.1765224449888,"yearn":18.74012}