{"stakedao":66.91907953614896,"convex":18.453679916904,"yearn":30.7668}