{"stakedao":43.4053087240781,"convex":23.6637820577376,"yearn":30.90623}