{"stakedao":67.36817852475781,"convex":23.5922325123744,"yearn":36.18087}