{"stakedao":48.367801765811016,"convex":13.0617634234896,"yearn":23.73562}