{"stakedao":54.302820073156695,"convex":10.6045993544256,"yearn":15.18816}