{"stakedao":46.095341160343544,"convex":12.233215402315201,"yearn":24.45829}