{"stakedao":42.47868968414737,"convex":23.2634342469888,"yearn":29.43448}