{"stakedao":27.903240316609647,"convex":13.6850977175184,"yearn":25.5024}