{"stakedao":51.64398234708609,"convex":25.0663933937808,"yearn":32.85574}