{"stakedao":41.39598379717086,"convex":17.4519229417632,"yearn":33.21343}