{"stakedao":39.39178238930542,"convex":16.90892943336,"yearn":26.91508}