{"stakedao":47.32180136432569,"convex":13.2316058968416,"yearn":26.66259}