{"stakedao":66.35014881919628,"convex":19.558432364284798,"yearn":40.68387}