{"stakedao":39.37647601491272,"convex":15.7190327692848,"yearn":26.79239}