{"stakedao":45.54788664586803,"convex":10.621043117294402,"yearn":26.27739}