{"stakedao":45.553138932855916,"convex":10.618195066444802,"yearn":25.33559}