{"stakedao":47.43465502463057,"convex":13.092984315777601,"yearn":24.29241}