{"stakedao":47.57350502840438,"convex":22.8214920258864,"yearn":0}