{"stakedao":65.44729571423028,"convex":19.613841598785598,"yearn":40.53707}