{"stakedao":40.50673685866616,"convex":16.454383783632,"yearn":18.58358}