{"stakedao":58.46893396592171,"convex":16.8741181390896,"yearn":36.80016}