{"stakedao":40.60036086648474,"convex":19.9980028227456,"yearn":29.46132}