{"stakedao":46.77236570732611,"convex":13.2581962731024,"yearn":25.61994}