{"stakedao":45.34618575115684,"convex":20.469785785171197,"yearn":48.81248}