{"stakedao":52.506418017031734,"convex":10.9689983547696,"yearn":17.6525}