{"stakedao":38.92147655005968,"convex":15.9655331721888,"yearn":27.78831}