{"stakedao":48.27018373496529,"convex":10.988185800096,"yearn":35.61219}