{"stakedao":38.9409965721396,"convex":15.9687733385088,"yearn":27.83444}