{"stakedao":65.6718506045924,"convex":18.835495225128,"yearn":41.94741}