{"stakedao":83.1698431019964,"convex":25.795896640344,"yearn":41.64514}