{"stakedao":53.026707300572724,"convex":24.297518599127997,"yearn":38.35737}