{"stakedao":41.59277745765376,"convex":18.274650946833603,"yearn":31.69642}