{"stakedao":53.20565786491737,"convex":27.9980597524752,"yearn":31.24622}