{"stakedao":59.0312631242905,"convex":16.963677222336003,"yearn":36.07982}