{"stakedao":40.555539274739495,"convex":15.120191275473601,"yearn":20.43484}