{"stakedao":51.40363534543016,"convex":13.830300253137601,"yearn":27.9006}