{"stakedao":48.725715646091906,"convex":11.0736415388592,"yearn":20.50837}