{"stakedao":52.79429924524593,"convex":14.1477416985168,"yearn":22.21309}