{"stakedao":47.34295073394396,"convex":22.9815088529472,"yearn":38.79658}