{"stakedao":37.605372870907914,"convex":24.3205438968144,"yearn":29.9832}