{"stakedao":48.7471719029745,"convex":22.907325143347197,"yearn":29.97243}