{"stakedao":44.22338299268364,"convex":23.865581379009598,"yearn":34.12568}