{"stakedao":42.516831024719615,"convex":22.8291334036704,"yearn":25.45118}