{"stakedao":39.74913766354239,"convex":15.60452360436,"yearn":34.92207}