{"stakedao":42.75792629390407,"convex":13.2162699400416,"yearn":16.6449}