{"stakedao":55.80959156624993,"convex":13.7141252620848,"yearn":18.45373}