{"stakedao":41.629616395509565,"convex":18.1585210175712,"yearn":31.35837}