{"stakedao":39.527711872283724,"convex":15.684003233279999,"yearn":25.60773}