{"stakedao":41.74711287592962,"convex":17.5194834511824,"yearn":32.63708}