{"stakedao":49.35961929095323,"convex":22.954549587480003,"yearn":33.01566}