{"stakedao":43.42345561344166,"convex":14.1765851989872,"yearn":17.07076}