{"stakedao":64.58549352976802,"convex":18.9857158384464,"yearn":42.08833}