{"stakedao":52.346903341256294,"convex":14.6788847696736,"yearn":30.95609}