{"stakedao":28.942167245176876,"convex":15.864750035496,"yearn":25.81229}