{"stakedao":44.28884678855129,"convex":23.863308219979203,"yearn":34.12568}