{"stakedao":42.17039276238012,"convex":22.730395736088,"yearn":26.05104}