{"stakedao":42.57923803653117,"convex":20.6923216537008,"yearn":31.61493}