{"stakedao":52.93596906381614,"convex":15.775350272121598,"yearn":23.70673}