{"stakedao":51.443519602872996,"convex":12.1905838549152,"yearn":25.53859}