{"stakedao":53.86699723592159,"convex":14.1914708059392,"yearn":23.00197}