{"stakedao":62.82207848487588,"convex":19.111834798862397,"yearn":46.54894}