{"stakedao":63.77282803769872,"convex":20.345778178876802,"yearn":37.94986}