{"stakedao":56.217652121229065,"convex":10.4285412616176,"yearn":15.98685}