{"stakedao":41.23094117349176,"convex":14.759316271756798,"yearn":20.20993}