{"stakedao":53.4743318317706,"convex":25.493608441641598,"yearn":33.72572}