{"stakedao":53.369038997714426,"convex":13.7143087322256,"yearn":18.98477}