{"stakedao":42.14072466056573,"convex":22.7502748983456,"yearn":26.14355}