{"stakedao":37.64865426387493,"convex":14.1259433372928,"yearn":25.07375}