{"stakedao":56.10036813372486,"convex":31.04042019588,"yearn":46.98871}