{"stakedao":42.127086088703976,"convex":13.794800641516801,"yearn":16.11992}