{"stakedao":46.12537493466287,"convex":12.2313867684336,"yearn":24.17967}