{"stakedao":58.34205033274968,"convex":30.741744332448,"yearn":40.36477}