{"stakedao":58.004558766096906,"convex":12.074748989083199,"yearn":14.59894}