{"stakedao":63.95581684997917,"convex":20.197162527206398,"yearn":37.94986}