{"stakedao":44.85061446533684,"convex":9.0120519821232,"yearn":26.58161}