{"stakedao":42.53482038272001,"convex":21.0896557896816,"yearn":30.06267}