{"stakedao":55.65266134256318,"convex":11.382734588256,"yearn":14.32089}