{"stakedao":41.500217513386,"convex":18.0729049308624,"yearn":31.7004}