{"stakedao":51.62775319408547,"convex":13.750591247121601,"yearn":16.96703}