{"stakedao":67.70687590243753,"convex":24.3277715065104,"yearn":35.16891}