{"stakedao":51.97499147359164,"convex":11.9897579679696,"yearn":24.98475}