{"stakedao":42.234714702052635,"convex":24.71152145688,"yearn":29.43448}