{"stakedao":53.265545920069385,"convex":28.0152765856944,"yearn":30.35185}