{"stakedao":53.376236556579514,"convex":25.499736236491202,"yearn":33.67724}