{"stakedao":44.469938332040456,"convex":23.301414530827202,"yearn":31.71188}