{"stakedao":81.71006089654972,"convex":26.0560445216112,"yearn":41.16868}