{"stakedao":40.30503213799992,"convex":16.1854163743104,"yearn":35.27816}