{"stakedao":55.11808996164991,"convex":12.2632914179664,"yearn":24.87155}