{"stakedao":51.051551947464695,"convex":29.336940370857597,"yearn":37.57995}