{"stakedao":45.27067620065971,"convex":10.718653442256,"yearn":25.91951}