{"stakedao":37.6508462365984,"convex":24.334871029588797,"yearn":30.0381}