{"stakedao":55.190996166919675,"convex":11.3462150677056,"yearn":22.55661}