{"stakedao":37.53210471008724,"convex":15.3404827111152,"yearn":28.20901}