{"stakedao":57.31282942922219,"convex":12.2862000734496,"yearn":23.87069}