{"stakedao":52.52923537233655,"convex":24.2352153805824,"yearn":37.8441}