{"stakedao":45.795133554986705,"convex":22.7558651305392,"yearn":30.65455}