{"stakedao":56.93615948408818,"convex":12.259219600022398,"yearn":24.26834}