{"stakedao":41.462790688011246,"convex":20.7009534605616,"yearn":25.57517}