{"stakedao":53.116454372821984,"convex":13.7288584713168,"yearn":18.86153}