{"stakedao":49.13884526970751,"convex":31.1653502995536,"yearn":26.98133}