{"stakedao":66.52547875138495,"convex":20.3264203603104,"yearn":42.23558}