{"stakedao":44.09160707858679,"convex":19.5631656435216,"yearn":42.617}