{"stakedao":41.39427469165495,"convex":14.743871332847998,"yearn":20.87031}