{"stakedao":54.07471171387225,"convex":15.9144481003968,"yearn":23.45369}