{"stakedao":44.22323714187635,"convex":19.5860563518672,"yearn":43.85216}