{"stakedao":48.32131539754795,"convex":22.5797881949712,"yearn":34.56538}