{"stakedao":42.834412254854186,"convex":13.247294952772801,"yearn":17.89337}