{"stakedao":42.474778772906674,"convex":13.2211235101968,"yearn":17.60863}