{"stakedao":42.6442851711311,"convex":21.0503319019488,"yearn":30.14698}