{"stakedao":48.39362738333675,"convex":29.328404241067197,"yearn":36.46659}