{"stakedao":43.345449140458925,"convex":19.5570415636128,"yearn":43.00505}