{"stakedao":44.35243733889283,"convex":22.557366348105603,"yearn":30.07681}