{"stakedao":39.806166969322476,"convex":15.544196160364798,"yearn":33.74553}