{"stakedao":41.327391099434614,"convex":17.5305259487232,"yearn":33.86427}