{"stakedao":52.53319381492784,"convex":10.988990690270398,"yearn":17.01694}