{"stakedao":71.81190896199237,"convex":20.264987238926402,"yearn":30.47594}