{"stakedao":45.80666014470448,"convex":20.49076560744,"yearn":49.27849}