{"stakedao":40.92228033138908,"convex":21.7539609075072,"yearn":27.8876}