{"stakedao":40.722383485558495,"convex":18.877433800464004,"yearn":29.24838}