{"stakedao":49.17960259976102,"convex":16.823781542721598,"yearn":19.85088}