{"stakedao":52.86658758091771,"convex":11.286992834366398,"yearn":16.38647}