{"stakedao":56.485714102324465,"convex":31.040410331419203,"yearn":46.80083}