{"stakedao":45.71734045365223,"convex":31.0053641696352,"yearn":41.73385}