{"stakedao":41.150460645887236,"convex":20.8486305378,"yearn":26.12188}