{"stakedao":52.054068423929834,"convex":22.8580189983936,"yearn":42.19701}