{"stakedao":45.04290423114517,"convex":21.730515351624,"yearn":50.20835}