{"stakedao":48.10609323726298,"convex":21.1274376363936,"yearn":42.19701}