{"stakedao":61.98446789389115,"convex":19.759534967016002,"yearn":40.68866}