{"stakedao":53.45801558052532,"convex":26.8916480794512,"yearn":29.24165}