{"stakedao":39.306335285846764,"convex":16.3799731662048,"yearn":27.95499}