{"stakedao":53.69291303970059,"convex":9.7152833754864,"yearn":19.38419}