{"stakedao":45.68394057632092,"convex":31.0244576597568,"yearn":41.05932}