{"stakedao":42.425868020571606,"convex":25.3980004098528,"yearn":29.97465}