{"stakedao":52.812435127239,"convex":11.278791342532799,"yearn":16.89314}