{"stakedao":46.523845395382196,"convex":28.399131434260802,"yearn":31.98738}