{"stakedao":49.01471908683121,"convex":29.322146353910398,"yearn":33.81033}