{"stakedao":44.782796197767475,"convex":23.223300990969598,"yearn":36.32083}