{"stakedao":43.06214779476829,"convex":16.449177804984,"yearn":18.74906}