{"stakedao":41.65251549171873,"convex":18.036015716937598,"yearn":31.45095}