{"stakedao":49.505889498339734,"convex":22.340659688423997,"yearn":41.35764}