{"stakedao":50.62567241963339,"convex":13.491616460903998,"yearn":17.6968}