{"stakedao":44.23527178016644,"convex":23.8485820779648,"yearn":35.06287}