{"stakedao":67.58889525714739,"convex":18.4594687344432,"yearn":30.23834}