{"stakedao":48.080277364598835,"convex":27.9330067713312,"yearn":27.06346}