{"stakedao":42.553135287062695,"convex":20.9326455039456,"yearn":32.4592}