{"stakedao":46.56480696315337,"convex":22.1463176346144,"yearn":44.7232}