{"stakedao":55.886699232788565,"convex":11.3132699950752,"yearn":15.91725}