{"stakedao":66.31918566554327,"convex":20.477457163152,"yearn":44.76957}