{"stakedao":46.50281926211546,"convex":21.6080244377136,"yearn":42.19701}