{"stakedao":48.321702549822916,"convex":10.988600350276801,"yearn":35.37354}