{"stakedao":40.97825437773878,"convex":19.8360382818672,"yearn":27.25461}