{"stakedao":39.23715868023159,"convex":16.467614444376,"yearn":26.47267}