{"stakedao":42.635474196114174,"convex":12.2167058648112,"yearn":17.99204}