{"stakedao":43.56837844902659,"convex":26.8682574782016,"yearn":26.69907}