{"stakedao":47.445809462670205,"convex":11.376728995406399,"yearn":30.51504}