{"stakedao":38.75641442903747,"convex":16.3891434723408,"yearn":27.95499}