{"stakedao":44.312522609715664,"convex":19.5707917578816,"yearn":43.43116}