{"stakedao":41.21351029629637,"convex":17.1925351254,"yearn":29.91542}