{"stakedao":52.754090018033395,"convex":11.2943732328288,"yearn":16.92516}