{"stakedao":56.39874806392736,"convex":10.4285412616176,"yearn":16.02571}