{"stakedao":46.38714666802624,"convex":20.2887143072208,"yearn":44.56622}