{"stakedao":47.50483352956961,"convex":13.048443720849601,"yearn":24.42693}