{"stakedao":54.506535870858784,"convex":12.266780217264,"yearn":26.43446}