{"stakedao":72.14586553844742,"convex":24.3822555914544,"yearn":43.63658}