{"stakedao":52.11255438171237,"convex":28.180357000056,"yearn":29.15326}