{"stakedao":41.277250455573,"convex":20.664988888464,"yearn":23.21067}