{"stakedao":63.165800576220676,"convex":18.624380169456,"yearn":43.244}