{"stakedao":49.09155357259912,"convex":16.8161657343264,"yearn":19.9304}