{"stakedao":48.41428318378578,"convex":11.0597040964368,"yearn":19.73708}