{"stakedao":50.88657693870776,"convex":9.972911038392,"yearn":17.18725}