{"stakedao":64.4663984029936,"convex":18.6607906479792,"yearn":33.06815}