{"stakedao":43.272466500985466,"convex":23.661399178655998,"yearn":31.1563}