{"stakedao":67.06116930017251,"convex":20.103455214287997,"yearn":31.933}