{"stakedao":45.719103500596134,"convex":20.1821855573088,"yearn":42.40413}