{"stakedao":40.81154892165224,"convex":17.261841660148797,"yearn":32.69883}