{"stakedao":45.930592651130034,"convex":8.977644225662399,"yearn":29.49486}