{"stakedao":39.4533382016686,"convex":15.567730956820801,"yearn":30.79709}