{"stakedao":55.25843160513187,"convex":9.808252433798401,"yearn":20.63359}