{"stakedao":42.45827177974236,"convex":12.1314035518416,"yearn":21.58143}