{"stakedao":47.60287011020796,"convex":22.978984727275197,"yearn":39.01322}