{"stakedao":42.86362921627149,"convex":13.246631208273602,"yearn":18.14802}