{"stakedao":50.422360556421744,"convex":22.6281740847552,"yearn":29.97243}