{"stakedao":42.95701404356839,"convex":28.5600231172656,"yearn":27.07378}