{"stakedao":44.13000091563411,"convex":19.585689159297598,"yearn":42.57558}