{"stakedao":40.874973257508884,"convex":13.264111158955199,"yearn":15.49553}