{"stakedao":51.95651068224535,"convex":13.585900778553599,"yearn":32.12419}