{"stakedao":46.91244747708738,"convex":26.019885817051197,"yearn":28.65674}