{"stakedao":40.872594977217574,"convex":16.7600975740272,"yearn":34.29284}