{"stakedao":38.96290159563749,"convex":16.3111670352432,"yearn":27.95499}