{"stakedao":42.35409485346411,"convex":22.0988440623888,"yearn":25.94319}