{"stakedao":39.955392121203715,"convex":16.436140387387198,"yearn":19.32371}