{"stakedao":45.96032312365199,"convex":21.646565305488,"yearn":42.19701}