{"stakedao":41.44353894931582,"convex":18.151973721388803,"yearn":31.84788}