{"stakedao":49.208569843575546,"convex":11.160927299088002,"yearn":32.75127}