{"stakedao":58.06319199422735,"convex":24.3100477226304,"yearn":39.39749}