{"stakedao":54.31811508765798,"convex":10.5983869295664,"yearn":15.6052}