{"stakedao":39.239594998363096,"convex":16.3829355161328,"yearn":27.95499}