{"stakedao":45.687782696713725,"convex":21.786886090382403,"yearn":42.75378}