{"stakedao":39.04990409831004,"convex":18.066796555881602,"yearn":29.43448}