{"stakedao":50.898509478543815,"convex":25.2086221508256,"yearn":31.45576}