{"stakedao":49.02048820980403,"convex":22.939747532006397,"yearn":29.97243}