{"stakedao":46.74778831321746,"convex":13.2581962731024,"yearn":25.61994}