{"stakedao":46.92529357414801,"convex":28.3745564039232,"yearn":29.8319}