{"stakedao":39.12996971688333,"convex":16.4360170690128,"yearn":19.32371}