{"stakedao":48.28140351058747,"convex":26.0353629416016,"yearn":27.56778}