{"stakedao":45.3033109758454,"convex":10.7191414965456,"yearn":25.98379}