{"stakedao":41.22588582188999,"convex":21.5168014078848,"yearn":25.68019}