{"stakedao":65.09083841350844,"convex":19.0167613653456,"yearn":41.94741}