{"stakedao":49.75599988414719,"convex":16.8146989571232,"yearn":20.17921}