{"stakedao":37.60721870508103,"convex":15.334901936568002,"yearn":27.88743}