{"stakedao":40.54659167108159,"convex":20.211290557444798,"yearn":27.59245}