{"stakedao":49.32005338328934,"convex":22.623329669500798,"yearn":34.56538}