{"stakedao":54.22500843046282,"convex":10.6045993544256,"yearn":15.17017}