{"stakedao":42.12094481110943,"convex":16.4388965581008,"yearn":19.0112}