{"stakedao":41.44457419307538,"convex":14.8054719450816,"yearn":21.35053}