{"stakedao":54.66207187492435,"convex":10.581604088472,"yearn":16.67687}