{"stakedao":38.88759823015082,"convex":15.963459781104001,"yearn":27.8517}