{"stakedao":56.103151846628904,"convex":11.3854387182624,"yearn":14.29266}