{"stakedao":38.77348955293998,"convex":18.0930040819488,"yearn":29.43448}