{"stakedao":55.84046341755098,"convex":12.2660488280448,"yearn":24.77012}