{"stakedao":43.23439261840383,"convex":15.307379854416,"yearn":14.88489}