{"stakedao":44.88221684936899,"convex":9.0132649796736,"yearn":26.21675}