{"stakedao":44.728332304036066,"convex":10.644173820907199,"yearn":25.64361}