{"stakedao":45.71539281258703,"convex":31.005503883575997,"yearn":41.73385}