{"stakedao":37.54249130969214,"convex":15.3404827111152,"yearn":28.14469}