{"stakedao":42.43076160866241,"convex":14.2235807895216,"yearn":17.34194}