{"stakedao":50.46297465897734,"convex":9.5706376079472,"yearn":17.63432}