{"stakedao":41.385799517222985,"convex":21.5223149697552,"yearn":26.39612}