{"stakedao":54.569374752788974,"convex":10.644140714414402,"yearn":15.06627}