{"stakedao":40.51196888607643,"convex":20.2114287324288,"yearn":27.65315}