{"stakedao":53.05440372957571,"convex":27.994234202308796,"yearn":30.53012}