{"stakedao":41.10657314164102,"convex":21.706921560772802,"yearn":26.97133}