{"stakedao":56.4477395141775,"convex":31.04042019588,"yearn":46.86373}