{"stakedao":66.52339269763931,"convex":20.4810759948384,"yearn":43.18765}