{"stakedao":47.448324330256554,"convex":22.9815088529472,"yearn":38.7606}