{"stakedao":52.15105438742483,"convex":12.2390285751072,"yearn":27.25925}