{"stakedao":38.79340994419462,"convex":15.9598476918144,"yearn":27.8517}