{"stakedao":59.330466025006324,"convex":17.1097016208048,"yearn":35.79244}