{"stakedao":45.98634601392215,"convex":21.6473024531808,"yearn":42.19701}