{"stakedao":64.10414331799012,"convex":17.333242071768,"yearn":33.835}