{"stakedao":48.04386712996405,"convex":11.4648828660288,"yearn":34.19127}