{"stakedao":44.43072826971564,"convex":22.6574581147632,"yearn":50.14515}