{"stakedao":44.62237558520423,"convex":22.1288161479984,"yearn":44.15739}