{"stakedao":39.230124751040215,"convex":16.3687314210624,"yearn":27.95499}