{"stakedao":44.34104302246223,"convex":23.8653068959728,"yearn":34.64634}