{"stakedao":47.58113768267651,"convex":13.0364108320752,"yearn":24.47951}