{"stakedao":39.533065460770715,"convex":15.7017421039824,"yearn":32.65109}