{"stakedao":55.03716015247761,"convex":10.5337879469856,"yearn":0}