{"stakedao":66.5820750543333,"convex":19.593784605024,"yearn":41.55229}