{"stakedao":51.45677732087958,"convex":14.789658063355201,"yearn":30.95609}