{"stakedao":44.48491016009906,"convex":10.6215845904144,"yearn":25.93898}