{"stakedao":45.37586407032656,"convex":20.4689821406688,"yearn":47.5314}