{"stakedao":53.19766532305006,"convex":24.2438159258064,"yearn":37.67261}