{"stakedao":48.094049260477995,"convex":10.9870275994992,"yearn":35.34411}