{"stakedao":52.51578793550008,"convex":16.972718006966403,"yearn":38.29301}