{"stakedao":53.84552860282342,"convex":13.802373289742402,"yearn":19.3501}