{"stakedao":53.31552987039899,"convex":11.283270895728002,"yearn":16.76374}