{"stakedao":53.944067414830656,"convex":15.943018713552,"yearn":23.68199}