{"stakedao":49.19243239152654,"convex":28.0697271794064,"yearn":0}