{"stakedao":42.16345277265577,"convex":16.4388965581008,"yearn":19.00882}