{"stakedao":41.02059217556125,"convex":13.759283480112,"yearn":16.40924}