{"stakedao":42.546123322685496,"convex":20.7262300596768,"yearn":31.98431}