{"stakedao":38.978540431139734,"convex":18.0974058295248,"yearn":29.43448}