{"stakedao":41.16650619392666,"convex":21.6972078105168,"yearn":26.30261}