{"stakedao":53.74535375572199,"convex":11.3979611592864,"yearn":15.57589}