{"stakedao":53.71614173287166,"convex":26.794532724624002,"yearn":29.57619}