{"stakedao":39.152931136632105,"convex":16.471945917129602,"yearn":26.55289}