{"stakedao":37.48085659753258,"convex":15.415004351030401,"yearn":29.19333}