{"stakedao":44.57136075973824,"convex":10.6274929230864,"yearn":25.64361}