{"stakedao":49.111581484205445,"convex":22.951522986105598,"yearn":29.97243}