{"stakedao":45.64889307253736,"convex":20.1831813695808,"yearn":42.47102}