{"stakedao":42.36409977835099,"convex":21.535776464558403,"yearn":26.26118}