{"stakedao":44.56826060267599,"convex":22.127150763374402,"yearn":46.6034}