{"stakedao":52.35394343457201,"convex":14.767035045192,"yearn":30.95609}