{"stakedao":40.64776779643768,"convex":18.8761932467568,"yearn":29.24838}