{"stakedao":68.51850141717142,"convex":19.7069514495696,"yearn":40.3325}