{"stakedao":64.28452584445887,"convex":20.3704980162192,"yearn":37.94986}