{"stakedao":47.012548147623306,"convex":28.3715501464224,"yearn":29.664}