{"stakedao":47.56104385289092,"convex":10.1884668327504,"yearn":17.59308}