{"stakedao":56.2933690673539,"convex":12.378833342740798,"yearn":14.11754}