{"stakedao":49.967229978764045,"convex":17.5124102985072,"yearn":18.35746}