{"stakedao":52.22075742948788,"convex":25.8632961174864,"yearn":35.3131}