{"stakedao":41.1437161442894,"convex":21.706795189713603,"yearn":26.7561}