{"stakedao":65.6552883121081,"convex":20.461348558584,"yearn":45.20319}