{"stakedao":39.12366808089838,"convex":16.3726209388512,"yearn":26.58268}