{"stakedao":48.43670534985315,"convex":29.328404241067197,"yearn":36.42265}