{"stakedao":42.60067073193492,"convex":13.2222222812016,"yearn":17.49045}