{"stakedao":38.935794885781874,"convex":15.9672935243232,"yearn":27.44016}