{"stakedao":42.62270952553426,"convex":12.2047386907536,"yearn":18.13853}