{"stakedao":44.54050235167021,"convex":22.1238734539536,"yearn":44.57917}