{"stakedao":51.775108022698475,"convex":25.2682821858384,"yearn":31.73418}