{"stakedao":63.07568616225988,"convex":19.2766691725056,"yearn":47.25595}