{"stakedao":38.685875633013005,"convex":18.057435847992,"yearn":29.43448}