{"stakedao":50.09644079836275,"convex":17.441011627675202,"yearn":19.4674}