{"stakedao":43.38983408860176,"convex":25.133007911500798,"yearn":28.72114}