{"stakedao":46.71096900793804,"convex":8.9917512655392,"yearn":27.929}