{"stakedao":51.50611081186328,"convex":11.9938576952736,"yearn":25.05011}