{"stakedao":44.480544230349096,"convex":10.6216212573216,"yearn":26.05687}