{"stakedao":53.9706530860267,"convex":12.2700897753984,"yearn":26.84918}