{"stakedao":45.80809394099968,"convex":31.019926232995196,"yearn":40.82487}