{"stakedao":43.40265448544629,"convex":14.870623346928001,"yearn":17.838}