{"stakedao":49.14202122058694,"convex":22.704472544904,"yearn":34.56538}