{"stakedao":67.14956580036036,"convex":20.3264203603104,"yearn":42.40491}