{"stakedao":66.00187267656928,"convex":20.4771360289104,"yearn":44.50927}