{"stakedao":54.30131357307219,"convex":10.643786975102401,"yearn":15.19372}