{"stakedao":41.09330271288671,"convex":19.8366204017376,"yearn":27.27084}