{"stakedao":41.63980859449329,"convex":20.693449081468803,"yearn":26.30096}