{"stakedao":54.7377070134721,"convex":10.490728106016,"yearn":16.26692}