{"stakedao":54.23047038585245,"convex":10.441042299158399,"yearn":15.78042}