{"stakedao":48.49772467357692,"convex":27.9329414445072,"yearn":27.15918}