{"stakedao":48.3259260859775,"convex":28.0192620423024,"yearn":27.13655}