{"stakedao":54.55651913263355,"convex":10.6310161470816,"yearn":23.44511}