{"stakedao":62.22405373411472,"convex":19.7254968282432,"yearn":41.84675}