{"stakedao":42.58380494220578,"convex":22.8164542602624,"yearn":29.43448}