{"stakedao":47.29143453227796,"convex":13.0352649147504,"yearn":24.47951}