{"stakedao":39.6480336726246,"convex":15.608136056313597,"yearn":36.04348}