{"stakedao":39.06983370138621,"convex":18.0395663898672,"yearn":29.43448}