{"stakedao":49.74529557978631,"convex":17.4403084757904,"yearn":19.65905}