{"stakedao":41.48729519231371,"convex":20.6986586678352,"yearn":29.50479}