{"stakedao":37.57357941452749,"convex":24.3240742668672,"yearn":29.9283}