{"stakedao":48.39256026198361,"convex":14.308566452668801,"yearn":17.74418}