{"stakedao":42.12712254741544,"convex":22.918848359904004,"yearn":29.43448}