{"stakedao":45.71540720140477,"convex":31.005707479991997,"yearn":41.8016}