{"stakedao":64.51075126593351,"convex":20.366045804736004,"yearn":37.94986}