{"stakedao":45.76952041202049,"convex":23.3180611616304,"yearn":32.34839}