{"stakedao":54.52684774402947,"convex":24.9431950863936,"yearn":38.82053}