{"stakedao":48.53847961953646,"convex":12.712992286622399,"yearn":23.36404}