{"stakedao":70.3326594478691,"convex":21.2084619080544,"yearn":32.86901}