{"stakedao":49.51478822672092,"convex":22.8938859098064,"yearn":34.37595}