{"stakedao":66.83295935297548,"convex":20.50110665604,"yearn":42.87534}