{"stakedao":53.82998186731259,"convex":10.7628952588128,"yearn":24.39246}