{"stakedao":56.23207912401849,"convex":11.407085930592,"yearn":14.65845}