{"stakedao":45.71577672326947,"convex":22.7557294437456,"yearn":30.73664}