{"stakedao":39.21590477785192,"convex":16.064493461856,"yearn":26.79239}