{"stakedao":40.71432582678092,"convex":20.2113816964848,"yearn":26.40544}