{"stakedao":39.47374742982991,"convex":15.5241501253632,"yearn":30.98098}