{"stakedao":56.86679898084097,"convex":11.013806056464,"yearn":15.52899}