{"stakedao":55.46189737405361,"convex":12.3765039928656,"yearn":16.78711}