{"stakedao":50.101330627468236,"convex":22.625489276856,"yearn":34.56538}