{"stakedao":39.71157934189864,"convex":15.8059671017904,"yearn":33.49449}