{"stakedao":50.27721819786739,"convex":17.4754830584736,"yearn":17.40216}