{"stakedao":44.36961614203163,"convex":22.557155857919998,"yearn":30.11724}