{"stakedao":53.31717100056622,"convex":25.599311402471997,"yearn":33.53144}