{"stakedao":43.329028496666425,"convex":15.2768792002176,"yearn":18.57206}