{"stakedao":46.87340798728192,"convex":26.0224977357936,"yearn":28.60078}