{"stakedao":55.33931547423738,"convex":11.405967752332801,"yearn":14.68772}