{"stakedao":47.59065798399068,"convex":11.4645840025104,"yearn":34.19127}