{"stakedao":65.79043649879867,"convex":18.5648906243664,"yearn":42.23405}