{"stakedao":53.84575991763637,"convex":12.2694608497968,"yearn":26.93209}