{"stakedao":40.49533648087319,"convex":19.170775406260802,"yearn":28.76108}