{"stakedao":52.63874235090748,"convex":28.1202372048528,"yearn":29.40156}