{"stakedao":39.466829024768934,"convex":15.7213907443872,"yearn":26.79239}