{"stakedao":64.01164478458406,"convex":17.335664156404803,"yearn":33.1767}