{"stakedao":42.58022474361267,"convex":16.4394085356,"yearn":18.97025}