{"stakedao":45.92856496985466,"convex":14.329680321859199,"yearn":18.55208}