{"stakedao":56.724458645044734,"convex":11.637534796473599,"yearn":14.3114}