{"stakedao":47.2322318947612,"convex":22.4058372241536,"yearn":38.25487}