{"stakedao":38.83514422059627,"convex":16.4041820225856,"yearn":27.95499}