{"stakedao":39.5551597876301,"convex":14.715652645684798,"yearn":19.94701}