{"stakedao":47.46939729125049,"convex":22.4147734700976,"yearn":38.61485}