{"stakedao":45.08051608779027,"convex":9.0132603974928,"yearn":25.74733}