{"stakedao":39.3227607944513,"convex":15.7219275974832,"yearn":24.59256}