{"stakedao":49.00968262841836,"convex":17.556321829075202,"yearn":17.82946}