{"stakedao":54.88566895385069,"convex":10.5333234217056,"yearn":0}