{"stakedao":40.72318524798122,"convex":16.6875502674672,"yearn":35.08378}