{"stakedao":43.20057584661227,"convex":26.545569101524798,"yearn":26.15351}