{"stakedao":47.090932364058524,"convex":10.179138830846401,"yearn":18.37041}