{"stakedao":61.09081501426007,"convex":17.409208669128002,"yearn":35.12311}