{"stakedao":41.66066157338806,"convex":20.7208287596592,"yearn":25.75964}