{"stakedao":46.51212733993212,"convex":28.342542280319996,"yearn":31.24333}