{"stakedao":49.43811421623293,"convex":10.836900275976,"yearn":36.92729}