{"stakedao":52.04633609724409,"convex":9.6006628285632,"yearn":19.14353}