{"stakedao":47.29109632228862,"convex":10.184884582824,"yearn":17.98996}