{"stakedao":54.64368445433394,"convex":11.4179610823488,"yearn":18.39347}