{"stakedao":39.29070502392656,"convex":15.732257756702401,"yearn":24.44355}