{"stakedao":55.101633451803124,"convex":12.283292848449598,"yearn":25.17592}