{"stakedao":41.14699529041581,"convex":19.123254908467203,"yearn":30.19389}