{"stakedao":38.923902531517314,"convex":16.312574433312,"yearn":27.95499}