{"stakedao":37.583263312633285,"convex":24.3154415612304,"yearn":29.65384}