{"stakedao":40.4315647016612,"convex":16.5412224579888,"yearn":33.6697}