{"stakedao":40.64162811866687,"convex":19.1163908583936,"yearn":28.76108}