{"stakedao":45.94100104206076,"convex":20.528166183912,"yearn":45.22681}