{"stakedao":44.987302845121526,"convex":23.1165097101648,"yearn":36.89995}