{"stakedao":38.94270033800441,"convex":15.9672427513632,"yearn":27.38954}