{"stakedao":40.89940185465674,"convex":19.8379359606672,"yearn":26.96159}