{"stakedao":51.86845092670434,"convex":25.653741031051197,"yearn":33.57326}