{"stakedao":39.4885707050295,"convex":15.7043420075088,"yearn":33.14637}