{"stakedao":46.08379965405645,"convex":20.525552436081597,"yearn":43.59443}