{"stakedao":52.315187885427086,"convex":22.8583437592752,"yearn":34.56538}