{"stakedao":42.94600725601765,"convex":16.4582842065696,"yearn":17.99296}