{"stakedao":54.3406353119627,"convex":10.6045993544256,"yearn":15.18816}