{"stakedao":42.187684216456304,"convex":22.9808547206208,"yearn":29.43448}