{"stakedao":63.58102797445583,"convex":19.269939768537597,"yearn":47.37394}