{"stakedao":27.899110059763373,"convex":13.69183051476,"yearn":25.6517}