{"stakedao":44.9562289993706,"convex":20.45809281348,"yearn":47.88817}