{"stakedao":47.293787355205254,"convex":13.2316058968416,"yearn":26.66259}