{"stakedao":48.383729289514484,"convex":27.9329619429072,"yearn":27.15918}