{"stakedao":45.316446615686345,"convex":23.1640325163936,"yearn":31.52626}