{"stakedao":42.486496112173455,"convex":23.0348339772768,"yearn":29.43448}