{"stakedao":48.14413091052164,"convex":14.959804452292797,"yearn":17.47551}