{"stakedao":37.504647414816134,"convex":15.365721817079999,"yearn":26.36899}