{"stakedao":43.43008174310336,"convex":25.1141238803376,"yearn":28.2105}