{"stakedao":41.96879105994019,"convex":17.5367596446144,"yearn":33.51495}