{"stakedao":40.96989397900947,"convex":12.9972091053456,"yearn":16.49222}