{"stakedao":44.16219508462707,"convex":19.5752105979696,"yearn":42.64017}