{"stakedao":43.2860019856002,"convex":15.313888452772801,"yearn":14.88489}