{"stakedao":39.688581805742146,"convex":15.604221489479999,"yearn":35.59415}