{"stakedao":55.41353816712671,"convex":11.8216031909616,"yearn":17.72774}