{"stakedao":46.93314495634097,"convex":26.0586277173648,"yearn":29.04855}