{"stakedao":48.44656630517251,"convex":29.3355987095808,"yearn":36.29189}