{"stakedao":54.96780428249423,"convex":10.5809819809536,"yearn":17.15762}