{"stakedao":38.61627869036916,"convex":17.602160439456,"yearn":29.43448}