{"stakedao":44.182734936052725,"convex":22.5242135919936,"yearn":30.86713}