{"stakedao":55.00956337506212,"convex":10.4336891887968,"yearn":16.07612}