{"stakedao":48.374433299504645,"convex":12.7056632035392,"yearn":23.18782}