{"stakedao":52.57451621895923,"convex":11.2925844509904,"yearn":16.15684}