{"stakedao":46.321731098476555,"convex":20.277547056417603,"yearn":42.18129}