{"stakedao":42.32820159873651,"convex":23.5417935469968,"yearn":29.43448}