{"stakedao":45.31890211479159,"convex":10.722497838336,"yearn":26.23792}