{"stakedao":58.33966629050444,"convex":30.73787540136,"yearn":40.30001}