{"stakedao":65.93451614407086,"convex":20.3678240283216,"yearn":41.55229}