{"stakedao":45.638317896326015,"convex":10.7065119813408,"yearn":27.1824}