{"stakedao":55.27438687255048,"convex":10.441232801827198,"yearn":13.94635}