{"stakedao":40.283027503244845,"convex":16.241616288863998,"yearn":34.62007}