{"stakedao":40.93607071535729,"convex":17.248250227564803,"yearn":32.38299}