{"stakedao":45.92899587989871,"convex":8.9907453964368,"yearn":28.47711}