{"stakedao":39.15316312301139,"convex":16.0701498975744,"yearn":26.79239}