{"stakedao":45.34384368808797,"convex":10.6070341007664,"yearn":27.85558}