{"stakedao":38.733178377612546,"convex":16.4089527792048,"yearn":27.95499}