{"stakedao":53.05033777869235,"convex":13.577547598559999,"yearn":32.53125}