{"stakedao":42.79588795414665,"convex":14.817512970144001,"yearn":19.16375}