{"stakedao":44.41988661794973,"convex":19.5853512195216,"yearn":41.25124}