{"stakedao":64.8811280240847,"convex":18.9504214536528,"yearn":42.51575}