{"stakedao":48.935774730722386,"convex":22.4560489852656,"yearn":34.56538}