{"stakedao":45.71990288874992,"convex":23.0728665320352,"yearn":37.71969}