{"stakedao":40.00724450968972,"convex":13.1536739286576,"yearn":17.84107}