{"stakedao":41.129918887907856,"convex":19.1170872678816,"yearn":28.97694}