{"stakedao":46.505153557992216,"convex":28.3775785524144,"yearn":30.77893}