{"stakedao":52.570999676133994,"convex":15.765031901059201,"yearn":23.47553}