{"stakedao":38.63185268687683,"convex":16.448553083131202,"yearn":29.43448}