{"stakedao":43.314796520749645,"convex":13.251591802152,"yearn":15.37061}