{"stakedao":45.881865345660664,"convex":14.329680321859199,"yearn":18.62817}