{"stakedao":47.255646652801204,"convex":21.0958070820048,"yearn":42.19701}