{"stakedao":55.62152760796707,"convex":10.4267073959136,"yearn":16.23858}