{"stakedao":52.88562731043777,"convex":24.1422018722784,"yearn":38.07191}