{"stakedao":44.88241634879074,"convex":9.012356648265598,"yearn":26.58161}