{"stakedao":40.850566728146234,"convex":19.1346097953168,"yearn":29.18756}