{"stakedao":46.94039182174919,"convex":26.027187227294398,"yearn":27.87222}