{"stakedao":66.35825364788286,"convex":18.3387530734272,"yearn":31.85205}