{"stakedao":64.48597702903423,"convex":20.282049652968,"yearn":31.76831}