{"stakedao":42.48011064082438,"convex":23.0390186121072,"yearn":29.43448}