{"stakedao":41.14325933455579,"convex":21.6972078105168,"yearn":26.35412}