{"stakedao":55.065599431466495,"convex":11.7197203308768,"yearn":17.14387}