{"stakedao":44.451618078901845,"convex":22.6062866879424,"yearn":48.6217}