{"stakedao":39.84276080798433,"convex":13.135795088572802,"yearn":17.84107}