{"stakedao":39.428727738736306,"convex":15.7271467928688,"yearn":32.94956}