{"stakedao":58.52279026654907,"convex":24.3465352593696,"yearn":38.09438}