{"stakedao":41.39727984448103,"convex":17.5297081130208,"yearn":33.55801}