{"stakedao":40.62645001006547,"convex":17.0834449805712,"yearn":30.61046}