{"stakedao":41.696701483779236,"convex":17.5194834511824,"yearn":32.59906}