{"stakedao":45.574259175842435,"convex":10.616596862961602,"yearn":24.92745}