{"stakedao":42.304051705731325,"convex":22.984765916256,"yearn":29.43448}