{"stakedao":40.47718885107637,"convex":19.148361963739198,"yearn":28.76108}