{"stakedao":52.09917007774058,"convex":9.6341599104912,"yearn":18.94726}