{"stakedao":44.21304953964993,"convex":19.560466786334402,"yearn":42.81962}