{"stakedao":39.54703625480169,"convex":15.746645325067199,"yearn":32.35358}