{"stakedao":43.11370389769566,"convex":13.253125915022398,"yearn":18.25344}