{"stakedao":44.02856119569926,"convex":23.7850192516608,"yearn":33.10602}