{"stakedao":54.62127883749771,"convex":10.4965347792384,"yearn":16.52823}