{"stakedao":41.77801713725762,"convex":20.6926661056608,"yearn":25.49501}