{"stakedao":39.1051759304165,"convex":16.395036689808002,"yearn":27.21494}