{"stakedao":48.52087613912383,"convex":22.889160861465598,"yearn":28.42711}