{"stakedao":37.67083889714311,"convex":14.106662289964802,"yearn":25.32572}