{"stakedao":48.74058914991881,"convex":22.4703161208,"yearn":34.56538}