{"stakedao":64.58024140244373,"convex":18.6538950051408,"yearn":43.53801}