{"stakedao":41.42739941556868,"convex":20.6905412730528,"yearn":23.43532}