{"stakedao":52.629085489927036,"convex":17.189049022430403,"yearn":37.85132}