{"stakedao":49.29608031539298,"convex":29.3414459759424,"yearn":34.40135}