{"stakedao":51.860570008853145,"convex":25.283161876636797,"yearn":31.73418}