{"stakedao":40.88640300606829,"convex":17.245583540251197,"yearn":32.24726}