{"stakedao":52.313975588359895,"convex":10.9889067635136,"yearn":17.06274}