{"stakedao":54.2166235171796,"convex":12.2102563586112,"yearn":15.57854}