{"stakedao":39.34578932695169,"convex":16.8866084228544,"yearn":26.38992}