{"stakedao":51.48481320692092,"convex":10.9864668547296,"yearn":17.25661}