{"stakedao":53.96106371551075,"convex":12.2113257349104,"yearn":15.57854}