{"stakedao":40.801507187201594,"convex":14.18220191196,"yearn":17.5417}