{"stakedao":57.847097589765454,"convex":11.006577579528,"yearn":15.30387}