{"stakedao":46.41662826251008,"convex":28.3945333277808,"yearn":29.89899}