{"stakedao":43.7377097921911,"convex":14.8004744099328,"yearn":18.29612}