{"stakedao":61.51983744956787,"convex":18.817597709424,"yearn":48.7988}