{"stakedao":42.24917592762073,"convex":22.7503150594416,"yearn":29.1952}