{"stakedao":41.694635930999524,"convex":13.8021822099648,"yearn":15.95969}