{"stakedao":46.01467074325468,"convex":12.190434478343999,"yearn":22.12882}