{"stakedao":34.12526495082819,"convex":18.0615797824608,"yearn":29.43448}