{"stakedao":40.618901626456505,"convex":19.0966632833808,"yearn":29.24838}