{"stakedao":28.963832121708187,"convex":15.766107776928,"yearn":25.81229}