{"stakedao":51.82460621168363,"convex":15.973919846568,"yearn":25.86683}