{"stakedao":42.67713702136014,"convex":12.1978858296528,"yearn":18.3723}