{"stakedao":39.75541132105304,"convex":15.60452360436,"yearn":34.88473}