{"stakedao":73.17579746388165,"convex":20.3305302737424,"yearn":32.51147}