{"stakedao":37.61164313699395,"convex":15.336802311696,"yearn":27.83607}