{"stakedao":45.011305032538196,"convex":10.7236025381088,"yearn":25.65945}