{"stakedao":63.93806483873877,"convex":17.3331727808688,"yearn":33.85036}