{"stakedao":47.9515034344598,"convex":14.314824648878401,"yearn":17.47551}