{"stakedao":46.16472910699566,"convex":21.657565721390398,"yearn":42.19701}