{"stakedao":53.92693087706018,"convex":11.4047723203344,"yearn":16.49696}