{"stakedao":43.388426216817955,"convex":27.7524174598992,"yearn":27.15918}