{"stakedao":48.869680510040816,"convex":11.075961494160001,"yearn":20.14445}