{"stakedao":42.592953264347706,"convex":20.7072585255744,"yearn":32.24813}