{"stakedao":42.5098833403174,"convex":22.9885625857536,"yearn":29.43448}