{"stakedao":73.90007854221875,"convex":24.487076461982397,"yearn":42.69746}