{"stakedao":40.73020608954621,"convex":19.983020318279998,"yearn":29.42668}