{"stakedao":56.012329907553465,"convex":11.6036110198512,"yearn":13.92391}