{"stakedao":47.41237461942279,"convex":29.3392737415728,"yearn":34.45439}