{"stakedao":38.61572392577092,"convex":18.062143589376,"yearn":29.43448}