{"stakedao":40.18589709703796,"convex":13.1404502909808,"yearn":17.50049}