{"stakedao":42.77531333490859,"convex":28.584042379214402,"yearn":26.85123}