{"stakedao":45.85737386579544,"convex":21.814006981003203,"yearn":39.76311}