{"stakedao":55.329992901369685,"convex":11.313933641812799,"yearn":15.45908}