{"stakedao":42.922209914791324,"convex":25.4079210930336,"yearn":30.19651}