{"stakedao":41.07230913599003,"convex":20.9278305149328,"yearn":0}