{"stakedao":42.613978671436094,"convex":12.2046323860512,"yearn":18.13853}