{"stakedao":55.49732962517916,"convex":10.1870085229632,"yearn":21.28373}