{"stakedao":54.98958295988547,"convex":10.6449273610128,"yearn":14.82891}