{"stakedao":57.01967247836005,"convex":12.262554945144,"yearn":24.40159}