{"stakedao":45.00087439810456,"convex":22.1188323392064,"yearn":43.78576}