{"stakedao":66.16677300783553,"convex":20.538335421230403,"yearn":42.74324}