{"stakedao":55.51930471426827,"convex":10.182237507748802,"yearn":21.06038}