{"stakedao":43.96830554821612,"convex":22.4973129172608,"yearn":31.52813}