{"stakedao":45.51657026651228,"convex":10.618243291296,"yearn":25.33559}