{"stakedao":42.81195498001861,"convex":14.767676427513601,"yearn":18.68639}