{"stakedao":39.583146622912174,"convex":15.772190560444798,"yearn":32.62094}