{"stakedao":45.72241719688512,"convex":22.721872230158397,"yearn":30.82388}