{"stakedao":41.3576990962461,"convex":20.627469001843203,"yearn":24.05818}