{"stakedao":51.54936139791034,"convex":22.9686609509424,"yearn":34.56538}