{"stakedao":46.992757809329916,"convex":26.0230709404368,"yearn":28.48884}