{"stakedao":43.56351822767145,"convex":12.0748324774896,"yearn":22.72018}