{"stakedao":40.944501207668374,"convex":19.8166609772064,"yearn":26.52929}