{"stakedao":65.52768282976832,"convex":19.613841598785598,"yearn":40.53707}