{"stakedao":40.45490032113493,"convex":13.1567751694368,"yearn":19.05435}