{"stakedao":38.766225596133175,"convex":16.4041820225856,"yearn":27.95499}