{"stakedao":50.59499573067064,"convex":14.7009112970112,"yearn":17.80832}