{"stakedao":42.37208451466478,"convex":13.7225049323184,"yearn":17.64655}