{"stakedao":53.09966617080299,"convex":27.9980597524752,"yearn":31.24622}