{"stakedao":38.751348461731055,"convex":16.404075446673602,"yearn":27.95499}