{"stakedao":46.30668713133328,"convex":28.3408741804464,"yearn":31.75492}