{"stakedao":47.617927561026164,"convex":22.394101026067197,"yearn":38.00225}