{"stakedao":45.7593758067058,"convex":31.022824785595198,"yearn":40.94199}