{"stakedao":52.36723178806335,"convex":26.7087835875312,"yearn":28.54763}