{"stakedao":40.94223474702267,"convex":21.7539609075072,"yearn":27.8876}