{"stakedao":45.44859494448199,"convex":22.938690259224003,"yearn":33.42076}