{"stakedao":43.71618112667923,"convex":27.400362116688,"yearn":26.23494}