{"stakedao":55.7295217604701,"convex":12.363020410248,"yearn":16.45086}