{"stakedao":62.59702147304047,"convex":19.1330392047552,"yearn":46.115}