{"stakedao":41.18568292314565,"convex":19.1346097953168,"yearn":29.10117}