{"stakedao":57.96047757170713,"convex":30.7424202403824,"yearn":40.5586}