{"stakedao":45.7157159740888,"convex":31.0002465548592,"yearn":41.86956}