{"stakedao":46.34137114273824,"convex":21.5732378834352,"yearn":42.19701}