{"stakedao":43.83097651957701,"convex":14.8006292390784,"yearn":18.58204}