{"stakedao":43.40306376283053,"convex":25.1141505471792,"yearn":28.14258}