{"stakedao":53.20123033119608,"convex":13.588389564984002,"yearn":32.53125}