{"stakedao":39.63663433349416,"convex":15.604042844347202,"yearn":34.73535}