{"stakedao":54.67486116793431,"convex":10.5786433279584,"yearn":17.28565}