{"stakedao":68.7573421821605,"convex":23.4745752536352,"yearn":36.18087}