{"stakedao":45.97986037403848,"convex":8.9890005600144,"yearn":28.47711}