{"stakedao":50.02287654837494,"convex":17.5117306094064,"yearn":18.35746}