{"stakedao":62.82061605500473,"convex":19.133034398668798,"yearn":46.115}