{"stakedao":39.75792165552358,"convex":15.605602873502399,"yearn":34.21996}