{"stakedao":47.896689440784655,"convex":31.3479453888864,"yearn":29.74557}