{"stakedao":41.6286611311946,"convex":20.689124455180803,"yearn":25.43015}