{"stakedao":62.10351590727015,"convex":19.008455363208,"yearn":49.05331}