{"stakedao":57.26352594649993,"convex":31.065146400340797,"yearn":42.59352}