{"stakedao":44.67475569441392,"convex":10.644173820907199,"yearn":25.76202}