{"stakedao":56.84176785772388,"convex":30.461582567131202,"yearn":42.00898}