{"stakedao":44.41424787809946,"convex":19.5798167082864,"yearn":43.58854}