{"stakedao":45.534494402443386,"convex":21.8132410850928,"yearn":39.24269}