{"stakedao":54.44182790828999,"convex":11.722041752601601,"yearn":16.49704}