{"stakedao":49.304349222527684,"convex":29.2449349517904,"yearn":33.91183}