{"stakedao":42.46833962264567,"convex":22.8098213217648,"yearn":29.43448}