{"stakedao":49.46379814687942,"convex":13.533949690358398,"yearn":17.27331}