{"stakedao":40.72101641567883,"convex":20.208801553416,"yearn":26.4539}