{"stakedao":52.37620145083601,"convex":22.8577526674128,"yearn":34.56538}