{"stakedao":42.23755393926006,"convex":13.2626738710656,"yearn":18.1941}