{"stakedao":48.764566701506745,"convex":29.3356007846496,"yearn":35.75675}