{"stakedao":50.68627812738698,"convex":9.982646185823999,"yearn":17.23265}