{"stakedao":55.332975954590076,"convex":10.5336050760288,"yearn":21.97515}