{"stakedao":51.61359051181228,"convex":22.9686609509424,"yearn":34.56538}