{"stakedao":68.1974251053292,"convex":23.6506770553392,"yearn":36.18087}