{"stakedao":39.3784731013113,"convex":15.5205627697584,"yearn":31.03359}