{"stakedao":43.2001870628278,"convex":23.7292600054032,"yearn":30.69943}