{"stakedao":57.62506375226596,"convex":11.0326777759728,"yearn":17.27583}