{"stakedao":52.381418793744444,"convex":11.2804207256592,"yearn":17.27028}