{"stakedao":46.97585580281295,"convex":13.247066575368002,"yearn":25.29393}