{"stakedao":65.64819000819367,"convex":18.563261887727997,"yearn":42.15209}