{"stakedao":47.65907109399404,"convex":29.28181050432,"yearn":35.51521}