{"stakedao":39.463619494765645,"convex":15.715039807108798,"yearn":32.78357}