{"stakedao":41.026879962818704,"convex":20.843643065788804,"yearn":26.40189}