{"stakedao":48.754904352091785,"convex":22.9064240462976,"yearn":29.97243}