{"stakedao":43.7243366530082,"convex":27.3997253228544,"yearn":26.10483}