{"stakedao":53.404280978366025,"convex":13.621277100182402,"yearn":32.78033}