{"stakedao":63.31106617012967,"convex":18.622354091832,"yearn":43.244}