{"stakedao":37.60198056775971,"convex":23.7463385059584,"yearn":30.42387}