{"stakedao":45.80286074337176,"convex":8.991379629547199,"yearn":27.48784}