{"stakedao":55.38349121587096,"convex":10.413839112192,"yearn":15.79551}