{"stakedao":73.79499914932953,"convex":24.439637837952,"yearn":43.26871}