{"stakedao":38.982659194657515,"convex":17.6652623418912,"yearn":29.43448}