{"stakedao":41.22391161455547,"convex":21.7067526192672,"yearn":26.54999}