{"stakedao":49.45894172779583,"convex":22.3407499097664,"yearn":41.30216}