{"stakedao":42.83777918265426,"convex":25.238683445472,"yearn":27.55229}