{"stakedao":48.16429271526487,"convex":12.700268223336,"yearn":23.42942}