{"stakedao":42.45244605878125,"convex":21.5361618786288,"yearn":26.21768}