{"stakedao":41.435103124124105,"convex":13.2716718897264,"yearn":18.57517}