{"stakedao":40.45012110368344,"convex":16.2309701736144,"yearn":34.32783}