{"stakedao":40.377909644020754,"convex":15.544355628456,"yearn":33.49012}