{"stakedao":66.33140198108634,"convex":20.462661370728,"yearn":45.02987}