{"stakedao":54.83220824458841,"convex":10.7608335265872,"yearn":16.03696}