{"stakedao":63.03924147127232,"convex":18.6243598035072,"yearn":43.244}