{"stakedao":39.330996187385416,"convex":16.060058901072,"yearn":26.79239}