{"stakedao":45.61968860916103,"convex":20.519787850804803,"yearn":45.44584}