{"stakedao":50.05684557920295,"convex":22.6912142617776,"yearn":34.56538}