{"stakedao":43.171389589591804,"convex":15.276840373094402,"yearn":18.39044}