{"stakedao":44.96990515302019,"convex":23.1165097101648,"yearn":36.89995}