{"stakedao":41.59456463390987,"convex":13.2703990809984,"yearn":15.02581}