{"stakedao":58.0980403401103,"convex":24.3197307189792,"yearn":39.91279}