{"stakedao":39.55855808753046,"convex":15.468046042406401,"yearn":25.60773}