{"stakedao":54.16171435417556,"convex":10.607426947872,"yearn":15.26303}