{"stakedao":47.49460211180753,"convex":10.1864979078192,"yearn":17.81989}