{"stakedao":53.955856976377824,"convex":12.236599836374399,"yearn":16.26284}