{"stakedao":61.521831456860916,"convex":18.9554784720048,"yearn":47.32306}