{"stakedao":39.27207565648977,"convex":16.4599394397552,"yearn":26.46188}