{"stakedao":42.591306278633255,"convex":22.194674735184,"yearn":26.46865}