{"stakedao":54.21923205725051,"convex":27.826078857652803,"yearn":28.8832}