{"stakedao":56.00953405978706,"convex":10.428442594934399,"yearn":16.26769}