{"stakedao":40.02105884957731,"convex":16.4342190250512,"yearn":19.55213}