{"stakedao":44.943471808710015,"convex":9.012398020344001,"yearn":25.93529}