{"stakedao":39.61995892434433,"convex":14.788075432348798,"yearn":14.72824}