{"stakedao":39.377592190082154,"convex":15.7190327692848,"yearn":26.79239}