{"stakedao":39.07099152106194,"convex":16.476559410024002,"yearn":29.43448}