{"stakedao":45.96387178647883,"convex":8.990728275542399,"yearn":28.47711}