{"stakedao":51.09946857997592,"convex":29.3813551434528,"yearn":37.21519}