{"stakedao":47.21979059189884,"convex":28.3774135150656,"yearn":29.49629}