{"stakedao":41.22235672079419,"convex":21.5221776304752,"yearn":26.00616}