{"stakedao":49.23871494309387,"convex":29.152308992544,"yearn":34.06119}