{"stakedao":45.98105786066678,"convex":8.990744232758399,"yearn":28.47711}