{"stakedao":55.005681082443814,"convex":12.283292848449598,"yearn":25.15033}