{"stakedao":40.800707762492905,"convex":13.255280473464,"yearn":18.82238}