{"stakedao":46.23594987961769,"convex":28.3471748588016,"yearn":30.33681}