{"stakedao":38.94669325779728,"convex":16.3722573130032,"yearn":27.95499}