{"stakedao":41.15809074904102,"convex":21.706921560772802,"yearn":26.9006}