{"stakedao":45.390803278802714,"convex":20.4690308322528,"yearn":47.45392}