{"stakedao":40.63110668678365,"convex":16.6864675798224,"yearn":33.32729}