{"stakedao":40.7836858308786,"convex":17.203664173492797,"yearn":31.47977}