{"stakedao":42.59540512013534,"convex":13.274207425123201,"yearn":19.01115}