{"stakedao":48.245106591771034,"convex":11.5419083035104,"yearn":33.37594}