{"stakedao":49.04346147358311,"convex":29.319882750288002,"yearn":34.11563}