{"stakedao":63.62520444456271,"convex":17.405307479865602,"yearn":33.85036}