{"stakedao":54.9991299825294,"convex":10.5333234217056,"yearn":0}