{"stakedao":46.793861631189756,"convex":28.353486199478397,"yearn":30.22229}