{"stakedao":55.6979613566857,"convex":10.5323617093104,"yearn":21.6728}