{"stakedao":52.640472784956266,"convex":17.013330966542398,"yearn":36.84581}