{"stakedao":43.36007463251708,"convex":23.66447059584,"yearn":30.84595}