{"stakedao":44.26606887394834,"convex":19.5775821398592,"yearn":43.70974}