{"stakedao":48.08181075381298,"convex":22.9976725382928,"yearn":29.97243}