{"stakedao":40.599798080214654,"convex":16.5426268506768,"yearn":33.88357}