{"stakedao":64.5488200536132,"convex":18.6212950278048,"yearn":47.52944}