{"stakedao":49.511216981769955,"convex":22.3315221608064,"yearn":38.68149}