{"stakedao":56.199596528520075,"convex":11.2201307716608,"yearn":15.61552}