{"stakedao":42.45257372738263,"convex":13.2186538345824,"yearn":17.24853}