{"stakedao":41.17752497800598,"convex":20.9990763717696,"yearn":25.11883}