{"stakedao":41.69661761765985,"convex":20.693449081468803,"yearn":26.30096}