{"stakedao":48.48716651773456,"convex":10.9951093586016,"yearn":36.15747}