{"stakedao":44.51342747202523,"convex":19.576245082838398,"yearn":43.3862}