{"stakedao":55.40737320038917,"convex":11.8216031909616,"yearn":17.75457}