{"stakedao":54.84550742893795,"convex":10.582210929412799,"yearn":16.88013}