{"stakedao":39.32878749795475,"convex":16.884310952721602,"yearn":26.4104}