{"stakedao":45.959947648046594,"convex":32.300617078296,"yearn":27.11465}