{"stakedao":42.36511896477718,"convex":22.0987817882496,"yearn":25.94319}