{"stakedao":41.201718028503535,"convex":21.7483969921056,"yearn":27.43015}