{"stakedao":45.751464970029076,"convex":10.7064281113488,"yearn":27.28296}