{"stakedao":44.69437182991894,"convex":22.698476731368,"yearn":47.26115}