{"stakedao":45.651776148170924,"convex":10.623270949632,"yearn":25.33559}