{"stakedao":40.61655490837879,"convex":18.878302752868798,"yearn":29.24838}