{"stakedao":40.97819349445194,"convex":20.8437487113888,"yearn":26.40189}