{"stakedao":42.53742100319519,"convex":23.082962240016,"yearn":29.43448}