{"stakedao":43.14546759416277,"convex":25.425536818809597,"yearn":30.85918}