{"stakedao":37.46709458609087,"convex":23.7293767832112,"yearn":30.58965}