{"stakedao":28.940278659112014,"convex":15.855348693470399,"yearn":25.81229}