{"stakedao":39.77637098820969,"convex":15.5444826270816,"yearn":33.85498}