{"stakedao":40.78317628261809,"convex":17.232800274431998,"yearn":31.02847}