{"stakedao":38.713388959858904,"convex":16.423233781118398,"yearn":29.43448}