{"stakedao":50.81779072855391,"convex":9.5714068561344,"yearn":17.81701}