{"stakedao":39.178127855008675,"convex":16.0397750436336,"yearn":26.79239}