{"stakedao":52.77176509289805,"convex":11.2943732328288,"yearn":16.87907}