{"stakedao":44.69824034814552,"convex":22.1208461777088,"yearn":47.04262}