{"stakedao":47.603070095732235,"convex":13.0484972216736,"yearn":24.42693}