{"stakedao":42.26929079392977,"convex":15.2768158443936,"yearn":19.37969}