{"stakedao":47.97706112322712,"convex":11.3746923469152,"yearn":31.43699}