{"stakedao":53.275714083098194,"convex":15.776235847151998,"yearn":23.74786}