{"stakedao":41.78431053585256,"convex":20.759522384664,"yearn":27.8876}