{"stakedao":28.967160550742168,"convex":15.855348693470399,"yearn":25.81229}