{"stakedao":52.76058030554758,"convex":11.3543611160976,"yearn":22.37013}