{"stakedao":63.91739059529533,"convex":17.3319181463376,"yearn":33.01267}