{"stakedao":43.394377302782274,"convex":25.1278712805168,"yearn":28.8573}