{"stakedao":41.39446441087215,"convex":13.8545202669552,"yearn":15.38247}