{"stakedao":42.21276704349535,"convex":22.9843844189568,"yearn":29.43448}