{"stakedao":52.8609651771028,"convex":27.01624613112,"yearn":28.3312}