{"stakedao":41.13517761777114,"convex":19.8122843165184,"yearn":25.79998}