{"stakedao":43.13177965718391,"convex":22.1814617535216,"yearn":28.1515}