{"stakedao":45.832919377506144,"convex":20.5699841245872,"yearn":45.94218}