{"stakedao":51.13920901420383,"convex":10.969009799184,"yearn":17.95826}