{"stakedao":49.19099695660601,"convex":22.4708087320416,"yearn":34.56538}