{"stakedao":40.38633216966984,"convex":13.15544084028,"yearn":18.94601}