{"stakedao":38.88056002003186,"convex":18.0633567067632,"yearn":29.43448}