{"stakedao":53.252503587790876,"convex":13.633188796108803,"yearn":32.82391}