{"stakedao":43.5971903112552,"convex":26.833072239504,"yearn":26.6592}