{"stakedao":43.436134454441586,"convex":19.5329564355744,"yearn":41.97395}