{"stakedao":37.479993021390534,"convex":15.3351185920416,"yearn":27.27107}