{"stakedao":53.054388700661015,"convex":24.2333200922112,"yearn":0}