{"stakedao":49.022168993655924,"convex":28.000612440302405,"yearn":0}