{"stakedao":44.591006453584164,"convex":22.6163040478848,"yearn":46.29731}