{"stakedao":64.63066906866759,"convex":19.0180838369664,"yearn":41.94741}