{"stakedao":42.468619433235844,"convex":23.034779423150397,"yearn":29.43448}