{"stakedao":39.37713552124061,"convex":16.9090606357344,"yearn":26.98159}