{"stakedao":64.149563766801,"convex":17.3960334139824,"yearn":33.85036}