{"stakedao":41.828937398701754,"convex":20.691686020391998,"yearn":25.46181}