{"stakedao":42.81521704880832,"convex":24.8854251110832,"yearn":28.13082}