{"stakedao":56.53465674031031,"convex":30.9737365449408,"yearn":44.25146}