{"stakedao":39.04614946764118,"convex":16.373380366728,"yearn":27.21494}