{"stakedao":41.215865753268595,"convex":21.552192617659202,"yearn":25.91884}