{"stakedao":44.44154065483317,"convex":22.6116662659632,"yearn":30.45875}