{"stakedao":39.976854992840124,"convex":16.434120664267198,"yearn":19.60308}