{"stakedao":54.20881275073272,"convex":10.607426947872,"yearn":15.24401}