{"stakedao":64.44972276459063,"convex":17.3785007067264,"yearn":33.99028}