{"stakedao":68.01393141783981,"convex":20.1926863010592,"yearn":31.68482}