{"stakedao":43.223332683078276,"convex":19.5329102511024,"yearn":42.28239}