{"stakedao":46.56618594486497,"convex":21.5753367934512,"yearn":42.19701}