{"stakedao":39.27355124611205,"convex":16.3817272237536,"yearn":27.95499}