{"stakedao":55.652685672009156,"convex":11.4047347073472,"yearn":15.24569}