{"stakedao":45.82726143688882,"convex":22.0424363855136,"yearn":42.48003}