{"stakedao":39.26413874055061,"convex":16.064493461856,"yearn":26.79239}