{"stakedao":46.25357719829921,"convex":13.2594211881072,"yearn":25.95797}