{"stakedao":49.10629954605286,"convex":29.132497380398405,"yearn":34.45992}