{"stakedao":52.56984729734528,"convex":25.8191834282352,"yearn":32.81947}