{"stakedao":44.84118724305843,"convex":13.963941839375998,"yearn":19.05445}