{"stakedao":37.57219867014649,"convex":24.3240742668672,"yearn":29.9283}