{"stakedao":47.296185045008635,"convex":19.8166609772064,"yearn":26.5923}