{"stakedao":39.61366394037873,"convex":14.718004259976,"yearn":19.91979}