{"stakedao":67.61125947148486,"convex":23.6330643065616,"yearn":36.18087}