{"stakedao":39.160951412694665,"convex":16.36687084752,"yearn":26.67901}