{"stakedao":46.42232840484417,"convex":28.341793451692798,"yearn":31.61554}