{"stakedao":47.53616393898256,"convex":29.2872970461456,"yearn":34.9844}