{"stakedao":65.4299843939435,"convex":19.0833544102032,"yearn":32.46626}