{"stakedao":42.547521652001045,"convex":21.1218565212576,"yearn":29.2182}