{"stakedao":45.88971672476203,"convex":20.516361070204802,"yearn":44.59035}