{"stakedao":44.641823112549574,"convex":22.1430341662128,"yearn":47.65678}