{"stakedao":41.63531195399082,"convex":18.0360660105504,"yearn":31.36928}