{"stakedao":37.66065124669621,"convex":23.747781318955198,"yearn":30.29492}