{"stakedao":64.5423676002022,"convex":18.62130206664,"yearn":47.52944}