{"stakedao":46.724019360303984,"convex":20.042461830888,"yearn":43.70922}