{"stakedao":42.309404688735,"convex":20.643218707809602,"yearn":28.9827}