{"stakedao":41.78130278736637,"convex":20.7011670192,"yearn":25.57754}