{"stakedao":52.600474597977325,"convex":15.762012385823999,"yearn":26.0204}