{"stakedao":41.456357855899135,"convex":20.6934303522384,"yearn":28.90824}