{"stakedao":51.642232755091115,"convex":25.217883359481597,"yearn":30.7244}