{"stakedao":61.607867788524025,"convex":19.1080322447472,"yearn":49.4686}