{"stakedao":41.26396561256158,"convex":20.758652000524798,"yearn":27.8876}