{"stakedao":45.379175818408626,"convex":20.4578350192944,"yearn":47.05208}