{"stakedao":49.85392040595545,"convex":13.520225592129599,"yearn":17.29717}