{"stakedao":40.464193537594404,"convex":16.230792244348798,"yearn":34.4375}