{"stakedao":53.374585970603,"convex":13.6225573671744,"yearn":32.60452}