{"stakedao":46.439037278632796,"convex":12.2128843638672,"yearn":22.7689}