{"stakedao":47.65600910369991,"convex":29.28181050432,"yearn":35.51521}