{"stakedao":40.59190011892853,"convex":4.970398051828799,"yearn":19.8536}