{"stakedao":39.55296591081593,"convex":15.4623626844048,"yearn":25.60773}