{"stakedao":51.88902685958455,"convex":28.258862541854402,"yearn":28.82679}