{"stakedao":41.03597870423916,"convex":20.6655305413392,"yearn":23.41123}