{"stakedao":42.63154447930214,"convex":12.1857509534544,"yearn":18.5713}