{"stakedao":42.729783543985164,"convex":12.4595264864016,"yearn":19.2613}