{"stakedao":45.91958330834129,"convex":13.2594175803888,"yearn":26.07073}