{"stakedao":51.45471451678632,"convex":22.862680321939198,"yearn":34.56538}