{"stakedao":48.86470018145068,"convex":11.069674581268801,"yearn":19.18649}