{"stakedao":37.48588827520836,"convex":15.415250921553598,"yearn":29.34638}