{"stakedao":55.77859232963855,"convex":10.5323617093104,"yearn":21.74263}