{"stakedao":48.084264997636325,"convex":12.699964566345601,"yearn":23.33306}