{"stakedao":52.32306172716986,"convex":10.9665393982416,"yearn":17.37086}