{"stakedao":41.45707555339255,"convex":20.6934303522384,"yearn":28.90824}