{"stakedao":42.58014517557537,"convex":13.2190464262464,"yearn":16.36942}