{"stakedao":44.50948423446181,"convex":22.612123847016,"yearn":49.94059}