{"stakedao":44.101885511202006,"convex":23.7397533539616,"yearn":32.71758}