{"stakedao":42.54582664026845,"convex":23.043431690568,"yearn":29.43448}