{"stakedao":39.48920621711726,"convex":15.633269494603201,"yearn":26.7522}