{"stakedao":40.609285707730585,"convex":17.2002494396448,"yearn":30.90933}