{"stakedao":45.81914333304341,"convex":8.986249062936,"yearn":29.10565}