{"stakedao":55.258704914113096,"convex":10.2184006052736,"yearn":20.72358}