{"stakedao":40.739368836354465,"convex":19.106124988464,"yearn":28.76108}