{"stakedao":47.317736666405615,"convex":10.987142526144,"yearn":34.95108}