{"stakedao":43.44255124284839,"convex":26.997533977464002,"yearn":26.53487}