{"stakedao":56.29146993698235,"convex":12.2730193878048,"yearn":23.17927}