{"stakedao":38.786593918024245,"convex":16.4388358639152,"yearn":29.43448}