{"stakedao":43.06523081053501,"convex":25.4102289826608,"yearn":30.19651}