{"stakedao":48.36297432040137,"convex":31.3365943052784,"yearn":27.06709}