{"stakedao":39.28340958355857,"convex":16.4604662360208,"yearn":26.42038}