{"stakedao":66.27085142309622,"convex":20.538986958143997,"yearn":42.8914}