{"stakedao":45.73154852325512,"convex":20.5198409984256,"yearn":43.67397}