{"stakedao":41.1849465839181,"convex":20.667547230696,"yearn":23.10478}