{"stakedao":51.77036120357317,"convex":12.024032784422399,"yearn":25.00084}