{"stakedao":52.28234822807527,"convex":26.7158611394784,"yearn":28.41118}