{"stakedao":55.56333006988447,"convex":12.2543572912416,"yearn":25.86442}