{"stakedao":52.71317203913104,"convex":28.1202372048528,"yearn":29.43694}