{"stakedao":52.07388258654986,"convex":25.128772336569604,"yearn":34.26064}