{"stakedao":51.74552749865023,"convex":25.7178017603376,"yearn":33.66054}