{"stakedao":43.33540844800245,"convex":12.1855261112352,"yearn":18.80323}