{"stakedao":57.852490504423876,"convex":11.038701082593601,"yearn":17.08915}