{"stakedao":41.64369662101507,"convex":13.263520987943998,"yearn":18.50913}