{"stakedao":41.97002542934981,"convex":17.5268906993952,"yearn":33.17238}