{"stakedao":47.64148883592585,"convex":31.394743144632002,"yearn":29.0819}