{"stakedao":43.849037268079314,"convex":23.3134301441808,"yearn":28.52311}