{"stakedao":58.335235126046356,"convex":12.0754127020464,"yearn":14.23334}