{"stakedao":47.572486188680024,"convex":31.390725048263995,"yearn":29.21478}