{"stakedao":42.78657163994176,"convex":14.7671268969456,"yearn":18.68639}