{"stakedao":41.23207721340107,"convex":13.850454084494398,"yearn":21.35799}