{"stakedao":62.96967759762768,"convex":20.1881377250208,"yearn":45.54567}