{"stakedao":40.42692740993618,"convex":16.2772201206576,"yearn":35.498}