{"stakedao":61.07719505210242,"convex":18.831998727892802,"yearn":48.50995}