{"stakedao":54.79224111957397,"convex":10.6449356265984,"yearn":14.91155}