{"stakedao":46.91112285057898,"convex":26.027187227294398,"yearn":27.81622}