{"stakedao":47.46514787767116,"convex":13.233808746360001,"yearn":24.37557}