{"stakedao":53.272895486052796,"convex":11.347739221507199,"yearn":22.35436}