{"stakedao":56.512324833783246,"convex":30.949497281548798,"yearn":44.19627}