{"stakedao":45.94112317623404,"convex":20.5176656451456,"yearn":44.83226}