{"stakedao":49.07352608073752,"convex":29.322146353910398,"yearn":33.81033}