{"stakedao":40.63796119831857,"convex":17.0603943626304,"yearn":30.38446}