{"stakedao":53.61876235286137,"convex":13.7437897077072,"yearn":27.9006}