{"stakedao":45.88502110507662,"convex":21.7603100030832,"yearn":42.61404}