{"stakedao":49.502023226840336,"convex":17.5683167043552,"yearn":17.82946}