{"stakedao":48.040788708451565,"convex":31.3476893701776,"yearn":29.78981}