{"stakedao":61.27194021847406,"convex":17.4133529568,"yearn":35.28576}