{"stakedao":47.139138734198724,"convex":21.5085650183136,"yearn":42.19701}