{"stakedao":37.53041851351913,"convex":14.071048641014398,"yearn":25.61908}