{"stakedao":48.409365907007164,"convex":10.9886285087712,"yearn":35.37354}