{"stakedao":41.41127060150253,"convex":17.5361893885872,"yearn":32.17789}