{"stakedao":64.49425417633742,"convex":20.3711101047504,"yearn":37.94986}