{"stakedao":45.451093409148996,"convex":20.951705234779197,"yearn":43.29168}