{"stakedao":40.792087709939366,"convex":13.176834717614401,"yearn":18.70704}