{"stakedao":41.14357011875904,"convex":20.850931539964797,"yearn":26.16886}