{"stakedao":54.3613118876351,"convex":10.6438649005584,"yearn":15.2122}