{"stakedao":63.11482693334316,"convex":19.7242334834688,"yearn":41.98725}