{"stakedao":47.56609424494262,"convex":19.7910609259536,"yearn":25.11269}