{"stakedao":49.014615125218974,"convex":22.7258755203744,"yearn":34.56538}