{"stakedao":47.38676128381333,"convex":13.035321619632,"yearn":24.47951}