{"stakedao":49.03983599333801,"convex":21.834899968896,"yearn":38.80241}