{"stakedao":44.496009497106066,"convex":22.658669510284803,"yearn":49.88307}