{"stakedao":40.55003691838756,"convex":17.2179639456336,"yearn":31.40089}