{"stakedao":39.495089914831084,"convex":15.692651278027201,"yearn":33.15188}