{"stakedao":51.733145413132824,"convex":25.2683291397888,"yearn":31.73418}