{"stakedao":45.01896966119682,"convex":9.012398020344001,"yearn":25.96647}