{"stakedao":41.518040700127216,"convex":18.1580072551344,"yearn":31.57642}