{"stakedao":41.01517540191391,"convex":21.7289667385008,"yearn":27.8876}