{"stakedao":53.97923185345671,"convex":10.630951630732799,"yearn":23.38938}