{"stakedao":66.78143506114648,"convex":20.477523092313596,"yearn":42.87534}