{"stakedao":68.50476705275835,"convex":23.564179389211205,"yearn":36.18087}