{"stakedao":58.107647312249874,"convex":30.745505366265597,"yearn":40.10661}