{"stakedao":41.75943988664329,"convex":18.4020345008496,"yearn":30.95067}