{"stakedao":39.29512781854975,"convex":15.7193846322048,"yearn":26.79239}