{"stakedao":35.44352832446264,"convex":17.2179639456336,"yearn":31.43643}