{"stakedao":44.61455479402213,"convex":22.6623451856112,"yearn":46.91027}