{"stakedao":44.10755648362645,"convex":23.772064978728,"yearn":33.65672}