{"stakedao":40.41963533011102,"convex":13.1730118858512,"yearn":18.60813}