{"stakedao":62.042913568100445,"convex":19.111834798862397,"yearn":46.666}