{"stakedao":39.577081481915165,"convex":15.4165897445904,"yearn":25.60773}