{"stakedao":54.893204047710626,"convex":10.4931715121424,"yearn":16.3419}