{"stakedao":43.83796282677081,"convex":12.376357883424,"yearn":19.55583}