{"stakedao":43.40199211455925,"convex":27.7500327864192,"yearn":27.24853}