{"stakedao":42.57099853429629,"convex":12.185752126593599,"yearn":18.5713}