{"stakedao":67.38808538859581,"convex":24.333837516028797,"yearn":35.37531}