{"stakedao":43.138480047637074,"convex":25.4297649827808,"yearn":30.85918}