{"stakedao":63.868698185044536,"convex":17.3968596697968,"yearn":33.85036}