{"stakedao":44.384298772788114,"convex":22.605589143158397,"yearn":49.06096}