{"stakedao":38.731411290107,"convex":16.422774093460802,"yearn":29.43448}