{"stakedao":38.90606077421622,"convex":15.9672935243232,"yearn":27.38954}