{"stakedao":65.3364132178453,"convex":18.9326765532672,"yearn":43.56394}