{"stakedao":42.221474015220316,"convex":22.172657280753597,"yearn":26.03128}