{"stakedao":45.455139207759814,"convex":20.517477696892797,"yearn":44.46175}