{"stakedao":42.44477692622925,"convex":20.686321699487998,"yearn":29.66441}