{"stakedao":55.32124579470914,"convex":10.4267073959136,"yearn":15.66763}