{"stakedao":41.10753214396031,"convex":20.6661859445664,"yearn":23.44635}