{"stakedao":28.93387623044442,"convex":15.728456448259202,"yearn":23.69993}