{"stakedao":42.52076600383016,"convex":22.9885625857536,"yearn":29.43448}