{"stakedao":64.59769222833533,"convex":18.6599552404176,"yearn":43.37552}