{"stakedao":42.558385680137015,"convex":21.08955193848,"yearn":30.10475}