{"stakedao":47.909370275406644,"convex":13.092984315777601,"yearn":24.19977}