{"stakedao":43.474690054558494,"convex":26.4910241394864,"yearn":26.75613}