{"stakedao":51.09493287405215,"convex":12.1907661550704,"yearn":25.45904}