{"stakedao":40.80391364194386,"convex":17.2372851477504,"yearn":31.03128}