{"stakedao":45.799200500926425,"convex":22.042407615220803,"yearn":42.35065}