{"stakedao":44.34528785320728,"convex":23.2338697862544,"yearn":35.4807}