{"stakedao":41.27781384508319,"convex":21.7299592458,"yearn":27.74673}