{"stakedao":47.814569988688966,"convex":11.0033434649664,"yearn":34.82907}