{"stakedao":42.27196789915644,"convex":15.3561048918048,"yearn":19.13259}