{"stakedao":42.4179333049624,"convex":12.3842443180032,"yearn":21.39601}