{"stakedao":44.6203835650814,"convex":9.2457262649376,"yearn":26.46296}