{"stakedao":44.54957444723479,"convex":13.9242179647872,"yearn":19.1856}