{"stakedao":58.21536266115423,"convex":24.3465414971904,"yearn":38.95087}