{"stakedao":43.52468116673873,"convex":12.3551884068048,"yearn":18.47775}