{"stakedao":57.007432136806784,"convex":31.148571782044804,"yearn":43.32515}