{"stakedao":58.34104786971429,"convex":12.0754127020464,"yearn":14.23334}