{"stakedao":41.804883777697896,"convex":20.6936631919872,"yearn":25.52809}