{"stakedao":53.22943786275851,"convex":13.702351249180799,"yearn":33.21852}