{"stakedao":50.07431291686961,"convex":9.129582327383998,"yearn":20.3093}