{"stakedao":52.98970464079515,"convex":27.011703559536,"yearn":29.45071}