{"stakedao":43.21429752335183,"convex":26.544340458964797,"yearn":25.80627}