{"stakedao":45.229817190741095,"convex":13.2214738562352,"yearn":25.01082}