{"stakedao":55.81803071067095,"convex":12.615981092049598,"yearn":25.44861}