{"stakedao":28.943521135491427,"convex":15.8528181502224,"yearn":25.81229}