{"stakedao":50.04531457645098,"convex":9.138453069902399,"yearn":20.3093}