{"stakedao":40.27045333971192,"convex":16.1710167434256,"yearn":35.02228}