{"stakedao":57.0197499895269,"convex":12.480634937707201,"yearn":14.41168}