{"stakedao":47.144314674288665,"convex":13.21908135552,"yearn":24.72048}