{"stakedao":38.942986989279206,"convex":17.664686762587202,"yearn":29.43448}