{"stakedao":49.30403978924238,"convex":29.3414459759424,"yearn":34.34857}