{"stakedao":49.600518500971404,"convex":31.279687697347203,"yearn":27.64348}