{"stakedao":51.8897644779413,"convex":25.316801255304,"yearn":31.13871}