{"stakedao":41.67652411809074,"convex":18.260254075348797,"yearn":30.7046}