{"stakedao":64.15701500299147,"convex":18.4912206488208,"yearn":30.01492}