{"stakedao":55.220161191050416,"convex":10.5333234217056,"yearn":22.33811}