{"stakedao":43.418763812856845,"convex":19.534831730121603,"yearn":41.75395}