{"stakedao":54.68887256899596,"convex":10.493228563919999,"yearn":16.47251}