{"stakedao":41.039776780473716,"convex":20.929882969267197,"yearn":0}