{"stakedao":54.25137435330172,"convex":10.441246469529599,"yearn":15.96039}