{"stakedao":40.702692774856544,"convex":16.4567849094432,"yearn":33.36232}