{"stakedao":46.291010767182065,"convex":20.277670794220803,"yearn":42.42765}