{"stakedao":51.69142218288279,"convex":22.8482470011456,"yearn":34.56538}