{"stakedao":40.61313002605976,"convex":19.9834064734464,"yearn":29.44037}