{"stakedao":37.60423473877774,"convex":24.3153993723696,"yearn":29.69045}