{"stakedao":42.25453230139934,"convex":22.724356387104,"yearn":25.63549}