{"stakedao":44.926129950391825,"convex":21.649355875670402,"yearn":42.19701}