{"stakedao":65.2124851305229,"convex":18.837661622184,"yearn":43.04767}