{"stakedao":40.90819743413913,"convex":16.752097322870398,"yearn":34.02763}