{"stakedao":37.55999135324994,"convex":24.3236325452688,"yearn":29.89177}