{"stakedao":39.188070161715586,"convex":16.4367010974672,"yearn":19.2224}