{"stakedao":51.464221736925,"convex":9.5976838118592,"yearn":18.54548}