{"stakedao":39.26811231274486,"convex":16.467467754672,"yearn":26.47957}