{"stakedao":45.730945590062575,"convex":31.0214215912752,"yearn":40.88333}