{"stakedao":47.376448353538116,"convex":12.1978040599584,"yearn":23.28525}