{"stakedao":39.01542201202399,"convex":16.2983634791616,"yearn":27.95499}