{"stakedao":54.50758300072562,"convex":10.344194470526398,"yearn":15.94886}