{"stakedao":49.03207066939987,"convex":29.4066435559536,"yearn":35.35796}