{"stakedao":55.269321078010705,"convex":10.443547235174401,"yearn":14.00154}