{"stakedao":55.09617153058328,"convex":11.821275030499201,"yearn":17.89013}