{"stakedao":50.5952545155089,"convex":22.3088121222048,"yearn":34.56538}