{"stakedao":62.78486655059615,"convex":20.180594468347202,"yearn":44.61213}