{"stakedao":40.57250934577587,"convex":13.1765224449888,"yearn":18.74012}