{"stakedao":50.72561588215127,"convex":10.9646903857968,"yearn":17.91315}