{"stakedao":51.85497446057613,"convex":13.7634643684656,"yearn":27.9006}