{"stakedao":42.46062396067555,"convex":22.9835410990128,"yearn":29.43448}