{"stakedao":67.0017049236728,"convex":21.2010817871088,"yearn":31.68482}