{"stakedao":45.9495051737995,"convex":8.990422757928,"yearn":28.47711}