{"stakedao":39.12285997732839,"convex":16.3900642100112,"yearn":27.74256}