{"stakedao":41.466513116129285,"convex":20.6905412730528,"yearn":23.50784}