{"stakedao":47.18234009363897,"convex":8.9776162595376,"yearn":29.49486}