{"stakedao":42.74063321333507,"convex":13.265314235280002,"yearn":17.47067}