{"stakedao":37.52367533402012,"convex":24.370184922552,"yearn":29.36178}