{"stakedao":45.47265423465653,"convex":8.9911609778448,"yearn":27.36726}