{"stakedao":45.542698649933115,"convex":31.0753309042368,"yearn":48.8108}