{"stakedao":43.13867826531716,"convex":15.7013996293296,"yearn":16.95581}