{"stakedao":52.088885560081366,"convex":10.9682216451648,"yearn":17.5468}