{"stakedao":43.75181912221915,"convex":27.3997253228544,"yearn":26.17004}