{"stakedao":64.8127257022553,"convex":18.661096667016,"yearn":43.244}