{"stakedao":41.19681641488852,"convex":13.227320857694401,"yearn":16.04098}