{"stakedao":56.41201830270646,"convex":31.1177781489456,"yearn":43.4711}