{"stakedao":45.48352198179038,"convex":22.9386456578592,"yearn":32.41659}