{"stakedao":62.401689558725536,"convex":17.3258984505888,"yearn":34.88075}