{"stakedao":44.425084148891926,"convex":22.6578638474784,"yearn":50.14515}