{"stakedao":40.474139422341885,"convex":13.203926096846399,"yearn":18.27489}