{"stakedao":54.16852294232996,"convex":12.208920701788799,"yearn":15.57854}