{"stakedao":42.016433340484944,"convex":22.978083567153597,"yearn":29.43448}