{"stakedao":53.020473103089145,"convex":28.002498980587205,"yearn":30.48555}