{"stakedao":40.56225491938825,"convex":20.209456912492797,"yearn":28.52965}