{"stakedao":47.57212280889897,"convex":22.9792034798928,"yearn":39.15764}