{"stakedao":47.78181607459505,"convex":31.4205165965808,"yearn":28.46215}