{"stakedao":54.6175980607279,"convex":10.438931314008,"yearn":15.44165}