{"stakedao":55.21499709664806,"convex":11.3971997982528,"yearn":18.68547}