{"stakedao":44.0721713604677,"convex":22.4985872491776,"yearn":32.20322}