{"stakedao":43.64916099739819,"convex":14.822953822612803,"yearn":18.29612}