{"stakedao":41.099037575172524,"convex":20.673023327798397,"yearn":23.30589}