{"stakedao":55.605098350851605,"convex":9.777109794940799,"yearn":20.16315}