{"stakedao":49.56676151652061,"convex":27.7997700001104,"yearn":27.42962}