{"stakedao":42.225823838607496,"convex":22.74987582288,"yearn":28.96388}