{"stakedao":53.33173465592522,"convex":26.9255268005904,"yearn":28.64014}