{"stakedao":53.12518039047232,"convex":28.002498980587205,"yearn":30.48555}