{"stakedao":53.7137946699811,"convex":14.1914931365808,"yearn":22.94652}