{"stakedao":43.73038204941536,"convex":14.7978725574816,"yearn":18.29612}