{"stakedao":41.43674814885664,"convex":20.6846509758192,"yearn":23.84758}