{"stakedao":52.698134287734725,"convex":11.2925842901568,"yearn":16.05709}