{"stakedao":48.25016034264185,"convex":27.9412878411072,"yearn":26.8454}