{"stakedao":43.05565130567811,"convex":16.4582959285008,"yearn":18.32643}