{"stakedao":44.190054676628236,"convex":23.7544550776512,"yearn":32.67261}