{"stakedao":45.57361420703319,"convex":20.5315536485808,"yearn":43.71334}