{"stakedao":51.36314033912246,"convex":25.317214758489598,"yearn":30.24929}