{"stakedao":41.362109919162634,"convex":13.227320857694401,"yearn":16.04098}