{"stakedao":49.363704287802655,"convex":22.9547076711408,"yearn":32.74845}