{"stakedao":54.74903153581852,"convex":10.5333234217056,"yearn":0}