{"stakedao":37.49423084947277,"convex":24.4495874743344,"yearn":29.08754}