{"stakedao":43.021403829020784,"convex":16.445514441312,"yearn":18.82281}