{"stakedao":48.45846096349899,"convex":10.988185800096,"yearn":35.61219}