{"stakedao":45.283108929905666,"convex":23.131041631416,"yearn":31.83896}