{"stakedao":41.251499160632726,"convex":21.552192617659202,"yearn":25.88858}