{"stakedao":47.477157871957075,"convex":22.39525200492,"yearn":37.67793}