{"stakedao":52.59938666485484,"convex":13.6842063777072,"yearn":31.6644}