{"stakedao":44.11737275648905,"convex":14.8053909795552,"yearn":18.68373}