{"stakedao":56.82012418781772,"convex":11.0187356977584,"yearn":16.14366}