{"stakedao":45.318603610799954,"convex":11.6181837455328,"yearn":25.65945}