{"stakedao":44.58298429997329,"convex":23.299856422214404,"yearn":31.93795}