{"stakedao":42.32633366981328,"convex":20.707730559576,"yearn":30.40218}