{"stakedao":47.215663887622625,"convex":22.4061488692128,"yearn":38.21889}