{"stakedao":44.36587157880771,"convex":23.222046564575997,"yearn":36.1101}