{"stakedao":64.30084678184362,"convex":12.443395030847999,"yearn":47.09498}