{"stakedao":62.428223197709286,"convex":19.1337855041952,"yearn":50.32315}