{"stakedao":55.456342766471806,"convex":10.9974132053136,"yearn":15.53399}