{"stakedao":46.741981469129904,"convex":12.197536073337602,"yearn":23.06925}