{"stakedao":42.445642702904095,"convex":12.3841670138064,"yearn":21.36505}