{"stakedao":47.63653153549595,"convex":13.090373261121599,"yearn":24.29241}