{"stakedao":48.49527739347167,"convex":10.995061991529601,"yearn":36.15747}