{"stakedao":42.1531307369815,"convex":14.2141264953984,"yearn":17.30648}