{"stakedao":42.58283455430167,"convex":13.2211317694752,"yearn":17.72875}