{"stakedao":43.12835337663388,"convex":19.5329102511024,"yearn":42.28239}