{"stakedao":42.246290141237324,"convex":22.147252755854396,"yearn":26.46865}