{"stakedao":58.39154695644668,"convex":16.918001482780802,"yearn":36.50029}