{"stakedao":39.34939709292382,"convex":15.698309561755199,"yearn":25.31916}