{"stakedao":46.65634965412279,"convex":32.2989663389904,"yearn":27.44416}