{"stakedao":48.56937343680103,"convex":10.9886285087712,"yearn":35.37354}