{"stakedao":45.116614709007536,"convex":23.1912747512352,"yearn":32.03478}