{"stakedao":45.59162347241825,"convex":31.059915782616002,"yearn":41.12082}