{"stakedao":49.04576658969857,"convex":29.387462849870403,"yearn":35.5572}