{"stakedao":56.145613748788286,"convex":11.386531150531201,"yearn":14.57229}