{"stakedao":42.61302051054235,"convex":24.8863577315184,"yearn":27.42134}