{"stakedao":40.67395392601177,"convex":16.689715712136,"yearn":34.74156}