{"stakedao":39.69113212924565,"convex":15.605797611455998,"yearn":34.40239}