{"stakedao":47.76683091727445,"convex":11.4861110185296,"yearn":33.74406}