{"stakedao":56.64464653178393,"convex":11.602153630915199,"yearn":14.22352}