{"stakedao":44.21159574179491,"convex":19.607437059768003,"yearn":43.77025}