{"stakedao":44.43150975426679,"convex":19.6090973481744,"yearn":43.63535}