{"stakedao":38.711484573723816,"convex":16.421707804536002,"yearn":27.95499}