{"stakedao":79.66297492508869,"convex":24.923386596312,"yearn":39.73009}