{"stakedao":48.88176639990149,"convex":22.9469044916016,"yearn":29.97243}