{"stakedao":46.37148204815052,"convex":21.574041414408,"yearn":42.19701}