{"stakedao":41.106879759280105,"convex":13.732687632355201,"yearn":16.3816}