{"stakedao":48.14666064065983,"convex":31.3444284405552,"yearn":29.83421}