{"stakedao":42.517726798475074,"convex":13.27367529612,"yearn":18.81692}