{"stakedao":52.73872533304403,"convex":11.304486720806398,"yearn":15.89372}