{"stakedao":57.65440569984142,"convex":24.3446683060944,"yearn":38.94687}