{"stakedao":42.51877369862673,"convex":22.141858999248,"yearn":26.00408}