{"stakedao":56.88846211186282,"convex":11.014192788739201,"yearn":15.36936}