{"stakedao":40.746392186357085,"convex":19.1521210896288,"yearn":29.31793}