{"stakedao":42.3340650871169,"convex":15.2767510158384,"yearn":19.37969}