{"stakedao":41.273131317295054,"convex":21.0167728707024,"yearn":24.51472}