{"stakedao":46.06032568759632,"convex":10.617491763187202,"yearn":25.90375}