{"stakedao":43.49889923732536,"convex":26.819425398168,"yearn":27.03038}