{"stakedao":54.61370079523305,"convex":10.3438407595968,"yearn":15.90061}