{"stakedao":45.630126752399335,"convex":20.519946353894397,"yearn":45.52854}