{"stakedao":65.65998577056997,"convex":18.8354384319456,"yearn":41.94741}