{"stakedao":37.45933574116157,"convex":15.34919663772,"yearn":27.40141}