{"stakedao":39.639528138842095,"convex":15.6050913248928,"yearn":35.7812}