{"stakedao":43.51424374156994,"convex":12.3506069513328,"yearn":18.17582}