{"stakedao":43.17706355890045,"convex":22.3196032841328,"yearn":28.11904}