{"stakedao":45.7660776149491,"convex":10.7235429666048,"yearn":26.84933}