{"stakedao":72.13682571605116,"convex":24.4346151496896,"yearn":43.63658}