{"stakedao":42.15602281346447,"convex":13.1774579541216,"yearn":15.95773}