{"stakedao":55.611441793691874,"convex":10.417196160388798,"yearn":15.741}