{"stakedao":56.72146434246389,"convex":30.9850074104256,"yearn":45.28759}