{"stakedao":52.13896979733477,"convex":25.6892933330208,"yearn":34.09852}