{"stakedao":40.67530976497821,"convex":19.9834064734464,"yearn":29.44037}