{"stakedao":52.70046629155273,"convex":11.2886381431728,"yearn":16.47863}