{"stakedao":42.35437549066241,"convex":22.7234659712976,"yearn":25.49714}