{"stakedao":39.64757806593871,"convex":15.6081370244688,"yearn":36.00603}