{"stakedao":39.36150331363425,"convex":15.741303388416,"yearn":25.09305}