{"stakedao":45.921036870926464,"convex":22.9547810806416,"yearn":32.96334}