{"stakedao":42.93661247585753,"convex":25.217506485359998,"yearn":27.80761}