{"stakedao":62.794339657137336,"convex":20.533145109667203,"yearn":42.49904}