{"stakedao":44.21748200820264,"convex":22.5251299808496,"yearn":30.79676}