{"stakedao":39.363689711708695,"convex":16.478842651113602,"yearn":29.43448}