{"stakedao":39.06891667771816,"convex":18.066796555881602,"yearn":29.43448}