{"stakedao":34.12526495082819,"convex":16.4724866523072,"yearn":26.54692}