{"stakedao":47.107876668194336,"convex":26.029306812312,"yearn":27.70403}