{"stakedao":63.83606317662561,"convex":20.345778178876802,"yearn":37.94986}