{"stakedao":44.49193515476604,"convex":23.3048499964416,"yearn":31.42904}