{"stakedao":53.731883286850454,"convex":15.7825172853936,"yearn":23.91461}