{"stakedao":42.20292746763617,"convex":22.983146779176,"yearn":29.43448}