{"stakedao":28.945293511864307,"convex":15.864896283696002,"yearn":25.81229}