{"stakedao":58.09804765734319,"convex":12.075414865416,"yearn":14.36092}