{"stakedao":41.761857187714895,"convex":20.693449081468803,"yearn":26.05035}