{"stakedao":41.47317121958331,"convex":20.6934303522384,"yearn":29.01362}