{"stakedao":54.603021387667646,"convex":10.618826893358401,"yearn":15.32234}