{"stakedao":38.90877031672583,"convex":16.30412240688,"yearn":27.95499}