{"stakedao":48.902549736437905,"convex":21.8323974737664,"yearn":38.91409}