{"stakedao":40.542392071045924,"convex":16.2404246128032,"yearn":34.62495}