{"stakedao":40.936431671902156,"convex":17.2455503044608,"yearn":32.15701}