{"stakedao":45.60138079800943,"convex":8.9803773183312,"yearn":29.24036}