{"stakedao":42.72168987632298,"convex":13.272509315592,"yearn":17.15895}