{"stakedao":39.6482546898852,"convex":15.608136056313597,"yearn":36.04348}