{"stakedao":74.33629802336239,"convex":20.3583214778112,"yearn":0}