{"stakedao":49.952095410939734,"convex":10.8386248442112,"yearn":37.16441}