{"stakedao":50.264642356342996,"convex":22.6577893373712,"yearn":29.97243}