{"stakedao":42.91237438819738,"convex":13.7335931066016,"yearn":17.1277}