{"stakedao":43.02740536067499,"convex":13.7254728546576,"yearn":17.32212}