{"stakedao":53.85962717140759,"convex":15.943018713552,"yearn":23.72062}