{"stakedao":42.07305872168408,"convex":20.648619818611202,"yearn":28.49487}