{"stakedao":49.3124312111383,"convex":22.9547076711408,"yearn":32.79878}