{"stakedao":54.15696028318395,"convex":14.419810124712,"yearn":23.19567}