{"stakedao":48.208064822376464,"convex":11.5419083035104,"yearn":33.43521}