{"stakedao":47.903108860654854,"convex":10.853327220696,"yearn":30.03169}