{"stakedao":41.06104755751785,"convex":20.910128049388803,"yearn":25.91038}