{"stakedao":40.82653469282095,"convex":16.5267625838832,"yearn":33.39886}