{"stakedao":43.25171306607798,"convex":23.6612688340608,"yearn":31.35492}