{"stakedao":55.65928898330078,"convex":9.8102777955552,"yearn":20.27461}