{"stakedao":74.58855899769426,"convex":20.3488354048608,"yearn":0}