{"stakedao":37.503992725264496,"convex":24.4493863124976,"yearn":29.05078}