{"stakedao":40.64392197554346,"convex":19.130332905072,"yearn":28.76108}