{"stakedao":52.52659037110418,"convex":28.10510024652,"yearn":29.9958}