{"stakedao":52.8402943376569,"convex":11.2923428757696,"yearn":16.29469}