{"stakedao":34.12526495082819,"convex":16.313402001024,"yearn":27.95499}