{"stakedao":48.35458860169074,"convex":27.9329414445072,"yearn":27.20274}