{"stakedao":47.916636706710534,"convex":11.8107535455216,"yearn":23.78283}