{"stakedao":38.86503361522812,"convex":17.665506840499198,"yearn":29.43448}