{"stakedao":51.20364918559635,"convex":9.564079958496,"yearn":18.62958}