{"stakedao":40.55655923153311,"convex":17.2179639456336,"yearn":31.36251}