{"stakedao":45.987729233897355,"convex":14.329680321859199,"yearn":18.55208}