{"stakedao":42.75531883612224,"convex":15.2768792002176,"yearn":18.57206}