{"stakedao":42.45043373867446,"convex":22.8098213217648,"yearn":29.43448}