{"stakedao":43.36393900844644,"convex":26.5449603904992,"yearn":25.9607}