{"stakedao":44.90535409090826,"convex":22.114777475016,"yearn":43.16585}