{"stakedao":42.51549317018318,"convex":21.5253302402448,"yearn":26.12978}