{"stakedao":42.282668229438315,"convex":15.5360362455936,"yearn":17.42087}