{"stakedao":45.82170882911128,"convex":10.615680073598401,"yearn":25.56616}