{"stakedao":54.929639003287036,"convex":10.582319593007998,"yearn":16.78797}