{"stakedao":46.514150365258004,"convex":32.3860730094288,"yearn":27.04715}