{"stakedao":40.675179902707455,"convex":20.8558016949024,"yearn":27.0089}