{"stakedao":41.6797907773445,"convex":13.799899271620802,"yearn":15.87949}