{"stakedao":48.223234312171,"convex":11.5419083035104,"yearn":33.37594}