{"stakedao":41.52656205001499,"convex":20.6905406581008,"yearn":23.41126}