{"stakedao":51.5390825467103,"convex":24.299871279336,"yearn":41.59495}