{"stakedao":53.57424007322429,"convex":10.76345447724,"yearn":23.72564}