{"stakedao":40.00612231948661,"convex":16.4342026137168,"yearn":19.45052}