{"stakedao":40.947245888291455,"convex":14.825361498451201,"yearn":20.87379}