{"stakedao":39.09492521989314,"convex":18.0649443109968,"yearn":29.43448}