{"stakedao":42.25101381621352,"convex":15.2839265091408,"yearn":19.73699}