{"stakedao":63.02227365652785,"convex":19.124641243641598,"yearn":46.115}