{"stakedao":41.75982069613529,"convex":20.759522384664,"yearn":27.8876}