{"stakedao":52.77695965174981,"convex":17.2024191637488,"yearn":37.22343}