{"stakedao":42.02506929995042,"convex":21.5174919453696,"yearn":26.52342}