{"stakedao":49.0535778481563,"convex":12.6960425380944,"yearn":23.26827}