{"stakedao":51.40044518047284,"convex":25.1465206869936,"yearn":32.67995}