{"stakedao":54.07381392106364,"convex":26.812868619110397,"yearn":29.39385}