{"stakedao":44.66199341085949,"convex":22.1895001411632,"yearn":47.83189}