{"stakedao":55.280581487179944,"convex":11.405933715528,"yearn":14.68772}