{"stakedao":56.40154685605708,"convex":11.6037738307584,"yearn":14.02532}