{"stakedao":51.30580159749398,"convex":25.2099879655248,"yearn":31.19222}