{"stakedao":51.60702656179181,"convex":24.3002561572944,"yearn":41.37606}