{"stakedao":45.512864163061266,"convex":8.991158902776,"yearn":27.30712}