{"stakedao":52.17623212737858,"convex":22.8617770205232,"yearn":42.19701}