{"stakedao":44.891042040352666,"convex":20.4582303356688,"yearn":47.82409}