{"stakedao":40.642845702786964,"convex":19.1306058428448,"yearn":28.76108}