{"stakedao":41.971517884463495,"convex":13.181656029595201,"yearn":15.73313}