{"stakedao":39.36948881403297,"convex":15.696186775833601,"yearn":25.2519}