{"stakedao":54.12826086304108,"convex":11.4047723203344,"yearn":16.42633}