{"stakedao":73.01689262706937,"convex":21.100732109582403,"yearn":33.63023}