{"stakedao":47.58176929319464,"convex":12.199946887008,"yearn":23.55049}