{"stakedao":61.415260386906695,"convex":19.108664919979198,"yearn":47.32306}