{"stakedao":42.571127628123016,"convex":15.2841937294368,"yearn":19.82571}