{"stakedao":58.137951262504686,"convex":12.518825894639999,"yearn":14.04898}