{"stakedao":47.61219853098976,"convex":14.3232567508656,"yearn":17.96013}