{"stakedao":43.40838265714872,"convex":16.445462902027202,"yearn":18.87822}