{"stakedao":56.541782006999924,"convex":30.4488014741424,"yearn":41.57024}