{"stakedao":40.7872664760688,"convex":13.214525251838399,"yearn":15.73979}