{"stakedao":39.668211628495214,"convex":15.6056467495392,"yearn":35.70642}