{"stakedao":57.22181177234428,"convex":13.3105026490272,"yearn":17.87042}