{"stakedao":48.26916654823545,"convex":27.94136612292,"yearn":26.88919}