{"stakedao":77.98962227391257,"convex":24.759164185056,"yearn":41.01651}