{"stakedao":42.867858334925344,"convex":13.1880335548752,"yearn":16.54861}