{"stakedao":42.161389777264226,"convex":15.356106701971198,"yearn":19.13259}