{"stakedao":55.81310051130659,"convex":10.5333373763856,"yearn":16.68974}