{"stakedao":43.1141009145608,"convex":14.8382038721952,"yearn":17.9578}