{"stakedao":38.925738416236776,"convex":15.963778736208,"yearn":27.8517}