{"stakedao":54.466719802974964,"convex":12.270308054976,"yearn":26.65573}