{"stakedao":41.06220212547577,"convex":19.848359201544,"yearn":27.33173}