{"stakedao":40.25968516840196,"convex":16.2419823051408,"yearn":34.83943}