{"stakedao":66.52125760613842,"convex":19.562362847337603,"yearn":40.68387}