{"stakedao":43.85859272828205,"convex":12.3553236110976,"yearn":18.66985}