{"stakedao":55.474756664188554,"convex":11.3840492357952,"yearn":14.21526}