{"stakedao":45.44754249595614,"convex":10.612390124548801,"yearn":24.96123}