{"stakedao":37.56447063850337,"convex":24.309496832860802,"yearn":29.80024}