{"stakedao":37.6609409021877,"convex":14.105070961329599,"yearn":25.89212}