{"stakedao":42.23782512750442,"convex":23.5415280296448,"yearn":29.43448}