{"stakedao":39.48136251984292,"convex":15.524808634886401,"yearn":30.90194}