{"stakedao":64.17185733876164,"convex":20.3704757549568,"yearn":37.94986}