{"stakedao":52.165899525128005,"convex":10.9682216451648,"yearn":17.52629}