{"stakedao":38.67468725698712,"convex":16.421029572398403,"yearn":27.95499}