{"stakedao":54.59469353418993,"convex":10.4416849460736,"yearn":16.20094}