{"stakedao":64.55155382615291,"convex":19.0183021228512,"yearn":41.94741}