{"stakedao":44.530098766750584,"convex":9.009479820815999,"yearn":26.58161}