{"stakedao":39.46495815494698,"convex":15.715039807108798,"yearn":32.88318}