{"stakedao":72.85408126671112,"convex":24.4206098102592,"yearn":43.63658}