{"stakedao":66.58291168533965,"convex":12.4787565589392,"yearn":36.64194}