{"stakedao":46.96673185396647,"convex":13.239359151739201,"yearn":26.66259}