{"stakedao":39.04160474292003,"convex":18.0942500093904,"yearn":29.43448}