{"stakedao":47.922218172104536,"convex":10.98713033748,"yearn":35.22469}