{"stakedao":55.24776510959509,"convex":11.405933715528,"yearn":14.68772}