{"stakedao":42.21804691649158,"convex":22.9831402259952,"yearn":29.43448}