{"stakedao":45.30241844544255,"convex":20.4700236296832,"yearn":48.65737}