{"stakedao":55.831727154781504,"convex":10.2011071711104,"yearn":21.5331}