{"stakedao":40.80713582109751,"convex":17.240687569944,"yearn":30.89588}