{"stakedao":45.438921690493814,"convex":20.516290120512004,"yearn":44.54098}