{"stakedao":52.14402074757666,"convex":15.9545501610048,"yearn":25.78877}