{"stakedao":49.28239827266839,"convex":22.8946162583376,"yearn":34.41661}