{"stakedao":49.44661517337606,"convex":22.7618012968848,"yearn":34.56538}