{"stakedao":47.528618819490305,"convex":22.9855370566032,"yearn":42.39618}