{"stakedao":43.38693238014773,"convex":23.670531487065603,"yearn":30.90623}