{"stakedao":39.570006918503154,"convex":15.711099724497599,"yearn":32.45268}