{"stakedao":49.34336055464064,"convex":22.75681886748,"yearn":34.56538}