{"stakedao":48.276381498922085,"convex":10.9951182832896,"yearn":35.97593}