{"stakedao":51.70409878799876,"convex":22.8432067473312,"yearn":34.56538}