{"stakedao":57.78786110169956,"convex":24.3125681428224,"yearn":39.15501}