{"stakedao":62.97441816556001,"convex":20.1881377250208,"yearn":45.54567}