{"stakedao":38.65076391437788,"convex":16.4215227765168,"yearn":27.95499}