{"stakedao":53.83112180409941,"convex":11.4053725103328,"yearn":16.56776}