{"stakedao":57.9959647482889,"convex":12.6670426159104,"yearn":15.10135}