{"stakedao":38.9225437208071,"convex":15.966111801023999,"yearn":27.77382}