{"stakedao":41.97162514928178,"convex":13.176691014369599,"yearn":15.95773}