{"stakedao":40.31074406682944,"convex":18.8961788367072,"yearn":29.24838}