{"stakedao":49.35472814252882,"convex":22.9543733548512,"yearn":32.70731}