{"stakedao":39.47674946828209,"convex":15.523886187964798,"yearn":30.90194}