{"stakedao":42.926665113595796,"convex":16.45642741104,"yearn":18.52433}