{"stakedao":52.74587347415345,"convex":11.3543611160976,"yearn":22.37137}