{"stakedao":62.268133298472904,"convex":19.759967379187202,"yearn":40.64732}