{"stakedao":52.32864354557047,"convex":13.894751319264,"yearn":27.21766}