{"stakedao":54.6079337804515,"convex":11.342018767708801,"yearn":22.1919}