{"stakedao":65.2235158062202,"convex":18.9341309210544,"yearn":43.48687}