{"stakedao":45.495558337696195,"convex":20.468239969291197,"yearn":47.22096}