{"stakedao":65.6267408670405,"convex":18.579160995494398,"yearn":42.80342}