{"stakedao":48.720654513865526,"convex":22.8967060134528,"yearn":30.11393}