{"stakedao":40.809185335705294,"convex":17.235024946862403,"yearn":31.1214}