{"stakedao":55.31856696357222,"convex":12.265892100432001,"yearn":26.28892}