{"stakedao":45.80915197001069,"convex":31.014471479457598,"yearn":40.64887}