{"stakedao":57.009489113450144,"convex":12.2658933871008,"yearn":24.53464}