{"stakedao":39.53229162098192,"convex":15.701019727752,"yearn":32.58505}