{"stakedao":40.93436635356747,"convex":16.752097322870398,"yearn":33.95094}