{"stakedao":52.05536328228315,"convex":14.9806044941328,"yearn":25.69503}