{"stakedao":34.12526495082819,"convex":18.0648575239248,"yearn":29.43448}