{"stakedao":42.63681910976464,"convex":12.073124847239999,"yearn":22.29089}