{"stakedao":42.912620405558,"convex":28.589192053488002,"yearn":26.71986}