{"stakedao":43.01801176280901,"convex":16.449476170233602,"yearn":18.74906}