{"stakedao":55.637116253246376,"convex":11.406388991299199,"yearn":14.91591}