{"stakedao":40.821400368727765,"convex":19.094488538745598,"yearn":29.60422}