{"stakedao":41.03330287538128,"convex":21.7486131871536,"yearn":27.21847}