{"stakedao":41.73256823079546,"convex":20.7235588910976,"yearn":25.99133}