{"stakedao":52.3876627545915,"convex":22.857838054286397,"yearn":34.56538}