{"stakedao":47.645709516204576,"convex":22.9789681488,"yearn":39.08543}