{"stakedao":47.86491929359966,"convex":11.0033434649664,"yearn":34.82907}