{"stakedao":40.75070460760446,"convex":18.8782112953152,"yearn":29.24838}