{"stakedao":41.07774355980806,"convex":19.7943618873744,"yearn":25.97557}