{"stakedao":56.06283746690595,"convex":11.385595398571201,"yearn":14.43256}