{"stakedao":46.408379105250745,"convex":13.259594636107199,"yearn":26.29676}