{"stakedao":39.6219777607163,"convex":15.7547381123088,"yearn":32.12213}