{"stakedao":45.30628741755759,"convex":13.221416391336,"yearn":25.01082}