{"stakedao":42.2244976496841,"convex":22.812400578671998,"yearn":29.43448}