{"stakedao":57.35052702671352,"convex":12.271894962264,"yearn":24.13574}