{"stakedao":47.73805876018516,"convex":29.2230342089424,"yearn":36.2048}