{"stakedao":43.553345626589945,"convex":12.3563129584896,"yearn":18.66985}