{"stakedao":39.782025602239756,"convex":15.5447435780208,"yearn":33.92796}