{"stakedao":41.241992178412445,"convex":20.6550747016992,"yearn":24.33952}