{"stakedao":39.65139637251372,"convex":15.604042844347202,"yearn":34.73535}