{"stakedao":39.38335487811486,"convex":15.730875653659199,"yearn":25.17394}