{"stakedao":43.32246955745569,"convex":18.902108743156802,"yearn":27.81179}