{"stakedao":38.90962888168606,"convex":17.664377391273597,"yearn":29.43448}