{"stakedao":48.81768065823276,"convex":11.160118577289602,"yearn":33.08115}