{"stakedao":40.66118321160545,"convex":19.096704359020798,"yearn":29.01482}