{"stakedao":42.63841926992617,"convex":25.3983350698848,"yearn":29.68308}