{"stakedao":40.51648899781361,"convex":16.230705936624,"yearn":34.21859}