{"stakedao":54.93818610767579,"convex":10.5333234217056,"yearn":0}