{"stakedao":52.817589457272305,"convex":24.248118341289604,"yearn":37.2732}