{"stakedao":58.806862411290155,"convex":24.350074254518397,"yearn":38.45951}