{"stakedao":77.46770415101054,"convex":21.093817970880004,"yearn":33.63023}