{"stakedao":55.7577300942791,"convex":11.312884650384,"yearn":15.68421}