{"stakedao":53.788813738033376,"convex":10.441042299158399,"yearn":15.70729}