{"stakedao":45.710444508352275,"convex":31.0244576597568,"yearn":41.00085}