{"stakedao":44.65805540351597,"convex":10.6223368406976,"yearn":25.55415}