{"stakedao":46.40132392737889,"convex":11.3822011946592,"yearn":31.52919}