{"stakedao":42.88453696155267,"convex":13.2160374408816,"yearn":16.94724}