{"stakedao":39.05967630790192,"convex":18.0942500093904,"yearn":29.43448}