{"stakedao":66.96642224393426,"convex":19.6075301445792,"yearn":40.75038}