{"stakedao":39.340326141180796,"convex":16.0595594906688,"yearn":26.79239}