{"stakedao":49.57748409409794,"convex":17.44164642528,"yearn":19.32212}