{"stakedao":66.34458896075617,"convex":20.4810356508336,"yearn":43.03903}