{"stakedao":41.43868906622269,"convex":13.272026896785599,"yearn":18.57517}