{"stakedao":48.29859709635583,"convex":11.372911363929601,"yearn":31.52919}