{"stakedao":41.34147600683734,"convex":14.805583869499198,"yearn":21.19135}