{"stakedao":38.92380705677963,"convex":15.963778736208,"yearn":27.8517}