{"stakedao":41.02879391657153,"convex":19.8163977556752,"yearn":26.43136}