{"stakedao":42.16813989134746,"convex":22.730395736088,"yearn":26.05104}