{"stakedao":41.073832188026614,"convex":20.930324681404798,"yearn":0}