{"stakedao":56.20958879664342,"convex":11.408261785041601,"yearn":14.6622}