{"stakedao":48.87228135530488,"convex":11.0748045707712,"yearn":19.18649}