{"stakedao":51.41540374181281,"convex":13.8314989617264,"yearn":27.9006}