{"stakedao":45.63761001018202,"convex":23.3493278031936,"yearn":32.38779}