{"stakedao":56.166385230282195,"convex":11.2201307716608,"yearn":15.66597}