{"stakedao":42.69624316359757,"convex":24.9104403682128,"yearn":29.02844}