{"stakedao":42.70759079444764,"convex":12.2053250805984,"yearn":17.9051}