{"stakedao":40.69799847129084,"convex":16.688287657987203,"yearn":34.9128}