{"stakedao":72.20018963471159,"convex":24.3822555914544,"yearn":43.63658}