{"stakedao":40.73176136091447,"convex":16.690056370315197,"yearn":35.16937}