{"stakedao":64.63155465156802,"convex":19.017461603304,"yearn":41.94741}