{"stakedao":40.38089432922878,"convex":15.132164368838401,"yearn":20.54605}