{"stakedao":48.90442783678064,"convex":22.9692477381408,"yearn":29.97243}