{"stakedao":45.59112307974506,"convex":22.0408225086384,"yearn":42.0625}