{"stakedao":42.33353505839326,"convex":20.6459792935632,"yearn":28.9827}