{"stakedao":55.2419349588216,"convex":10.427196632803199,"yearn":16.02571}