{"stakedao":40.79595062753759,"convex":19.832534017315197,"yearn":27.1669}