{"stakedao":52.65979158295819,"convex":13.6841569891776,"yearn":31.73057}