{"stakedao":58.12498508294992,"convex":24.310209849206398,"yearn":39.52612}