{"stakedao":41.23444651013802,"convex":21.522270595449598,"yearn":26.12616}