{"stakedao":42.93036151971529,"convex":13.251591802152,"yearn":15.4264}