{"stakedao":51.62743739004131,"convex":25.0854943263984,"yearn":33.20747}