{"stakedao":47.584013352541064,"convex":22.9852237149072,"yearn":39.41104}