{"stakedao":47.32559325683111,"convex":29.327934436660797,"yearn":34.77261}