{"stakedao":43.01983275892638,"convex":16.4585984375808,"yearn":18.22761}