{"stakedao":43.06241362660913,"convex":12.074296696617601,"yearn":22.47568}