{"stakedao":45.83877711353869,"convex":8.9940772473696,"yearn":27.67106}