{"stakedao":47.96070889692743,"convex":31.409651031768,"yearn":28.86066}