{"stakedao":37.50589412868827,"convex":24.451747668259202,"yearn":29.27068}