{"stakedao":39.28079122242295,"convex":16.2644848368624,"yearn":27.95499}