{"stakedao":45.33125300622257,"convex":20.4902697479904,"yearn":49.51142}