{"stakedao":57.840650980819525,"convex":11.0029677103728,"yearn":17.47709}