{"stakedao":64.93230462051514,"convex":19.025428915108797,"yearn":41.94741}