{"stakedao":45.17901917532017,"convex":20.469827895192,"yearn":47.88111}