{"stakedao":41.988566715946305,"convex":17.526883550184,"yearn":33.17238}