{"stakedao":56.15238613336985,"convex":11.6036110198512,"yearn":13.92314}