{"stakedao":43.36049499996392,"convex":14.7636371231856,"yearn":17.98705}