{"stakedao":41.33025515773156,"convex":20.697961192430398,"yearn":29.25977}