{"stakedao":43.662504697741014,"convex":27.440930074392,"yearn":26.10483}