{"stakedao":41.027548913989556,"convex":21.7289667385008,"yearn":27.8876}