{"stakedao":51.31402367243003,"convex":10.9645849893312,"yearn":17.84799}