{"stakedao":52.35670367733827,"convex":15.954646588631999,"yearn":25.77299}