{"stakedao":40.5142065735125,"convex":16.2641973168432,"yearn":34.44263}