{"stakedao":43.271424098480395,"convex":16.445514441312,"yearn":18.82281}