{"stakedao":39.166058109801725,"convex":16.0604072761104,"yearn":27.64107}