{"stakedao":47.708714489384946,"convex":31.394743144632002,"yearn":29.0819}