{"stakedao":41.15220241986852,"convex":21.706921560772802,"yearn":26.82999}