{"stakedao":28.902328242303504,"convex":15.865170060326399,"yearn":25.81229}