{"stakedao":52.24497323140119,"convex":13.886977237992001,"yearn":27.12713}