{"stakedao":39.36042240235428,"convex":16.910696221991998,"yearn":27.03915}