{"stakedao":43.83629722415385,"convex":12.0748324774896,"yearn":23.09618}