{"stakedao":46.47443589533119,"convex":28.341711215265597,"yearn":31.10381}