{"stakedao":44.15392710453579,"convex":23.771661475608,"yearn":33.76103}