{"stakedao":45.19353475071049,"convex":20.4578350192944,"yearn":47.01136}