{"stakedao":41.83985013171578,"convex":20.7011670192,"yearn":25.64753}