{"stakedao":57.145649888143275,"convex":31.147673400244802,"yearn":42.74029}