{"stakedao":46.374732827955754,"convex":22.190393679033598,"yearn":40.50344}