{"stakedao":57.746667574535465,"convex":11.038701082593601,"yearn":17.08915}