{"stakedao":48.05240468912331,"convex":31.3947693762768,"yearn":28.94932}