{"stakedao":51.93374421379965,"convex":25.2843917774832,"yearn":31.73418}