{"stakedao":41.158346099815915,"convex":21.730708982663998,"yearn":27.60597}