{"stakedao":48.89409525325399,"convex":29.494991852323203,"yearn":34.95898}