{"stakedao":47.531831584730014,"convex":22.9819516183872,"yearn":50.20835}