{"stakedao":63.653303274884124,"convex":20.223715416624,"yearn":37.94986}