{"stakedao":40.38623949171988,"convex":15.544355628456,"yearn":33.49012}