{"stakedao":49.58611821521829,"convex":22.3663707022464,"yearn":38.9193}