{"stakedao":71.02349748995738,"convex":20.283825659572802,"yearn":30.82401}