{"stakedao":41.57717717567549,"convex":13.853848206412799,"yearn":15.35643}