{"stakedao":65.44574493887112,"convex":18.572382373291198,"yearn":42.88972}