{"stakedao":56.3854424996232,"convex":30.9690649406592,"yearn":44.65678}