{"stakedao":40.1778476626489,"convex":13.1480689439232,"yearn":17.67366}