{"stakedao":43.08015428039069,"convex":25.471568032156803,"yearn":30.42954}