{"stakedao":49.495462695088605,"convex":21.8555367299424,"yearn":40.96944}