{"stakedao":50.09101289171102,"convex":10.843820665113599,"yearn":37.34899}