{"stakedao":61.82273921024853,"convex":19.1042794008288,"yearn":49.05331}