{"stakedao":45.866151915999,"convex":20.527992057888,"yearn":45.14782}