{"stakedao":41.9486677595589,"convex":17.5268906993952,"yearn":33.17238}