{"stakedao":42.68032894602991,"convex":21.0861767791584,"yearn":32.61748}