{"stakedao":45.4592236445923,"convex":20.5747392298896,"yearn":48.92902}