{"stakedao":42.97180048999592,"convex":13.2467121517248,"yearn":18.14802}