{"stakedao":43.30221575466347,"convex":13.7250511426512,"yearn":17.5832}