{"stakedao":42.46913093350854,"convex":15.2915157736848,"yearn":15.17585}