{"stakedao":37.45106943476207,"convex":15.3486907025184,"yearn":27.40141}