{"stakedao":64.97096708039564,"convex":18.611429501087997,"yearn":32.0464}