{"stakedao":43.785006680595934,"convex":12.3752620105776,"yearn":19.7472}