{"stakedao":56.25067734799404,"convex":12.2662338056064,"yearn":24.58795}