{"stakedao":39.194474478961936,"convex":16.064757402408,"yearn":26.79239}