{"stakedao":56.85869672364012,"convex":12.292774749187199,"yearn":23.68545}