{"stakedao":46.068809515616245,"convex":28.3806651636432,"yearn":29.47049}