{"stakedao":63.46984079295106,"convex":20.1782572849296,"yearn":38.19657}