{"stakedao":41.32669929617857,"convex":21.5167866458832,"yearn":25.73612}