{"stakedao":37.51641164960179,"convex":24.44950412784,"yearn":29.23425}