{"stakedao":52.620116599435036,"convex":13.698622438848,"yearn":31.53294}