{"stakedao":40.64245654971905,"convex":5.3898966220752,"yearn":19.8536}