{"stakedao":44.278618861653875,"convex":9.2451765325392,"yearn":26.34675}