{"stakedao":80.77252833474387,"convex":26.0560445216112,"yearn":41.01569}