{"stakedao":41.23469680909904,"convex":21.6960154942752,"yearn":26.05538}