{"stakedao":40.58869941731136,"convex":19.1073188278944,"yearn":28.76108}