{"stakedao":43.5747049677072,"convex":19.5362900399088,"yearn":44.56517}