{"stakedao":53.80069012002176,"convex":11.3977681274304,"yearn":15.62438}