{"stakedao":68.01599648353894,"convex":23.650443682632,"yearn":36.18087}