{"stakedao":43.34473312094271,"convex":13.2611890174272,"yearn":16.81422}