{"stakedao":70.30112880733591,"convex":20.587269062952,"yearn":37.43565}