{"stakedao":55.2310850101325,"convex":12.270747761424001,"yearn":25.02365}