{"stakedao":48.493023343041685,"convex":10.988600350276801,"yearn":35.37354}