{"stakedao":51.57726549787888,"convex":9.6341599104912,"yearn":18.90358}