{"stakedao":46.48008544357049,"convex":22.1901253108272,"yearn":40.54853}