{"stakedao":42.53053123101722,"convex":22.8098213217648,"yearn":29.43448}