{"stakedao":40.87501838209657,"convex":19.1346097953168,"yearn":29.10117}