{"stakedao":37.60168654953883,"convex":23.746452372993602,"yearn":30.38697}