{"stakedao":51.722750980020265,"convex":24.3002561572944,"yearn":41.30264}