{"stakedao":37.59459782911298,"convex":23.7463385059584,"yearn":30.42387}