{"stakedao":41.32849161905804,"convex":17.5299059162736,"yearn":33.78768}