{"stakedao":45.58598447057073,"convex":21.814006981003203,"yearn":39.66377}