{"stakedao":42.79723882813314,"convex":13.216221305222401,"yearn":16.6449}