{"stakedao":44.50385906979072,"convex":22.606310803521602,"yearn":48.44644}