{"stakedao":41.99616359164419,"convex":17.5375058116032,"yearn":33.28646}