{"stakedao":44.690583680580886,"convex":22.1232944908368,"yearn":47.30529}