{"stakedao":44.921435277186035,"convex":9.2456884532736,"yearn":26.46296}