{"stakedao":55.23949678406509,"convex":12.175644229948801,"yearn":15.8454}