{"stakedao":51.691868740945004,"convex":25.0854943263984,"yearn":33.29529}