{"stakedao":42.710693077257034,"convex":20.69223972948,"yearn":31.82601}