{"stakedao":48.859786840249676,"convex":11.160118577289602,"yearn":33.08115}