{"stakedao":43.764432026035585,"convex":14.7678734707488,"yearn":18.59549}