{"stakedao":41.039726982966364,"convex":19.8162558216,"yearn":26.48411}