{"stakedao":66.88501971941207,"convex":20.5010244290736,"yearn":42.87534}