{"stakedao":40.58053905704907,"convex":17.2170319496112,"yearn":31.66213}