{"stakedao":39.57025865271388,"convex":15.7533587560512,"yearn":32.2545}