{"stakedao":65.25306534061525,"convex":18.182292737688,"yearn":31.87698}