{"stakedao":43.387822431880466,"convex":25.133007911500798,"yearn":28.58479}