{"stakedao":56.676253716154136,"convex":12.1856725328832,"yearn":17.67282}