{"stakedao":55.957494708410806,"convex":10.533673751976,"yearn":16.14633}