{"stakedao":39.79662325424963,"convex":15.6010799425392,"yearn":34.03754}