{"stakedao":43.155074398140336,"convex":13.253125915022398,"yearn":18.25344}