{"stakedao":40.97458514310429,"convex":20.8437487113888,"yearn":26.54113}