{"stakedao":56.707636684372815,"convex":11.0186947703376,"yearn":16.14366}