{"stakedao":39.188169074030284,"convex":16.4697844649184,"yearn":26.52645}