{"stakedao":41.48604993871943,"convex":18.0765184171968,"yearn":32.19164}