{"stakedao":41.21346523469717,"convex":14.805594440366399,"yearn":21.19135}