{"stakedao":51.651441809401106,"convex":22.9615621090416,"yearn":34.56538}