{"stakedao":41.753575728953614,"convex":15.254981961019201,"yearn":19.6256}