{"stakedao":56.04200772333775,"convex":12.217214073758399,"yearn":17.44681}