{"stakedao":47.46838727698013,"convex":31.4136704589552,"yearn":27.88683}