{"stakedao":39.65558361949725,"convex":15.604042844347202,"yearn":34.73535}