{"stakedao":43.41541731967001,"convex":15.2745052395168,"yearn":18.28682}