{"stakedao":48.62517711009808,"convex":12.202822326873601,"yearn":22.76239}