{"stakedao":66.42757207989928,"convex":20.535228144460802,"yearn":43.18765}