{"stakedao":54.63219724890445,"convex":11.308246874769601,"yearn":15.45908}