{"stakedao":43.84894049787481,"convex":12.374744460667198,"yearn":19.82012}