{"stakedao":40.85397805779881,"convex":18.880022745230402,"yearn":29.24838}