{"stakedao":37.49562221796202,"convex":15.365542739904,"yearn":26.42021}