{"stakedao":53.93320901872752,"convex":10.5905244907296,"yearn":15.55471}