{"stakedao":39.038071817410355,"convex":16.373380366728,"yearn":27.21494}