{"stakedao":57.47236679903814,"convex":12.056007267273598,"yearn":13.86243}