{"stakedao":37.60428611818028,"convex":23.7253174819056,"yearn":30.44229}