{"stakedao":44.47365705165452,"convex":23.223300990969598,"yearn":36.32083}