{"stakedao":58.800596297563445,"convex":24.3452877519744,"yearn":38.73838}