{"stakedao":44.82255137653107,"convex":20.458801440014398,"yearn":48.05595}