{"stakedao":53.17999615630378,"convex":13.5880243244928,"yearn":32.53125}