{"stakedao":49.667212723695954,"convex":17.44164642528,"yearn":19.32212}