{"stakedao":37.46483226489632,"convex":25.355572922447998,"yearn":29.03167}