{"stakedao":47.18892462653121,"convex":13.366186596777599,"yearn":25.00835}