{"stakedao":40.58798013158497,"convex":17.193509458502398,"yearn":30.78031}