{"stakedao":38.962051021379764,"convex":15.968765687875202,"yearn":27.80846}