{"stakedao":85.98717982901499,"convex":25.9205221220256,"yearn":41.64514}