{"stakedao":41.2430694803348,"convex":14.7593058995664,"yearn":20.20993}