{"stakedao":51.110399858696304,"convex":10.9645849893312,"yearn":17.86979}