{"stakedao":64.38318914552737,"convex":12.5416468926576,"yearn":47.02043}