{"stakedao":74.88931264588936,"convex":20.358334309809603,"yearn":0}