{"stakedao":40.372074433203096,"convex":15.544196160364798,"yearn":33.59958}