{"stakedao":48.40863150360552,"convex":29.328404241067197,"yearn":36.51041}