{"stakedao":51.597341815225406,"convex":17.5254024020256,"yearn":17.15341}