{"stakedao":46.04597696001915,"convex":21.6470618776512,"yearn":42.19701}