{"stakedao":37.57363965873887,"convex":24.309073909871998,"yearn":29.74534}