{"stakedao":65.63520304963714,"convex":20.3552903194848,"yearn":42.42153}