{"stakedao":52.90822510388517,"convex":15.775350272121598,"yearn":23.70673}