{"stakedao":49.51761904986458,"convex":31.171608451612798,"yearn":27.16817}