{"stakedao":64.86603253150977,"convex":19.025428915108797,"yearn":41.94741}