{"stakedao":47.55294156789723,"convex":10.6425094580496,"yearn":20.30895}