{"stakedao":47.95515562086473,"convex":31.5870611422752,"yearn":28.19669}