{"stakedao":40.48559732864929,"convex":17.18419377456,"yearn":30.3828}