{"stakedao":40.55079322398014,"convex":16.2668623958208,"yearn":34.26049}