{"stakedao":40.8704731301361,"convex":13.7520874757952,"yearn":16.40924}