{"stakedao":66.71089879868885,"convex":20.4768229962672,"yearn":44.85653}