{"stakedao":40.49330158556371,"convex":17.176322007374402,"yearn":30.40934}