{"stakedao":38.77838720593306,"convex":16.437137776459203,"yearn":29.43448}