{"stakedao":46.63832023108185,"convex":8.9912103726816,"yearn":27.73533}