{"stakedao":66.8268980873677,"convex":21.375664215868802,"yearn":31.68482}