{"stakedao":40.648127046325804,"convex":17.0834449805712,"yearn":30.61046}