{"stakedao":42.77236906817333,"convex":16.4572448210064,"yearn":18.08966}