{"stakedao":78.65858745211426,"convex":21.0497594257872,"yearn":33.63023}