{"stakedao":82.28921347224394,"convex":25.812604854648,"yearn":41.64514}