{"stakedao":46.5917481698835,"convex":28.341711215265597,"yearn":31.05746}