{"stakedao":67.41824221501395,"convex":20.4626902072464,"yearn":41.10984}