{"stakedao":55.24631852371208,"convex":12.2632914621168,"yearn":24.89705}