{"stakedao":49.23259986288644,"convex":22.8929193061776,"yearn":34.3353}