{"stakedao":48.59210418645437,"convex":29.3398411341312,"yearn":36.72864}