{"stakedao":46.244659375248304,"convex":12.2287038116976,"yearn":24.41858}