{"stakedao":42.61031607098667,"convex":13.187810466057599,"yearn":16.57714}