{"stakedao":52.27924012017727,"convex":12.2390308740816,"yearn":24.86933}