{"stakedao":37.40298773163698,"convex":25.4955466631232,"yearn":29.71729}