{"stakedao":40.962033799953,"convex":13.695461443656,"yearn":16.3816}