{"stakedao":63.46329091646015,"convex":18.622354091832,"yearn":43.244}