{"stakedao":43.37923303398822,"convex":23.664567938011196,"yearn":30.87181}