{"stakedao":54.06097172807128,"convex":15.802911244468799,"yearn":24.0752}