{"stakedao":41.066596822334645,"convex":19.7916193875168,"yearn":26.03386}