{"stakedao":44.70294308185235,"convex":22.120932740875197,"yearn":47.21755}