{"stakedao":46.84484900941472,"convex":13.247052172876801,"yearn":25.29393}