{"stakedao":56.33622813046408,"convex":30.999697714929596,"yearn":46.55019}