{"stakedao":55.764698109087526,"convex":10.5292593647712,"yearn":16.55767}