{"stakedao":45.60321987855453,"convex":22.940045739576,"yearn":33.14784}