{"stakedao":44.53444253230939,"convex":22.6580496008256,"yearn":47.24706}