{"stakedao":46.14200728023634,"convex":28.393407886780803,"yearn":30.28787}