{"stakedao":46.3558255922961,"convex":12.2287038116976,"yearn":24.37874}