{"stakedao":55.996124378767675,"convex":11.0122235358336,"yearn":15.98221}