{"stakedao":71.55183232361264,"convex":21.1961542429584,"yearn":31.69428}