{"stakedao":64.21890618813843,"convex":20.2452254883504,"yearn":46.4643}