{"stakedao":43.80473206265968,"convex":19.6145167214736,"yearn":41.44584}