{"stakedao":53.92568258457523,"convex":10.7628952588128,"yearn":24.42002}