{"stakedao":56.77178793709657,"convex":30.9846927063744,"yearn":45.41362}