{"stakedao":39.27013542816499,"convex":16.4599394397552,"yearn":26.46188}