{"stakedao":53.02883970380064,"convex":27.996619203763203,"yearn":30.6645}