{"stakedao":42.69104165536565,"convex":12.2055473431728,"yearn":17.66384}