{"stakedao":64.69251876250236,"convex":20.4177104514432,"yearn":37.94986}