{"stakedao":46.11894231950053,"convex":28.392093504144,"yearn":30.28787}