{"stakedao":40.53363940720256,"convex":16.2404246128032,"yearn":34.58845}