{"stakedao":46.56304983549143,"convex":20.279833728624,"yearn":41.56617}