{"stakedao":44.570523565667564,"convex":19.6410911878224,"yearn":44.65938}