{"stakedao":40.70697774586665,"convex":16.687581507028803,"yearn":35.08378}