{"stakedao":44.55424629952866,"convex":13.9179694658976,"yearn":19.2073}