{"stakedao":39.47138541690072,"convex":14.791157310024,"yearn":21.73669}