{"stakedao":50.8921749459728,"convex":22.4551789448688,"yearn":34.56538}