{"stakedao":49.27710656322176,"convex":22.954782559679998,"yearn":32.82949}