{"stakedao":62.98084627046795,"convex":19.1268668211552,"yearn":46.25322}