{"stakedao":42.522933099758646,"convex":12.2046323860512,"yearn":18.13853}