{"stakedao":54.69982834466117,"convex":10.439684598671999,"yearn":15.57904}