{"stakedao":41.93363163021202,"convex":17.5367596446144,"yearn":33.47699}