{"stakedao":64.66899983476148,"convex":18.976651811784,"yearn":43.8128}