{"stakedao":53.63394741355606,"convex":25.552440669268798,"yearn":33.87178}