{"stakedao":40.10402357206956,"convex":13.130130232742399,"yearn":17.39635}