{"stakedao":39.62950869946342,"convex":15.6047014863216,"yearn":35.8561}