{"stakedao":57.02363346267944,"convex":11.635338468599999,"yearn":14.53511}