{"stakedao":44.81255594922902,"convex":22.9819885911936,"yearn":50.20835}