{"stakedao":55.60610273460967,"convex":11.406388991299199,"yearn":14.91591}