{"stakedao":49.412306614240144,"convex":10.7438499903888,"yearn":36.72428}