{"stakedao":54.99896899508238,"convex":10.441569331944,"yearn":16.35601}