{"stakedao":53.5890199226682,"convex":11.3976252945792,"yearn":16.7088}