{"stakedao":52.74662819831643,"convex":13.686280765329599,"yearn":31.79608}