{"stakedao":38.94559980546582,"convex":15.9687733385088,"yearn":27.83444}