{"stakedao":65.09740523345067,"convex":18.587284650172798,"yearn":32.25871}