{"stakedao":66.46622733845408,"convex":20.535228144460802,"yearn":43.33477}