{"stakedao":44.09023415825963,"convex":22.4993938706784,"yearn":31.92193}