{"stakedao":44.854275513275326,"convex":20.458801440014398,"yearn":48.014}