{"stakedao":55.389329687667484,"convex":10.413839112192,"yearn":15.77732}