{"stakedao":47.36922099004982,"convex":21.118580760254403,"yearn":42.19701}