{"stakedao":52.2670951826741,"convex":28.179651262219203,"yearn":29.29502}