{"stakedao":54.916915616592675,"convex":9.7989644132352,"yearn":19.89989}