{"stakedao":55.5642298330901,"convex":10.1870085135024,"yearn":21.30624}