{"stakedao":52.727993246449344,"convex":15.762012385823999,"yearn":23.44532}