{"stakedao":52.32851450504553,"convex":25.5247051640832,"yearn":28.62304}