{"stakedao":49.23865932746064,"convex":31.1774589251856,"yearn":27.05601}