{"stakedao":37.438190097024055,"convex":25.4392363252656,"yearn":28.99298}