{"stakedao":44.378718304931226,"convex":19.5852311935056,"yearn":41.05376}