{"stakedao":40.56036331475829,"convex":17.237749729795198,"yearn":32.06891}