{"stakedao":47.10105031892481,"convex":10.1845558011024,"yearn":18.19343}