{"stakedao":39.17587869837604,"convex":16.0626876253488,"yearn":26.79239}