{"stakedao":39.57474816625801,"convex":15.6931255447776,"yearn":25.60773}