{"stakedao":41.31695362240665,"convex":17.5297159844064,"yearn":33.67278}