{"stakedao":68.10390364323726,"convex":19.7069514495696,"yearn":40.25668}