{"stakedao":53.25643006521215,"convex":14.153683970232,"yearn":22.67313}