{"stakedao":47.57083010726508,"convex":31.390725048263995,"yearn":29.21478}