{"stakedao":43.06462560990128,"convex":16.445639749608,"yearn":18.78596}