{"stakedao":39.67228003413105,"convex":15.6040960928832,"yearn":35.59415}