{"stakedao":40.88471208775027,"convex":16.7547030952464,"yearn":34.15583}