{"stakedao":43.40466107247904,"convex":19.5615745482528,"yearn":43.47275}