{"stakedao":48.18049056106062,"convex":27.9330067713312,"yearn":27.11504}