{"stakedao":40.5550745699817,"convex":16.4587999873104,"yearn":33.57609}