{"stakedao":50.303814445048374,"convex":22.5076301877168,"yearn":29.97243}