{"stakedao":47.04932989019046,"convex":13.260213962150399,"yearn":25.77015}