{"stakedao":47.06359648520002,"convex":10.1791730442528,"yearn":18.37041}