{"stakedao":40.712619396035755,"convex":16.4578178080512,"yearn":33.44769}