{"stakedao":27.923608810180077,"convex":13.7165715190656,"yearn":25.71806}