{"stakedao":52.276029337721994,"convex":17.580902573736,"yearn":18.5252}