{"stakedao":39.61539859012902,"convex":14.718004259976,"yearn":19.89328}