{"stakedao":45.04839653888399,"convex":21.7303606297008,"yearn":50.20835}