{"stakedao":43.20770847421608,"convex":27.877644383558398,"yearn":27.47191}