{"stakedao":51.77768085844316,"convex":26.7137027462592,"yearn":27.69742}