{"stakedao":52.27564880232414,"convex":25.8632961174864,"yearn":35.3131}