{"stakedao":54.69961805828997,"convex":10.7498020887216,"yearn":24.5856}