{"stakedao":55.55255189282492,"convex":11.3131080135648,"yearn":15.81323}