{"stakedao":52.808895564192824,"convex":13.7538140213376,"yearn":27.9006}