{"stakedao":42.55692892088432,"convex":13.219455826598399,"yearn":16.50897}