{"stakedao":62.44961149141929,"convex":19.7234305895232,"yearn":41.77673}