{"stakedao":40.45293891493442,"convex":17.156180478211198,"yearn":30.58768}