{"stakedao":37.36695175016816,"convex":15.414191293032,"yearn":29.04028}