{"stakedao":43.02181196884804,"convex":22.1898267910512,"yearn":28.1515}