{"stakedao":55.302148417935605,"convex":10.440902045951999,"yearn":13.92766}