{"stakedao":44.2981292546479,"convex":22.6045017471888,"yearn":49.76519}