{"stakedao":42.090715304825096,"convex":16.438708937822398,"yearn":19.0112}