{"stakedao":51.233769603290725,"convex":13.8236173048512,"yearn":18.04416}