{"stakedao":46.859765610854815,"convex":13.377831797736,"yearn":25.17158}