{"stakedao":39.67588671220107,"convex":15.605797611455998,"yearn":34.40239}