{"stakedao":54.18803523986357,"convex":15.8029412131296,"yearn":24.05932}