{"stakedao":51.536533881172936,"convex":13.7582637824736,"yearn":16.86168}