{"stakedao":57.77339206852476,"convex":24.262136090136,"yearn":38.99877}