{"stakedao":42.77445875554905,"convex":16.4598548318208,"yearn":18.50448}