{"stakedao":56.89000941133682,"convex":12.0614040797184,"yearn":14.74067}