{"stakedao":42.44037108811483,"convex":23.1139789461648,"yearn":29.43448}