{"stakedao":45.58824640539264,"convex":22.0151978151552,"yearn":41.54436}