{"stakedao":84.84394410879193,"convex":25.9030013290704,"yearn":41.57137}