{"stakedao":52.70760997288532,"convex":14.636750794128,"yearn":31.46699}