{"stakedao":59.32358281062231,"convex":17.048125600344,"yearn":35.79244}