{"stakedao":40.7008433124936,"convex":13.184626572576,"yearn":18.37553}