{"stakedao":39.24844672533107,"convex":16.2792219786336,"yearn":27.95499}