{"stakedao":47.718008387485,"convex":11.5406237886192,"yearn":33.52302}