{"stakedao":45.73279552148057,"convex":32.298730998436795,"yearn":26.99617}