{"stakedao":37.53618228963621,"convex":15.3659151579888,"yearn":26.42021}