{"stakedao":48.15226681800696,"convex":26.039195886959998,"yearn":27.42219}