{"stakedao":55.44718625754993,"convex":10.2250719703872,"yearn":20.65588}