{"stakedao":40.7967194323673,"convex":17.156279400336,"yearn":30.66049}