{"stakedao":52.19277130616419,"convex":14.7645709987536,"yearn":30.95609}