{"stakedao":54.760857315535986,"convex":11.720338799140798,"yearn":16.90957}