{"stakedao":54.54000672193696,"convex":10.6309311417936,"yearn":23.44511}