{"stakedao":42.55039238900299,"convex":15.703183523088,"yearn":17.11358}