{"stakedao":45.14220451340417,"convex":20.468859181804802,"yearn":47.95852}