{"stakedao":56.40365456945587,"convex":30.972391178183997,"yearn":44.90862}