{"stakedao":40.81920768655495,"convex":13.266189930081598,"yearn":15.67314}