{"stakedao":43.28511499720855,"convex":14.8382038721952,"yearn":17.9578}