{"stakedao":54.0257171357334,"convex":26.72322867756,"yearn":27.74002}