{"stakedao":48.40898423397371,"convex":29.3283482772816,"yearn":36.51041}