{"stakedao":38.764338962147455,"convex":16.4238423155424,"yearn":29.43448}