{"stakedao":52.01850281088515,"convex":12.198776507208002,"yearn":25.60112}