{"stakedao":53.83330079976327,"convex":10.630951630732799,"yearn":23.38938}