{"stakedao":42.41925660996211,"convex":13.2663036047472,"yearn":18.93848}