{"stakedao":42.1590472009061,"convex":13.2627890121552,"yearn":18.05011}