{"stakedao":39.31227686344207,"convex":15.717807996192,"yearn":24.52}