{"stakedao":67.44011581096753,"convex":20.4595210663056,"yearn":41.85428}