{"stakedao":44.07718302081437,"convex":22.5048337739136,"yearn":31.67617}