{"stakedao":76.4312459053375,"convex":20.790249379041597,"yearn":34.31081}