{"stakedao":39.63126556584022,"convex":15.4323867924,"yearn":25.60773}