{"stakedao":47.85623195408594,"convex":21.1228597129536,"yearn":42.19701}