{"stakedao":34.12526495082819,"convex":18.063375007104,"yearn":29.43448}