{"stakedao":52.17919062582277,"convex":14.77566173376,"yearn":30.95609}