{"stakedao":47.77886968146616,"convex":31.414268901859202,"yearn":28.55083}