{"stakedao":52.81697247785651,"convex":11.3011303127904,"yearn":15.9882}