{"stakedao":42.55170002599156,"convex":13.2190464262464,"yearn":16.36942}