{"stakedao":40.612506099881216,"convex":17.2004657702976,"yearn":30.9455}