{"stakedao":44.46991329577589,"convex":22.6121133360672,"yearn":44.80369}