{"stakedao":55.36182550719122,"convex":10.2075636436128,"yearn":20.76845}