{"stakedao":61.746893012278186,"convex":19.758368765736,"yearn":40.81758}