{"stakedao":53.81257252530504,"convex":15.803056899792,"yearn":24.10716}