{"stakedao":46.69915938282119,"convex":8.991850550328,"yearn":28.21986}