{"stakedao":48.770034356743686,"convex":11.0748045707712,"yearn":19.18649}