{"stakedao":40.94567801676768,"convex":14.804559040953599,"yearn":21.03314}