{"stakedao":46.50707815151776,"convex":20.2803242048784,"yearn":41.56617}