{"stakedao":54.78694544591609,"convex":10.4398137669744,"yearn":15.52394}