{"stakedao":39.11624172368036,"convex":16.435889654112,"yearn":19.2983}