{"stakedao":40.85467776550905,"convex":13.264111158955199,"yearn":15.47349}