{"stakedao":49.15272405448492,"convex":31.1781436537392,"yearn":27.05601}