{"stakedao":42.616148983461386,"convex":22.8098213217648,"yearn":29.43448}