{"stakedao":43.62948002477325,"convex":12.343690302364799,"yearn":19.17771}