{"stakedao":37.61948724686479,"convex":15.3402095683584,"yearn":28.04176}