{"stakedao":47.46804366329826,"convex":10.1868674813568,"yearn":20.48797}