{"stakedao":56.60349504938556,"convex":11.4063547242816,"yearn":15.04277}