{"stakedao":58.226344837303614,"convex":24.3465414971904,"yearn":37.94164}