{"stakedao":47.47672428569482,"convex":26.007375810672,"yearn":27.26474}