{"stakedao":42.603428082001514,"convex":12.2055473431728,"yearn":17.66384}