{"stakedao":51.02640447877775,"convex":10.964661520896,"yearn":17.9467}