{"stakedao":49.48252744297376,"convex":21.8544084916992,"yearn":41.1357}