{"stakedao":37.5088498218337,"convex":15.3656881870896,"yearn":26.42021}