{"stakedao":27.961530861876305,"convex":13.741055836099198,"yearn":25.81229}