{"stakedao":49.97407571610942,"convex":22.5911508712128,"yearn":34.56538}