{"stakedao":43.35291287217467,"convex":25.1141238803376,"yearn":28.31254}