{"stakedao":45.61128698491728,"convex":22.940045739576,"yearn":33.14784}