{"stakedao":43.81148474378337,"convex":12.374744460667198,"yearn":19.82012}