{"stakedao":40.6624213478794,"convex":20.0004523846992,"yearn":29.45714}