{"stakedao":38.862459491225266,"convex":17.664569748259197,"yearn":29.43448}