{"stakedao":37.59476959892235,"convex":14.1603094883088,"yearn":24.64869}