{"stakedao":45.67194929359496,"convex":20.4689988673632,"yearn":47.68689}