{"stakedao":42.5609998835873,"convex":20.6922175849008,"yearn":31.72047}