{"stakedao":43.49386733350705,"convex":12.347940714983999,"yearn":19.02076}