{"stakedao":66.41332303310696,"convex":14.4646329605328,"yearn":36.05383}