{"stakedao":56.746990583697446,"convex":11.602153630915199,"yearn":14.28939}