{"stakedao":40.942131864956366,"convex":17.240244552215998,"yearn":31.9765}