{"stakedao":47.43411524663206,"convex":22.8322637206416,"yearn":39.11527}