{"stakedao":39.4863237815839,"convex":15.524160696230403,"yearn":30.92808}