{"stakedao":40.30682878633555,"convex":15.544196160364798,"yearn":33.67255}