{"stakedao":56.759120121963676,"convex":11.602153630915199,"yearn":14.28939}