{"stakedao":44.612568597367655,"convex":22.102807276656,"yearn":45.10718}