{"stakedao":56.63019311006293,"convex":12.286531355975999,"yearn":23.79113}