{"stakedao":44.10465531066689,"convex":19.5752105979696,"yearn":42.64017}