{"stakedao":46.66344574519502,"convex":8.991850550328,"yearn":28.21986}