{"stakedao":65.79753472352134,"convex":25.4809234356912,"yearn":32.64554}