{"stakedao":53.166578529274545,"convex":11.3816227045824,"yearn":15.72258}