{"stakedao":42.57365477292842,"convex":22.1204117093904,"yearn":28.1515}