{"stakedao":49.29881227258444,"convex":21.822896515824,"yearn":39.96147}