{"stakedao":41.13276272997785,"convex":19.8122843165184,"yearn":25.79998}