{"stakedao":40.97781363067617,"convex":13.731550040534401,"yearn":16.4756}