{"stakedao":55.70952943417045,"convex":12.2658107028624,"yearn":26.20653}