{"stakedao":41.17093863819237,"convex":14.716638994003201,"yearn":20.15775}