{"stakedao":52.794747897408214,"convex":17.202299765299202,"yearn":37.15827}