{"stakedao":42.696278856976434,"convex":24.8878693434528,"yearn":27.69785}