{"stakedao":38.75974717524897,"convex":16.475937466492798,"yearn":29.43448}