{"stakedao":40.40470125975988,"convex":18.8800227988416,"yearn":29.24838}