{"stakedao":51.190144545574604,"convex":25.216155889934402,"yearn":30.84255}