{"stakedao":42.637391638457586,"convex":12.2159779792416,"yearn":17.88041}