{"stakedao":47.908069939945456,"convex":11.0603224890144,"yearn":19.43104}