{"stakedao":53.58333802409504,"convex":15.7764295349568,"yearn":23.79747}