{"stakedao":54.06878124272919,"convex":11.7228602095632,"yearn":16.34653}