{"stakedao":43.545855370835305,"convex":25.1220336610176,"yearn":27.83589}