{"stakedao":43.522990199459905,"convex":19.5536923615728,"yearn":43.88865}