{"stakedao":46.24472850324946,"convex":20.2724940210624,"yearn":42.48899}