{"stakedao":57.13801276828725,"convex":31.1471785688688,"yearn":42.95971}