{"stakedao":54.17979758860764,"convex":26.81471303676,"yearn":29.02884}