{"stakedao":42.399327520838554,"convex":12.3817822709472,"yearn":20.72892}