{"stakedao":45.71339508302813,"convex":31.083950285913602,"yearn":48.53294}