{"stakedao":45.504255338464276,"convex":22.015598382273602,"yearn":41.08342}