{"stakedao":54.26587108076228,"convex":10.630951630732799,"yearn":23.41725}