{"stakedao":48.928267865428104,"convex":27.995290286184,"yearn":0}