{"stakedao":43.105882639763315,"convex":13.7497547389536,"yearn":17.03028}