{"stakedao":37.554447809515835,"convex":24.3075378985344,"yearn":29.81854}