{"stakedao":43.69924961015908,"convex":12.3437704384944,"yearn":19.17771}