{"stakedao":41.3084282372273,"convex":19.1289115334016,"yearn":30.08946}