{"stakedao":40.68606300347254,"convex":12.973849059326401,"yearn":16.67119}