{"stakedao":48.39906894539353,"convex":29.328404241067197,"yearn":36.42265}