{"stakedao":48.47862260963846,"convex":11.1610172807568,"yearn":32.42492}