{"stakedao":54.05213157371992,"convex":11.3956826265216,"yearn":16.80375}