{"stakedao":48.42988232966216,"convex":12.715559761680002,"yearn":23.41004}