{"stakedao":42.70839251441717,"convex":25.386382821816,"yearn":29.63632}