{"stakedao":45.71917664734927,"convex":10.7132840629776,"yearn":26.98229}