{"stakedao":52.56228066422733,"convex":28.1151315926784,"yearn":29.90665}