{"stakedao":47.689796769960644,"convex":22.3564032259488,"yearn":37.88503}