{"stakedao":40.08298197571109,"convex":13.1524371687312,"yearn":17.84107}