{"stakedao":64.68307991421882,"convex":19.017461603304,"yearn":41.94741}