{"stakedao":44.63962505410038,"convex":22.139579129356797,"yearn":47.39302}