{"stakedao":54.02792110570685,"convex":11.840726898878401,"yearn":27.46399}