{"stakedao":43.43685568155715,"convex":14.840464271760002,"yearn":17.9578}