{"stakedao":44.28001787799522,"convex":23.1590460440736,"yearn":35.21891}