{"stakedao":41.165994322581255,"convex":20.666499254726403,"yearn":23.58703}