{"stakedao":43.52460242513101,"convex":15.2745052395168,"yearn":18.31257}