{"stakedao":52.87493698682164,"convex":15.469438628015999,"yearn":38.31004}