{"stakedao":48.612703169327375,"convex":11.059586539689601,"yearn":19.43104}