{"stakedao":46.451045574392424,"convex":21.608960782550398,"yearn":42.19701}