{"stakedao":65.53293336667652,"convex":19.617384491784,"yearn":40.70872}