{"stakedao":54.25978789562039,"convex":10.5983869295664,"yearn":15.6052}