{"stakedao":45.70276951049597,"convex":21.812575145688,"yearn":43.40256}