{"stakedao":40.658489964896475,"convex":20.097135831931197,"yearn":26.38927}