{"stakedao":38.96421492066403,"convex":18.0968499381456,"yearn":29.43448}