{"stakedao":40.805385021394166,"convex":16.5294461208816,"yearn":33.27063}