{"stakedao":54.91829120384395,"convex":11.823552402739201,"yearn":17.46167}