{"stakedao":62.25931725891357,"convex":19.112174167219198,"yearn":47.32306}