{"stakedao":43.46650022064573,"convex":19.534888658908798,"yearn":41.70964}