{"stakedao":51.426007371191986,"convex":25.474864121265597,"yearn":28.8373}