{"stakedao":40.604777812938266,"convex":16.529679802641603,"yearn":33.09951}