{"stakedao":55.780736211037166,"convex":12.115686432024,"yearn":17.18868}