{"stakedao":65.22196963436241,"convex":19.0170775673568,"yearn":41.94741}