{"stakedao":47.47674847852977,"convex":10.1886950556288,"yearn":18.51811}