{"stakedao":40.86274681593663,"convex":20.914274137766398,"yearn":25.88868}