{"stakedao":47.967409707675294,"convex":21.118593280046397,"yearn":42.19701}