{"stakedao":41.30383704816889,"convex":20.9977040984976,"yearn":24.8863}