{"stakedao":52.21537329489824,"convex":13.8974220558,"yearn":27.23411}