{"stakedao":49.747828287414556,"convex":10.8386248442112,"yearn":37.16441}