{"stakedao":53.88429304382764,"convex":26.71905638592,"yearn":27.91048}