{"stakedao":55.56637528006788,"convex":10.417196160388798,"yearn":15.741}