{"stakedao":38.981842449255694,"convex":15.9640638563376,"yearn":27.27203}