{"stakedao":43.457624954746024,"convex":19.534220723275197,"yearn":41.84197}