{"stakedao":41.696069146558294,"convex":13.2636809353824,"yearn":18.50778}