{"stakedao":40.35617129599004,"convex":16.2772201206576,"yearn":35.46141}