{"stakedao":52.86432925727292,"convex":16.0152483453696,"yearn":24.24361}