{"stakedao":52.3391503191186,"convex":17.5715436381696,"yearn":18.5252}