{"stakedao":43.73156896429697,"convex":12.3551884068048,"yearn":18.55254}