{"stakedao":39.55974865473422,"convex":15.4570336554384,"yearn":26.63392}