{"stakedao":37.51988852310961,"convex":15.363985053873598,"yearn":26.99046}