{"stakedao":54.939919083031675,"convex":11.7201073343616,"yearn":17.06437}