{"stakedao":64.17000537949042,"convex":20.3704757549568,"yearn":37.94986}