{"stakedao":41.05810719864148,"convex":21.7478321823456,"yearn":27.11244}