{"stakedao":43.45653016971062,"convex":26.4910241394864,"yearn":26.71131}