{"stakedao":43.04188190310507,"convex":25.4101642392528,"yearn":30.19651}