{"stakedao":46.34765433310967,"convex":28.3945333277808,"yearn":29.75331}