{"stakedao":41.45695179107214,"convex":18.0831336419232,"yearn":31.42742}