{"stakedao":38.93000365233073,"convex":16.303957647048,"yearn":27.95499}