{"stakedao":44.50781910515949,"convex":19.5845151307824,"yearn":41.21293}