{"stakedao":53.42308422131704,"convex":13.610300153371199,"yearn":32.53125}