{"stakedao":37.56648272638581,"convex":24.315527865801602,"yearn":29.5625}