{"stakedao":47.12879627921654,"convex":10.182530773627203,"yearn":18.57707}