{"stakedao":39.8664986308687,"convex":14.7006865557072,"yearn":19.76123}