{"stakedao":40.59766773407008,"convex":17.2172078921088,"yearn":31.70756}