{"stakedao":49.27888922025995,"convex":29.3393457319536,"yearn":34.40135}