{"stakedao":52.639444638556384,"convex":25.8193637700048,"yearn":32.81947}