{"stakedao":45.107358975913286,"convex":23.1912747512352,"yearn":32.03478}