{"stakedao":56.27961283808678,"convex":10.4285412616176,"yearn":15.90746}