{"stakedao":37.68102929244268,"convex":23.7626040872736,"yearn":30.27648}