{"stakedao":47.76092153297661,"convex":10.6433485427088,"yearn":20.13012}