{"stakedao":47.2246903548147,"convex":10.1849153682672,"yearn":17.98996}