{"stakedao":46.3743902076513,"convex":21.5733992689152,"yearn":42.19701}