{"stakedao":41.75874422305413,"convex":20.6940529044144,"yearn":25.94553}