{"stakedao":45.362989951856726,"convex":20.4578350192944,"yearn":47.05208}