{"stakedao":40.93388468859379,"convex":19.8166609772064,"yearn":26.52929}