{"stakedao":47.51809854812977,"convex":22.8262851509904,"yearn":37.82558}