{"stakedao":55.70268461395979,"convex":11.3497001016048,"yearn":22.81548}