{"stakedao":55.30321694112884,"convex":10.443547235174401,"yearn":14.01997}