{"stakedao":41.30603055685596,"convex":19.1289115334016,"yearn":30.05465}