{"stakedao":56.85826364224968,"convex":30.560567666169604,"yearn":40.98525}