{"stakedao":41.472172672243104,"convex":13.263520987943998,"yearn":18.50913}