{"stakedao":53.17440828166594,"convex":14.863177732017599,"yearn":30.95609}