{"stakedao":41.67554625007346,"convex":22.1124878289648,"yearn":25.7502}