{"stakedao":42.6459752951991,"convex":12.199705321248,"yearn":18.43878}