{"stakedao":48.829463277295304,"convex":22.9063354774416,"yearn":30.11393}