{"stakedao":62.83050704605833,"convex":19.725528380011202,"yearn":41.91583}