{"stakedao":39.879148289901835,"convex":5.389950274272,"yearn":19.80441}