{"stakedao":39.411042735985674,"convex":15.6978694737216,"yearn":25.46695}