{"stakedao":55.34121353753043,"convex":12.269466958319999,"yearn":24.94773}