{"stakedao":64.80574129063979,"convex":17.447430051993603,"yearn":32.02624}