{"stakedao":46.63614474504994,"convex":8.992128855528,"yearn":27.83247}