{"stakedao":46.39312269224684,"convex":12.1927320083952,"yearn":22.21385}