{"stakedao":54.72258558158881,"convex":9.79887877092,"yearn":19.90289}