{"stakedao":38.7928069777262,"convex":16.4069222486976,"yearn":27.95499}