{"stakedao":44.18877230043711,"convex":19.5864798645792,"yearn":43.79734}