{"stakedao":39.32819172423337,"convex":16.88430912048,"yearn":26.42038}