{"stakedao":45.04821298117395,"convex":11.617503255417601,"yearn":25.52931}