{"stakedao":66.72767710311484,"convex":18.3410464785696,"yearn":31.65138}