{"stakedao":50.19058850178766,"convex":31.2795653849712,"yearn":27.83003}