{"stakedao":39.41285615512036,"convex":15.7363306405632,"yearn":24.95634}