{"stakedao":39.13334843977969,"convex":18.0395631574272,"yearn":29.43448}