{"stakedao":39.98981438241949,"convex":13.1373923018256,"yearn":17.67366}