{"stakedao":44.398598114845,"convex":22.6116662659632,"yearn":30.45875}