{"stakedao":40.87758952211365,"convex":17.215315533432,"yearn":31.70567}