{"stakedao":62.28911255668676,"convex":19.1141753976288,"yearn":47.32306}