{"stakedao":51.03475558765185,"convex":10.9645849893312,"yearn":17.78273}