{"stakedao":53.85102906003944,"convex":27.8172015714144,"yearn":28.52511}