{"stakedao":54.46564090640113,"convex":12.219976526443197,"yearn":16.05988}