{"stakedao":39.39810022023401,"convex":16.8989362016112,"yearn":26.57646}