{"stakedao":40.48323628307385,"convex":16.453418747342397,"yearn":18.67549}