{"stakedao":55.17184921677139,"convex":9.8096475391344,"yearn":20.52075}