{"stakedao":50.988174659305514,"convex":29.3352576319728,"yearn":37.57995}