{"stakedao":39.06097293403523,"convex":16.3668848431968,"yearn":26.89144}