{"stakedao":39.144748396960324,"convex":16.3668736920672,"yearn":26.58268}