{"stakedao":48.99208549238105,"convex":21.8324532451824,"yearn":39.5942}