{"stakedao":27.905339260476183,"convex":13.685850910728,"yearn":23.66499}