{"stakedao":52.540923195342444,"convex":13.7609684139024,"yearn":27.9006}