{"stakedao":50.26782611580257,"convex":17.44164642528,"yearn":19.44625}