{"stakedao":67.46577946215457,"convex":23.6333874149568,"yearn":36.18087}