{"stakedao":37.60140193823402,"convex":24.313228194456002,"yearn":29.73162}