{"stakedao":41.63553644935321,"convex":20.693449081468803,"yearn":26.20387}