{"stakedao":54.160871884824026,"convex":10.606441302806399,"yearn":15.22632}