{"stakedao":46.39398177462175,"convex":11.381806676145601,"yearn":31.52919}