{"stakedao":45.575796599269154,"convex":20.5699841245872,"yearn":45.90061}