{"stakedao":79.490684914824,"convex":19.697832055152002,"yearn":40.70983}