{"stakedao":56.50781119254292,"convex":11.6037738307584,"yearn":14.02532}