{"stakedao":41.644388105913215,"convex":13.8021822099648,"yearn":15.90631}