{"stakedao":42.38453984251925,"convex":22.0987817882496,"yearn":25.94319}