{"stakedao":48.84944089608713,"convex":22.933836380016004,"yearn":29.97243}