{"stakedao":45.73696483082664,"convex":22.954799116080004,"yearn":33.19114}