{"stakedao":37.54072540427302,"convex":15.357940561368,"yearn":26.22203}