{"stakedao":42.89821195502611,"convex":15.311888903232001,"yearn":14.71452}