{"stakedao":42.664923967579284,"convex":24.884925524078398,"yearn":27.69785}