{"stakedao":47.71037608020767,"convex":22.400444454624,"yearn":38.39249}