{"stakedao":46.550817567072535,"convex":32.3009535138048,"yearn":27.15065}