{"stakedao":62.29150647917169,"convex":19.759967379187202,"yearn":40.64732}