{"stakedao":45.60405016152775,"convex":20.4905457289872,"yearn":49.43378}