{"stakedao":48.307470937805036,"convex":11.4709498216272,"yearn":34.61514}