{"stakedao":56.293124115393965,"convex":10.4285412616176,"yearn":15.94719}