{"stakedao":40.94912532068404,"convex":20.9142722992176,"yearn":26.02885}