{"stakedao":52.42223308761194,"convex":14.645851547616,"yearn":30.95609}