{"stakedao":52.424312175840186,"convex":11.2804207256592,"yearn":17.27028}