{"stakedao":49.33314737274056,"convex":29.3234919224976,"yearn":33.41411}