{"stakedao":56.51636269191077,"convex":12.1818382346304,"yearn":17.2775}