{"stakedao":43.36617899373365,"convex":25.1326892812176,"yearn":28.55089}