{"stakedao":42.74944057243617,"convex":24.9124950206064,"yearn":28.57082}