{"stakedao":39.20780577236976,"convex":16.0626318791616,"yearn":26.79239}