{"stakedao":49.178394170788444,"convex":21.792020879664,"yearn":40.4694}