{"stakedao":42.58257790678105,"convex":13.2211317694752,"yearn":17.72875}