{"stakedao":55.723499904571845,"convex":10.5323617093104,"yearn":21.6728}