{"stakedao":46.96533456270965,"convex":32.379143626224,"yearn":27.09015}