{"stakedao":64.25800094408339,"convex":17.3489787502128,"yearn":32.19056}