{"stakedao":41.243060245483356,"convex":21.729744044135998,"yearn":27.71151}