{"stakedao":57.41286081514778,"convex":12.056007267273598,"yearn":13.86243}