{"stakedao":62.50598019820055,"convex":20.1709458872352,"yearn":44.24461}