{"stakedao":39.058222699146256,"convex":16.3223028415008,"yearn":27.95499}