{"stakedao":47.588364103025214,"convex":22.361121910324798,"yearn":39.13603}