{"stakedao":40.838999756951296,"convex":17.215051167144,"yearn":31.66052}