{"stakedao":43.22773286918386,"convex":25.1114388485328,"yearn":28.3469}