{"stakedao":41.43675168741113,"convex":17.5362592092912,"yearn":32.0631}