{"stakedao":45.58896047925331,"convex":31.025725160976002,"yearn":41.05932}