{"stakedao":62.4301638737704,"convex":20.1709458872352,"yearn":44.24461}