{"stakedao":45.82119837809337,"convex":14.330219442393599,"yearn":18.62817}