{"stakedao":53.67767920205958,"convex":9.590165348788801,"yearn":19.36195}