{"stakedao":45.516550407673684,"convex":8.991379629547199,"yearn":27.36726}