{"stakedao":47.435798463734955,"convex":10.1884673120976,"yearn":17.70634}