{"stakedao":45.77679660106424,"convex":22.7662035048864,"yearn":30.65455}