{"stakedao":42.5451982562456,"convex":20.7239745229632,"yearn":32.03707}