{"stakedao":45.590405537963505,"convex":10.6125655467024,"yearn":24.96123}