{"stakedao":45.965473870836874,"convex":21.6473024531808,"yearn":42.19701}