{"stakedao":46.19754356907908,"convex":21.657565721390398,"yearn":42.19701}