{"stakedao":44.54406082972224,"convex":22.6577928347136,"yearn":49.62156}