{"stakedao":44.155139310715015,"convex":27.4702698379728,"yearn":26.49417}