{"stakedao":40.56318698805424,"convex":16.4659681327248,"yearn":33.93319}