{"stakedao":39.224660424747285,"convex":16.064493461856,"yearn":26.79239}