{"stakedao":43.38948446322743,"convex":13.7251681002144,"yearn":17.19297}