{"stakedao":75.14273641796538,"convex":20.2917620850192,"yearn":0}