{"stakedao":57.842041576974,"convex":11.033094754425601,"yearn":16.90917}