{"stakedao":41.41085953975211,"convex":13.263520987943998,"yearn":18.50913}