{"stakedao":44.34611480410218,"convex":22.5566758043136,"yearn":30.19823}