{"stakedao":45.45640073040168,"convex":21.814006981003203,"yearn":39.41599}