{"stakedao":44.646386539683164,"convex":22.1255042593536,"yearn":44.28139}