{"stakedao":49.42552608604984,"convex":11.1553332920352,"yearn":32.99185}