{"stakedao":39.47412042299,"convex":14.869706251665601,"yearn":21.40366}