{"stakedao":53.17430332365202,"convex":13.7288584713168,"yearn":18.83071}