{"stakedao":40.20542817273063,"convex":13.0376457976032,"yearn":19.28826}