{"stakedao":47.458274603784375,"convex":11.3901748262784,"yearn":30.05998}