{"stakedao":61.365828682262816,"convex":18.9578895537312,"yearn":48.0774}