{"stakedao":45.47907732891775,"convex":10.616472860256,"yearn":24.85996}