{"stakedao":42.64735170995913,"convex":24.9099306676128,"yearn":28.98168}