{"stakedao":65.71324793921033,"convex":20.3857437359088,"yearn":42.42153}