{"stakedao":48.061595323526376,"convex":10.987102633104,"yearn":35.22469}