{"stakedao":37.60055798934326,"convex":14.059674145079999,"yearn":25.04204}