{"stakedao":46.33703705112742,"convex":21.5732378834352,"yearn":42.19701}