{"stakedao":40.336312221911214,"convex":15.13135533168,"yearn":20.50896}