{"stakedao":44.55806445523476,"convex":10.648462035729601,"yearn":25.64361}