{"stakedao":57.87884095256211,"convex":17.0201473436448,"yearn":36.80016}