{"stakedao":50.801441871280176,"convex":29.299036025707203,"yearn":37.65321}