{"stakedao":75.08777489693747,"convex":24.5775757753008,"yearn":41.67961}