{"stakedao":42.357426109569765,"convex":22.8098009778912,"yearn":29.43448}