{"stakedao":52.80314944197219,"convex":27.998071900142403,"yearn":31.20131}