{"stakedao":58.03902721096213,"convex":12.0753074191104,"yearn":14.47915}