{"stakedao":42.61144957355138,"convex":13.221684746928002,"yearn":17.84853}