{"stakedao":41.75801280073171,"convex":15.254981961019201,"yearn":19.6256}