{"stakedao":46.92899954645724,"convex":32.391263907561594,"yearn":26.90238}