{"stakedao":48.69689047833756,"convex":29.331578475072,"yearn":36.94755}