{"stakedao":43.35621323181073,"convex":23.661686525227196,"yearn":30.80933}