{"stakedao":50.751027031827874,"convex":10.9827935509104,"yearn":17.25661}