{"stakedao":64.00938765577722,"convex":18.5471877583152,"yearn":30.01492}