{"stakedao":43.39822279589207,"convex":19.5329564355744,"yearn":41.84197}