{"stakedao":51.233649589075455,"convex":9.59236290972,"yearn":18.12699}