{"stakedao":41.61406541335244,"convex":13.1817667840272,"yearn":14.82744}