{"stakedao":38.895903418494115,"convex":16.412758143177598,"yearn":27.95499}