{"stakedao":42.39117139630588,"convex":12.4141363431696,"yearn":19.2613}