{"stakedao":42.58426172575214,"convex":24.8854869500256,"yearn":27.31335}