{"stakedao":63.32916835220679,"convex":18.623800581926396,"yearn":43.244}