{"stakedao":41.13351087122986,"convex":21.7067526192672,"yearn":26.54999}