{"stakedao":41.138556601105705,"convex":19.1170872678816,"yearn":28.97694}