{"stakedao":40.84636347888135,"convex":18.8782112953152,"yearn":29.24838}