{"stakedao":52.94336172542641,"convex":11.2943732328288,"yearn":16.85583}