{"stakedao":64.73554354182032,"convex":20.574224105097603,"yearn":37.94986}