{"stakedao":40.78696599488373,"convex":16.5266679191184,"yearn":33.56983}