{"stakedao":47.67826746397567,"convex":22.398756764587198,"yearn":38.53708}