{"stakedao":57.74962258776545,"convex":30.7281049304544,"yearn":40.76613}