{"stakedao":45.830060683891574,"convex":13.2217442364384,"yearn":24.97835}