{"stakedao":53.80739924057296,"convex":11.401150171060799,"yearn":16.3962}