{"stakedao":41.135069268906896,"convex":21.7293535306944,"yearn":27.8876}