{"stakedao":50.62306059208613,"convex":14.7009112970112,"yearn":17.6968}