{"stakedao":45.37410788759796,"convex":20.471115084336,"yearn":48.77367}