{"stakedao":57.79881902706697,"convex":31.105126129651197,"yearn":48.14063}