{"stakedao":43.47177756658548,"convex":12.3849655274016,"yearn":20.37729}