{"stakedao":39.748671870488806,"convex":13.059453878222401,"yearn":16.80858}