{"stakedao":44.0294168100338,"convex":14.7963655971072,"yearn":18.63216}