{"stakedao":47.794793964487425,"convex":10.6431621586416,"yearn":20.13012}