{"stakedao":65.17645867912427,"convex":18.586795041158396,"yearn":42.55755}