{"stakedao":45.76223085714509,"convex":10.615680073598401,"yearn":25.53254}