{"stakedao":43.39553386489338,"convex":19.533923474399998,"yearn":42.06203}