{"stakedao":59.04384471869103,"convex":17.0992534097232,"yearn":35.79244}