{"stakedao":52.86178908611478,"convex":24.290760513168003,"yearn":37.50744}