{"stakedao":46.84681304074643,"convex":26.0586277173648,"yearn":28.99221}