{"stakedao":39.17644797340276,"convex":16.3900642100112,"yearn":27.64098}