{"stakedao":38.95922712351806,"convex":15.9640638563376,"yearn":27.27203}