{"stakedao":28.918484934434147,"convex":15.726110050022399,"yearn":23.77371}