{"stakedao":55.65875709301085,"convex":12.6158181045408,"yearn":25.52235}