{"stakedao":46.64571562112549,"convex":28.3780007816112,"yearn":30.83421}