{"stakedao":37.48054218027303,"convex":14.058999873863998,"yearn":25.40131}