{"stakedao":52.108625424616605,"convex":10.9682216451648,"yearn":17.46408}