{"stakedao":38.80354028404025,"convex":15.962764973644802,"yearn":27.8517}