{"stakedao":42.577587795328675,"convex":20.6923216537008,"yearn":31.72047}