{"stakedao":55.794104024504726,"convex":10.2011071711104,"yearn":21.57947}