{"stakedao":42.85677461560945,"convex":13.2472773588384,"yearn":17.89337}