{"stakedao":41.23733124469071,"convex":21.509664858388803,"yearn":26.95658}