{"stakedao":46.817144925598974,"convex":8.9909167819824,"yearn":28.21986}