{"stakedao":42.37735145107593,"convex":15.2913970974096,"yearn":15.11985}