{"stakedao":38.7251769337686,"convex":16.3891434723408,"yearn":27.95499}