{"stakedao":41.14382891803209,"convex":19.123254908467203,"yearn":30.19389}