{"stakedao":45.282530998653925,"convex":10.722497838336,"yearn":26.23792}