{"stakedao":38.75593961092087,"convex":16.420740157065598,"yearn":29.43448}