{"stakedao":52.54318008617538,"convex":16.9922183051808,"yearn":38.29301}