{"stakedao":41.39046458742774,"convex":18.1477755796896,"yearn":32.06536}