{"stakedao":42.392368994925306,"convex":15.540832287777599,"yearn":17.77981}