{"stakedao":49.63261557539351,"convex":17.442415049054397,"yearn":19.65905}