{"stakedao":42.440861693385436,"convex":22.983612092856,"yearn":29.43448}