{"stakedao":58.27842494427869,"convex":11.038701082593601,"yearn":17.04776}