{"stakedao":48.171166008233165,"convex":28.005170865033598,"yearn":27.36074}