{"stakedao":43.0314583405172,"convex":21.042438970953597,"yearn":30.46356}