{"stakedao":47.54859090165884,"convex":22.9814997012,"yearn":38.61617}