{"stakedao":28.97735161308266,"convex":15.779015972611198,"yearn":24.41463}