{"stakedao":40.17969872094472,"convex":13.148047508904002,"yearn":17.67366}