{"stakedao":34.12526495082819,"convex":19.8377991480384,"yearn":26.96159}