{"stakedao":43.48342523983297,"convex":25.1141505471792,"yearn":28.14258}