{"stakedao":39.302592070774644,"convex":16.0631226171648,"yearn":26.79239}