{"stakedao":63.45828975759138,"convex":19.5895281847968,"yearn":42.33735}