{"stakedao":44.563731584060164,"convex":10.623114051724801,"yearn":25.34868}