{"stakedao":48.36242661442593,"convex":22.503053453184002,"yearn":34.56538}