{"stakedao":49.55690425938292,"convex":16.808833863460798,"yearn":20.10173}