{"stakedao":50.746949726816425,"convex":22.8491411003568,"yearn":34.56538}