{"stakedao":45.10445960454573,"convex":11.618185202495999,"yearn":25.65945}