{"stakedao":39.98914404233433,"convex":13.1373923018256,"yearn":17.7749}