{"stakedao":47.33514390731394,"convex":10.179138830846401,"yearn":18.45925}