{"stakedao":54.696226577417185,"convex":9.7989644132352,"yearn":19.89889}