{"stakedao":53.20509251757197,"convex":14.386170512678401,"yearn":22.02188}