{"stakedao":41.72888295833729,"convex":20.699793680011204,"yearn":29.82083}