{"stakedao":40.76458229412946,"convex":13.581157574937599,"yearn":17.5754}