{"stakedao":41.645651716382254,"convex":22.1108363769456,"yearn":25.7502}