{"stakedao":45.80472362955824,"convex":22.953990772713603,"yearn":33.28255}