{"stakedao":47.65439177840093,"convex":22.3995932254512,"yearn":38.42873}