{"stakedao":47.730650803670144,"convex":22.4057848050144,"yearn":37.92103}