{"stakedao":55.65142083633902,"convex":10.5333373763856,"yearn":16.60214}