{"stakedao":53.093882926517736,"convex":27.9980597524752,"yearn":31.33575}