{"stakedao":42.55590975653898,"convex":20.686033586592,"yearn":29.5066}