{"stakedao":51.34764939078367,"convex":9.601314192028799,"yearn":18.16895}