{"stakedao":46.028692953165304,"convex":21.644382285806397,"yearn":42.19701}