{"stakedao":74.9109221822705,"convex":20.2907632799808,"yearn":0}