{"stakedao":49.22849921929658,"convex":22.9547076711408,"yearn":32.82949}