{"stakedao":44.166711350882586,"convex":23.7413820779856,"yearn":32.8036}