{"stakedao":57.06080587138134,"convex":12.4806095228448,"yearn":14.48438}