{"stakedao":38.70161616576507,"convex":18.063375007104,"yearn":29.43448}