{"stakedao":43.655505103559484,"convex":26.868969589463997,"yearn":26.57502}