{"stakedao":44.55405687039115,"convex":19.6410911878224,"yearn":44.65938}