{"stakedao":63.73786545185866,"convex":18.618845472158398,"yearn":43.244}