{"stakedao":46.74610024690291,"convex":8.992128855528,"yearn":27.83247}