{"stakedao":43.752224199025285,"convex":12.375340491067199,"yearn":19.63241}