{"stakedao":40.68586940559889,"convex":19.096791316387197,"yearn":29.12617}