{"stakedao":42.52887184254905,"convex":20.7239745229632,"yearn":32.03707}