{"stakedao":37.514981316723365,"convex":24.3702803883312,"yearn":29.34356}