{"stakedao":54.951581372933404,"convex":10.4931715720608,"yearn":16.3419}