{"stakedao":53.42544565903055,"convex":27.8172886517712,"yearn":31.7386}