{"stakedao":42.40817985934797,"convex":22.17509745444,"yearn":25.63563}