{"stakedao":40.315395092634034,"convex":16.241616288863998,"yearn":34.69315}