{"stakedao":49.334960687619926,"convex":17.4752196288048,"yearn":17.61493}