{"stakedao":40.874548756603765,"convex":21.7539609075072,"yearn":27.8876}