{"stakedao":46.38193741193441,"convex":21.5732378834352,"yearn":42.19701}