{"stakedao":41.10346305942858,"convex":21.7293535306944,"yearn":27.8876}