{"stakedao":46.035550775739445,"convex":21.5742839609376,"yearn":42.19701}