{"stakedao":45.95741041870053,"convex":14.329680321859199,"yearn":18.55208}