{"stakedao":47.596292156494144,"convex":11.003070829939201,"yearn":34.82907}