{"stakedao":55.56866571532433,"convex":10.6686422879472,"yearn":14.42124}