{"stakedao":47.32940596124419,"convex":14.3232567508656,"yearn":17.96013}