{"stakedao":64.21182377283355,"convex":12.733212242664,"yearn":46.68695}