{"stakedao":39.048581290402986,"convex":15.964197190545601,"yearn":27.33262}