{"stakedao":44.47264560242423,"convex":23.2999899866352,"yearn":31.71188}