{"stakedao":43.82502523623585,"convex":27.4876477003152,"yearn":26.07954}