{"stakedao":44.6268937802881,"convex":22.6163040478848,"yearn":46.29731}