{"stakedao":45.17758680225289,"convex":8.991629262216,"yearn":27.21706}