{"stakedao":67.57219063862493,"convex":23.633231933016,"yearn":36.18087}