{"stakedao":52.9789055895735,"convex":14.1411694983552,"yearn":22.37601}