{"stakedao":41.652093414945725,"convex":18.261540643233598,"yearn":30.75909}