{"stakedao":41.34854390503538,"convex":20.6934303522384,"yearn":29.08396}