{"stakedao":57.81989838005076,"convex":24.261851461968,"yearn":39.05085}