{"stakedao":69.17755688172234,"convex":18.483914763619197,"yearn":30.01492}