{"stakedao":56.408677981764455,"convex":12.376498357382399,"yearn":16.74229}