{"stakedao":57.5641361735388,"convex":11.0330649213696,"yearn":16.85373}