{"stakedao":55.25461813746293,"convex":10.533787899681599,"yearn":16.34053}