{"stakedao":66.609269500912,"convex":21.201917850619196,"yearn":31.68482}