{"stakedao":27.9793468944041,"convex":13.7404363555296,"yearn":25.81229}