{"stakedao":45.14892574705118,"convex":11.6181684821088,"yearn":25.65945}