{"stakedao":42.3129674312656,"convex":13.182017709672,"yearn":16.47832}