{"stakedao":52.605047944570025,"convex":11.2854702731328,"yearn":17.13209}