{"stakedao":42.753191537356074,"convex":15.5397266040816,"yearn":17.741}