{"stakedao":45.583911143753426,"convex":20.9512839453552,"yearn":41.6599}