{"stakedao":45.73355063855447,"convex":21.812575145688,"yearn":43.45546}