{"stakedao":37.68060032056335,"convex":14.107001390265598,"yearn":25.48033}