{"stakedao":51.05005387442644,"convex":29.335285213358397,"yearn":37.57995}