{"stakedao":44.389525102601354,"convex":19.5853512195216,"yearn":41.25124}