{"stakedao":63.95893968750522,"convex":18.5399515266768,"yearn":30.01492}