{"stakedao":47.52795122702571,"convex":8.9796953838672,"yearn":29.66383}