{"stakedao":54.84589017484208,"convex":10.7685059357952,"yearn":16.07109}