{"stakedao":51.65210425703519,"convex":25.0820571546864,"yearn":32.94363}