{"stakedao":55.00318315090872,"convex":11.820607331385602,"yearn":18.02587}