{"stakedao":46.110023627285926,"convex":8.986306710744,"yearn":29.10154}