{"stakedao":56.669449396888524,"convex":30.448730663208,"yearn":41.57024}