{"stakedao":40.8837514665326,"convex":20.914274137766398,"yearn":25.93535}