{"stakedao":55.30942530200868,"convex":11.3978790490032,"yearn":16.29468}