{"stakedao":53.974111391208396,"convex":27.823869946915202,"yearn":29.11841}