{"stakedao":45.2346483335174,"convex":20.4578350192944,"yearn":47.05208}