{"stakedao":45.04841967847406,"convex":9.014009573016,"yearn":25.5599}