{"stakedao":40.369061497927525,"convex":18.901667847801598,"yearn":0}