{"stakedao":47.62718602940555,"convex":22.9814997012,"yearn":38.57995}