{"stakedao":66.63973968679939,"convex":19.5221583987984,"yearn":41.55229}