{"stakedao":53.781343460239064,"convex":9.7152833754864,"yearn":19.40697}