{"stakedao":46.701141785948536,"convex":28.3736670761088,"yearn":30.22229}