{"stakedao":51.739253118151865,"convex":9.6296931892944,"yearn":18.81878}