{"stakedao":56.17580478364841,"convex":10.4285412616176,"yearn":15.90746}