{"stakedao":47.79855759304067,"convex":22.825986246475196,"yearn":38.25379}