{"stakedao":57.40150388254716,"convex":12.271911092928,"yearn":24.18875}