{"stakedao":45.45494487319048,"convex":20.4912342702432,"yearn":49.00659}