{"stakedao":38.88820329192645,"convex":16.3727919081216,"yearn":27.95499}