{"stakedao":46.498108002250916,"convex":28.399131434260802,"yearn":32.08055}