{"stakedao":39.075370547778434,"convex":16.0558255178928,"yearn":27.64107}