{"stakedao":51.980793247246424,"convex":14.980759767936,"yearn":25.67924}