{"stakedao":41.08757817105905,"convex":21.7293535306944,"yearn":27.8876}