{"stakedao":41.83531923042412,"convex":20.697398851939198,"yearn":25.78388}