{"stakedao":42.85694008267402,"convex":24.8866344883008,"yearn":28.0831}