{"stakedao":42.55817136097599,"convex":21.1383481810032,"yearn":29.42929}