{"stakedao":42.78149958742887,"convex":15.895739882433599,"yearn":16.66658}