{"stakedao":43.58996617687591,"convex":27.478332208742398,"yearn":26.41064}