{"stakedao":38.63481146675248,"convex":17.6008389675264,"yearn":29.43448}