{"stakedao":40.67713090485307,"convex":17.0825212974384,"yearn":30.64816}