{"stakedao":42.645992911499405,"convex":21.0276957017376,"yearn":29.00739}