{"stakedao":45.32456114900787,"convex":22.864176724060798,"yearn":33.99971}