{"stakedao":41.918678719497,"convex":21.5180097917184,"yearn":26.52342}