{"stakedao":42.86961460859911,"convex":16.45642741104,"yearn":18.52433}