{"stakedao":44.18632168224865,"convex":19.572126988967998,"yearn":43.38718}