{"stakedao":54.784401773380324,"convex":10.582016724417599,"yearn":16.73241}