{"stakedao":39.36037407604478,"convex":15.740245734047999,"yearn":24.66142}