{"stakedao":42.3812752889195,"convex":15.5361544898256,"yearn":17.42087}