{"stakedao":43.75555517040678,"convex":14.8008441474576,"yearn":18.58204}