{"stakedao":62.44865576147528,"convex":20.2764844130544,"yearn":44.05977}