{"stakedao":49.525782069879625,"convex":22.3308873695088,"yearn":38.79223}