{"stakedao":63.803266529935996,"convex":20.1608040263184,"yearn":38.59586}