{"stakedao":41.259916863307296,"convex":21.509513952321598,"yearn":25.82895}