{"stakedao":43.905218877230396,"convex":23.7850192516608,"yearn":33.05864}