{"stakedao":56.67357553658292,"convex":30.9922216330896,"yearn":46.42375}