{"stakedao":53.44233317541721,"convex":14.386170512678401,"yearn":21.99449}