{"stakedao":28.90828276231399,"convex":15.7203959728032,"yearn":23.85737}