{"stakedao":55.96903479221905,"convex":10.2012477554448,"yearn":21.41821}