{"stakedao":52.321118049464985,"convex":21.228806390299198,"yearn":42.19701}