{"stakedao":42.87491629042877,"convex":22.8098213217648,"yearn":29.43448}