{"stakedao":37.60922700479625,"convex":15.364063953792002,"yearn":27.09307}