{"stakedao":45.8755557146376,"convex":20.5239672727344,"yearn":45.02941}