{"stakedao":47.80505405207808,"convex":21.1225639904208,"yearn":42.19701}