{"stakedao":47.84732877291481,"convex":13.0415814714816,"yearn":24.39831}