{"stakedao":39.51952652792602,"convex":14.863266707688,"yearn":21.56308}