{"stakedao":38.68808086221104,"convex":18.062739364334398,"yearn":29.43448}