{"stakedao":66.476130985509,"convex":18.3410464785696,"yearn":31.77162}