{"stakedao":39.12400574275435,"convex":18.0649443109968,"yearn":29.43448}