{"stakedao":54.58178910917107,"convex":10.490589401227199,"yearn":16.03941}