{"stakedao":58.01735391408731,"convex":12.194381498875199,"yearn":14.69455}