{"stakedao":42.2200046540774,"convex":13.262805029289598,"yearn":18.05011}