{"stakedao":43.42468426179176,"convex":19.5574144610448,"yearn":43.42078}