{"stakedao":49.476392258599866,"convex":29.3110600150224,"yearn":34.34795}