{"stakedao":41.92292231053287,"convex":17.536761461088,"yearn":33.40068}