{"stakedao":48.53596114713467,"convex":22.580572031712002,"yearn":34.56538}