{"stakedao":43.1058197738185,"convex":12.185758698696,"yearn":18.73684}