{"stakedao":46.27543587479036,"convex":20.2724940210624,"yearn":42.55012}