{"stakedao":39.94122533711108,"convex":13.1598361166688,"yearn":17.95726}