{"stakedao":39.27306050844336,"convex":16.4599394397552,"yearn":26.46188}