{"stakedao":41.398358870197285,"convex":14.8054251204288,"yearn":21.35053}