{"stakedao":52.88974157911145,"convex":15.45665626728,"yearn":30.95609}