{"stakedao":42.65166598483914,"convex":12.1985838474768,"yearn":18.47197}