{"stakedao":46.14524160879111,"convex":28.3767828675984,"yearn":28.72039}