{"stakedao":41.691623836750765,"convex":13.855054275504,"yearn":15.66792}