{"stakedao":54.39571104187183,"convex":12.2318238826224,"yearn":16.24274}