{"stakedao":52.96980611126059,"convex":11.2748787309312,"yearn":17.10068}