{"stakedao":45.82713290769045,"convex":30.987677979820802,"yearn":42.14053}