{"stakedao":55.86062929885738,"convex":10.2012477554448,"yearn":21.44042}