{"stakedao":41.14315113567875,"convex":19.123254908467203,"yearn":30.22881}