{"stakedao":52.80043147401298,"convex":24.349419131961604,"yearn":37.28471}