{"stakedao":42.616691459792996,"convex":13.6992808285344,"yearn":16.4676}