{"stakedao":55.08445464328966,"convex":10.5809356482624,"yearn":17.08389}