{"stakedao":37.358741508768176,"convex":25.6245463961424,"yearn":29.62057}