{"stakedao":52.474874398884324,"convex":17.5896172351296,"yearn":18.44931}