{"stakedao":66.86717848161115,"convex":21.375818985095997,"yearn":31.68482}