{"stakedao":50.32506468831049,"convex":10.011564395078398,"yearn":17.42946}