{"stakedao":37.48910017582286,"convex":23.727093387595204,"yearn":30.57125}