{"stakedao":45.448931489449606,"convex":20.492380373630397,"yearn":49.58907}