{"stakedao":48.2922206334395,"convex":12.2006219056272,"yearn":22.89811}