{"stakedao":39.47311053322077,"convex":15.4170214535088,"yearn":25.60773}