{"stakedao":42.44131935485257,"convex":23.1139789461648,"yearn":29.43448}