{"stakedao":40.67422934971182,"convex":19.1176674230592,"yearn":28.76108}