{"stakedao":55.05487555866783,"convex":24.974062412817602,"yearn":38.82053}