{"stakedao":41.724547414808306,"convex":22.1145795203904,"yearn":26.06025}