{"stakedao":43.405330978327385,"convex":14.8353226770096,"yearn":17.9578}