{"stakedao":39.75549709471087,"convex":15.609466257407998,"yearn":35.3702}