{"stakedao":40.68333719000726,"convex":18.8614689653664,"yearn":29.24838}