{"stakedao":52.91540033841993,"convex":15.775350272121598,"yearn":23.70673}