{"stakedao":55.219391549449654,"convex":12.269466958319999,"yearn":24.92231}