{"stakedao":54.2766574329006,"convex":11.342768804164798,"yearn":22.00219}