{"stakedao":48.2931451800811,"convex":11.0794473385344,"yearn":20.23425}