{"stakedao":51.4484219887094,"convex":25.2301136352336,"yearn":30.42875}