{"stakedao":40.682117893080886,"convex":12.9893621538384,"yearn":16.61734}