{"stakedao":42.405394581528334,"convex":20.707730559576,"yearn":30.40218}