{"stakedao":52.077007133654575,"convex":25.8274546745472,"yearn":35.17924}