{"stakedao":44.25950328966741,"convex":23.771557933459203,"yearn":33.91723}