{"stakedao":42.488869534921164,"convex":21.0530201819616,"yearn":33.25535}