{"stakedao":40.81690960306083,"convex":16.5267625838832,"yearn":33.39886}