{"stakedao":43.391335105131404,"convex":23.6614362460704,"yearn":30.79095}