{"stakedao":38.76706181844892,"convex":18.092915046359998,"yearn":29.43448}