{"stakedao":44.92753615330361,"convex":22.119289472448,"yearn":43.28965}