{"stakedao":52.10883020732664,"convex":10.969006560436801,"yearn":17.56707}