{"stakedao":54.85158383690474,"convex":10.533427632417599,"yearn":22.20158}