{"stakedao":51.02076674218348,"convex":22.6189863833616,"yearn":42.19701}