{"stakedao":46.69952262572886,"convex":14.3005375952064,"yearn":18.40058}