{"stakedao":53.46286774770134,"convex":10.7594389289808,"yearn":23.97804}