{"stakedao":54.96346980309305,"convex":10.5502239740736,"yearn":14.72806}