{"stakedao":37.48365133371477,"convex":23.7292600054032,"yearn":30.68118}