{"stakedao":28.925735024643924,"convex":15.7259624047776,"yearn":23.81013}