{"stakedao":40.74722138268469,"convex":19.1470385523456,"yearn":29.50742}