{"stakedao":40.66028920069835,"convex":17.0603943626304,"yearn":31.3413}