{"stakedao":48.07472642615124,"convex":11.3729318213328,"yearn":31.43699}