{"stakedao":40.603955783922615,"convex":13.1800775960304,"yearn":18.17398}