{"stakedao":37.577779933783845,"convex":15.340270076481602,"yearn":28.09322}