{"stakedao":39.50210324316984,"convex":15.5245117013712,"yearn":31.00733}