{"stakedao":40.69736806412758,"convex":16.4567849094432,"yearn":33.36232}