{"stakedao":40.38391017878534,"convex":13.0300846852464,"yearn":19.5496}