{"stakedao":39.21713785106773,"convex":16.312789187164796,"yearn":27.95499}