{"stakedao":64.79519767292662,"convex":19.0177018792416,"yearn":41.94741}