{"stakedao":54.12450481278246,"convex":11.7331633739664,"yearn":27.69127}