{"stakedao":49.441098465902144,"convex":10.836898178832,"yearn":36.8255}