{"stakedao":72.17159867801458,"convex":21.205108555876798,"yearn":33.63023}