{"stakedao":50.65441847110953,"convex":24.9046347798288,"yearn":38.09102}