{"stakedao":49.32159756284849,"convex":22.3311771853488,"yearn":38.46036}