{"stakedao":41.60881705249258,"convex":15.032707428167999,"yearn":14.84093}