{"stakedao":43.73166756109204,"convex":26.869192344000002,"yearn":26.61642}