{"stakedao":51.90174861427149,"convex":13.8822654536928,"yearn":27.0308}