{"stakedao":41.268720473262,"convex":17.5305259487232,"yearn":33.82611}