{"stakedao":53.63158519228088,"convex":13.844108867846401,"yearn":19.19981}