{"stakedao":51.64637655466548,"convex":25.8494579125488,"yearn":34.78015}