{"stakedao":44.41940213993337,"convex":22.6062321054336,"yearn":48.27062}