{"stakedao":50.096688334577074,"convex":22.507959467707202,"yearn":29.97243}