{"stakedao":28.939994032093804,"convex":15.7776729868224,"yearn":24.27526}