{"stakedao":55.84321752926253,"convex":12.6158889596256,"yearn":25.66958}