{"stakedao":42.74458788180831,"convex":15.7032073422288,"yearn":17.01509}