{"stakedao":44.442390985779156,"convex":19.5453479927376,"yearn":43.10291}