{"stakedao":55.602923027294295,"convex":12.0122018774208,"yearn":15.84199}