{"stakedao":38.97685314921648,"convex":15.9640638563376,"yearn":27.27203}