{"stakedao":53.02751062511672,"convex":27.994234202308796,"yearn":30.53012}