{"stakedao":55.78817588087913,"convex":12.2658107028624,"yearn":26.20653}