{"stakedao":51.163489109645546,"convex":17.519835676766398,"yearn":17.30234}