{"stakedao":45.27646350917309,"convex":22.0598646297696,"yearn":40.23414}