{"stakedao":54.95917570251006,"convex":10.6449273610128,"yearn":14.79221}