{"stakedao":47.59969279897097,"convex":10.188545464612801,"yearn":17.5363}