{"stakedao":53.221074089348015,"convex":13.702099314384,"yearn":33.26105}