{"stakedao":45.5637723323699,"convex":22.9400729582976,"yearn":33.23835}