{"stakedao":40.78304157257584,"convex":17.231991016521597,"yearn":31.38963}