{"stakedao":62.33338578779914,"convex":19.7650755962352,"yearn":40.48079}