{"stakedao":42.62414789102098,"convex":20.6923216537008,"yearn":31.61493}