{"stakedao":40.57342238133634,"convex":17.0599998125808,"yearn":30.45913}