{"stakedao":41.12978258873606,"convex":21.5207253377568,"yearn":26.15595}