{"stakedao":40.51431770754359,"convex":20.211440864327997,"yearn":27.63696}