{"stakedao":44.59858389184313,"convex":22.102912796112,"yearn":45.01893}