{"stakedao":39.194680623875975,"convex":17.6649622768512,"yearn":29.43448}