{"stakedao":44.55714645563849,"convex":22.122732661228802,"yearn":44.40651}