{"stakedao":48.695575251203756,"convex":29.331578475072,"yearn":36.99101}