{"stakedao":37.520011533614635,"convex":24.450911261006397,"yearn":29.23425}