{"stakedao":46.945923784829915,"convex":28.3735576714176,"yearn":29.99956}