{"stakedao":43.070250327595524,"convex":16.445639749608,"yearn":18.78596}