{"stakedao":49.194506953137264,"convex":11.1512509726032,"yearn":32.6617}