{"stakedao":72.64151136688488,"convex":20.3175447959376,"yearn":32.51147}