{"stakedao":71.61163092639046,"convex":20.2649755958352,"yearn":30.47594}