{"stakedao":54.92457477950248,"convex":10.7688324185424,"yearn":16.04088}