{"stakedao":42.23408530897156,"convex":13.1894762511888,"yearn":17.23143}