{"stakedao":55.36300666344978,"convex":10.4135192646192,"yearn":15.79551}