{"stakedao":58.00595065174403,"convex":12.092094583790399,"yearn":14.08245}