{"stakedao":64.55609766932868,"convex":18.6599552404176,"yearn":43.37552}