{"stakedao":44.1610307289845,"convex":23.300608322448,"yearn":31.56206}