{"stakedao":49.038268604795704,"convex":29.4479951769504,"yearn":35.25838}