{"stakedao":50.605351435253596,"convex":14.7009112970112,"yearn":17.84209}