{"stakedao":42.29622817228479,"convex":20.6650194373872,"yearn":30.50735}