{"stakedao":47.632079395047384,"convex":22.9792034798928,"yearn":39.15764}