{"stakedao":50.744922950748716,"convex":12.17125163412,"yearn":25.29527}