{"stakedao":42.29395873548549,"convex":24.7196310212736,"yearn":29.43448}