{"stakedao":47.351727164107274,"convex":21.0953673282528,"yearn":42.19701}