{"stakedao":62.12920458555428,"convex":19.7234305895232,"yearn":41.77673}