{"stakedao":46.586227920410984,"convex":20.1542038474176,"yearn":44.01231}