{"stakedao":50.988829292685196,"convex":29.3813551434528,"yearn":37.28817}