{"stakedao":41.44806805812296,"convex":17.380385042644797,"yearn":33.17513}