{"stakedao":54.39067827209223,"convex":12.2618074757184,"yearn":27.16056}