{"stakedao":47.58814946080528,"convex":10.6489881981216,"yearn":20.36852}