{"stakedao":41.84163257035909,"convex":20.6944064892,"yearn":25.78388}