{"stakedao":41.350624015448226,"convex":13.26085299504,"yearn":18.55079}