{"stakedao":64.49990276611231,"convex":18.6483834584208,"yearn":33.4881}