{"stakedao":39.39057320484988,"convex":16.8934050868032,"yearn":26.51287}