{"stakedao":45.446279179323284,"convex":23.1158203205904,"yearn":37.49388}