{"stakedao":45.7942092558391,"convex":23.348529355824,"yearn":32.50482}