{"stakedao":47.4792576237588,"convex":22.8262851509904,"yearn":39.2595}