{"stakedao":45.85660199319827,"convex":20.5241126379264,"yearn":45.06897}