{"stakedao":56.023131678663006,"convex":12.6158889596256,"yearn":25.59617}