{"stakedao":42.62592268110745,"convex":23.0846680947888,"yearn":29.43448}