{"stakedao":39.20582536314174,"convex":17.662294747526403,"yearn":29.43448}