{"stakedao":45.863169111153866,"convex":20.5184117805984,"yearn":44.673}