{"stakedao":44.31704242562239,"convex":23.8485860483472,"yearn":35.06287}