{"stakedao":45.598460682155434,"convex":22.902003566337598,"yearn":32.78784}