{"stakedao":39.33215250748799,"convex":15.762745960488,"yearn":32.72074}