{"stakedao":51.81380977596329,"convex":25.7178017603376,"yearn":33.66054}