{"stakedao":53.61739961665936,"convex":11.380902595790399,"yearn":15.67336}