{"stakedao":48.65836134427899,"convex":29.322086091768,"yearn":33.7331}