{"stakedao":44.50903599669418,"convex":22.558266634680002,"yearn":29.99593}