{"stakedao":54.74340090889825,"convex":11.7409325734656,"yearn":16.82653}