{"stakedao":44.8912311588563,"convex":22.114144374048003,"yearn":43.22806}