{"stakedao":64.98220503578234,"convex":18.934148874499197,"yearn":43.32987}