{"stakedao":41.647635327040035,"convex":21.521599405300798,"yearn":26.80457}