{"stakedao":44.331113985818206,"convex":19.5707917578816,"yearn":43.43116}