{"stakedao":45.74546941771199,"convex":8.990422757928,"yearn":28.47711}