{"stakedao":41.019401504182554,"convex":19.8361075633056,"yearn":27.10443}