{"stakedao":53.694220293174716,"convex":11.401150171060799,"yearn":16.39266}