{"stakedao":61.20262153313985,"convex":19.1225585967408,"yearn":47.32306}