{"stakedao":42.41281100651328,"convex":22.173799763808,"yearn":25.63563}