{"stakedao":41.47989949240492,"convex":18.073326113064,"yearn":32.4103}