{"stakedao":54.52595061125857,"convex":10.578927208723199,"yearn":15.07777}