{"stakedao":40.48974869240174,"convex":16.454383783632,"yearn":18.58358}