{"stakedao":55.326355158367235,"convex":9.808252433798401,"yearn":20.63359}