{"stakedao":39.23228741894695,"convex":16.2660511952928,"yearn":27.95499}