{"stakedao":46.42639116538435,"convex":13.226525358940801,"yearn":24.47655}