{"stakedao":65.60829774191774,"convex":20.3552903194848,"yearn":42.42153}