{"stakedao":42.91649265829889,"convex":28.5600231172656,"yearn":27.07378}