{"stakedao":66.39445848637017,"convex":18.4157153253792,"yearn":31.05033}