{"stakedao":37.47130296374499,"convex":23.7292600054032,"yearn":30.66287}