{"stakedao":45.99799389289267,"convex":20.1161572780608,"yearn":42.64873}