{"stakedao":51.84269720830349,"convex":14.7749688594576,"yearn":30.95609}