{"stakedao":39.058136122523756,"convex":16.257603044635204,"yearn":27.95499}