{"stakedao":66.2970588447445,"convex":20.4769881502992,"yearn":44.76957}