{"stakedao":41.0941969039405,"convex":14.805191400825601,"yearn":21.12097}