{"stakedao":66.59731026466447,"convex":18.3411347856768,"yearn":31.65138}