{"stakedao":42.17937395176367,"convex":22.7501798835312,"yearn":26.28208}