{"stakedao":54.52203841922245,"convex":11.3453791776432,"yearn":22.02921}