{"stakedao":40.75038274947091,"convex":18.877433800464004,"yearn":29.24838}