{"stakedao":44.11476101187728,"convex":22.5076282482528,"yearn":31.4497}