{"stakedao":47.56686990863325,"convex":31.390725048263995,"yearn":29.21478}