{"stakedao":58.1639108980002,"convex":30.7383366815856,"yearn":40.10661}