{"stakedao":49.49984278045149,"convex":22.340659688423997,"yearn":41.35764}