{"stakedao":41.68352119406091,"convex":13.8545202669552,"yearn":15.43413}