{"stakedao":38.727305418702564,"convex":16.4053270821312,"yearn":27.95499}