{"stakedao":47.5405587460925,"convex":13.048421541580801,"yearn":24.42693}