{"stakedao":40.64028564814987,"convex":16.6864675798224,"yearn":33.32729}