{"stakedao":53.3459660781471,"convex":16.615207323647997,"yearn":38.31004}