{"stakedao":49.28549472931894,"convex":29.2449349517904,"yearn":33.91183}