{"stakedao":44.05078294985227,"convex":22.4973807827328,"yearn":31.30309}