{"stakedao":51.448214362469685,"convex":25.6764174207408,"yearn":33.13539}