{"stakedao":40.39749644006786,"convex":16.2416000888208,"yearn":34.54704}