{"stakedao":44.45877226189735,"convex":23.30441785548,"yearn":32.24255}