{"stakedao":38.98210309770894,"convex":15.964836898305599,"yearn":27.80288}