{"stakedao":55.4537211375177,"convex":10.5292593647712,"yearn":16.49372}