{"stakedao":65.20598426114276,"convex":18.932314507372798,"yearn":43.17471}