{"stakedao":51.86820184954988,"convex":13.910216037552,"yearn":26.9121}