{"stakedao":40.812770070262914,"convex":17.2350548808336,"yearn":31.21166}