{"stakedao":55.29845551260146,"convex":12.269466958319999,"yearn":24.94773}