{"stakedao":40.68715634021144,"convex":13.6423620918576,"yearn":16.2994}