{"stakedao":74.09924467360855,"convex":24.569238221395203,"yearn":41.71937}