{"stakedao":56.75735775906311,"convex":30.440145103891197,"yearn":41.71624}