{"stakedao":41.20533904412524,"convex":21.006888261552,"yearn":24.57302}