{"stakedao":45.52852428928183,"convex":20.9517343771968,"yearn":43.35964}