{"stakedao":28.96995412449096,"convex":15.7773917014704,"yearn":24.41463}