{"stakedao":47.74128171658743,"convex":22.405104248673602,"yearn":38.3993}