{"stakedao":47.19815718969236,"convex":26.0239926841056,"yearn":29.3282}