{"stakedao":55.00561011054573,"convex":10.578799014883199,"yearn":17.21231}