{"stakedao":43.497237223510226,"convex":25.1197237310112,"yearn":27.86999}