{"stakedao":62.459712388092036,"convex":20.5327565861472,"yearn":42.77285}