{"stakedao":42.59671779660334,"convex":16.439494427049603,"yearn":18.97025}