{"stakedao":46.88557843475332,"convex":26.058345605769603,"yearn":28.88064}