{"stakedao":46.46189040661422,"convex":21.5745846503904,"yearn":42.19701}