{"stakedao":54.403114443388404,"convex":11.7224221745232,"yearn":16.44647}