{"stakedao":40.52706244014749,"convex":16.4534766127488,"yearn":18.63893}