{"stakedao":43.65576791336723,"convex":12.3448151788704,"yearn":19.17771}