{"stakedao":48.979810680470266,"convex":21.820627390248003,"yearn":40.08044}