{"stakedao":51.27457851371564,"convex":25.3918816689888,"yearn":29.81742}