{"stakedao":45.48720223791146,"convex":20.468238042441598,"yearn":47.11375}