{"stakedao":54.51000674724406,"convex":26.813412533116797,"yearn":29.12006}