{"stakedao":56.35632188970877,"convex":12.3821311032576,"yearn":14.21103}