{"stakedao":41.01201866614975,"convex":18.880022745230402,"yearn":29.24838}