{"stakedao":52.26040608509922,"convex":10.967237731425598,"yearn":17.31907}