{"stakedao":49.397200717649454,"convex":10.836900275976,"yearn":36.92729}