{"stakedao":54.0876729280163,"convex":15.8029412131296,"yearn":24.05932}