{"stakedao":40.983790570820155,"convex":20.844077102064,"yearn":26.58785}