{"stakedao":52.69708860340729,"convex":11.2925842901568,"yearn":16.09131}