{"stakedao":42.775808744603,"convex":15.2867160954,"yearn":17.84256}