{"stakedao":40.920719957536456,"convex":21.7539609075072,"yearn":27.8876}