{"stakedao":38.87425773072926,"convex":17.6647609510272,"yearn":29.43448}