{"stakedao":53.43415932797983,"convex":26.8916480794512,"yearn":29.28647}