{"stakedao":52.680451287042274,"convex":15.762029740084799,"yearn":23.4603}