{"stakedao":63.582807082455574,"convex":19.1240997106032,"yearn":46.115}