{"stakedao":43.956623148460864,"convex":23.3126901677088,"yearn":28.62605}