{"stakedao":42.52085082780604,"convex":20.7070678999152,"yearn":32.35367}