{"stakedao":45.391239416690716,"convex":20.4711370523136,"yearn":48.57988}