{"stakedao":28.835305130412234,"convex":15.7197987598032,"yearn":23.92986}