{"stakedao":65.06243689631046,"convex":18.606679176643198,"yearn":32.25871}