{"stakedao":45.8499461632862,"convex":20.1820841848368,"yearn":42.94479}