{"stakedao":42.46154902270116,"convex":13.220396731540799,"yearn":17.54854}