{"stakedao":39.58298254658478,"convex":15.467557224945601,"yearn":25.60773}