{"stakedao":42.2497063474122,"convex":14.1888070577808,"yearn":17.37512}