{"stakedao":63.54750438717633,"convex":17.338941522590403,"yearn":33.50613}