{"stakedao":48.960687938901515,"convex":11.070571070908802,"yearn":19.18649}