{"stakedao":38.797762176145646,"convex":16.3722504444624,"yearn":27.95499}