{"stakedao":62.47096667177208,"convex":19.7670747105792,"yearn":40.30201}