{"stakedao":40.798311180457866,"convex":17.208793390363198,"yearn":31.2259}