{"stakedao":54.28862903190296,"convex":10.665150218366401,"yearn":23.52914}