{"stakedao":45.40127876819126,"convex":22.0166435420784,"yearn":40.85326}