{"stakedao":43.92623069737573,"convex":14.1768720977472,"yearn":16.74948}