{"stakedao":38.72190962179084,"convex":16.475937466492798,"yearn":29.43448}