{"stakedao":37.58020391905508,"convex":14.059028234188801,"yearn":25.19585}