{"stakedao":41.73002459735782,"convex":22.1151463169184,"yearn":26.06025}