{"stakedao":51.176480111811316,"convex":9.564079958496,"yearn":18.62958}