{"stakedao":39.44379963760743,"convex":15.567730956820801,"yearn":30.79709}