{"stakedao":51.780980824167386,"convex":13.810097263464,"yearn":27.9006}