{"stakedao":44.99501132160087,"convex":9.011694057984,"yearn":26.46048}