{"stakedao":56.02557151496768,"convex":11.2159738569744,"yearn":15.28807}