{"stakedao":45.872578531774494,"convex":10.707579169041601,"yearn":27.41637}