{"stakedao":45.30495956855934,"convex":13.217454466891201,"yearn":25.33422}