{"stakedao":56.39351481340039,"convex":30.969264131496,"yearn":44.59385}