{"stakedao":41.67057306188805,"convex":20.7200903189904,"yearn":25.70175}