{"stakedao":52.994461045594065,"convex":11.282708230415999,"yearn":16.67136}