{"stakedao":42.315855455630576,"convex":20.6650194373872,"yearn":30.50735}