{"stakedao":47.482854417971595,"convex":22.3940908084032,"yearn":37.78502}