{"stakedao":49.415246258472436,"convex":21.7890589523184,"yearn":38.58547}