{"stakedao":42.536547763095584,"convex":21.079934448710397,"yearn":30.10475}