{"stakedao":41.57843848541033,"convex":18.0360378867456,"yearn":31.28728}