{"stakedao":44.82381867314094,"convex":22.7002262666544,"yearn":47.43571}