{"stakedao":45.91146167977979,"convex":21.822896515824,"yearn":39.86212}