{"stakedao":42.589540370061584,"convex":13.6998393468624,"yearn":16.57449}