{"stakedao":65.76770988010824,"convex":10.3159435756464,"yearn":37.22677}