{"stakedao":41.26811271982828,"convex":21.5099080324848,"yearn":26.99819}