{"stakedao":40.88736791522526,"convex":19.8383613844608,"yearn":26.9454}