{"stakedao":42.490627390836124,"convex":23.0978975571648,"yearn":29.43448}