{"stakedao":44.43694900196187,"convex":9.326238987988802,"yearn":26.05687}