{"stakedao":41.499596848412736,"convex":13.227320857694401,"yearn":16.14924}