{"stakedao":49.01557823487291,"convex":29.322146353910398,"yearn":33.94124}