{"stakedao":46.76481635249029,"convex":22.1487963579072,"yearn":39.9947}