{"stakedao":47.612323344929955,"convex":11.541254048193599,"yearn":33.52302}