{"stakedao":43.55943891944542,"convex":25.1255582883648,"yearn":27.8018}