{"stakedao":43.55686106631747,"convex":25.1083640664576,"yearn":27.9724}