{"stakedao":43.62005644493033,"convex":12.3448151788704,"yearn":19.17771}