{"stakedao":40.542611481605334,"convex":17.1925351254,"yearn":29.74138}