{"stakedao":46.06364268946423,"convex":8.986306710744,"yearn":29.09947}