{"stakedao":55.54339817751546,"convex":10.1825625934512,"yearn":21.19435}