{"stakedao":41.42796655305688,"convex":13.2703421648256,"yearn":15.05502}