{"stakedao":45.442116187016424,"convex":20.489087283595197,"yearn":49.62763}