{"stakedao":44.84955488281853,"convex":23.1158371103568,"yearn":37.17687}