{"stakedao":45.58084233156427,"convex":23.278866461121602,"yearn":32.15237}