{"stakedao":47.14448408949487,"convex":12.1978040599584,"yearn":23.28525}