{"stakedao":27.93821411621243,"convex":13.7165715190656,"yearn":25.74909}