{"stakedao":47.486489237446975,"convex":22.981172947243202,"yearn":38.83257}