{"stakedao":37.544804625749855,"convex":24.3241772192928,"yearn":29.89177}