{"stakedao":47.06364900575083,"convex":32.325018219129596,"yearn":27.40268}