{"stakedao":39.00978735831303,"convex":16.2983634791616,"yearn":27.95499}