{"stakedao":39.32756005085935,"convex":15.519965307624,"yearn":31.23347}