{"stakedao":55.59970933766492,"convex":11.313933641812799,"yearn":15.45494}