{"stakedao":41.71325355757882,"convex":20.693449081468803,"yearn":25.23079}