{"stakedao":42.60885561557941,"convex":13.724131761028797,"yearn":17.64655}