{"stakedao":45.5034976171439,"convex":20.9204266915296,"yearn":41.79536}