{"stakedao":49.89332655676742,"convex":17.5151720700144,"yearn":18.35746}