{"stakedao":43.158700065919795,"convex":14.1765851989872,"yearn":17.07076}