{"stakedao":43.05453864149896,"convex":21.042558678455997,"yearn":29.68028}