{"stakedao":55.74316560010637,"convex":10.4289652536768,"yearn":16.02571}