{"stakedao":40.62529040783129,"convex":20.209680666719997,"yearn":27.37797}