{"stakedao":43.974727566290525,"convex":23.7850192516608,"yearn":33.05864}