{"stakedao":56.880092325427974,"convex":12.2590428975072,"yearn":24.29617}