{"stakedao":47.4671863372364,"convex":22.3660872882144,"yearn":38.99147}