{"stakedao":51.08186683430871,"convex":10.9645849893312,"yearn":17.86979}