{"stakedao":42.98971389956061,"convex":13.245370480987201,"yearn":18.25344}