{"stakedao":45.75772693250072,"convex":8.977680211392,"yearn":29.43831}