{"stakedao":50.82373326352214,"convex":13.492053486791999,"yearn":17.6498}