{"stakedao":52.17725067596362,"convex":17.002606651473602,"yearn":36.80016}