{"stakedao":53.263684537588674,"convex":28.10510024652,"yearn":30.04}