{"stakedao":74.75776246692952,"convex":20.2902319803744,"yearn":0}