{"stakedao":54.13029741949136,"convex":15.9168696016176,"yearn":23.38472}