{"stakedao":46.293347813455895,"convex":12.207322258632,"yearn":22.729}