{"stakedao":65.58730136266126,"convex":20.5249978345248,"yearn":44.24938}