{"stakedao":38.7430702099739,"convex":16.422774093460802,"yearn":29.43448}