{"stakedao":55.24412208236545,"convex":12.269466958319999,"yearn":24.94773}