{"stakedao":73.21648480345894,"convex":20.329290303451202,"yearn":32.51147}