{"stakedao":46.66216621713157,"convex":20.077055766432,"yearn":43.90499}