{"stakedao":55.14518804789633,"convex":11.3978790490032,"yearn":16.27025}