{"stakedao":40.882202974209484,"convex":19.8382873063968,"yearn":26.9454}