{"stakedao":51.79191972762263,"convex":22.837579081905602,"yearn":34.56538}