{"stakedao":48.10038324537923,"convex":26.036102410344,"yearn":27.47039}