{"stakedao":39.366343667347714,"convex":15.7190327692848,"yearn":26.79239}