{"stakedao":45.66546548181887,"convex":10.6070341007664,"yearn":27.75412}