{"stakedao":46.443520719029976,"convex":12.1923140901696,"yearn":22.21385}