{"stakedao":43.04336510757052,"convex":15.8025324466512,"yearn":16.89663}