{"stakedao":40.19258249621404,"convex":13.1522183467344,"yearn":19.00671}