{"stakedao":54.37461175253991,"convex":15.939561973752001,"yearn":23.84956}