{"stakedao":63.75680974248213,"convex":18.618845472158398,"yearn":43.244}