{"stakedao":45.58695425536262,"convex":20.519946353894397,"yearn":45.48712}