{"stakedao":41.627495296115384,"convex":18.2860094445552,"yearn":31.65559}