{"stakedao":70.20637280407348,"convex":21.213172544443204,"yearn":32.54452}