{"stakedao":46.745556248133134,"convex":13.2191716683168,"yearn":24.47655}