{"stakedao":63.781059550064114,"convex":20.2166031782304,"yearn":37.94986}