{"stakedao":53.99177555618996,"convex":11.7314546872608,"yearn":27.61587}