{"stakedao":38.96496805205772,"convex":18.0974058295248,"yearn":29.43448}