{"stakedao":39.181731914002114,"convex":16.0702497563184,"yearn":26.79239}