{"stakedao":41.475092115766856,"convex":18.072471660911997,"yearn":32.4103}