{"stakedao":79.87362281299445,"convex":24.923386596312,"yearn":39.73009}