{"stakedao":55.537646184799456,"convex":12.3799479921216,"yearn":16.45086}