{"stakedao":54.72458473329227,"convex":10.599934782672001,"yearn":15.68795}