{"stakedao":64.32723065396982,"convex":17.3956659186672,"yearn":33.85036}