{"stakedao":53.461837530449166,"convex":10.759304260799999,"yearn":24.03404}