{"stakedao":41.73550265560786,"convex":18.3359376371088,"yearn":30.99314}