{"stakedao":51.81528033300631,"convex":25.3087610196528,"yearn":31.34531}