{"stakedao":44.273569790618694,"convex":23.8487069952144,"yearn":35.06287}