{"stakedao":41.40707893371035,"convex":20.6843999145696,"yearn":23.98802}