{"stakedao":41.606268383882885,"convex":18.274650946833603,"yearn":31.69642}