{"stakedao":49.83832740900981,"convex":22.600443956457603,"yearn":34.56538}