{"stakedao":45.32592120166903,"convex":10.719013513996801,"yearn":26.11073}