{"stakedao":38.80220093817183,"convex":16.4388358639152,"yearn":29.43448}