{"stakedao":47.56571688929593,"convex":22.9828027182624,"yearn":50.20835}