{"stakedao":40.66544355861107,"convex":16.5266727504336,"yearn":33.913}