{"stakedao":63.876263982063165,"convex":20.2812059167488,"yearn":31.25251}