{"stakedao":37.67464926811316,"convex":24.3267984474624,"yearn":30.07469}