{"stakedao":39.57678195105406,"convex":15.417177348571201,"yearn":25.60773}