{"stakedao":28.94427474289037,"convex":15.864889222785598,"yearn":25.81229}