{"stakedao":45.02961867648901,"convex":20.4578350192944,"yearn":47.01136}