{"stakedao":43.468882351248595,"convex":26.4910241394864,"yearn":26.75613}