{"stakedao":52.69622498040339,"convex":13.579741409860802,"yearn":32.32051}