{"stakedao":55.96017482463486,"convex":10.532800450756799,"yearn":21.60289}