{"stakedao":40.852242505893955,"convex":19.834674542236804,"yearn":26.89661}