{"stakedao":56.024515071355154,"convex":11.389651334985599,"yearn":14.43529}