{"stakedao":42.623970258287315,"convex":21.0939954460272,"yearn":29.68273}