{"stakedao":44.52315432745335,"convex":23.3040323972592,"yearn":31.48562}