{"stakedao":46.289913816007555,"convex":10.627296737630399,"yearn":25.56616}