{"stakedao":28.984052575839776,"convex":15.8553652877136,"yearn":25.81229}