{"stakedao":48.194438062616626,"convex":12.2011323977808,"yearn":22.50053}