{"stakedao":41.15234816249187,"convex":14.785807940337602,"yearn":14.72824}