{"stakedao":47.43083058760541,"convex":31.41318557088,"yearn":27.88683}