{"stakedao":28.919082852677324,"convex":15.747956853696,"yearn":25.81229}