{"stakedao":56.89232578064737,"convex":12.48106405752,"yearn":14.50858}