{"stakedao":44.26875883855711,"convex":23.8665117761568,"yearn":34.38566}