{"stakedao":61.98668844436742,"convex":19.0089095667552,"yearn":49.05331}