{"stakedao":43.53487981972883,"convex":19.5540809986224,"yearn":43.94062}