{"stakedao":61.431351712370024,"convex":19.7629890199488,"yearn":41.47501}