{"stakedao":54.500825145531365,"convex":11.721691144814399,"yearn":16.67752}