{"stakedao":54.51804144695443,"convex":10.618385439816,"yearn":15.30379}