{"stakedao":47.59717236931815,"convex":13.234161965328,"yearn":24.33976}