{"stakedao":57.1040024844936,"convex":12.2486443240896,"yearn":24.34829}