{"stakedao":44.32605785335508,"convex":22.5566758043136,"yearn":30.23866}