{"stakedao":48.55231253214989,"convex":11.068598219745601,"yearn":19.43104}