{"stakedao":44.559286340775216,"convex":22.1254789107168,"yearn":44.36478}