{"stakedao":42.6122727355822,"convex":25.18353976932,"yearn":29.16872}