{"stakedao":38.68437511271609,"convex":16.4215368762624,"yearn":27.95499}