{"stakedao":37.58299265867342,"convex":24.309496832860802,"yearn":29.78188}