{"stakedao":52.22834888997015,"convex":10.9889067635136,"yearn":17.06274}