{"stakedao":28.905129509857602,"convex":15.864889222785598,"yearn":25.81229}