{"stakedao":57.46631217375433,"convex":31.0405157215776,"yearn":47.30092}