{"stakedao":47.13558042150288,"convex":27.237618879436802,"yearn":29.38417}