{"stakedao":41.47609401380016,"convex":13.263520987943998,"yearn":18.50913}