{"stakedao":54.970231836493355,"convex":10.5501234846096,"yearn":14.66392}