{"stakedao":41.025629909905376,"convex":20.910128049388803,"yearn":25.91038}