{"stakedao":66.55116872909463,"convex":18.3391519376016,"yearn":31.77162}