{"stakedao":49.20136935728868,"convex":22.73729264352,"yearn":34.56538}