{"stakedao":44.764395957547414,"convex":21.7529287878384,"yearn":50.20835}