{"stakedao":45.57611589297939,"convex":10.6181894561904,"yearn":25.33559}