{"stakedao":41.42323988044937,"convex":17.5342755475872,"yearn":32.29269}