{"stakedao":38.91052655954457,"convex":16.3128488942736,"yearn":27.95499}