{"stakedao":61.187152162816794,"convex":18.8328405372624,"yearn":48.43834}