{"stakedao":39.30845707026487,"convex":16.458130449648,"yearn":26.44509}