{"stakedao":56.49500918808919,"convex":31.024870793971196,"yearn":43.69033}