{"stakedao":37.581787916471306,"convex":14.0885378506656,"yearn":26.30311}