{"stakedao":42.42985590057907,"convex":21.5361618786288,"yearn":26.12978}