{"stakedao":51.41796123128944,"convex":25.1187383697696,"yearn":33.82187}