{"stakedao":40.799580796943594,"convex":19.094488538745598,"yearn":29.60422}