{"stakedao":43.62286743189035,"convex":26.866749051403204,"yearn":26.32658}