{"stakedao":49.16779029628945,"convex":22.7381314254336,"yearn":34.56538}