{"stakedao":43.03213460236885,"convex":15.701265062064,"yearn":16.93601}