{"stakedao":55.74646836185714,"convex":11.3494530738096,"yearn":22.93345}