{"stakedao":43.02444287178018,"convex":12.074296696617601,"yearn":22.47568}