{"stakedao":63.394158892259696,"convex":20.211442765948803,"yearn":37.94986}