{"stakedao":43.75343059489513,"convex":14.190163632432,"yearn":19.41502}