{"stakedao":42.68103060872288,"convex":23.084927311248,"yearn":29.43448}