{"stakedao":66.97159095446253,"convex":21.375818985095997,"yearn":31.68482}