{"stakedao":41.15636885047134,"convex":19.8122843165184,"yearn":25.82977}