{"stakedao":42.08629019293963,"convex":22.7501798835312,"yearn":26.18957}