{"stakedao":45.85639772664193,"convex":10.723839928502402,"yearn":26.84933}