{"stakedao":55.83525479463624,"convex":12.266046216864,"yearn":24.79571}