{"stakedao":41.172039957676205,"convex":20.983229386704,"yearn":24.09531}