{"stakedao":50.8378130353595,"convex":12.171146313340802,"yearn":25.2463}