{"stakedao":71.04520384325178,"convex":24.3437493470544,"yearn":43.81241}