{"stakedao":40.45035907445445,"convex":16.241616288863998,"yearn":34.58356}