{"stakedao":43.40082266131578,"convex":12.34173864024,"yearn":19.05922}