{"stakedao":51.570045442825915,"convex":22.964845713048,"yearn":34.56538}