{"stakedao":42.63663132441817,"convex":14.1795118659312,"yearn":17.07076}