{"stakedao":51.24155550844483,"convex":25.2503789558112,"yearn":30.75434}