{"stakedao":55.365726727946736,"convex":11.8233045991584,"yearn":17.54173}