{"stakedao":48.51446397303562,"convex":22.8967180570512,"yearn":30.16269}