{"stakedao":37.70588207907315,"convex":23.519724502823998,"yearn":30.14795}