{"stakedao":39.01486918178826,"convex":16.298361697377597,"yearn":27.95499}