{"stakedao":44.05429165986185,"convex":22.4980493396256,"yearn":32.25947}