{"stakedao":57.49769109420034,"convex":11.002257194832,"yearn":15.13083}