{"stakedao":58.994196201278385,"convex":16.927402402224,"yearn":36.24809}