{"stakedao":42.5540367548617,"convex":23.083235922038398,"yearn":29.43448}