{"stakedao":34.12526495082819,"convex":18.0620970359328,"yearn":29.43448}