{"stakedao":43.21231840752369,"convex":28.5801979642128,"yearn":27.60557}