{"stakedao":42.848166659226806,"convex":25.2180323418528,"yearn":27.70541}