{"stakedao":54.58596638734474,"convex":10.4923904694912,"yearn":16.09636}