{"stakedao":40.61626961593001,"convex":18.8761932467568,"yearn":29.24838}