{"stakedao":42.92399613976403,"convex":28.561066101086404,"yearn":26.98464}