{"stakedao":39.95041173256891,"convex":16.4363274652464,"yearn":19.32371}