{"stakedao":61.430007359694294,"convex":18.958323965284798,"yearn":47.57373}