{"stakedao":63.72287575399726,"convex":17.406718659100804,"yearn":33.85036}