{"stakedao":40.63012777818184,"convex":18.8769539297664,"yearn":29.24838}