{"stakedao":45.839585352268514,"convex":8.977644225662399,"yearn":29.49486}