{"stakedao":37.56675168798852,"convex":23.7268259433936,"yearn":30.46071}