{"stakedao":44.396392983416426,"convex":22.6045017471888,"yearn":49.76519}