{"stakedao":38.833724597530164,"convex":18.118720321286403,"yearn":29.43448}