{"stakedao":55.98350318501985,"convex":11.2165224351552,"yearn":15.33855}