{"stakedao":55.481512311810135,"convex":10.4157295818624,"yearn":15.75907}