{"stakedao":42.49911717150833,"convex":21.0334596152976,"yearn":33.61922}