{"stakedao":45.888503978986,"convex":10.620143026243202,"yearn":26.20858}