{"stakedao":56.646507765057976,"convex":30.945510774791998,"yearn":44.12875}