{"stakedao":46.17561113894696,"convex":12.2165270714592,"yearn":22.84976}