{"stakedao":47.69681857356764,"convex":13.0402807565472,"yearn":24.39831}