{"stakedao":45.655765626438324,"convex":20.1821855573088,"yearn":42.40413}