{"stakedao":63.43461888634276,"convex":20.241916359105602,"yearn":45.87332}