{"stakedao":37.6323448194645,"convex":14.1228080565552,"yearn":26.63}