{"stakedao":40.909158461863626,"convex":17.2480431243456,"yearn":30.35991}