{"stakedao":42.38815652556313,"convex":13.262661310276801,"yearn":17.78072}