{"stakedao":45.36083395887769,"convex":20.5325101070784,"yearn":43.9494}