{"stakedao":65.20731452137876,"convex":18.5868702040608,"yearn":42.4764}