{"stakedao":56.214971925357275,"convex":12.382189555233598,"yearn":14.21103}