{"stakedao":41.298338036201514,"convex":19.12934686896,"yearn":30.08946}