{"stakedao":42.47380081431284,"convex":13.699700515929601,"yearn":16.2806}