{"stakedao":41.93890444662433,"convex":20.6489265251328,"yearn":28.79933}