{"stakedao":39.116076545821734,"convex":18.0548567992224,"yearn":29.43448}