{"stakedao":47.696003806727916,"convex":29.281763380075198,"yearn":35.56806}