{"stakedao":37.52001134011962,"convex":24.4576686847104,"yearn":29.23425}