{"stakedao":44.50658035355036,"convex":19.5762606836976,"yearn":43.26452}