{"stakedao":65.30334353228821,"convex":18.9341309210544,"yearn":43.4085}