{"stakedao":58.72426576142182,"convex":16.90532053236,"yearn":36.71018}