{"stakedao":37.560216766140435,"convex":15.3566479448784,"yearn":26.06825}