{"stakedao":38.7345446250942,"convex":16.3891434723408,"yearn":27.95499}