{"stakedao":41.53825308438365,"convex":18.0764242822368,"yearn":32.19164}