{"stakedao":48.37131692150535,"convex":26.0301028219488,"yearn":27.90882}