{"stakedao":40.65678539545188,"convex":17.237292167664002,"yearn":31.84302}