{"stakedao":47.274805409199914,"convex":11.3756219682768,"yearn":30.51504}