{"stakedao":46.10567558565603,"convex":21.4972763791392,"yearn":42.19701}