{"stakedao":42.63087775795273,"convex":21.092114506536,"yearn":29.93588}