{"stakedao":54.87674508346013,"convex":10.582210929412799,"yearn":16.89874}