{"stakedao":38.748047451580106,"convex":16.422774093460802,"yearn":29.43448}