{"stakedao":45.420915511360946,"convex":12.232888399223999,"yearn":24.5027}