{"stakedao":45.88334075850888,"convex":21.807103703299198,"yearn":43.34483}