{"stakedao":56.45368860456397,"convex":12.1989764959056,"yearn":17.55952}