{"stakedao":40.80234049817912,"convex":16.3323925197984,"yearn":19.97703}