{"stakedao":41.223645674981924,"convex":20.6646431782176,"yearn":23.13999}