{"stakedao":49.42886131328399,"convex":22.340659688423997,"yearn":38.40435}