{"stakedao":49.447601643372145,"convex":22.9504738401504,"yearn":33.16518}