{"stakedao":41.40261594799825,"convex":22.1158022184144,"yearn":26.06025}