{"stakedao":42.927617393814714,"convex":12.3822249133968,"yearn":20.72892}