{"stakedao":39.45556149049745,"convex":15.701150551694399,"yearn":25.60773}