{"stakedao":52.49833690176655,"convex":24.2352153805824,"yearn":37.90095}