{"stakedao":52.24379982272242,"convex":25.5247051640832,"yearn":28.68455}