{"stakedao":55.258226062981684,"convex":11.8233045991584,"yearn":17.56777}