{"stakedao":44.40920862939973,"convex":12.07603885248,"yearn":23.23426}