{"stakedao":39.20170522892189,"convex":16.469759992982404,"yearn":26.52069}