{"stakedao":67.5177735274404,"convex":23.6333874149568,"yearn":36.18087}