{"stakedao":48.414824612114806,"convex":29.328404241067197,"yearn":36.51041}