{"stakedao":42.401152064776575,"convex":13.719668493024,"yearn":17.83539}