{"stakedao":37.296111967182924,"convex":25.878147359659202,"yearn":29.46237}