{"stakedao":45.197269100053845,"convex":10.7258118871968,"yearn":25.85475}