{"stakedao":43.216098251933225,"convex":26.4825179657424,"yearn":26.44229}