{"stakedao":63.715207646185796,"convex":17.431313522428802,"yearn":33.85036}