{"stakedao":42.620118820202485,"convex":21.092114506536,"yearn":29.93588}