{"stakedao":42.67104837293332,"convex":15.2831431864368,"yearn":19.89198}