{"stakedao":43.15644578268067,"convex":15.2745052395168,"yearn":18.19592}