{"stakedao":49.04003704503609,"convex":22.7247686950752,"yearn":34.56538}