{"stakedao":40.72428532147837,"convex":16.6885602110208,"yearn":35.2124}