{"stakedao":51.75093769899568,"convex":11.9944572797808,"yearn":25.06626}