{"stakedao":40.21796543001682,"convex":13.2083071504992,"yearn":18.49255}