{"stakedao":41.15956203169183,"convex":21.041927744011204,"yearn":24.42112}