{"stakedao":45.22752039375078,"convex":10.718653442256,"yearn":25.91951}