{"stakedao":45.90900259094241,"convex":20.1493402362,"yearn":42.3211}