{"stakedao":37.587297065711866,"convex":15.334570934712001,"yearn":27.52788}