{"stakedao":56.19602140997311,"convex":11.408261785041601,"yearn":14.6622}