{"stakedao":40.799530491578246,"convex":17.235024946862403,"yearn":31.1214}