{"stakedao":41.30368359336089,"convex":14.7450875880672,"yearn":20.66643}