{"stakedao":52.82841479147693,"convex":13.5775687939056,"yearn":32.53125}