{"stakedao":56.10063725659255,"convex":10.4285412616176,"yearn":16.00682}