{"stakedao":62.645321100940286,"convex":20.2766236192656,"yearn":43.69224}