{"stakedao":65.06330358289539,"convex":20.2450385397888,"yearn":41.55229}