{"stakedao":45.9775494386869,"convex":14.329680321859199,"yearn":18.55208}