{"stakedao":41.354303404450135,"convex":13.2599148085008,"yearn":15.28216}