{"stakedao":38.75888681612474,"convex":16.4217427684992,"yearn":27.95499}