{"stakedao":43.60741709588345,"convex":19.5362900399088,"yearn":44.56517}