{"stakedao":53.50081740187022,"convex":27.8172886517712,"yearn":28.52511}