{"stakedao":53.86417919923849,"convex":15.943018713552,"yearn":23.72062}