{"stakedao":56.11923195853909,"convex":10.4285412616176,"yearn":15.96715}