{"stakedao":38.66752560541024,"convex":16.4210234670288,"yearn":27.95499}