{"stakedao":42.800599195553595,"convex":13.6999227122784,"yearn":16.68147}