{"stakedao":53.71421823900272,"convex":9.7656871372272,"yearn":19.58847}