{"stakedao":42.51913199421931,"convex":13.2216353110944,"yearn":16.36942}