{"stakedao":55.92984649763627,"convex":11.4063547242816,"yearn":15.04277}