{"stakedao":52.50227618423984,"convex":14.6460414006432,"yearn":31.00758}