{"stakedao":50.399553294446875,"convex":31.2795653849712,"yearn":27.75554}