{"stakedao":42.64515369012135,"convex":13.187810466057599,"yearn":16.57714}