{"stakedao":46.438087150804876,"convex":20.2693640541408,"yearn":44.44277}