{"stakedao":42.71830567010912,"convex":24.9105940242192,"yearn":29.02844}