{"stakedao":49.85973741238449,"convex":16.802252669231997,"yearn":20.17921}