{"stakedao":42.59171242204177,"convex":13.264067664504001,"yearn":17.57438}