{"stakedao":38.94005672502226,"convex":16.0902204013584,"yearn":27.75547}