{"stakedao":43.321550038543975,"convex":14.876194159252801,"yearn":17.77234}