{"stakedao":47.62445290429322,"convex":22.3851291759792,"yearn":38.57332}