{"stakedao":51.57425403375359,"convex":22.9235526985536,"yearn":34.56538}