{"stakedao":55.13911234106553,"convex":12.2549869579392,"yearn":25.76754}