{"stakedao":50.684093459767126,"convex":12.1911557571216,"yearn":25.3607}