{"stakedao":42.6996266799284,"convex":12.385047984580801,"yearn":21.39601}