{"stakedao":42.552271978139885,"convex":23.0978975571648,"yearn":29.43448}