{"stakedao":66.38323281089927,"convex":12.4787565589392,"yearn":36.93296}