{"stakedao":43.87334174285937,"convex":23.3080219724688,"yearn":31.97545}