{"stakedao":52.66166911918528,"convex":11.381998396103999,"yearn":15.81997}