{"stakedao":54.89654637744373,"convex":13.71264364404,"yearn":18.7081}