{"stakedao":50.670039418802695,"convex":22.581868296916802,"yearn":29.97243}