{"stakedao":56.073776484562714,"convex":11.387022569712,"yearn":14.65337}