{"stakedao":55.68115130110926,"convex":12.2543572912416,"yearn":25.91035}