{"stakedao":45.42225834896861,"convex":20.4706594963584,"yearn":48.85142}