{"stakedao":43.606890876532205,"convex":26.8697035614816,"yearn":26.53348}