{"stakedao":45.931521806096,"convex":20.089915853947197,"yearn":42.93563}