{"stakedao":44.96632244125736,"convex":9.012398020344001,"yearn":25.96647}