{"stakedao":48.56869658158959,"convex":29.33698833396,"yearn":35.85686}