{"stakedao":40.45906140868692,"convex":13.0300418688192,"yearn":19.31719}