{"stakedao":41.37163554939596,"convex":17.5297081130208,"yearn":33.59631}