{"stakedao":62.44526722923304,"convex":19.1337855041952,"yearn":50.32315}