{"stakedao":54.95813180438482,"convex":10.440978861340799,"yearn":16.4294}