{"stakedao":44.63891817610971,"convex":22.1277311298432,"yearn":46.77897}