{"stakedao":39.223209544787366,"convex":16.2631136894256,"yearn":27.95499}