{"stakedao":42.538024811824314,"convex":13.27367529612,"yearn":18.81692}