{"stakedao":45.557545621645005,"convex":20.5315536485808,"yearn":43.71334}