{"stakedao":58.291943780629516,"convex":30.7431177031728,"yearn":40.42931}