{"stakedao":40.87243554155402,"convex":17.2715530262832,"yearn":32.60854}