{"stakedao":45.44768902627943,"convex":20.918827248681602,"yearn":41.93082}