{"stakedao":49.29659378176725,"convex":21.822896515824,"yearn":38.38707}