{"stakedao":45.68947870694929,"convex":22.7662035048864,"yearn":30.61573}