{"stakedao":53.6190880826495,"convex":10.76345447724,"yearn":23.72564}