{"stakedao":45.590787301372686,"convex":22.051358556940798,"yearn":39.77331}