{"stakedao":66.95941888996347,"convex":20.7386481007728,"yearn":42.87534}