{"stakedao":45.2753427726769,"convex":23.1640325163936,"yearn":31.56523}