{"stakedao":55.76363933740785,"convex":10.5340250188656,"yearn":21.74263}