{"stakedao":39.130447164054495,"convex":18.0395663898672,"yearn":29.43448}