{"stakedao":45.91767284036498,"convex":8.9863251561504,"yearn":29.09742}