{"stakedao":45.44658940917337,"convex":10.6070341007664,"yearn":27.75412}