{"stakedao":52.16106972614647,"convex":13.9288957280496,"yearn":18.1709}