{"stakedao":42.88739103617513,"convex":14.7675768872832,"yearn":18.82811}