{"stakedao":41.89398981897709,"convex":13.267481657255999,"yearn":18.33758}