{"stakedao":42.71030201364722,"convex":12.4195664860128,"yearn":19.2613}