{"stakedao":42.075565943811334,"convex":22.978083567153597,"yearn":29.43448}