{"stakedao":46.36214983645178,"convex":12.1923487703088,"yearn":22.41205}