{"stakedao":42.17859173575954,"convex":22.8164693123952,"yearn":29.43448}