{"stakedao":56.75155437901383,"convex":11.637534796473599,"yearn":14.42149}