{"stakedao":56.36189960805323,"convex":12.2658107028624,"yearn":26.18377}