{"stakedao":52.426402171860175,"convex":11.381998396103999,"yearn":15.81997}