{"stakedao":40.726953533549,"convex":16.4577754362816,"yearn":33.95578}