{"stakedao":42.717023833642365,"convex":13.2052455441648,"yearn":16.23722}