{"stakedao":45.927302327376424,"convex":10.619940290759999,"yearn":25.43157}