{"stakedao":51.14560651400995,"convex":25.772110120382397,"yearn":32.60997}