{"stakedao":43.42776723546997,"convex":19.534831730121603,"yearn":41.75395}