{"stakedao":61.346853187905985,"convex":17.4102083224848,"yearn":35.20346}