{"stakedao":48.08514654998979,"convex":10.988185800096,"yearn":35.73324}