{"stakedao":41.13899082222314,"convex":21.706795189713603,"yearn":26.7561}