{"stakedao":44.72414710358893,"convex":22.698476731368,"yearn":47.26115}