{"stakedao":45.84078373591561,"convex":8.986249062936,"yearn":29.10565}