{"stakedao":47.949527397950625,"convex":22.8259993717584,"yearn":38.39822}