{"stakedao":43.40665329406327,"convex":23.661212520225597,"yearn":31.35492}