{"stakedao":40.284839989244595,"convex":15.544196160364798,"yearn":33.70892}