{"stakedao":48.99487180512634,"convex":16.8161657343264,"yearn":19.9304}