{"stakedao":45.79365968705063,"convex":8.9891047959552,"yearn":28.47711}