{"stakedao":39.35977977164415,"convex":15.741303388416,"yearn":25.09305}