{"stakedao":41.20751584352956,"convex":21.7303622348832,"yearn":27.8525}