{"stakedao":42.61687191388051,"convex":13.2216095777184,"yearn":17.84853}