{"stakedao":52.78016026356686,"convex":24.3455783372928,"yearn":37.81983}