{"stakedao":47.14230067204355,"convex":8.978452001380798,"yearn":29.60776}