{"stakedao":45.5687050901733,"convex":22.9400729582976,"yearn":33.19306}