{"stakedao":41.08165542165926,"convex":20.8431754026768,"yearn":26.26205}