{"stakedao":46.68099337907435,"convex":13.233097338350401,"yearn":24.46968}