{"stakedao":43.04444752089203,"convex":16.4597343264576,"yearn":18.42528}