{"stakedao":51.8352299138616,"convex":22.4280616209696,"yearn":34.56538}