{"stakedao":49.13733130660041,"convex":28.011516046992,"yearn":0}