{"stakedao":40.96802993347926,"convex":21.517570633996797,"yearn":25.85615}