{"stakedao":43.566545382989155,"convex":26.489939537606404,"yearn":26.6665}