{"stakedao":40.640930393997266,"convex":19.1306058428448,"yearn":28.76108}