{"stakedao":41.81117080955824,"convex":20.6989274050128,"yearn":25.75178}