{"stakedao":46.2691868225598,"convex":28.3784887696752,"yearn":31.22391}