{"stakedao":46.351339288615094,"convex":20.2786462657728,"yearn":41.75046}