{"stakedao":61.89006687117626,"convex":18.986389390641598,"yearn":49.05331}