{"stakedao":39.78137534333426,"convex":15.6010799425392,"yearn":34.00093}