{"stakedao":38.958938676945095,"convex":17.6643767069424,"yearn":29.43448}