{"stakedao":47.99962406371949,"convex":11.375180502120001,"yearn":30.66085}