{"stakedao":29.12567404076132,"convex":15.8594700481632,"yearn":25.81229}