{"stakedao":41.51319955340652,"convex":18.0711510057648,"yearn":31.75481}