{"stakedao":40.63627794850128,"convex":19.1306058428448,"yearn":28.76108}