{"stakedao":67.27281281650835,"convex":23.591440835784,"yearn":36.31608}