{"stakedao":40.847072185952484,"convex":4.9563140742288,"yearn":19.8536}