{"stakedao":41.9559667301668,"convex":17.526883550184,"yearn":33.17238}