{"stakedao":43.173728663460665,"convex":15.3047273866848,"yearn":15.0918}