{"stakedao":53.49174568460883,"convex":15.776235847151998,"yearn":23.78075}