{"stakedao":52.53722901244706,"convex":24.217063577496,"yearn":40.0619}