{"stakedao":53.7142861306368,"convex":9.7656871372272,"yearn":19.61118}