{"stakedao":46.48719770538888,"convex":20.3088296394288,"yearn":44.21227}