{"stakedao":40.85201701069165,"convex":18.8784080294976,"yearn":29.24838}