{"stakedao":45.17883381945323,"convex":10.6163501032224,"yearn":27.99075}