{"stakedao":55.05647231240599,"convex":11.7197203308768,"yearn":17.14387}