{"stakedao":43.2397007981631,"convex":18.9019549673136,"yearn":27.84583}