{"stakedao":42.31132034348393,"convex":13.273377864336,"yearn":19.13259}