{"stakedao":46.22166521925276,"convex":28.387187672529603,"yearn":29.65644}