{"stakedao":40.89492869964479,"convex":13.0008725194752,"yearn":16.56301}