{"stakedao":61.80100144786385,"convex":19.1316514788432,"yearn":49.28414}