{"stakedao":73.2462598111864,"convex":24.573617751859196,"yearn":41.96386}