{"stakedao":52.52672668451026,"convex":14.662236675599999,"yearn":30.95609}