{"stakedao":52.90461328961922,"convex":14.6381331336912,"yearn":24.24361}