{"stakedao":57.824832663889254,"convex":24.3125681428224,"yearn":39.15501}