{"stakedao":65.19722662576632,"convex":18.9341309210544,"yearn":43.4085}