{"stakedao":58.12612711266931,"convex":24.343358171356797,"yearn":38.37024}