{"stakedao":43.48565248139845,"convex":19.534831730121603,"yearn":41.79781}