{"stakedao":49.52906754555706,"convex":22.3315221608064,"yearn":38.73695}