{"stakedao":41.27263392168186,"convex":21.549213840628802,"yearn":25.88858}