{"stakedao":52.569521365682775,"convex":11.3543617247424,"yearn":22.36889}