{"stakedao":49.447414881950024,"convex":21.8544084916992,"yearn":41.1357}