{"stakedao":46.30073193175106,"convex":20.2759601648976,"yearn":42.24262}