{"stakedao":45.04580186537662,"convex":23.1165454719888,"yearn":36.89995}