{"stakedao":42.60057147509517,"convex":23.2714647821664,"yearn":29.43448}