{"stakedao":40.04805407860812,"convex":13.156890461899202,"yearn":19.14362}