{"stakedao":41.25651796496182,"convex":21.509513952321598,"yearn":25.79889}