{"stakedao":48.362024548517546,"convex":29.3355987095808,"yearn":36.29189}