{"stakedao":56.938966702930244,"convex":12.4798099149504,"yearn":14.50858}