{"stakedao":41.30234343190371,"convex":13.227320857694401,"yearn":16.14924}