{"stakedao":47.38564543920682,"convex":21.084331756017598,"yearn":42.19701}