{"stakedao":47.39225876096069,"convex":19.8166162339296,"yearn":26.60854}