{"stakedao":40.960851613900246,"convex":20.9090119367376,"yearn":25.53749}