{"stakedao":62.82348095521111,"convex":18.6256138861584,"yearn":34.23058}