{"stakedao":75.4474420558144,"convex":20.273090360515198,"yearn":31.76972}