{"stakedao":41.383770042863596,"convex":17.542622801966402,"yearn":33.32833}