{"stakedao":56.10950972252609,"convex":11.312589350433601,"yearn":15.65853}