{"stakedao":54.321827553977776,"convex":10.441042299158399,"yearn":15.79895}