{"stakedao":44.56587083874436,"convex":22.6579003283232,"yearn":47.24706}