{"stakedao":43.78592101919609,"convex":12.341226874032,"yearn":19.17771}