{"stakedao":53.952285576641444,"convex":12.2113257349104,"yearn":15.57854}