{"stakedao":44.89784073929651,"convex":22.7004441678,"yearn":47.7863}