{"stakedao":47.386827108933076,"convex":10.188524281881602,"yearn":17.59308}