{"stakedao":44.437434326568024,"convex":22.612346396568,"yearn":50.11566}