{"stakedao":46.39456757845132,"convex":12.197879021030401,"yearn":23.24111}