{"stakedao":48.15211887347749,"convex":11.372998706035201,"yearn":31.52919}