{"stakedao":46.42229026992423,"convex":22.1901253108272,"yearn":40.54853}