{"stakedao":64.53787161666656,"convex":18.6599552404176,"yearn":43.45649}