{"stakedao":54.52281551165619,"convex":10.618385439816,"yearn":15.28567}