{"stakedao":47.49429304727337,"convex":29.2872970461456,"yearn":34.9844}