{"stakedao":44.29719240033895,"convex":23.862393969263998,"yearn":33.96982}