{"stakedao":41.543786203787135,"convex":13.227320857694401,"yearn":16.14924}