{"stakedao":63.95135769235427,"convex":20.2131284755248,"yearn":37.94986}