{"stakedao":43.270688436681446,"convex":13.2611890174272,"yearn":16.81422}