{"stakedao":54.29647931193276,"convex":12.210458605286398,"yearn":15.55376}