{"stakedao":66.67695210413208,"convex":21.3843298072464,"yearn":31.68482}