{"stakedao":47.01894446534005,"convex":14.332126370702401,"yearn":18.27393}