{"stakedao":49.03767299734756,"convex":29.4479951769504,"yearn":35.20851}