{"stakedao":45.13025020616794,"convex":12.2288812426944,"yearn":24.59226}