{"stakedao":50.60423081542301,"convex":12.1906987563312,"yearn":25.42601}