{"stakedao":40.05704053627588,"convex":13.143907664654401,"yearn":17.32698}