{"stakedao":47.653444125664926,"convex":22.3612880135904,"yearn":39.02756}