{"stakedao":44.241257105762216,"convex":23.8653559849104,"yearn":34.5422}