{"stakedao":44.21953657024922,"convex":23.2204087455696,"yearn":35.84645}