{"stakedao":39.29881470464204,"convex":16.062683374296,"yearn":26.79239}