{"stakedao":50.16038004690961,"convex":13.743945473472001,"yearn":16.9933}