{"stakedao":64.33203562520455,"convex":17.3956659186672,"yearn":33.85036}