{"stakedao":40.30489690993923,"convex":13.037025557016001,"yearn":19.31719}