{"stakedao":43.48126003041074,"convex":19.5445033955856,"yearn":44.25226}