{"stakedao":44.62251906859784,"convex":22.611822611990398,"yearn":45.07484}