{"stakedao":52.61793722582691,"convex":24.3474354797184,"yearn":37.76035}