{"stakedao":41.05696509142255,"convex":21.7486131871536,"yearn":27.18317}