{"stakedao":54.76147615591239,"convex":12.1790757882528,"yearn":16.17775}