{"stakedao":53.57549300592646,"convex":15.9169404062448,"yearn":23.29554}