{"stakedao":41.61427972029295,"convex":18.2607838927632,"yearn":30.86809}