{"stakedao":28.966818954127795,"convex":15.7774100932656,"yearn":24.33173}