{"stakedao":42.55430742294845,"convex":20.7072585255744,"yearn":32.19537}