{"stakedao":48.195473065891036,"convex":12.2005982504736,"yearn":22.89811}