{"stakedao":46.262169449462114,"convex":28.3467105795024,"yearn":30.48247}