{"stakedao":63.701056785592456,"convex":18.6480271331568,"yearn":33.80222}