{"stakedao":66.8780716739846,"convex":19.6078623605712,"yearn":40.68387}