{"stakedao":37.57753957713738,"convex":24.3156866527152,"yearn":29.94666}