{"stakedao":51.288505713946165,"convex":9.6013212182496,"yearn":18.23145}