{"stakedao":39.333631317527654,"convex":16.3134550824192,"yearn":27.95499}