{"stakedao":51.69511326142414,"convex":13.716614799072001,"yearn":16.70344}