{"stakedao":56.440604879814096,"convex":31.024870793971196,"yearn":43.69033}