{"stakedao":40.943262544745956,"convex":14.825361498451201,"yearn":20.87379}