{"stakedao":56.197333194187344,"convex":11.3854387182624,"yearn":14.29266}