{"stakedao":42.63056711797242,"convex":13.2162104852208,"yearn":16.84109}