{"stakedao":50.41820013665313,"convex":9.981571060512,"yearn":17.29727}