{"stakedao":55.36912386161997,"convex":10.5340518654624,"yearn":21.92868}