{"stakedao":62.61452106937398,"convex":19.1128149976608,"yearn":47.32306}