{"stakedao":61.71080728251419,"convex":19.1316514788432,"yearn":49.39413}