{"stakedao":45.816845056991816,"convex":21.760582688568,"yearn":42.47969}