{"stakedao":64.25662893540425,"convex":18.6480271331568,"yearn":33.6981}