{"stakedao":52.52344005766767,"convex":28.115149445208,"yearn":29.95115}