{"stakedao":38.68375788936897,"convex":16.444966456008,"yearn":29.43448}