{"stakedao":44.38096759075109,"convex":22.557366348105603,"yearn":30.03651}