{"stakedao":44.065409665954654,"convex":22.519658797056003,"yearn":30.96545}