{"stakedao":56.17693012454019,"convex":10.4285412616176,"yearn":15.98685}