{"stakedao":46.442289987312854,"convex":28.341711215265597,"yearn":30.87128}