{"stakedao":46.064290920876275,"convex":21.647727533232,"yearn":42.19701}