{"stakedao":39.4775943159029,"convex":15.633273338841601,"yearn":26.7522}