{"stakedao":62.44880493755025,"convex":19.244937803832,"yearn":46.9064}