{"stakedao":42.42500620571622,"convex":13.2729433960176,"yearn":18.72061}