{"stakedao":46.48460749467407,"convex":28.342542280319996,"yearn":31.24333}