{"stakedao":43.65070027126216,"convex":26.8670683439424,"yearn":26.28524}