{"stakedao":38.93685605680889,"convex":15.9687733385088,"yearn":27.82311}