{"stakedao":69.66404552958244,"convex":24.343254622900798,"yearn":43.97589}