{"stakedao":47.450465436852355,"convex":22.9855370566032,"yearn":47.12654}