{"stakedao":40.8817084716576,"convex":16.7546000292912,"yearn":34.08739}