{"stakedao":55.13094736227795,"convex":11.4018608064384,"yearn":16.3872}