{"stakedao":52.9444022308999,"convex":11.2918711634352,"yearn":16.31758}