{"stakedao":46.63620450405387,"convex":28.38089557512,"yearn":31.05679}