{"stakedao":49.28254464453693,"convex":17.475234154286397,"yearn":17.75833}