{"stakedao":73.40458997035152,"convex":24.4634896689696,"yearn":42.94208}