{"stakedao":55.87646777693527,"convex":11.6036110198512,"yearn":13.92391}