{"stakedao":40.2054406532622,"convex":13.037025557016001,"yearn":19.31719}