{"stakedao":49.609391594477586,"convex":31.2196215322656,"yearn":26.82788}