{"stakedao":40.32160901617229,"convex":16.2772201206576,"yearn":35.46141}