{"stakedao":42.39711916439836,"convex":22.1420100346128,"yearn":25.63563}