{"stakedao":48.799373033685846,"convex":11.0748045707712,"yearn":19.18649}