{"stakedao":42.70092889713601,"convex":24.8874828319296,"yearn":27.64977}