{"stakedao":44.4694979493745,"convex":23.3112625140672,"yearn":32.0725}