{"stakedao":40.895578193845175,"convex":12.9956861688336,"yearn":16.48112}