{"stakedao":48.3663691029132,"convex":11.157634704168,"yearn":33.28744}