{"stakedao":64.85661431430577,"convex":20.4240453873552,"yearn":37.94986}