{"stakedao":39.57815777930408,"convex":15.693134876279998,"yearn":25.60773}