{"stakedao":44.87787777945141,"convex":22.6995731718624,"yearn":47.52357}