{"stakedao":42.88123296080955,"convex":22.8098213217648,"yearn":29.43448}