{"stakedao":67.09606243680415,"convex":24.314751099431998,"yearn":35.22035}