{"stakedao":61.19592010990326,"convex":18.9567422582832,"yearn":47.42858}