{"stakedao":49.44958300282352,"convex":22.8949564781664,"yearn":32.58568}