{"stakedao":44.601495596060175,"convex":22.143025342439998,"yearn":47.56819}