{"stakedao":42.53776353963351,"convex":12.2055473431728,"yearn":17.66384}