{"stakedao":40.989480127989154,"convex":19.8360382818672,"yearn":27.25461}