{"stakedao":42.63320712327547,"convex":21.0936550969008,"yearn":29.7248}