{"stakedao":37.49727999143122,"convex":15.365789209512002,"yearn":26.42021}