{"stakedao":54.325038537146256,"convex":9.798942568248,"yearn":19.83667}