{"stakedao":54.87654717504678,"convex":10.5822357671664,"yearn":16.80627}