{"stakedao":37.52802328804221,"convex":24.450320049307198,"yearn":29.17959}