{"stakedao":38.767846803651196,"convex":18.092915046359998,"yearn":29.43448}