{"stakedao":39.38477381661173,"convex":15.741303388416,"yearn":25.17394}