{"stakedao":39.44511254906135,"convex":15.7271467928688,"yearn":32.94956}