{"stakedao":47.657391182489825,"convex":10.1890694794032,"yearn":20.39831}