{"stakedao":41.09458413684071,"convex":20.843717560128,"yearn":26.35531}