{"stakedao":40.751398140280315,"convex":17.0621484958656,"yearn":31.30531}