{"stakedao":47.98840060074626,"convex":31.409651031768,"yearn":28.90507}