{"stakedao":41.77110917181184,"convex":21.5180097917184,"yearn":26.58333}