{"stakedao":52.69513791180513,"convex":24.2370670925088,"yearn":38.01486}