{"stakedao":55.54028216660589,"convex":10.1870085135024,"yearn":21.28373}