{"stakedao":44.41498830292336,"convex":22.6062866879424,"yearn":48.6217}