{"stakedao":52.92850795581337,"convex":24.3500070418416,"yearn":37.46276}