{"stakedao":44.613374002330715,"convex":12.0916108026288,"yearn":23.33808}