{"stakedao":44.115587025957964,"convex":23.771302138656,"yearn":33.29644}