{"stakedao":66.4553494419292,"convex":18.3207875661072,"yearn":31.17267}