{"stakedao":63.469728240035266,"convex":20.533145109667203,"yearn":42.44594}