{"stakedao":47.54843258667661,"convex":11.375362395460801,"yearn":30.66085}