{"stakedao":51.617625970701766,"convex":25.3190442469968,"yearn":30.7244}