{"stakedao":54.63317212436582,"convex":10.490589401227199,"yearn":16.03941}