{"stakedao":38.624337183806475,"convex":16.448553083131202,"yearn":29.43448}