{"stakedao":64.7015137513208,"convex":19.065917471471998,"yearn":32.46626}