{"stakedao":47.40764219688821,"convex":32.3250826251024,"yearn":27.33079}