{"stakedao":49.73204924540285,"convex":10.8386248442112,"yearn":37.1302}