{"stakedao":43.206940443871254,"convex":15.3064394540496,"yearn":14.88489}