{"stakedao":52.48003394785605,"convex":11.2804207256592,"yearn":0}