{"stakedao":40.47113329729478,"convex":18.8617853439792,"yearn":29.24838}