{"stakedao":55.552747931248845,"convex":12.0898725383088,"yearn":17.18868}