{"stakedao":42.10762088821172,"convex":16.4376448280352,"yearn":19.0112}