{"stakedao":47.12497370447145,"convex":26.033055256958402,"yearn":27.50806}