{"stakedao":40.62149426238216,"convex":16.6850583432048,"yearn":33.45558}