{"stakedao":45.63173902637407,"convex":12.0944869962048,"yearn":23.54478}