{"stakedao":41.557643415309315,"convex":18.241467644952,"yearn":31.57378}