{"stakedao":67.41598870334957,"convex":20.1470306247072,"yearn":31.68482}