{"stakedao":41.070738887951315,"convex":13.7637429953328,"yearn":16.43121}