{"stakedao":45.61762062482581,"convex":8.9803773183312,"yearn":29.24036}