{"stakedao":42.49311874697572,"convex":23.0978975571648,"yearn":29.43448}