{"stakedao":46.47305865285968,"convex":21.5745846503904,"yearn":42.19701}