{"stakedao":48.57567519910445,"convex":29.3398411341312,"yearn":36.77254}