{"stakedao":46.60046323139032,"convex":22.1471603238384,"yearn":44.82494}