{"stakedao":43.52258093151946,"convex":19.561833118224,"yearn":43.73292}