{"stakedao":46.608802035326846,"convex":11.380907275732799,"yearn":31.93773}