{"stakedao":52.94118802448078,"convex":14.605851118075199,"yearn":21.88502}