{"stakedao":45.88022452078907,"convex":22.955382131572797,"yearn":32.82679}