{"stakedao":65.6309015701979,"convex":19.637462507443203,"yearn":39.6711}