{"stakedao":42.57224262439607,"convex":23.0427551109168,"yearn":29.43448}