{"stakedao":47.16130743527471,"convex":26.033055256958402,"yearn":27.50806}