{"stakedao":46.65168843848454,"convex":28.342733243414397,"yearn":31.47602}