{"stakedao":41.64912108204936,"convex":18.0365832766368,"yearn":31.16305}