{"stakedao":66.34419794693284,"convex":20.4769881502992,"yearn":44.76957}