{"stakedao":47.989926711208625,"convex":31.578937528593602,"yearn":28.19669}