{"stakedao":42.7017235160006,"convex":12.4195664860128,"yearn":19.2613}