{"stakedao":40.725795587872376,"convex":19.118442477024,"yearn":28.76108}