{"stakedao":47.42697955773791,"convex":22.9815088529472,"yearn":38.7606}