{"stakedao":42.10614594485021,"convex":16.4388035615904,"yearn":19.0112}