{"stakedao":51.43835681236148,"convex":22.873624707830402,"yearn":34.56538}