{"stakedao":42.658982811498085,"convex":13.2650967850992,"yearn":17.29708}