{"stakedao":53.31523324895056,"convex":13.7143087322256,"yearn":18.98477}