{"stakedao":38.887725154234666,"convex":15.9673055426928,"yearn":27.44016}