{"stakedao":49.44020176847599,"convex":31.170813829559997,"yearn":27.31743}