{"stakedao":41.62929470315523,"convex":13.855054275504,"yearn":15.66792}