{"stakedao":51.29817752052702,"convex":13.882269023568,"yearn":27.05302}