{"stakedao":38.857912111053864,"convex":18.1040239618704,"yearn":29.43448}