{"stakedao":51.73744353859022,"convex":22.9207635001872,"yearn":34.56538}