{"stakedao":63.86203256986759,"convex":20.2237590025296,"yearn":37.94986}