{"stakedao":41.109462089822046,"convex":21.7287526752864,"yearn":27.57071}