{"stakedao":52.79020030737976,"convex":25.740118567094402,"yearn":33.12608}