{"stakedao":46.00750663785701,"convex":8.9940772473696,"yearn":27.60862}