{"stakedao":56.04189863348184,"convex":12.2539029520896,"yearn":25.93373}