{"stakedao":44.46420011109534,"convex":22.189651649568,"yearn":48.09454}