{"stakedao":48.999204225714166,"convex":29.322146353910398,"yearn":33.94124}