{"stakedao":44.99239487960728,"convex":22.690970141601596,"yearn":48.22602}