{"stakedao":47.56777552359522,"convex":22.3752071525184,"yearn":38.68167}