{"stakedao":42.4903279738112,"convex":23.042099786529604,"yearn":29.43448}