{"stakedao":41.742380900105154,"convex":20.699793680011204,"yearn":29.75045}