{"stakedao":39.20998804393645,"convex":16.064493461856,"yearn":26.79239}