{"stakedao":40.38357062946566,"convex":16.2772201206576,"yearn":33.37993}