{"stakedao":51.91743257846574,"convex":13.7634557055264,"yearn":27.9006}