{"stakedao":43.42414963986499,"convex":23.6614362460704,"yearn":30.80933}