{"stakedao":50.85855924828233,"convex":12.2093518083696,"yearn":25.21356}