{"stakedao":45.28332005818628,"convex":23.1320230538112,"yearn":31.72148}