{"stakedao":55.59889035609612,"convex":11.406388991299199,"yearn":14.89056}