{"stakedao":42.16394699070903,"convex":20.6332486266384,"yearn":28.09603}