{"stakedao":54.416657653902405,"convex":12.1787226765072,"yearn":16.23208}