{"stakedao":45.68797067103366,"convex":31.0169154500784,"yearn":49.40915}