{"stakedao":39.05580587349449,"convex":18.056894658696,"yearn":29.43448}