{"stakedao":54.238754065177076,"convex":10.7900184610224,"yearn":23.64141}