{"stakedao":46.33552672816886,"convex":8.990468418902399,"yearn":28.41328}