{"stakedao":40.649852383411954,"convex":19.1295994597056,"yearn":28.76108}