{"stakedao":44.89159907353613,"convex":23.1158371103568,"yearn":37.08634}