{"stakedao":52.15584271963792,"convex":26.7438302601984,"yearn":27.87461}