{"stakedao":40.60592202396259,"convex":17.2005810091488,"yearn":30.90933}