{"stakedao":51.73981103632569,"convex":25.3189803519072,"yearn":30.90587}