{"stakedao":38.98010836233475,"convex":17.664686762587202,"yearn":29.43448}