{"stakedao":54.326363140027006,"convex":10.4923904694912,"yearn":16.12528}