{"stakedao":40.64408082794739,"convex":17.153197860096,"yearn":30.7105}