{"stakedao":41.85810863451703,"convex":20.7011049500448,"yearn":25.64753}