{"stakedao":41.49164300158321,"convex":14.8068208281024,"yearn":21.40366}