{"stakedao":44.73429848081054,"convex":22.698476731368,"yearn":47.26115}