{"stakedao":59.679602220043385,"convex":17.0510504918112,"yearn":35.79244}