{"stakedao":49.07994393917143,"convex":22.3816652901216,"yearn":34.56538}