{"stakedao":44.47600189777991,"convex":23.310080409182405,"yearn":32.12931}