{"stakedao":45.04704931477332,"convex":23.1165454719888,"yearn":36.89995}