{"stakedao":45.14878682946363,"convex":11.617503255417601,"yearn":25.52931}