{"stakedao":43.388726535587175,"convex":19.5329564355744,"yearn":41.88601}