{"stakedao":40.103146493601315,"convex":13.036997139926399,"yearn":19.31719}