{"stakedao":40.769275854020336,"convex":19.982548523951998,"yearn":29.38038}