{"stakedao":62.21344221542842,"convex":20.533145109667203,"yearn":42.77285}