{"stakedao":42.253636380294935,"convex":22.8170769228144,"yearn":29.43448}