{"stakedao":42.189054439782744,"convex":22.8123646812432,"yearn":29.43448}