{"stakedao":52.797183012964396,"convex":24.351502128912,"yearn":37.28471}