{"stakedao":47.98346898254074,"convex":31.354697028887998,"yearn":29.61268}