{"stakedao":45.87850636064865,"convex":20.5178927548032,"yearn":44.71422}