{"stakedao":63.77436542567215,"convex":18.620759442456,"yearn":47.52944}