{"stakedao":45.7021738558048,"convex":22.9542680435328,"yearn":32.69011}