{"stakedao":41.306970987990816,"convex":20.697961192430398,"yearn":29.25977}