{"stakedao":54.116233991619694,"convex":12.2700897753984,"yearn":26.84918}