{"stakedao":42.42791385347465,"convex":21.024618046732797,"yearn":29.52203}