{"stakedao":43.515099643376786,"convex":28.781846335267197,"yearn":25.97867}