{"stakedao":42.21731774093983,"convex":13.1823023126112,"yearn":16.51586}