{"stakedao":40.57759961816755,"convex":17.192502176587197,"yearn":30.84988}