{"stakedao":45.86591967702855,"convex":23.350438655639998,"yearn":32.38779}