{"stakedao":53.771518276325736,"convex":11.380902595790399,"yearn":15.64932}