{"stakedao":54.87045091442213,"convex":10.4398137669744,"yearn":15.52394}