{"stakedao":56.524422406458285,"convex":30.9935045081088,"yearn":45.91837}