{"stakedao":44.483451028214915,"convex":22.611822611990398,"yearn":45.24638}