{"stakedao":51.318088059583054,"convex":13.8607117014528,"yearn":26.87601}