{"stakedao":44.65242527240503,"convex":22.1288161479984,"yearn":44.11616}