{"stakedao":37.35517828921853,"convex":15.4045380792816,"yearn":28.27307}