{"stakedao":55.27686901997883,"convex":12.283384283928001,"yearn":25.09974}