{"stakedao":56.31294511265747,"convex":11.219136678100801,"yearn":15.61552}