{"stakedao":39.01960447225232,"convex":16.476559410024002,"yearn":29.43448}