{"stakedao":42.55249775185783,"convex":21.0920619013344,"yearn":29.85216}