{"stakedao":47.28539078656434,"convex":19.8077675382288,"yearn":26.73835}