{"stakedao":54.10736278001553,"convex":11.4047723203344,"yearn":16.40317}