{"stakedao":56.36683945844782,"convex":31.040410331419203,"yearn":46.80083}