{"stakedao":53.17623818227892,"convex":13.732455404404803,"yearn":27.75712}