{"stakedao":39.46744692077546,"convex":15.523886187964798,"yearn":30.90194}