{"stakedao":50.729114734840074,"convex":12.1706560231488,"yearn":25.27914}