{"stakedao":51.564542331628545,"convex":13.927051231559997,"yearn":18.04416}