{"stakedao":52.385014964335454,"convex":11.2787720393472,"yearn":16.70875}