{"stakedao":56.3794966721677,"convex":11.6037798699024,"yearn":13.98197}