{"stakedao":45.656544686451696,"convex":10.7095784126832,"yearn":27.08227}