{"stakedao":37.51453593072525,"convex":14.0704344616464,"yearn":25.45246}