{"stakedao":49.23744533985412,"convex":22.8949564781664,"yearn":32.66672}