{"stakedao":52.84409938018794,"convex":11.278791342532799,"yearn":16.87019}