{"stakedao":47.44637348823696,"convex":29.2872970461456,"yearn":34.9844}