{"stakedao":42.58263819922143,"convex":12.129555359332798,"yearn":21.86}