{"stakedao":41.541572178681186,"convex":20.6934303522384,"yearn":27.8876}