{"stakedao":64.5362415947167,"convex":19.0164813162048,"yearn":41.94741}