{"stakedao":42.65780534424703,"convex":13.2647753260368,"yearn":17.41818}