{"stakedao":64.25946116423292,"convex":17.3369467381392,"yearn":32.60081}