{"stakedao":53.72811346171776,"convex":15.916938154574401,"yearn":23.32695}