{"stakedao":51.28921723301116,"convex":9.6014161636848,"yearn":18.31497}