{"stakedao":66.87008542434086,"convex":20.5841024417376,"yearn":42.87534}