{"stakedao":52.894713386251794,"convex":24.248118341289604,"yearn":37.33061}