{"stakedao":40.8205428582018,"convex":19.096661113704002,"yearn":29.60422}