{"stakedao":50.678807466892934,"convex":22.8498581974608,"yearn":34.56538}