{"stakedao":52.676929898200626,"convex":24.349571378308802,"yearn":38.28148}