{"stakedao":52.96162990073245,"convex":27.998037497520002,"yearn":31.11194}