{"stakedao":39.879572595316446,"convex":5.3898966220752,"yearn":19.8536}