{"stakedao":42.124155280530516,"convex":20.6484760901376,"yearn":28.32088}