{"stakedao":39.167913734158084,"convex":16.3900642100112,"yearn":27.64098}