{"stakedao":55.505715465935644,"convex":12.0122018774208,"yearn":15.84199}