{"stakedao":54.996999301540285,"convex":11.809840764383999,"yearn":18.10688}