{"stakedao":62.36663295930302,"convex":19.132612327152,"yearn":49.912}