{"stakedao":43.07023871227629,"convex":15.291763842167999,"yearn":15.23154}