{"stakedao":55.07943632564513,"convex":11.3541569867232,"yearn":22.3752}