{"stakedao":40.555327581951715,"convex":18.8777680000704,"yearn":29.24838}