{"stakedao":52.865021109863456,"convex":24.248118341289604,"yearn":37.33061}