{"stakedao":63.94264707730661,"convex":18.611464269528,"yearn":31.73299}