{"stakedao":46.65214133917603,"convex":10.0684154365776,"yearn":19.26875}