{"stakedao":56.20775599458908,"convex":12.6158889596256,"yearn":25.59617}