{"stakedao":42.78582612998866,"convex":13.21611145272,"yearn":16.94724}