{"stakedao":41.14054463732326,"convex":19.123254908467203,"yearn":30.22881}