{"stakedao":41.50105822264996,"convex":20.699793680011204,"yearn":29.64528}