{"stakedao":39.45480199498807,"convex":16.8934050868032,"yearn":26.51287}