{"stakedao":42.53934310580246,"convex":12.0735766887408,"yearn":21.95278}