{"stakedao":41.045820018191016,"convex":19.816413955718403,"yearn":26.46383}