{"stakedao":37.47455251279415,"convex":24.4493863124976,"yearn":29.05078}