{"stakedao":54.862266691694856,"convex":10.414810531368,"yearn":15.94535}