{"stakedao":46.621257819913865,"convex":22.1487963579072,"yearn":44.87289}