{"stakedao":65.1572232230071,"convex":18.661115919744,"yearn":43.244}