{"stakedao":43.60734834176826,"convex":26.8690754652768,"yearn":26.36793}