{"stakedao":42.675196710513106,"convex":13.6992808285344,"yearn":16.4676}