{"stakedao":39.881970803409274,"convex":13.111884423993601,"yearn":16.89112}