{"stakedao":55.826696442944964,"convex":11.387518694064,"yearn":14.32089}