{"stakedao":41.472841838165955,"convex":13.2699775802832,"yearn":15.05502}