{"stakedao":44.63384678673597,"convex":22.1396362284384,"yearn":47.56819}