{"stakedao":42.65223589185259,"convex":14.7672593103024,"yearn":18.68639}