{"stakedao":41.54477833261447,"convex":18.159261129648,"yearn":31.14057}