{"stakedao":58.778546067938514,"convex":17.048381199624004,"yearn":35.79244}