{"stakedao":50.82566671318503,"convex":25.772110120382397,"yearn":32.60997}