{"stakedao":45.65883276293347,"convex":12.2341655409984,"yearn":24.45829}