{"stakedao":66.74756896553134,"convex":20.4574671770832,"yearn":42.87534}