{"stakedao":44.46781040071265,"convex":19.6180309703232,"yearn":43.42174}