{"stakedao":40.61770974072401,"convex":19.1091995970912,"yearn":28.76108}