{"stakedao":42.73576064325854,"convex":24.9368649786432,"yearn":26.83163}