{"stakedao":65.82543350125125,"convex":19.082811161606397,"yearn":32.46626}