{"stakedao":44.25962477215849,"convex":23.300608322448,"yearn":31.52752}