{"stakedao":41.746354684750635,"convex":20.7243972598896,"yearn":25.99133}