{"stakedao":42.83423874579957,"convex":13.2160374408816,"yearn":16.94724}