{"stakedao":46.5071577589808,"convex":28.3695158063664,"yearn":31.8944}