{"stakedao":53.943325401453194,"convex":9.751270464288,"yearn":19.42937}