{"stakedao":42.27374395003045,"convex":15.2768158443936,"yearn":19.37969}