{"stakedao":47.56862506618761,"convex":22.826289922387197,"yearn":37.89767}