{"stakedao":46.49248604062721,"convex":21.575307808713603,"yearn":42.19701}