{"stakedao":58.14722748014499,"convex":24.3465414971904,"yearn":37.94164}