{"stakedao":39.23988582668474,"convex":18.0394509523392,"yearn":29.43448}