{"stakedao":56.957793708856585,"convex":30.398744523254397,"yearn":42.30148}