{"stakedao":51.23191404363643,"convex":10.9864668547296,"yearn":17.25661}