{"stakedao":57.34293355389745,"convex":13.3110806881392,"yearn":17.87042}