{"stakedao":41.305273926801604,"convex":17.5299059162736,"yearn":33.78768}