{"stakedao":38.77015955888041,"convex":16.4296363270608,"yearn":29.43448}