{"stakedao":46.69381962550651,"convex":31.913930719512003,"yearn":27.62151}