{"stakedao":65.09371023484589,"convex":18.932314507372798,"yearn":43.17471}