{"stakedao":44.08958889436949,"convex":23.7706183151856,"yearn":33.24869}