{"stakedao":53.30474293284455,"convex":13.6220831224992,"yearn":32.82391}