{"stakedao":52.17880814376965,"convex":17.5231084891536,"yearn":18.75216}