{"stakedao":68.82074368766024,"convex":23.521978323979198,"yearn":36.18087}