{"stakedao":53.035890574652726,"convex":11.282708230415999,"yearn":16.69444}