{"stakedao":28.915162737459518,"convex":15.855348693470399,"yearn":25.81229}