{"stakedao":47.52248732708915,"convex":10.1884140572544,"yearn":17.76321}