{"stakedao":51.88223714633215,"convex":24.974062412817602,"yearn":38.7478}