{"stakedao":46.65197034469074,"convex":32.3860730094288,"yearn":27.04715}