{"stakedao":53.163368542530065,"convex":28.0818379936368,"yearn":30.21815}