{"stakedao":51.20979428735116,"convex":25.2102836186784,"yearn":31.12701}