{"stakedao":28.947883500468983,"convex":15.7433212856016,"yearn":25.81229}