{"stakedao":55.23153054943495,"convex":11.823552402739201,"yearn":17.40853}