{"stakedao":39.26076279133748,"convex":16.382597472288,"yearn":27.95499}