{"stakedao":54.89059343287182,"convex":12.174597852854397,"yearn":15.76703}