{"stakedao":46.68270660764614,"convex":32.303223348940804,"yearn":27.18678}