{"stakedao":53.02569888529666,"convex":11.2886362510128,"yearn":16.43252}