{"stakedao":43.28246179581352,"convex":13.259623097347202,"yearn":16.87756}