{"stakedao":66.31547094371888,"convex":18.431391028967997,"yearn":30.47812}