{"stakedao":46.476501409055956,"convex":32.3846550278784,"yearn":27.09015}