{"stakedao":37.6438124938687,"convex":14.1662116273104,"yearn":26.76968}