{"stakedao":38.683250805816485,"convex":16.4464886703456,"yearn":29.43448}