{"stakedao":48.67897742239609,"convex":11.0790614955744,"yearn":20.01073}