{"stakedao":47.598474189023335,"convex":11.4654472311312,"yearn":33.98015}