{"stakedao":44.560368268708196,"convex":22.658285367115198,"yearn":48.92309}