{"stakedao":47.89827317202125,"convex":29.22594282468,"yearn":36.6413}