{"stakedao":39.00634829318904,"convex":18.0974058295248,"yearn":29.43448}