{"stakedao":48.880334921438816,"convex":21.8201231485296,"yearn":40.08044}