{"stakedao":42.905492681857176,"convex":24.888696226833602,"yearn":27.90247}