{"stakedao":51.91056247540855,"convex":25.0985596848912,"yearn":33.99779}