{"stakedao":43.47042110509746,"convex":25.114262525207998,"yearn":28.07443}