{"stakedao":56.514681330409545,"convex":30.9737365449408,"yearn":44.25146}