{"stakedao":45.70231759243205,"convex":10.707980981832002,"yearn":27.41637}