{"stakedao":53.7555610841506,"convex":9.7152833754864,"yearn":19.38419}