{"stakedao":44.73866111615843,"convex":23.230610376667197,"yearn":36.68947}