{"stakedao":39.43100093762549,"convex":15.7211609604768,"yearn":32.85278}