{"stakedao":54.88404622784816,"convex":10.4931715720608,"yearn":16.3419}