{"stakedao":40.308230530942765,"convex":13.037025557016001,"yearn":19.31719}