{"stakedao":79.58685355995627,"convex":24.829192383321598,"yearn":40.28077}