{"stakedao":49.13141766663684,"convex":29.1261407855616,"yearn":34.65958}