{"stakedao":48.67017716146424,"convex":29.33698833396,"yearn":35.85686}