{"stakedao":40.6525634433016,"convex":17.2338431604912,"yearn":30.75839}