{"stakedao":48.7439669081042,"convex":29.322086091768,"yearn":37.03491}