{"stakedao":47.3556802142983,"convex":22.395258097675203,"yearn":38.72305}