{"stakedao":40.77046536719378,"convex":19.109947444948798,"yearn":28.76108}