{"stakedao":44.62482838935021,"convex":13.911844793112,"yearn":19.11992}