{"stakedao":45.29134423821694,"convex":22.93621116696,"yearn":33.82799}