{"stakedao":65.57548268536613,"convex":19.5641354953584,"yearn":38.66059}