{"stakedao":45.468740948211696,"convex":22.970200276713598,"yearn":32.41659}