{"stakedao":55.208058892197556,"convex":11.8216031909616,"yearn":17.78184}