{"stakedao":41.52247843402308,"convex":20.6934303522384,"yearn":29.04891}