{"stakedao":57.92236647136155,"convex":30.730003416576,"yearn":40.69258}