{"stakedao":44.40116695133848,"convex":14.190068204496,"yearn":19.41502}