{"stakedao":41.41941491406252,"convex":13.2612296547168,"yearn":18.57517}