{"stakedao":46.87363124516319,"convex":26.0586277173648,"yearn":28.93661}