{"stakedao":45.09586952942753,"convex":9.0132603974928,"yearn":25.74733}