{"stakedao":48.15479776823419,"convex":10.988185800096,"yearn":35.61219}