{"stakedao":52.58129651165254,"convex":24.3377556779664,"yearn":37.50744}