{"stakedao":41.72873492201023,"convex":20.693449081468803,"yearn":26.07456}