{"stakedao":38.70601093479511,"convex":16.4473195241088,"yearn":29.43448}