{"stakedao":43.35496455434965,"convex":25.120972711137597,"yearn":27.56312}