{"stakedao":45.58203093874816,"convex":21.81259570716,"yearn":39.20073}