{"stakedao":40.63561308896019,"convex":16.462877863320003,"yearn":34.07854}