{"stakedao":43.73301587861369,"convex":26.833455439747198,"yearn":26.0371}