{"stakedao":41.037763406653085,"convex":13.2609593880432,"yearn":15.39483}