{"stakedao":48.47423427690061,"convex":12.2019546642912,"yearn":22.89811}