{"stakedao":52.074353363611976,"convex":13.7244886791696,"yearn":18.83071}