{"stakedao":44.21230943918086,"convex":23.7714935905584,"yearn":33.86499}