{"stakedao":47.95232529679744,"convex":11.3746923469152,"yearn":31.43699}