{"stakedao":68.11557736717262,"convex":24.3267153721776,"yearn":34.96233}