{"stakedao":39.04352013739367,"convex":16.3690645989024,"yearn":27.10863}