{"stakedao":47.055546013476445,"convex":26.024045942102397,"yearn":29.21627}