{"stakedao":52.74007854558698,"convex":24.3454267563552,"yearn":37.92392}