{"stakedao":58.18411480459912,"convex":24.31085507892,"yearn":39.84849}