{"stakedao":57.91575035465824,"convex":24.311364520924798,"yearn":39.59054}