{"stakedao":51.303396848382974,"convex":13.831360474536,"yearn":27.9006}