{"stakedao":39.88287428323337,"convex":13.1144155380432,"yearn":16.89112}