{"stakedao":44.59228999334809,"convex":22.1030175208608,"yearn":45.45915}