{"stakedao":39.72513291062131,"convex":15.668585115739202,"yearn":36.15597}