{"stakedao":38.88067183040476,"convex":16.3128488942736,"yearn":27.95499}