{"stakedao":47.978346405943824,"convex":11.3752721331216,"yearn":31.28248}