{"stakedao":55.65775910827211,"convex":12.2660705910384,"yearn":26.16101}