{"stakedao":52.96451788808976,"convex":14.6058717615408,"yearn":21.83042}