{"stakedao":40.5674016712728,"convex":16.279333360632,"yearn":34.80754}