{"stakedao":49.38998417274398,"convex":27.799468705166397,"yearn":27.50421}