{"stakedao":27.950092352328937,"convex":13.741055836099198,"yearn":25.81229}