{"stakedao":43.45563454534452,"convex":25.1197237310112,"yearn":27.86999}