{"stakedao":49.03449815436647,"convex":29.3849611683696,"yearn":35.60709}