{"stakedao":54.00586517972225,"convex":10.6091077283712,"yearn":15.46887}