{"stakedao":42.42441100538715,"convex":16.4393064756432,"yearn":17.81843}