{"stakedao":56.7312192359815,"convex":12.378286536883198,"yearn":14.50858}