{"stakedao":45.736959793641056,"convex":23.278866461121602,"yearn":32.19152}