{"stakedao":41.71973238098614,"convex":15.257705365828802,"yearn":19.6256}