{"stakedao":41.47527800602547,"convex":18.0703949869296,"yearn":32.46516}