{"stakedao":43.12372977456204,"convex":16.4572448210064,"yearn":17.99296}