{"stakedao":47.564422444232775,"convex":22.979748008851203,"yearn":38.97711}