{"stakedao":45.940849486341676,"convex":20.0727979428528,"yearn":43.2329}