{"stakedao":53.183103811230254,"convex":13.736138768207999,"yearn":27.88764}