{"stakedao":45.51885470039763,"convex":20.9194885207584,"yearn":41.79536}