{"stakedao":52.42745897725819,"convex":11.2804207256592,"yearn":0}