{"stakedao":42.44018788372994,"convex":22.141858999248,"yearn":26.00408}