{"stakedao":54.725883488979036,"convex":11.4013030859712,"yearn":16.38825}