{"stakedao":42.4799357789473,"convex":16.4391256955232,"yearn":18.97025}