{"stakedao":42.44154043011491,"convex":22.17509745444,"yearn":25.63563}