{"stakedao":53.23538185199368,"convex":17.1983948894784,"yearn":37.34726}