{"stakedao":64.76720240225337,"convex":18.611429501087997,"yearn":32.15238}