{"stakedao":66.94508011824297,"convex":20.3552903194848,"yearn":42.42153}