{"stakedao":49.49853480835968,"convex":10.837795409567999,"yearn":36.92729}