{"stakedao":38.86997983998039,"convex":18.063375007104,"yearn":29.43448}