{"stakedao":45.73258102276755,"convex":31.014659806142397,"yearn":40.53155}