{"stakedao":54.882461893714485,"convex":10.6449356265984,"yearn":14.93901}