{"stakedao":63.72771968184257,"convex":17.4312773916336,"yearn":33.85036}