{"stakedao":40.63276213614262,"convex":19.094880026649598,"yearn":28.96478}