{"stakedao":39.59618392196943,"convex":15.7547381123088,"yearn":32.18826}