{"stakedao":39.300858300617804,"convex":16.385178504671998,"yearn":27.95499}