{"stakedao":66.55801933450957,"convex":14.1928287366384,"yearn":36.05383}