{"stakedao":49.17442097892082,"convex":21.7984484336544,"yearn":40.30249}