{"stakedao":45.536655114477725,"convex":23.1133679487792,"yearn":37.67421}