{"stakedao":65.20644269199511,"convex":19.0666780630272,"yearn":43.8128}