{"stakedao":41.2197225400144,"convex":21.5168014078848,"yearn":25.71019}