{"stakedao":44.66924288835173,"convex":22.662971777548798,"yearn":46.64756}