{"stakedao":47.26496296876101,"convex":21.118580760254403,"yearn":42.19701}