{"stakedao":40.569156316518175,"convex":17.1925351254,"yearn":29.77619}