{"stakedao":52.43937912129931,"convex":10.9689983547696,"yearn":17.63048}