{"stakedao":38.91622657945401,"convex":16.3722573130032,"yearn":27.95499}