{"stakedao":41.58188956874826,"convex":13.853848206412799,"yearn":15.35643}