{"stakedao":62.673835830742874,"convex":19.1316514788432,"yearn":49.0982}