{"stakedao":43.431688979177,"convex":12.34173864024,"yearn":19.05922}