{"stakedao":40.928745619774595,"convex":21.7539609075072,"yearn":27.8876}