{"stakedao":51.07208356625815,"convex":25.2029480044896,"yearn":31.80616}