{"stakedao":42.82284235345299,"convex":28.5631464174768,"yearn":26.41692}