{"stakedao":43.10926275502699,"convex":12.185758698696,"yearn":18.73684}