{"stakedao":52.33364444666652,"convex":10.969006560436801,"yearn":17.56707}