{"stakedao":51.671225316243834,"convex":13.897839065788801,"yearn":26.90455}