{"stakedao":49.08214009769214,"convex":29.448103102603202,"yearn":35.1583}