{"stakedao":41.2592583791845,"convex":21.0171309588288,"yearn":24.46815}