{"stakedao":42.53824045516441,"convex":21.0334596152976,"yearn":29.36362}