{"stakedao":40.74045213613884,"convex":17.156279400336,"yearn":30.76601}