{"stakedao":45.41114719669686,"convex":20.489573767392002,"yearn":49.62763}