{"stakedao":40.40240763147763,"convex":13.152238564464,"yearn":19.04713}