{"stakedao":63.484310359794996,"convex":19.269939768537597,"yearn":47.37394}