{"stakedao":46.6214030996479,"convex":28.3783328840736,"yearn":30.88967}