{"stakedao":53.1536031395871,"convex":13.7135841327072,"yearn":33.38922}