{"stakedao":73.35649690611316,"convex":20.316388919544,"yearn":32.51147}