{"stakedao":57.712666219430105,"convex":11.002080779294399,"yearn":15.13083}