{"stakedao":42.285792360414916,"convex":22.1751807031728,"yearn":26.03128}