{"stakedao":45.89998433451014,"convex":20.1493402362,"yearn":42.3211}