{"stakedao":44.10635740140437,"convex":22.4993938706784,"yearn":31.92193}