{"stakedao":40.795988495898925,"convex":19.832534017315197,"yearn":27.1669}