{"stakedao":43.10639884809115,"convex":25.4123313017184,"yearn":30.33611}