{"stakedao":56.40845289961844,"convex":30.973709960092798,"yearn":44.30703}