{"stakedao":44.839193476915575,"convex":20.458801440014398,"yearn":48.014}