{"stakedao":70.08520790162866,"convex":21.2061372854256,"yearn":33.07161}