{"stakedao":43.63766603234659,"convex":14.822953822612803,"yearn":18.29612}