{"stakedao":53.87490078836259,"convex":11.4047723203344,"yearn":16.45042}