{"stakedao":68.39588449381583,"convex":24.338295829727997,"yearn":35.79054}