{"stakedao":49.19423555745222,"convex":22.7277119152656,"yearn":34.56538}