{"stakedao":53.43074979590412,"convex":27.8311012683984,"yearn":31.60417}