{"stakedao":49.97274275899574,"convex":10.839533973480002,"yearn":37.26578}