{"stakedao":47.46674998756622,"convex":22.8403928878128,"yearn":39.07901}