{"stakedao":51.4981639191883,"convex":13.8352935719232,"yearn":27.9006}