{"stakedao":58.41231344123822,"convex":24.3465414971904,"yearn":38.8316}