{"stakedao":44.43385531889256,"convex":22.65833990232,"yearn":49.18523}