{"stakedao":43.10254641455798,"convex":16.4572448210064,"yearn":17.99296}