{"stakedao":43.49643851463765,"convex":12.074296696617601,"yearn":22.47568}