{"stakedao":51.01616459126895,"convex":17.5204450784304,"yearn":17.23487}