{"stakedao":42.59560492798701,"convex":12.1857509534544,"yearn":18.5713}