{"stakedao":43.61656984866241,"convex":14.871843099489599,"yearn":18.27387}