{"stakedao":46.45882818268092,"convex":21.6080244377136,"yearn":42.19701}