{"stakedao":46.10262809024239,"convex":8.986306710744,"yearn":29.10154}