{"stakedao":44.44758760720704,"convex":19.614590938296,"yearn":43.63535}