{"stakedao":56.75801369857736,"convex":11.0186947703376,"yearn":16.14366}