{"stakedao":70.77430830484164,"convex":21.2065412395104,"yearn":31.69428}