{"stakedao":38.86970328328164,"convex":18.103505459572798,"yearn":29.43448}