{"stakedao":45.462446633809876,"convex":22.936867210368,"yearn":33.51099}