{"stakedao":40.50430007898468,"convex":16.2319223022192,"yearn":34.4011}