{"stakedao":42.948134231964225,"convex":25.217506485359998,"yearn":27.80761}