{"stakedao":40.339630713022665,"convex":18.901667847801598,"yearn":0}