{"stakedao":46.16828719653645,"convex":20.279494480104,"yearn":41.68891}