{"stakedao":62.74735738886128,"convex":20.180594468347202,"yearn":44.79666}