{"stakedao":39.51367489519443,"convex":15.701690848521599,"yearn":32.71733}