{"stakedao":40.589382224893235,"convex":20.210286416515196,"yearn":27.08613}