{"stakedao":45.50324501453914,"convex":21.8132410850928,"yearn":39.20073}