{"stakedao":40.82633016191603,"convex":17.129967278817603,"yearn":31.2259}