{"stakedao":42.701980158869745,"convex":24.8874598516464,"yearn":27.64977}