{"stakedao":43.404193561808405,"convex":26.4890344701744,"yearn":26.98002}