{"stakedao":40.54988900047676,"convex":20.211290557444798,"yearn":27.59245}