{"stakedao":56.2849647433884,"convex":12.1818382346304,"yearn":17.2775}