{"stakedao":42.953901185133695,"convex":28.587773535825598,"yearn":26.48964}