{"stakedao":48.26190545015116,"convex":11.1576458143008,"yearn":33.19874}