{"stakedao":42.75124512054375,"convex":13.2215347238688,"yearn":17.89337}