{"stakedao":40.80198983024947,"convex":16.5266679191184,"yearn":33.61257}