{"stakedao":47.57005178019444,"convex":10.1873638516896,"yearn":20.57448}