{"stakedao":54.110748805315936,"convex":12.2111817541488,"yearn":15.72413}