{"stakedao":42.70000466547215,"convex":23.084934671750403,"yearn":29.43448}