{"stakedao":47.93458885443359,"convex":11.3752721331216,"yearn":31.28248}