{"stakedao":42.82279227451676,"convex":24.8956064676864,"yearn":28.4167}