{"stakedao":55.34455053051066,"convex":11.8216031909616,"yearn":17.72774}