{"stakedao":52.357939508218266,"convex":28.179914316609597,"yearn":29.29502}