{"stakedao":40.55938821436863,"convex":17.193584416420798,"yearn":30.78031}