{"stakedao":45.47173181841012,"convex":22.077355794652803,"yearn":40.63722}