{"stakedao":42.4972706160317,"convex":20.677289133139197,"yearn":29.92793}