{"stakedao":39.204980264708425,"convex":16.0702027361424,"yearn":26.79239}