{"stakedao":39.53132215474133,"convex":14.791307724129599,"yearn":14.72824}