{"stakedao":47.342338962697696,"convex":12.1978049114304,"yearn":23.28525}