{"stakedao":40.89354371132208,"convex":16.751830667068802,"yearn":33.78022}