{"stakedao":39.39310744928729,"convex":15.7190327692848,"yearn":26.79239}