{"stakedao":53.0059850101827,"convex":14.141337884827198,"yearn":22.4577}