{"stakedao":51.653689301188564,"convex":13.759677355291199,"yearn":16.78252}