{"stakedao":45.59604988500427,"convex":31.025725160976002,"yearn":41.05932}