{"stakedao":42.42580845744998,"convex":12.4141363431696,"yearn":19.2613}