{"stakedao":46.34314780663231,"convex":28.341745321449597,"yearn":30.57968}