{"stakedao":40.39117294985883,"convex":13.0300418688192,"yearn":19.49173}