{"stakedao":42.85970626818678,"convex":13.2160374408816,"yearn":17.09804}