{"stakedao":41.2662856400967,"convex":21.5221776304752,"yearn":25.97612}