{"stakedao":46.19689051566677,"convex":10.6200085725072,"yearn":25.39785}