{"stakedao":42.47235896811743,"convex":23.0428481515776,"yearn":29.43448}