{"stakedao":48.47315273684584,"convex":29.3372603603424,"yearn":35.95648}