{"stakedao":62.154057304942626,"convex":19.1141753976288,"yearn":47.32306}