{"stakedao":42.67785166014805,"convex":24.890684577940803,"yearn":27.21753}