{"stakedao":44.42249210004998,"convex":19.607828604436797,"yearn":43.68926}