{"stakedao":41.53554238583414,"convex":15.0433033317984,"yearn":14.84093}