{"stakedao":41.50561823237337,"convex":20.6934303522384,"yearn":27.8876}