{"stakedao":47.64434235011276,"convex":22.374227095632,"yearn":38.64616}