{"stakedao":42.64042062607387,"convex":16.45813981584,"yearn":18.08966}