{"stakedao":42.4997610849517,"convex":21.535526226398396,"yearn":26.43367}