{"stakedao":55.06710336789703,"convex":12.3754315197312,"yearn":16.60442}