{"stakedao":39.93329506942901,"convex":13.204687079448,"yearn":18.55874}