{"stakedao":42.23312343213705,"convex":22.820647668408,"yearn":29.43448}