{"stakedao":47.0653157545272,"convex":26.029306812312,"yearn":27.70403}