{"stakedao":54.82330027846118,"convex":10.6444603128528,"yearn":14.95755}