{"stakedao":43.367403963733494,"convex":27.7500327864192,"yearn":27.29328}