{"stakedao":67.60647859159815,"convex":24.3289773580032,"yearn":35.47926}