{"stakedao":59.22259572606538,"convex":16.927597692057603,"yearn":36.20564}