{"stakedao":45.45064267617683,"convex":20.468230186824,"yearn":47.11375}