{"stakedao":56.75464182419117,"convex":30.984237506289602,"yearn":45.28759}