{"stakedao":82.0401400829962,"convex":21.114418626360003,"yearn":33.63023}