{"stakedao":49.133860964525205,"convex":10.9951683719184,"yearn":36.2481}