{"stakedao":40.65104457605914,"convex":18.876909199104,"yearn":29.24838}