{"stakedao":56.51382351538382,"convex":11.3853647758032,"yearn":14.53729}