{"stakedao":64.35291782216903,"convex":19.2454478450208,"yearn":47.04937}