{"stakedao":56.05553645350071,"convex":11.389651334985599,"yearn":14.43529}