{"stakedao":39.485702139989954,"convex":15.633232228512,"yearn":26.7522}