{"stakedao":40.75936466765038,"convex":17.232800274431998,"yearn":31.02847}