{"stakedao":37.523353639824435,"convex":15.358409120102401,"yearn":26.27335}