{"stakedao":43.15247929818842,"convex":14.8045311946656,"yearn":18.70426}