{"stakedao":55.1803530859694,"convex":11.3541569867232,"yearn":22.3752}