{"stakedao":40.30395875553548,"convex":16.1710167434256,"yearn":35.02228}