{"stakedao":54.98892343951741,"convex":10.5333234217056,"yearn":22.3599}