{"stakedao":41.2116060977929,"convex":20.759197626936,"yearn":27.8876}