{"stakedao":57.71856459042217,"convex":31.115010596889597,"yearn":47.91658}