{"stakedao":37.44272841371186,"convex":25.4392363252656,"yearn":28.99298}