{"stakedao":54.585740000828366,"convex":27.829067928033602,"yearn":28.74875}