{"stakedao":42.33256281380014,"convex":13.273377864336,"yearn":19.13259}