{"stakedao":51.61061769826236,"convex":14.730589807689599,"yearn":17.93551}