{"stakedao":42.443804289062925,"convex":15.8956986838032,"yearn":16.51586}