{"stakedao":67.10784007488738,"convex":23.5436014585728,"yearn":36.18087}