{"stakedao":45.58201727947472,"convex":21.8124847603584,"yearn":39.20073}