{"stakedao":55.07900831625763,"convex":9.7993722809376,"yearn":19.9633}