{"stakedao":39.22052152312074,"convex":16.2660976982784,"yearn":27.95499}