{"stakedao":44.33005933111481,"convex":23.8537689741792,"yearn":34.90667}