{"stakedao":37.539572107161135,"convex":14.0705976572928,"yearn":25.65774}