{"stakedao":44.91157080659005,"convex":22.11897204684,"yearn":43.47423}