{"stakedao":42.52157056356553,"convex":15.8956986838032,"yearn":16.51586}