{"stakedao":44.8114561443898,"convex":20.4583798194624,"yearn":48.07692}