{"stakedao":39.190156614370025,"convex":16.4720414081376,"yearn":26.56806}