{"stakedao":64.3077606799072,"convex":18.611464269528,"yearn":31.94251}