{"stakedao":42.59564118057059,"convex":15.2841937294368,"yearn":19.87004}