{"stakedao":39.452943029190784,"convex":15.727564625947199,"yearn":32.84992}