{"stakedao":43.14566345436984,"convex":12.074296696617601,"yearn":22.47568}