{"stakedao":28.964283532973294,"convex":15.7461560282592,"yearn":23.9791}