{"stakedao":28.954915690530736,"convex":15.7776729363648,"yearn":24.33173}