{"stakedao":42.57835436138352,"convex":22.8098213217648,"yearn":29.43448}