{"stakedao":44.49161855115093,"convex":22.558266634680002,"yearn":29.95399}