{"stakedao":39.349973620652,"convex":16.9090704024336,"yearn":27.27203}