{"stakedao":54.714787935393176,"convex":12.2201454364128,"yearn":15.9793}