{"stakedao":54.56048465106892,"convex":11.399905719503998,"yearn":18.53946}