{"stakedao":40.27240052045735,"convex":13.029928064856001,"yearn":19.5496}