{"stakedao":54.7311916962449,"convex":11.4179184393696,"yearn":18.49083}