{"stakedao":27.899850561760495,"convex":13.6857334927392,"yearn":23.66499}