{"stakedao":66.50971485012582,"convex":12.479355922694399,"yearn":36.64194}