{"stakedao":54.61742872957704,"convex":10.5996301102224,"yearn":15.72062}