{"stakedao":43.182441021980146,"convex":22.3183165491072,"yearn":28.11904}