{"stakedao":56.46844381424456,"convex":30.971307534998402,"yearn":44.7197}