{"stakedao":47.58906663182352,"convex":22.9852237149072,"yearn":39.41104}