{"stakedao":43.25766222375795,"convex":19.5330010274784,"yearn":42.15012}