{"stakedao":44.625878629950684,"convex":13.9180661237376,"yearn":19.2073}