{"stakedao":55.296851730325564,"convex":10.4267073959136,"yearn":16.20364}