{"stakedao":40.60606003556106,"convex":16.4567170881216,"yearn":33.57609}