{"stakedao":40.46435648285123,"convex":17.2181722724496,"yearn":31.50754}