{"stakedao":46.42726086620894,"convex":28.3945333277808,"yearn":29.80209}