{"stakedao":38.655083374784574,"convex":16.420740157065598,"yearn":29.43448}