{"stakedao":52.22884578448863,"convex":13.8935732541408,"yearn":27.19411}