{"stakedao":54.0748435894988,"convex":11.7334455360192,"yearn":27.8172}