{"stakedao":39.25794517093435,"convex":16.4619431488944,"yearn":26.46188}