{"stakedao":46.96020049232092,"convex":21.524826909916797,"yearn":42.19701}