{"stakedao":45.592274559526615,"convex":10.623270949632,"yearn":25.34541}