{"stakedao":49.91093092059738,"convex":11.0934143301888,"yearn":37.48255}