{"stakedao":51.067263081598625,"convex":22.6189863833616,"yearn":42.19701}