{"stakedao":52.46636855113363,"convex":15.7712556851856,"yearn":25.98967}