{"stakedao":40.16098174179223,"convex":5.4015052475808005,"yearn":19.63683}