{"stakedao":73.02296131393098,"convex":20.36365290036,"yearn":0}