{"stakedao":64.56175726909963,"convex":20.4240171847104,"yearn":37.94986}