{"stakedao":40.63217867849811,"convex":17.217010278072003,"yearn":31.5271}