{"stakedao":47.76773260128808,"convex":17.399465275032,"yearn":18.83259}