{"stakedao":47.654928012436045,"convex":22.821190762478402,"yearn":38.21757}