{"stakedao":45.52489472433859,"convex":20.5159371790608,"yearn":44.58014}