{"stakedao":64.82832747943203,"convex":17.4065909666832,"yearn":34.47609}