{"stakedao":43.40394132859858,"convex":15.313888452772801,"yearn":14.88489}