{"stakedao":41.392071159875826,"convex":17.531376386342398,"yearn":34.09432}