{"stakedao":54.270419239706094,"convex":9.7989644132352,"yearn":19.83667}