{"stakedao":42.1988552826002,"convex":13.262820872976,"yearn":17.93623}