{"stakedao":41.92030043255462,"convex":15.5382611892336,"yearn":17.252}