{"stakedao":28.871005989255654,"convex":15.728456448259202,"yearn":23.69993}