{"stakedao":44.136105504156575,"convex":22.4989180807392,"yearn":32.03445}