{"stakedao":65.05923952502292,"convex":17.4851160355728,"yearn":31.87698}