{"stakedao":54.05308043837256,"convex":27.818023355424,"yearn":28.56975}