{"stakedao":43.313598541676,"convex":25.1139456136368,"yearn":28.3469}