{"stakedao":42.66317102667142,"convex":24.9116325520032,"yearn":27.21753}