{"stakedao":53.93151529139537,"convex":9.590165348788801,"yearn":19.36195}