{"stakedao":64.54505530918769,"convex":20.289699321566403,"yearn":31.08043}