{"stakedao":37.445450941696805,"convex":15.415291420084799,"yearn":29.34638}