{"stakedao":50.934803273302194,"convex":29.4070897146672,"yearn":37.21519}