{"stakedao":40.97092059912357,"convex":20.9090551315968,"yearn":25.72408}