{"stakedao":49.20717306473799,"convex":29.3036969550528,"yearn":34.54546}