{"stakedao":43.77623229199289,"convex":14.8006292390784,"yearn":18.29612}