{"stakedao":45.44533834643818,"convex":20.469013831195202,"yearn":47.64779}