{"stakedao":47.69684469569289,"convex":29.281275010425603,"yearn":35.2499}