{"stakedao":41.86560600502396,"convex":20.690938018007998,"yearn":25.36286}