{"stakedao":42.41717233864037,"convex":22.17509745444,"yearn":25.63563}