{"stakedao":63.39871477216618,"convex":20.211442765948803,"yearn":37.94986}