{"stakedao":42.577892872105835,"convex":20.7070678999152,"yearn":32.40626}