{"stakedao":72.33505812793388,"convex":20.3443627012848,"yearn":32.51147}