{"stakedao":45.83017223561393,"convex":21.786819902625602,"yearn":42.94076}