{"stakedao":47.60333959181663,"convex":31.344365775369596,"yearn":29.30312}