{"stakedao":52.88915153528919,"convex":11.2886383796928,"yearn":16.45561}