{"stakedao":54.098415040013414,"convex":14.2507015035408,"yearn":23.14037}