{"stakedao":47.102586287069904,"convex":26.0329473186912,"yearn":27.50806}