{"stakedao":42.52424060347097,"convex":21.0896557896816,"yearn":30.02031}