{"stakedao":41.42871394295794,"convex":18.0831336419232,"yearn":31.42742}