{"stakedao":39.66373846067971,"convex":15.605797611455998,"yearn":34.43876}