{"stakedao":41.17632609475181,"convex":21.7483969921056,"yearn":27.39468}