{"stakedao":43.53885844767717,"convex":12.0736375311456,"yearn":22.72018}