{"stakedao":42.602270870329534,"convex":22.8164542602624,"yearn":29.43448}