{"stakedao":52.903993705002,"convex":24.3491288777712,"yearn":38.22157}