{"stakedao":66.76603026940683,"convex":18.431911193212798,"yearn":30.55865}