{"stakedao":56.80908797768676,"convex":11.019266659929599,"yearn":16.35833}