{"stakedao":40.39704628343263,"convex":13.164287057251201,"yearn":18.0569}