{"stakedao":41.3889843542694,"convex":13.261707986457601,"yearn":15.22611}