{"stakedao":44.60096135264479,"convex":22.102912796112,"yearn":44.93126}