{"stakedao":45.65945827024389,"convex":22.0418760790944,"yearn":41.8901}