{"stakedao":41.34414467130449,"convex":17.531376386342398,"yearn":34.20933}