{"stakedao":42.56454998893362,"convex":12.07320029712,"yearn":22.1681}