{"stakedao":46.64142748093584,"convex":13.2191716683168,"yearn":24.59124}