{"stakedao":65.57956579846599,"convex":19.6158636713376,"yearn":40.36247}