{"stakedao":47.683590409434046,"convex":10.182485935742399,"yearn":18.69509}