{"stakedao":40.72312226202353,"convex":13.176834717614401,"yearn":18.70704}