{"stakedao":40.650954114135224,"convex":20.8558016949024,"yearn":27.0576}