{"stakedao":42.52660240813678,"convex":16.4394085356,"yearn":18.97025}