{"stakedao":44.577465870951585,"convex":22.1030175208608,"yearn":45.54724}