{"stakedao":53.38289995180823,"convex":13.7288584713168,"yearn":18.98477}