{"stakedao":50.23049856447567,"convex":31.218300397771202,"yearn":26.79048}