{"stakedao":48.23158495908169,"convex":12.7042874896896,"yearn":23.28454}