{"stakedao":44.55150059394516,"convex":22.6579386414096,"yearn":47.24706}