{"stakedao":45.23803620833448,"convex":10.6070341007664,"yearn":27.92345}