{"stakedao":58.427729105511375,"convex":24.3465414971904,"yearn":38.03918}