{"stakedao":53.09545463440433,"convex":13.593019781419201,"yearn":32.56094}