{"stakedao":46.06866608185389,"convex":21.6473523147504,"yearn":42.19701}