{"stakedao":41.72741333014235,"convex":14.2381981575648,"yearn":17.20916}