{"stakedao":48.1978756057654,"convex":27.9412878411072,"yearn":27.64812}