{"stakedao":39.147061353960076,"convex":16.4720414081376,"yearn":26.56806}