{"stakedao":43.360628433599196,"convex":19.5576444783216,"yearn":42.90146}