{"stakedao":65.49208259044092,"convex":19.636499757513597,"yearn":39.84505}