{"stakedao":62.33716950361982,"convex":19.1337212685168,"yearn":50.39526}