{"stakedao":47.31945704328477,"convex":21.4885760729328,"yearn":42.19701}