{"stakedao":45.58567885928769,"convex":22.9665293002512,"yearn":32.50786}