{"stakedao":41.003589316348936,"convex":20.910128049388803,"yearn":25.91038}