{"stakedao":57.88781416279276,"convex":24.3125681428224,"yearn":39.26865}