{"stakedao":41.18015253709417,"convex":20.6677999791216,"yearn":23.03458}