{"stakedao":53.03059664452887,"convex":15.765899598331199,"yearn":23.52132}