{"stakedao":46.69860382399736,"convex":20.041478456414403,"yearn":43.58995}