{"stakedao":46.541668352614636,"convex":20.279967078600002,"yearn":41.50461}