{"stakedao":37.61592470211346,"convex":24.313318119359998,"yearn":29.70874}