{"stakedao":47.592462505206626,"convex":22.8213734442192,"yearn":38.18146}