{"stakedao":42.87949453992706,"convex":24.888696226833602,"yearn":27.9867}