{"stakedao":42.31555292704535,"convex":22.3241591102976,"yearn":25.94319}