{"stakedao":47.07317398104712,"convex":14.3232734207952,"yearn":17.96013}