{"stakedao":52.04322407859454,"convex":22.991223536668798,"yearn":34.56538}