{"stakedao":57.08566223955531,"convex":11.6174824038144,"yearn":14.64878}