{"stakedao":51.44148225286237,"convex":25.4717171438256,"yearn":29.04026}