{"stakedao":50.54627789826185,"convex":14.7009112970112,"yearn":17.80832}