{"stakedao":54.976681871487976,"convex":11.3272597084176,"yearn":15.69631}