{"stakedao":39.62457445746063,"convex":15.7540323555504,"yearn":32.18826}