{"stakedao":41.19659770984303,"convex":14.7597574288608,"yearn":20.20993}