{"stakedao":44.93639417185833,"convex":22.690970141601596,"yearn":48.13624}