{"stakedao":42.465104653151606,"convex":22.17509745444,"yearn":25.63563}