{"stakedao":54.701328764788244,"convex":10.4416849460736,"yearn":16.19192}