{"stakedao":48.43204593479801,"convex":22.9462496717904,"yearn":29.97243}