{"stakedao":40.6550130879448,"convex":19.9834064734464,"yearn":29.44037}