{"stakedao":40.80972255897495,"convex":16.5267625838832,"yearn":33.4416}