{"stakedao":54.2789931199745,"convex":10.610447759236799,"yearn":23.30625}