{"stakedao":46.2535851331361,"convex":11.378202770448,"yearn":31.82989}