{"stakedao":48.46471384840515,"convex":29.3372603603424,"yearn":35.95648}