{"stakedao":41.423218823302335,"convex":17.5372735016592,"yearn":32.36921}