{"stakedao":45.582120078775716,"convex":20.5699841245872,"yearn":45.90061}