{"stakedao":40.293009698918496,"convex":13.1522183467344,"yearn":19.00671}