{"stakedao":40.770878780985285,"convex":19.096638303715203,"yearn":28.76108}