{"stakedao":42.16659506958955,"convex":13.2596029111536,"yearn":18.1941}