{"stakedao":39.32045212888616,"convex":16.8843250177776,"yearn":26.40047}