{"stakedao":39.44915611174999,"convex":15.7211609604768,"yearn":32.85278}