{"stakedao":53.74398719175036,"convex":13.7054179675008,"yearn":19.85293}