{"stakedao":38.8519780357957,"convex":16.3726399582128,"yearn":27.95499}