{"stakedao":49.25120216003154,"convex":13.480251532992,"yearn":17.17808}