{"stakedao":48.85132111299876,"convex":17.5349248801344,"yearn":17.82946}