{"stakedao":49.194387256372316,"convex":27.799468705166397,"yearn":27.57894}