{"stakedao":44.158019991083684,"convex":19.5753992778576,"yearn":42.85803}