{"stakedao":48.31459413362025,"convex":31.346618574758402,"yearn":29.4798}