{"stakedao":40.53226825316062,"convex":18.877817278224,"yearn":29.24838}