{"stakedao":55.72581518671542,"convex":12.2735794860864,"yearn":23.05648}