{"stakedao":42.22850137513904,"convex":22.173929975952,"yearn":26.03128}