{"stakedao":54.65823390515381,"convex":10.3434920124336,"yearn":15.80331}