{"stakedao":77.11602133695916,"convex":24.725589802084798,"yearn":41.38513}