{"stakedao":41.46108241596749,"convex":20.6905412730528,"yearn":23.50784}