{"stakedao":43.46488811722476,"convex":12.346149940070399,"yearn":18.66985}