{"stakedao":40.564580947201115,"convex":16.2670289721264,"yearn":34.26049}