{"stakedao":62.0021706494466,"convex":19.0081442227248,"yearn":49.05331}