{"stakedao":64.4124404711764,"convex":19.0167613653456,"yearn":41.94741}