{"stakedao":40.33397192805228,"convex":18.8961788367072,"yearn":27.53743}