{"stakedao":48.489866149601724,"convex":29.3372603603424,"yearn":35.95648}