{"stakedao":54.73184555969725,"convex":10.618826893358401,"yearn":15.35895}