{"stakedao":49.24258708897892,"convex":29.302879715380804,"yearn":34.50819}