{"stakedao":75.30990491087817,"convex":20.2920891196464,"yearn":0}