{"stakedao":40.55193822364109,"convex":18.8779781244384,"yearn":29.24838}