{"stakedao":44.73331709552109,"convex":23.231802232483197,"yearn":36.63716}