{"stakedao":49.29018402000665,"convex":29.294502309432,"yearn":34.25004}