{"stakedao":44.31499826106417,"convex":23.771557933459203,"yearn":33.96982}