{"stakedao":42.64862001770873,"convex":12.3850470637296,"yearn":21.39601}