{"stakedao":62.65958722217482,"convex":19.0307147302944,"yearn":46.8463}