{"stakedao":45.349175827673065,"convex":22.058839337644798,"yearn":40.29153}