{"stakedao":46.182765863467765,"convex":11.3781488565024,"yearn":31.82989}