{"stakedao":65.99805695850267,"convex":20.354327799768,"yearn":42.42153}