{"stakedao":40.94249841698424,"convex":20.9142722992176,"yearn":25.98217}