{"stakedao":42.77694979920082,"convex":24.966758378779197,"yearn":27.80761}