{"stakedao":57.652048351714804,"convex":11.038701082593601,"yearn":17.13204}