{"stakedao":44.20964598833236,"convex":9.2451741578784,"yearn":26.34675}