{"stakedao":54.91426726970754,"convex":10.5501234846096,"yearn":14.70097}