{"stakedao":44.64931572311395,"convex":10.6223012365536,"yearn":25.55415}