{"stakedao":41.12413719855399,"convex":19.8154556996688,"yearn":25.85897}