{"stakedao":65.21724418428728,"convex":18.8291137704624,"yearn":43.08214}