{"stakedao":41.62825741627272,"convex":15.3455311800576,"yearn":14.94948}