{"stakedao":40.537382882620406,"convex":17.1760841723232,"yearn":30.45388}