{"stakedao":43.368309999178706,"convex":23.664567938011196,"yearn":30.87181}