{"stakedao":43.566607356231614,"convex":26.783827123017602,"yearn":26.94773}