{"stakedao":50.48361277609056,"convex":13.492053486791999,"yearn":17.6968}