{"stakedao":41.060023119107115,"convex":19.8163977556752,"yearn":27.36426}