{"stakedao":38.94225764736195,"convex":15.963443101713597,"yearn":27.8517}