{"stakedao":43.06549075867008,"convex":16.4455414802784,"yearn":18.91484}