{"stakedao":53.38355008027284,"convex":28.1066932749456,"yearn":30.08465}