{"stakedao":41.76184790425756,"convex":17.519238407001602,"yearn":32.9816}