{"stakedao":42.29189898412669,"convex":15.369297226848001,"yearn":19.13259}