{"stakedao":37.47172807611942,"convex":15.343259805964799,"yearn":27.3502}