{"stakedao":44.28044826678182,"convex":23.300577830289598,"yearn":31.5965}