{"stakedao":44.92960352679152,"convex":21.720734067023997,"yearn":50.20835}