{"stakedao":53.11557830251655,"convex":24.3278247676608,"yearn":0}