{"stakedao":46.028966412972856,"convex":8.988505479504001,"yearn":29.02066}