{"stakedao":53.74788407287902,"convex":15.803056899792,"yearn":24.09123}