{"stakedao":42.81217869526435,"convex":16.4410897323744,"yearn":18.97025}