{"stakedao":45.45628120989987,"convex":23.1154476407568,"yearn":37.62917}