{"stakedao":40.91305525957995,"convex":17.247317071017598,"yearn":32.51811}