{"stakedao":52.710550614408504,"convex":13.713054513969603,"yearn":18.76979}