{"stakedao":41.67988845950677,"convex":20.7208287596592,"yearn":25.72656}