{"stakedao":39.04570964864689,"convex":16.3112884173072,"yearn":27.95499}