{"stakedao":45.01846309496168,"convex":23.2890679660752,"yearn":32.16459}