{"stakedao":45.918075618818186,"convex":10.707469858958401,"yearn":27.28296}