{"stakedao":42.31492240824232,"convex":20.6442116439984,"yearn":29.13984}