{"stakedao":52.97123532323299,"convex":24.246710760312002,"yearn":37.50171}