{"stakedao":79.0456958246375,"convex":24.8090308824096,"yearn":40.6488}