{"stakedao":51.92337908922543,"convex":25.857963338889597,"yearn":34.6916}