{"stakedao":48.62378733923351,"convex":29.322086091768,"yearn":33.7331}