{"stakedao":52.86831127818848,"convex":11.291583602419202,"yearn":16.61663}