{"stakedao":52.236078413185986,"convex":13.8866208212736,"yearn":27.09764}