{"stakedao":52.68878481322654,"convex":13.6839844399536,"yearn":31.79608}