{"stakedao":43.37330225518786,"convex":19.5615745482528,"yearn":43.52489}