{"stakedao":43.6742116537376,"convex":12.343690302364799,"yearn":19.17771}