{"stakedao":39.206642004519686,"convex":16.2706032245232,"yearn":27.95499}