{"stakedao":43.94856423896178,"convex":23.3122251977712,"yearn":28.56599}