{"stakedao":39.37309171770728,"convex":15.741303388416,"yearn":25.17394}