{"stakedao":46.11015590335409,"convex":21.649355875670402,"yearn":42.19701}