{"stakedao":42.277824262055574,"convex":13.218757133903999,"yearn":17.15876}