{"stakedao":40.36650135531483,"convex":18.8961788367072,"yearn":27.5712}