{"stakedao":44.570622184190256,"convex":10.6274929230864,"yearn":25.64361}