{"stakedao":37.53766516525572,"convex":24.315383916575996,"yearn":29.45296}