{"stakedao":46.259996108981284,"convex":28.3945333277808,"yearn":29.99655}