{"stakedao":43.66573825620356,"convex":14.7978725574816,"yearn":18.29612}