{"stakedao":54.46435244193847,"convex":11.342768804164798,"yearn":21.97508}