{"stakedao":44.9060932168218,"convex":23.1158371103568,"yearn":37.13178}