{"stakedao":41.082909267987816,"convex":19.8361955014416,"yearn":27.12067}