{"stakedao":47.75907408418932,"convex":21.1234706945712,"yearn":42.19701}