{"stakedao":48.43983207626307,"convex":29.3283482772816,"yearn":36.51041}