{"stakedao":41.64999482381314,"convex":13.8545202669552,"yearn":15.38247}