{"stakedao":67.95281368160352,"convex":23.63276335536,"yearn":36.18087}