{"stakedao":41.637855761634135,"convex":18.158482805400002,"yearn":31.35837}