{"stakedao":41.747171028769614,"convex":21.541549592937603,"yearn":25.99793}