{"stakedao":51.76163009459236,"convex":25.856486993664,"yearn":34.60414}