{"stakedao":46.71659492701394,"convex":20.2874377330944,"yearn":41.25986}