{"stakedao":44.906920320400644,"convex":22.7002187831616,"yearn":47.87387}