{"stakedao":45.890501855498705,"convex":22.9547810806416,"yearn":32.96334}