{"stakedao":54.257463800450985,"convex":11.7417035340576,"yearn":16.84658}