{"stakedao":40.633535160919045,"convex":17.059651815974398,"yearn":30.42129}