{"stakedao":45.447244778689154,"convex":20.4689988673632,"yearn":47.68689}