{"stakedao":37.606237987920586,"convex":15.3367282525536,"yearn":27.88743}