{"stakedao":44.364101480528376,"convex":19.5782352031152,"yearn":43.79069}