{"stakedao":48.95954667423082,"convex":29.322146353910398,"yearn":33.85368}