{"stakedao":40.51664704090689,"convex":16.2641973168432,"yearn":34.33323}