{"stakedao":41.122825737262644,"convex":19.8154556996688,"yearn":25.89537}