{"stakedao":50.650644097021924,"convex":12.180559039862402,"yearn":25.3607}