{"stakedao":57.68649517106543,"convex":31.1051184853248,"yearn":48.08417}