{"stakedao":47.540144519452895,"convex":31.3466979729456,"yearn":29.34736}