{"stakedao":53.51195581353892,"convex":9.7669372242672,"yearn":19.65629}