{"stakedao":28.89584882629169,"convex":15.7259470183632,"yearn":23.85737}