{"stakedao":57.432778967361116,"convex":11.033460016992,"yearn":17.27583}