{"stakedao":55.75053353608909,"convex":12.192006510100798,"yearn":17.22359}