{"stakedao":66.38799951535731,"convex":20.146357160812798,"yearn":31.68482}