{"stakedao":61.49599591634068,"convex":18.817597709424,"yearn":48.7988}