{"stakedao":65.2080966565208,"convex":18.8291137704624,"yearn":41.94741}