{"stakedao":47.10272053957843,"convex":14.335327299931198,"yearn":18.27393}