{"stakedao":45.70293811065297,"convex":22.0408225086384,"yearn":41.9619}