{"stakedao":55.29192770409507,"convex":10.5337879469856,"yearn":0}