{"stakedao":45.58428613970374,"convex":10.72253139264,"yearn":26.46029}