{"stakedao":41.61334316277744,"convex":17.5194834511824,"yearn":32.71361}