{"stakedao":44.90556723972224,"convex":22.6601177096304,"yearn":48.48693}