{"stakedao":43.26077962172659,"convex":12.3665108273424,"yearn":20.62823}