{"stakedao":62.50132395605906,"convex":20.2764844130544,"yearn":44.05977}