{"stakedao":43.77992556991198,"convex":23.3070095375712,"yearn":32.04447}