{"stakedao":48.40909936173621,"convex":11.1610172807568,"yearn":32.42492}