{"stakedao":54.97174502052075,"convex":11.349326359008,"yearn":22.37706}