{"stakedao":53.418150577885655,"convex":15.9393978793296,"yearn":23.91394}