{"stakedao":46.97599496629391,"convex":8.991961348910399,"yearn":28.12309}