{"stakedao":39.32887902116585,"convex":16.0594470995184,"yearn":26.79239}