{"stakedao":42.953309933949896,"convex":13.2612360912144,"yearn":15.45425}