{"stakedao":39.00197812063962,"convex":16.3222610342256,"yearn":27.95499}