{"stakedao":45.61238079940728,"convex":22.9403416008672,"yearn":32.87769}