{"stakedao":42.50145650695106,"convex":13.189320529574399,"yearn":17.08775}