{"stakedao":51.423051696071,"convex":25.158018236399997,"yearn":32.4172}