{"stakedao":58.20705896409699,"convex":12.075414865416,"yearn":14.33754}