{"stakedao":39.58637695240243,"convex":15.467557224945601,"yearn":25.60773}