{"stakedao":40.89196588068806,"convex":16.751830667068802,"yearn":33.80732}