{"stakedao":44.04589163541709,"convex":27.4771639166256,"yearn":25.83112}