{"stakedao":52.56012680070067,"convex":11.280405377087998,"yearn":17.03127}