{"stakedao":46.40541794889063,"convex":21.5742578806656,"yearn":42.19701}