{"stakedao":41.056210890185,"convex":20.8573697531232,"yearn":26.68099}