{"stakedao":47.60228970474714,"convex":22.9819516183872,"yearn":50.20835}