{"stakedao":52.42204213289953,"convex":9.5903136152928,"yearn":19.25298}