{"stakedao":43.56158428530387,"convex":26.819425398168,"yearn":26.94773}