{"stakedao":41.392703143175645,"convex":18.1477755796896,"yearn":32.01086}