{"stakedao":48.57030166175008,"convex":31.312345552704,"yearn":27.41934}