{"stakedao":44.48223906913758,"convex":14.343574859553598,"yearn":18.76995}