{"stakedao":45.283162883948826,"convex":20.4648405524784,"yearn":48.30791}