{"stakedao":47.5712531130585,"convex":10.1825050875552,"yearn":18.69509}