{"stakedao":56.88381245381517,"convex":12.266417121220801,"yearn":23.55313}