{"stakedao":47.083014839764765,"convex":26.0211508269264,"yearn":28.09671}