{"stakedao":40.55620104780686,"convex":18.8779781244384,"yearn":29.24838}