{"stakedao":37.65449509591586,"convex":14.107391976239999,"yearn":25.78934}