{"stakedao":37.50282061952792,"convex":24.3702076379328,"yearn":29.36178}