{"stakedao":42.671513466924026,"convex":24.928403037292803,"yearn":26.63618}