{"stakedao":45.90363605713293,"convex":20.516361070204802,"yearn":44.59035}