{"stakedao":49.13665428951224,"convex":22.4573198892192,"yearn":34.56538}