{"stakedao":40.40257291583709,"convex":13.1567751694368,"yearn":19.05435}