{"stakedao":50.80416965745335,"convex":10.9827935509104,"yearn":17.25661}