{"stakedao":42.59840757031815,"convex":23.0820888410352,"yearn":29.43448}