{"stakedao":44.94259057793212,"convex":13.989455992872001,"yearn":18.94503}