{"stakedao":38.87857019728244,"convex":16.412758143177598,"yearn":27.95499}