{"stakedao":40.60059888006075,"convex":18.878185054209602,"yearn":29.24838}