{"stakedao":53.04975818342795,"convex":27.996624782481604,"yearn":30.6645}