{"stakedao":39.18931648210258,"convex":16.4697526734768,"yearn":26.52645}