{"stakedao":43.989595844741764,"convex":23.2992717700032,"yearn":31.94166}