{"stakedao":44.48573941723423,"convex":9.009479820815999,"yearn":26.58161}