{"stakedao":49.60911997809076,"convex":10.746197356780801,"yearn":36.45994}