{"stakedao":40.78595090870414,"convex":17.2309177076832,"yearn":31.47977}