{"stakedao":49.84410788454372,"convex":22.6909523143008,"yearn":34.56538}