{"stakedao":42.650495460383574,"convex":12.073124847239999,"yearn":22.29089}