{"stakedao":40.37149232876741,"convex":18.861981296068798,"yearn":29.24838}