{"stakedao":48.12684279650761,"convex":31.3476893701776,"yearn":29.78981}