{"stakedao":37.63580830755557,"convex":14.1258831319152,"yearn":24.92989}