{"stakedao":37.364362983123655,"convex":25.4980743807456,"yearn":29.65925}