{"stakedao":46.7808080762795,"convex":13.2581962731024,"yearn":25.65758}