{"stakedao":40.99311819794398,"convex":15.1125683241744,"yearn":20.34187}