{"stakedao":49.232925239716074,"convex":22.8949564781664,"yearn":32.62627}