{"stakedao":46.48421214126901,"convex":21.6089016588576,"yearn":42.19701}