{"stakedao":53.62275410308897,"convex":10.7625571960464,"yearn":24.25471}