{"stakedao":45.8841824126348,"convex":22.0675303218096,"yearn":39.53016}