{"stakedao":54.53177292987479,"convex":10.3441074563952,"yearn":15.96725}