{"stakedao":41.19329698934911,"convex":21.7290190535712,"yearn":27.43015}