{"stakedao":55.25368367329626,"convex":12.3765039928656,"yearn":16.78711}