{"stakedao":42.529618058906614,"convex":21.086207410075197,"yearn":29.51443}