{"stakedao":45.791499975025914,"convex":30.997448229974403,"yearn":41.9373}