{"stakedao":39.59976552145911,"convex":15.693161543121597,"yearn":25.60773}