{"stakedao":57.85903744709025,"convex":12.5194810266576,"yearn":15.30458}