{"stakedao":41.56553402627359,"convex":13.8504580548768,"yearn":21.48847}