{"stakedao":43.389787277255515,"convex":26.6231314646352,"yearn":27.30821}