{"stakedao":56.13846587757364,"convex":11.407085930592,"yearn":14.65845}