{"stakedao":45.02390536840636,"convex":12.2288812426944,"yearn":24.59226}