{"stakedao":42.09193410597855,"convex":22.9801348672704,"yearn":29.43448}