{"stakedao":54.20073639443065,"convex":10.6045993544256,"yearn":15.15225}