{"stakedao":48.342555042008776,"convex":12.7056632035392,"yearn":23.18782}