{"stakedao":56.14495803994775,"convex":11.408046110337601,"yearn":14.66668}