{"stakedao":50.014806023789134,"convex":22.6912142617776,"yearn":34.56538}