{"stakedao":65.82817903854479,"convex":19.6438828775328,"yearn":39.15456}