{"stakedao":42.42224449601801,"convex":22.1739861131856,"yearn":25.63563}