{"stakedao":42.51039109377902,"convex":15.2841937294368,"yearn":19.8478}