{"stakedao":40.50523159931589,"convex":19.170775406260802,"yearn":28.76108}