{"stakedao":40.93634080012576,"convex":14.747647075056001,"yearn":20.36208}