{"stakedao":40.722811605596405,"convex":17.153499221265598,"yearn":30.67565}