{"stakedao":55.34766596629763,"convex":10.5340518654624,"yearn":21.95204}