{"stakedao":40.943811653238114,"convex":17.2401012116352,"yearn":32.06675}