{"stakedao":37.53964923245951,"convex":15.364063953792002,"yearn":27.09307}