{"stakedao":47.54739586710207,"convex":11.4654472311312,"yearn":33.98015}