{"stakedao":57.01268119762842,"convex":12.484063682999999,"yearn":14.43597}