{"stakedao":45.85453971148041,"convex":21.786819902625602,"yearn":42.99835}