{"stakedao":46.10524974464326,"convex":28.3806651636432,"yearn":29.42424}