{"stakedao":41.5431715053055,"convex":18.0765184171968,"yearn":32.13736}