{"stakedao":43.53587581725115,"convex":25.125424093224,"yearn":27.76781}