{"stakedao":53.24222802358415,"convex":15.939539835479998,"yearn":23.95283}