{"stakedao":41.06253252658878,"convex":19.791195906340796,"yearn":25.17121}