{"stakedao":44.44143072609707,"convex":19.607828604436797,"yearn":43.74362}