{"stakedao":51.191244153227814,"convex":9.5977751401152,"yearn":18.39834}