{"stakedao":43.59661459231749,"convex":26.8697035614816,"yearn":26.53348}