{"stakedao":52.88094055145419,"convex":11.2923428757696,"yearn":16.29469}