{"stakedao":58.360379586004264,"convex":24.3463442300496,"yearn":38.09438}