{"stakedao":49.89319766931068,"convex":17.515053166679998,"yearn":18.33483}