{"stakedao":42.68839423353751,"convex":13.6999004415552,"yearn":16.78478}