{"stakedao":46.38465914065523,"convex":12.192892116667199,"yearn":22.64986}