{"stakedao":41.233789858261275,"convex":13.0005506599056,"yearn":16.49222}