{"stakedao":42.46154417553145,"convex":23.0425534539648,"yearn":29.43448}