{"stakedao":49.35570440905822,"convex":22.9547076711408,"yearn":32.74845}