{"stakedao":45.00413235011709,"convex":22.1188323392064,"yearn":43.78576}