{"stakedao":40.48302957842118,"convex":16.2319223022192,"yearn":34.4375}