{"stakedao":45.78027233502295,"convex":22.7662035048864,"yearn":30.61573}