{"stakedao":54.530463726175626,"convex":11.341815146063999,"yearn":21.97508}