{"stakedao":55.28118382067157,"convex":9.809675237203201,"yearn":20.31924}