{"stakedao":39.401283059422106,"convex":15.7190327692848,"yearn":26.79239}