{"stakedao":42.96007872995614,"convex":12.3822249133968,"yearn":20.72892}