{"stakedao":45.377404609568714,"convex":20.4711333878304,"yearn":48.57988}