{"stakedao":28.94016727649108,"convex":15.765457220784,"yearn":25.81229}