{"stakedao":39.63628148375959,"convex":15.604042844347202,"yearn":34.66058}