{"stakedao":27.901509263584018,"convex":13.685777747208,"yearn":23.66499}