{"stakedao":48.22880867057324,"convex":11.1575981634048,"yearn":33.31668}