{"stakedao":42.4601844122221,"convex":13.2211037371248,"yearn":17.72875}