{"stakedao":63.26556668788404,"convex":18.622372105195197,"yearn":43.244}