{"stakedao":48.22019218120644,"convex":17.395595325331197,"yearn":18.85495}