{"stakedao":59.08894162037283,"convex":16.9635069405504,"yearn":36.03806}