{"stakedao":57.321084325660784,"convex":31.151277961891203,"yearn":42.6669}