{"stakedao":46.36624952201332,"convex":21.5740520136576,"yearn":42.19701}