{"stakedao":28.937789005429863,"convex":15.746345155958398,"yearn":23.9791}