{"stakedao":52.92394330157488,"convex":24.297518599127997,"yearn":38.35737}