{"stakedao":41.0311230904831,"convex":21.7067526192672,"yearn":26.46743}