{"stakedao":50.17247311946437,"convex":10.642507729876801,"yearn":20.13012}