{"stakedao":40.842471767232695,"convex":20.8558016949024,"yearn":26.8645}