{"stakedao":55.298906598780675,"convex":10.5340250188656,"yearn":21.88213}