{"stakedao":57.083823614600185,"convex":12.286531355975999,"yearn":23.79113}