{"stakedao":53.192478123543665,"convex":25.4809234356912,"yearn":32.64554}