{"stakedao":38.782384189513685,"convex":16.4296366991856,"yearn":29.43448}