{"stakedao":41.057733536546316,"convex":20.930324681404798,"yearn":0}