{"stakedao":46.057076501893356,"convex":13.2602163525792,"yearn":26.14641}