{"stakedao":40.44963842172905,"convex":13.1567751694368,"yearn":19.05435}