{"stakedao":50.69300474762946,"convex":24.9046347798288,"yearn":38.09102}