{"stakedao":44.613353102656234,"convex":22.1254910142336,"yearn":44.32306}