{"stakedao":56.10587749138448,"convex":11.011231728633602,"yearn":15.71723}