{"stakedao":45.39238038326729,"convex":20.531842603488,"yearn":44.02813}