{"stakedao":65.37590221616296,"convex":18.563105778220798,"yearn":30.01492}