{"stakedao":56.23604911734178,"convex":31.107472162070398,"yearn":43.54458}