{"stakedao":52.68766026189509,"convex":11.2925844509904,"yearn":16.20284}