{"stakedao":41.915081647711716,"convex":17.4976683758784,"yearn":33.73484}