{"stakedao":51.174917628812295,"convex":25.2705656602944,"yearn":30.25344}