{"stakedao":45.8421047973427,"convex":10.6198173255888,"yearn":26.14068}