{"stakedao":49.48618320932421,"convex":21.8544084916992,"yearn":41.08003}