{"stakedao":55.94555772004245,"convex":12.2660488280448,"yearn":24.79571}