{"stakedao":52.56355163673666,"convex":24.3377556779664,"yearn":37.50744}