{"stakedao":52.255498140357915,"convex":25.8632961174864,"yearn":35.3131}