{"stakedao":40.891686220217984,"convex":17.248331871115198,"yearn":30.35991}