{"stakedao":45.82413680895144,"convex":8.9907661471248,"yearn":28.47711}