{"stakedao":42.42031168490823,"convex":13.1890958198064,"yearn":16.86146}