{"stakedao":63.72313610727993,"convex":18.6187067705232,"yearn":43.244}