{"stakedao":73.676447657334,"convex":20.330753425632,"yearn":32.51147}