{"stakedao":41.24238616669027,"convex":20.9260027672128,"yearn":23.42114}