{"stakedao":38.67760537977319,"convex":16.4465425401408,"yearn":29.43448}