{"stakedao":56.79656595798397,"convex":30.498372095760004,"yearn":41.13174}