{"stakedao":49.214545253606296,"convex":22.892671461600003,"yearn":34.2945}