{"stakedao":43.51862437256539,"convex":26.4312997079616,"yearn":27.02492}