{"stakedao":39.09141976668461,"convex":16.3950287648112,"yearn":27.21494}