{"stakedao":40.64942768925793,"convex":16.4578178080512,"yearn":33.49044}