{"stakedao":54.49327297891084,"convex":12.21863368572,"yearn":15.91868}