{"stakedao":48.08245773724581,"convex":26.030081131488004,"yearn":27.86012}