{"stakedao":55.583823322113545,"convex":11.4018608064384,"yearn":16.29468}