{"stakedao":37.52665575671025,"convex":14.0705976572928,"yearn":25.65774}