{"stakedao":39.81790064177611,"convex":13.059562866638398,"yearn":16.80858}