{"stakedao":50.87966083671574,"convex":9.5717573062416,"yearn":17.93929}