{"stakedao":56.296333088762786,"convex":12.207870307008001,"yearn":17.55952}