{"stakedao":64.65208714949749,"convex":20.4240453873552,"yearn":37.94986}