{"stakedao":42.58751786243065,"convex":24.8860565627184,"yearn":27.42134}