{"stakedao":42.714039705628096,"convex":25.367744194344,"yearn":29.58972}