{"stakedao":41.56457645917692,"convex":18.274650946833603,"yearn":31.77792}