{"stakedao":46.20198988600838,"convex":12.220193383747201,"yearn":22.96775}