{"stakedao":44.49038023919563,"convex":22.6062866879424,"yearn":48.5345}