{"stakedao":49.432311336149496,"convex":17.518372904635196,"yearn":18.28941}