{"stakedao":45.56891972825268,"convex":22.9509637676784,"yearn":33.37392}