{"stakedao":62.62336424828497,"convex":20.242704582504,"yearn":45.68665}