{"stakedao":54.528460628158335,"convex":12.2667980004144,"yearn":26.54528}