{"stakedao":41.454689410895654,"convex":22.1158022184144,"yearn":26.06025}