{"stakedao":41.383020553979996,"convex":20.6274056460192,"yearn":24.09367}