{"stakedao":41.69509987182403,"convex":17.5197304474416,"yearn":32.86668}