{"stakedao":46.47747806850929,"convex":21.608833919529598,"yearn":42.19701}