{"stakedao":42.364341604883016,"convex":15.8956986838032,"yearn":16.51586}