{"stakedao":40.29494544155435,"convex":19.1477763465264,"yearn":28.72079}