{"stakedao":51.74855083464568,"convex":25.7178017603376,"yearn":33.66054}