{"stakedao":38.874436841822785,"convex":16.3725739407504,"yearn":27.95499}