{"stakedao":46.64516315562321,"convex":12.208401089424001,"yearn":23.05993}