{"stakedao":42.82918057260527,"convex":25.4053087990128,"yearn":30.05628}