{"stakedao":50.8905459208118,"convex":10.9645849893312,"yearn":17.78273}