{"stakedao":47.80224737437132,"convex":21.1185506181456,"yearn":42.19701}