{"stakedao":51.228186033279314,"convex":9.6013212182496,"yearn":18.21064}