{"stakedao":39.55795482665306,"convex":15.466723523481601,"yearn":25.60773}