{"stakedao":57.98272143450906,"convex":11.0259031336128,"yearn":16.96442}