{"stakedao":47.736672316480146,"convex":13.053675379262401,"yearn":24.8862}