{"stakedao":63.95284488991342,"convex":12.6308336051232,"yearn":46.79803}