{"stakedao":37.55259360850221,"convex":15.3347177095632,"yearn":27.73334}