{"stakedao":63.19229651222358,"convex":19.2766691725056,"yearn":47.31528}