{"stakedao":58.25241578549754,"convex":24.3107196223392,"yearn":39.65518}