{"stakedao":49.34288059625218,"convex":10.837795409567999,"yearn":36.92729}