{"stakedao":41.701636303718075,"convex":22.1145795203904,"yearn":26.06025}