{"stakedao":66.1073136162243,"convex":19.613841598785598,"yearn":40.36247}