{"stakedao":48.79655344451015,"convex":22.930586847504003,"yearn":30.0655}