{"stakedao":39.696855819991455,"convex":15.608207387592,"yearn":35.22082}