{"stakedao":38.98728322352432,"convex":17.6652623418912,"yearn":29.43448}