{"stakedao":52.24763434997221,"convex":26.723416669963203,"yearn":28.18359}