{"stakedao":39.47501743899853,"convex":15.563738584368,"yearn":26.71326}