{"stakedao":41.05298386939714,"convex":21.7289667385008,"yearn":27.8876}