{"stakedao":45.664856211156156,"convex":8.98042819536,"yearn":29.32494}