{"stakedao":45.73740170451516,"convex":22.955382131572797,"yearn":32.78123}