{"stakedao":61.55046218060407,"convex":18.816696618681597,"yearn":49.05187}