{"stakedao":78.32634432880795,"convex":24.759164185056,"yearn":40.92512}