{"stakedao":43.846492987114544,"convex":19.58665781592,"yearn":41.40373}