{"stakedao":41.42434142724596,"convex":20.689636703889597,"yearn":23.74228}