{"stakedao":52.23537109577484,"convex":13.704956583206402,"yearn":19.9368}