{"stakedao":57.28189078096028,"convex":12.285706080931199,"yearn":23.92362}