{"stakedao":48.486823972534765,"convex":14.975270501399999,"yearn":17.42395}