{"stakedao":45.46916568332815,"convex":10.617656961369601,"yearn":26.41206}