{"stakedao":51.94411411407722,"convex":28.258838142451204,"yearn":28.7667}