{"stakedao":46.669281172133516,"convex":13.2191716683168,"yearn":24.59124}