{"stakedao":40.246298331671795,"convex":16.241713656264,"yearn":34.83943}