{"stakedao":67.04251767843077,"convex":20.4505558955424,"yearn":43.14991}