{"stakedao":55.924598703292844,"convex":12.1242196037376,"yearn":15.49304}