{"stakedao":52.823350975415664,"convex":27.998071900142403,"yearn":31.15655}