{"stakedao":44.60403109449956,"convex":22.6572110648928,"yearn":46.9859}