{"stakedao":55.8530834636513,"convex":11.407483211659201,"yearn":15.40302}