{"stakedao":46.90518092584398,"convex":26.0586277173648,"yearn":28.99221}