{"stakedao":49.953483433118244,"convex":31.2795653849712,"yearn":27.79285}