{"stakedao":64.90856867194796,"convex":20.4156645156,"yearn":37.94986}