{"stakedao":44.600116607790895,"convex":22.128883704417603,"yearn":44.1989}