{"stakedao":42.48815162203832,"convex":23.085055230724798,"yearn":29.43448}