{"stakedao":53.15912311714928,"convex":27.9980597524752,"yearn":31.33575}