{"stakedao":47.66075415309943,"convex":29.2234390176528,"yearn":36.14248}