{"stakedao":42.63970846371922,"convex":22.1204117093904,"yearn":28.1515}