{"stakedao":64.85081552112968,"convex":18.564287958792,"yearn":32.25871}