{"stakedao":47.497809687059544,"convex":22.840933862664002,"yearn":38.9345}