{"stakedao":42.64036353185325,"convex":12.197920746312,"yearn":18.3723}