{"stakedao":53.37775603094018,"convex":13.7024056456272,"yearn":33.17523}