{"stakedao":67.44699458178792,"convex":20.625261671059203,"yearn":42.0864}