{"stakedao":64.22612909713509,"convex":18.6483834584208,"yearn":33.4881}