{"stakedao":56.176384742848256,"convex":12.217214073758399,"yearn":17.44681}