{"stakedao":45.84312980061894,"convex":20.516361070204802,"yearn":44.63174}