{"stakedao":41.900115529430835,"convex":14.1976892037168,"yearn":17.07076}