{"stakedao":45.82177280857046,"convex":20.527992057888,"yearn":45.14782}