{"stakedao":55.43399782252129,"convex":10.4150625544656,"yearn":15.75907}