{"stakedao":40.05663915484921,"convex":13.140428742432,"yearn":17.30811}