{"stakedao":41.09254388308671,"convex":14.805079000214402,"yearn":21.12097}