{"stakedao":42.37796476128359,"convex":13.7225049323184,"yearn":17.83539}