{"stakedao":47.53033678048777,"convex":13.0476056894928,"yearn":24.07348}