{"stakedao":51.77611914159721,"convex":13.8912402050928,"yearn":26.87601}