{"stakedao":64.409830361238,"convex":19.0167613653456,"yearn":41.94741}