{"stakedao":52.478137905877105,"convex":14.6460414006432,"yearn":30.95609}