{"stakedao":45.712458268026666,"convex":22.9547810806416,"yearn":33.00905}