{"stakedao":37.69784989843266,"convex":14.161536588758402,"yearn":26.25431}