{"stakedao":42.13358698459082,"convex":13.25937324708,"yearn":18.25145}