{"stakedao":39.96482772362282,"convex":13.204687079448,"yearn":18.55874}