{"stakedao":49.28378325128662,"convex":29.321245559606396,"yearn":33.4639}