{"stakedao":42.95956707929101,"convex":28.587713882328003,"yearn":27.73953}