{"stakedao":42.08263054621695,"convex":15.5382611892336,"yearn":17.252}