{"stakedao":27.909494093359502,"convex":13.695186490732798,"yearn":25.59591}