{"stakedao":41.515609811234825,"convex":20.699793680011204,"yearn":29.64528}