{"stakedao":54.61408850396033,"convex":12.266780217264,"yearn":26.46237}