{"stakedao":47.49640607265084,"convex":11.375400323808,"yearn":30.51504}