{"stakedao":37.546348244076164,"convex":24.331350650140802,"yearn":29.38}