{"stakedao":41.91282907116734,"convex":20.6489265251328,"yearn":28.79933}