{"stakedao":41.04132175108292,"convex":21.7486131871536,"yearn":27.18317}