{"stakedao":37.44709941795524,"convex":25.4415702667824,"yearn":29.03167}