{"stakedao":39.36730617272568,"convex":16.384933391112,"yearn":27.95499}