{"stakedao":47.20016259953033,"convex":22.405838933404798,"yearn":38.32721}