{"stakedao":41.2822186095326,"convex":13.850454084494398,"yearn":21.35799}