{"stakedao":55.11395193362303,"convex":9.7993729431936,"yearn":19.98553}