{"stakedao":41.218885442562616,"convex":21.730362190732798,"yearn":27.78194}