{"stakedao":45.17415401725073,"convex":23.110918705339202,"yearn":31.91729}