{"stakedao":52.18944926138269,"convex":17.193250055980798,"yearn":37.47294}