{"stakedao":39.19155786243827,"convex":16.3696312472112,"yearn":27.95499}