{"stakedao":52.11518556182547,"convex":14.9808723388416,"yearn":25.69503}