{"stakedao":57.30334976575732,"convex":31.121726711587197,"yearn":47.52498}