{"stakedao":47.44071290206837,"convex":11.0033434649664,"yearn":34.82907}