{"stakedao":54.05520650713496,"convex":12.2700897753984,"yearn":26.84918}