{"stakedao":49.30033334789379,"convex":29.2946798444976,"yearn":34.64456}