{"stakedao":44.56954038182674,"convex":23.3040323972592,"yearn":31.48562}