{"stakedao":48.105742451983886,"convex":17.4117468693168,"yearn":18.6743}