{"stakedao":37.495142409628365,"convex":23.7293442885168,"yearn":30.62625}