{"stakedao":45.68694006792649,"convex":20.5500264692256,"yearn":45.61138}