{"stakedao":44.49619034814125,"convex":14.808978284702402,"yearn":18.73508}