{"stakedao":48.404643077553345,"convex":11.1514618696032,"yearn":32.5141}