{"stakedao":75.35495351416549,"convex":20.2917620850192,"yearn":0}