{"stakedao":42.745380676279396,"convex":15.701542153127999,"yearn":17.01509}