{"stakedao":45.710897839743936,"convex":8.988505479504001,"yearn":29.05263}