{"stakedao":37.55200912574976,"convex":24.3150482663136,"yearn":29.58076}