{"stakedao":55.459624774638925,"convex":11.3840492357952,"yearn":14.25039}