{"stakedao":40.661929469093764,"convex":17.2346779089504,"yearn":31.84302}