{"stakedao":41.18268059115524,"convex":19.1276356436064,"yearn":30.12438}