{"stakedao":49.43652651198063,"convex":29.2946798444976,"yearn":33.80367}