{"stakedao":51.48785695049198,"convex":25.268370549710397,"yearn":32.04733}