{"stakedao":47.700458500331045,"convex":11.471688360057602,"yearn":34.10098}