{"stakedao":39.29288847298462,"convex":15.7193846322048,"yearn":26.79239}