{"stakedao":38.93161202074714,"convex":16.3732809053376,"yearn":27.95499}