{"stakedao":46.58687059280833,"convex":21.575112711249602,"yearn":42.19701}