{"stakedao":53.85841209182123,"convex":12.3485887135584,"yearn":16.28131}