{"stakedao":43.723312675734334,"convex":26.8682574782016,"yearn":26.69907}