{"stakedao":48.28570771110595,"convex":22.8756845352816,"yearn":28.42711}