{"stakedao":42.42780670858694,"convex":13.2722742336336,"yearn":18.81692}