{"stakedao":42.4494817938462,"convex":13.2663036047472,"yearn":18.98664}