{"stakedao":45.68230069678189,"convex":12.233215402315201,"yearn":24.5027}