{"stakedao":45.869148150717095,"convex":21.945823676683197,"yearn":42.41172}