{"stakedao":57.5599696144431,"convex":11.0385433426752,"yearn":17.16075}