{"stakedao":55.709157046335235,"convex":11.3494530738096,"yearn":22.95804}