{"stakedao":39.14245694495892,"convex":16.3950927166656,"yearn":27.42419}