{"stakedao":40.92566237422497,"convex":19.8166609772064,"yearn":26.5598}