{"stakedao":41.41467716923782,"convex":17.5334918054544,"yearn":32.36921}