{"stakedao":40.63836187364638,"convex":17.153197860096,"yearn":30.74535}