{"stakedao":51.68127286713909,"convex":22.8432067473312,"yearn":34.56538}