{"stakedao":58.022799142195595,"convex":24.3431234772912,"yearn":38.31489}