{"stakedao":45.624014507543244,"convex":20.574530278660802,"yearn":45.6528}