{"stakedao":43.512814716762236,"convex":25.1255582883648,"yearn":27.8018}