{"stakedao":48.21029288573424,"convex":9.0281134876752,"yearn":29.86194}