{"stakedao":41.20854184670099,"convex":20.9260027672128,"yearn":23.45622}