{"stakedao":40.60681939706353,"convex":20.000572795454403,"yearn":29.47812}