{"stakedao":42.42469315822785,"convex":20.66550563736,"yearn":30.87619}