{"stakedao":55.3401845394267,"convex":10.443574977393599,"yearn":14.09239}