{"stakedao":55.30313012167749,"convex":11.818385689564801,"yearn":17.32899}