{"stakedao":40.46530078177255,"convex":19.1441899874592,"yearn":28.59928}