{"stakedao":41.564463238659705,"convex":20.699793680011204,"yearn":29.64528}