{"stakedao":40.79774134601237,"convex":17.203664173492797,"yearn":31.47977}