{"stakedao":42.950957100378716,"convex":14.813084981462401,"yearn":18.87173}