{"stakedao":52.89657127355251,"convex":24.3491471087328,"yearn":38.22157}