{"stakedao":47.039880737481866,"convex":8.9910423425664,"yearn":28.0909}