{"stakedao":37.59964796225236,"convex":15.3370545650064,"yearn":27.7847}