{"stakedao":56.296763249158445,"convex":11.011233601872,"yearn":16.11662}