{"stakedao":44.605968389107346,"convex":10.6274929230864,"yearn":25.64361}