{"stakedao":56.24916721467806,"convex":11.3856112201824,"yearn":14.49075}