{"stakedao":39.24770682573539,"convex":16.4619431488944,"yearn":26.47267}