{"stakedao":45.56493988697147,"convex":22.9363710954768,"yearn":33.46545}