{"stakedao":42.467003662997605,"convex":20.6831869769376,"yearn":31.14031}