{"stakedao":42.13869395750824,"convex":22.9801348672704,"yearn":29.43448}