{"stakedao":43.63452032250986,"convex":14.76233162424,"yearn":18.15976}