{"stakedao":39.96170711166458,"convex":13.140715849329599,"yearn":17.08578}