{"stakedao":29.133413283725677,"convex":15.859470518049601,"yearn":25.81229}