{"stakedao":42.69311655103216,"convex":12.2053090256208,"yearn":17.66384}