{"stakedao":51.636190195682374,"convex":17.571233746512,"yearn":18.75216}