{"stakedao":39.11245590464205,"convex":16.395036689808002,"yearn":27.32145}