{"stakedao":40.82286330775219,"convex":17.2715793777648,"yearn":32.69883}