{"stakedao":56.60142149788918,"convex":12.217214073758399,"yearn":17.50321}