{"stakedao":39.134651955030364,"convex":16.3668736920672,"yearn":26.58268}