{"stakedao":46.2305874709152,"convex":11.165895789580802,"yearn":32.1811}