{"stakedao":42.71183865184052,"convex":21.033634920768,"yearn":30.35819}