{"stakedao":45.679575584342885,"convex":20.524375389571198,"yearn":46.02453}