{"stakedao":57.898809473968676,"convex":30.730003416576,"yearn":40.69258}