{"stakedao":46.85084494343346,"convex":26.022712849156797,"yearn":28.54481}