{"stakedao":44.183208668108584,"convex":23.771302138656,"yearn":33.39637}