{"stakedao":37.50631174793858,"convex":15.3654293238336,"yearn":26.73249}