{"stakedao":38.88682737064262,"convex":18.0637902321552,"yearn":29.43448}