{"stakedao":63.09133300802291,"convex":20.267371969171204,"yearn":43.36891}