{"stakedao":49.14355430418185,"convex":17.5211971300368,"yearn":18.15301}