{"stakedao":61.80683745817327,"convex":19.0112523888096,"yearn":49.05331}