{"stakedao":55.2800218291967,"convex":10.4436392572224,"yearn":14.12744}