{"stakedao":59.0542250313657,"convex":16.957290646224003,"yearn":36.1636}