{"stakedao":44.90497231499928,"convex":9.0126450828288,"yearn":26.97575}