{"stakedao":63.07839320766249,"convex":19.7242334834688,"yearn":42.05587}