{"stakedao":41.02102117237096,"convex":17.2399161930768,"yearn":31.88626}