{"stakedao":40.85603989620933,"convex":21.730462945099198,"yearn":27.8876}