{"stakedao":37.34937989736551,"convex":15.407532450864,"yearn":28.37571}