{"stakedao":43.982123701677665,"convex":22.4973129172608,"yearn":31.41562}