{"stakedao":56.28257786944807,"convex":11.3856112201824,"yearn":14.49075}