{"stakedao":54.49857444005731,"convex":11.721691144814399,"yearn":16.65174}