{"stakedao":43.57649633049132,"convex":26.5434330894048,"yearn":27.34692}