{"stakedao":62.5119271795814,"convex":19.1316514788432,"yearn":49.0982}