{"stakedao":41.45768882823723,"convex":20.6905412730528,"yearn":23.56611}