{"stakedao":42.27663905864257,"convex":13.7948684912208,"yearn":16.2806}