{"stakedao":41.24899034093585,"convex":21.5168014078848,"yearn":25.71019}