{"stakedao":44.1732105821145,"convex":23.771716480699197,"yearn":33.86499}