{"stakedao":44.78615789555049,"convex":13.989455992872001,"yearn":18.94503}