{"stakedao":46.26837566915204,"convex":22.1752765063872,"yearn":40.32293}