{"stakedao":48.748493749538355,"convex":11.0748045707712,"yearn":19.18649}