{"stakedao":45.36207003721674,"convex":20.517477696892797,"yearn":44.46175}