{"stakedao":41.939000710719284,"convex":13.257761789016001,"yearn":18.33758}