{"stakedao":56.523068813525825,"convex":12.189976140427198,"yearn":17.67282}