{"stakedao":43.271251150185414,"convex":23.724964836892802,"yearn":30.7361}