{"stakedao":43.6232124201477,"convex":12.341226874032,"yearn":19.17771}