{"stakedao":44.530114233591135,"convex":22.6580496008256,"yearn":47.24706}