{"stakedao":55.743872250044035,"convex":11.406388991299199,"yearn":14.91591}