{"stakedao":38.97189582797691,"convex":17.6643767069424,"yearn":29.43448}