{"stakedao":54.00842251050521,"convex":15.9144481003968,"yearn":23.45369}