{"stakedao":46.11272174981658,"convex":20.1493402362,"yearn":42.2537}