{"stakedao":40.36231398995312,"convex":13.031153493897602,"yearn":19.31719}