{"stakedao":38.705562217474494,"convex":16.421544375523197,"yearn":27.95499}