{"stakedao":40.36838457315413,"convex":18.901667847801598,"yearn":0}