{"stakedao":34.12526495082819,"convex":16.2724524955632,"yearn":27.95499}