{"stakedao":43.489514527033435,"convex":12.368438386502401,"yearn":20.37729}