{"stakedao":41.25351646007501,"convex":21.6960154942752,"yearn":26.01419}