{"stakedao":47.474374912827905,"convex":10.1849153682672,"yearn":17.87671}