{"stakedao":47.9648697497974,"convex":11.375181555422401,"yearn":30.66085}