{"stakedao":37.602590547205864,"convex":14.101984845216002,"yearn":26.0977}