{"stakedao":44.44786226999835,"convex":19.6150018807584,"yearn":43.4614}