{"stakedao":52.93392795229177,"convex":27.998037497520002,"yearn":31.02244}