{"stakedao":38.715058840249654,"convex":18.058159722182403,"yearn":29.43448}