{"stakedao":52.401879422046626,"convex":15.7702099892688,"yearn":26.00493}