{"stakedao":48.07363066711989,"convex":10.987102633104,"yearn":35.22469}