{"stakedao":46.72394497826778,"convex":20.0400921811584,"yearn":43.53081}