{"stakedao":41.298319351034436,"convex":17.5299059162736,"yearn":33.78768}