{"stakedao":45.996974351666275,"convex":21.646565305488,"yearn":42.19701}