{"stakedao":55.608088912866364,"convex":11.3497001016048,"yearn":22.79112}