{"stakedao":79.71152255564232,"convex":19.697832055152002,"yearn":40.70983}