{"stakedao":66.87684207635465,"convex":20.5065080853552,"yearn":42.87534}