{"stakedao":47.5701398149624,"convex":10.1948089683312,"yearn":18.78388}