{"stakedao":56.24516390122647,"convex":11.3272597084176,"yearn":15.69631}