{"stakedao":40.954388267194105,"convex":19.836837728928,"yearn":27.02657}