{"stakedao":42.36928447796612,"convex":25.233918485169596,"yearn":29.30884}