{"stakedao":55.56141395264867,"convex":10.5340250188656,"yearn":21.81223}