{"stakedao":57.158469888743014,"convex":12.0610435191696,"yearn":13.76038}