{"stakedao":43.797097187174785,"convex":14.770261335672,"yearn":18.6019}