{"stakedao":44.9342948122831,"convex":9.012398020344001,"yearn":25.93529}