{"stakedao":80.08159502314632,"convex":24.9197158342944,"yearn":39.73009}