{"stakedao":64.11551261550898,"convex":18.611464269528,"yearn":32.0464}