{"stakedao":46.97405677364581,"convex":28.372207738248,"yearn":29.71978}