{"stakedao":47.2681737548004,"convex":13.0531101059232,"yearn":24.8862}