{"stakedao":40.919455879732595,"convex":13.7637429953328,"yearn":16.43679}