{"stakedao":63.02630444712206,"convex":20.180594468347202,"yearn":44.98149}