{"stakedao":47.383143714340775,"convex":29.2872970461456,"yearn":34.93172}