{"stakedao":46.20517998889106,"convex":20.2781051111664,"yearn":41.87356}