{"stakedao":39.58933817460024,"convex":15.467557224945601,"yearn":25.60773}