{"stakedao":47.19164008793787,"convex":26.0117048551536,"yearn":27.3619}