{"stakedao":46.376059923929965,"convex":20.2860851319792,"yearn":44.5045}