{"stakedao":49.28812246154182,"convex":29.2455069139152,"yearn":33.81258}