{"stakedao":40.06884714565088,"convex":13.112711383060798,"yearn":16.89112}