{"stakedao":53.95679377907714,"convex":12.2700897753984,"yearn":26.87737}