{"stakedao":39.21049082898871,"convex":16.064493461856,"yearn":26.79239}