{"stakedao":43.160285558655694,"convex":27.878329459008,"yearn":27.42715}