{"stakedao":41.982541171807895,"convex":14.2381981575648,"yearn":17.20916}