{"stakedao":41.07580270986115,"convex":20.909030744808,"yearn":25.35153}