{"stakedao":55.789875748439854,"convex":10.5340250188656,"yearn":21.69608}