{"stakedao":42.199656834457286,"convex":20.6330691331872,"yearn":28.05106}