{"stakedao":45.27271255322651,"convex":13.2171024778272,"yearn":25.01082}