{"stakedao":43.28932394065876,"convex":26.5445445410352,"yearn":25.84513}