{"stakedao":47.716465577200694,"convex":29.28181050432,"yearn":35.40916}