{"stakedao":38.895353342536524,"convex":18.0648575239248,"yearn":29.43448}