{"stakedao":51.92844097030661,"convex":15.0363992909232,"yearn":25.64803}