{"stakedao":56.427974945765634,"convex":11.0137272353856,"yearn":15.58079}