{"stakedao":40.660492918859454,"convex":16.5266727504336,"yearn":33.87009}