{"stakedao":45.57131390381366,"convex":30.979639749859196,"yearn":41.32564}