{"stakedao":44.06792275644476,"convex":27.478150328016,"yearn":25.95519}