{"stakedao":52.95690494721683,"convex":17.2024191637488,"yearn":37.22343}