{"stakedao":38.94264971663735,"convex":15.963509056104,"yearn":27.8517}