{"stakedao":53.52025159681599,"convex":10.7594389289808,"yearn":24.03404}