{"stakedao":54.172873346495024,"convex":12.236399160191999,"yearn":16.28131}