{"stakedao":56.42831642247823,"convex":10.4285412616176,"yearn":16.02571}