{"stakedao":45.3351636405222,"convex":10.719013513996801,"yearn":26.11073}