{"stakedao":44.52759150399517,"convex":19.576245082838398,"yearn":43.3862}