{"stakedao":39.46574341371185,"convex":15.715039807108798,"yearn":32.88318}