{"stakedao":50.94468365449291,"convex":25.4748633990912,"yearn":29.47114}