{"stakedao":48.44706286083591,"convex":31.415980824158403,"yearn":28.68362}