{"stakedao":45.56118343744671,"convex":20.519740900008,"yearn":45.36287}