{"stakedao":55.145655911929886,"convex":10.5820001680176,"yearn":17.02825}