{"stakedao":42.37349878685094,"convex":22.3259349497616,"yearn":25.94319}