{"stakedao":38.775904497425465,"convex":16.437176007552,"yearn":29.43448}