{"stakedao":55.49974948676318,"convex":10.533787899681599,"yearn":16.38537}