{"stakedao":41.39631911872931,"convex":16.4376448280352,"yearn":19.0112}