{"stakedao":27.869618194517884,"convex":13.685524229304,"yearn":23.66499}