{"stakedao":40.00817590519195,"convex":16.4342190250512,"yearn":19.55213}