{"stakedao":40.67179455634175,"convex":17.2000033673904,"yearn":30.83775}