{"stakedao":67.51270215294795,"convex":23.592200222663998,"yearn":36.18087}