{"stakedao":54.67298849046088,"convex":11.342018767708801,"yearn":22.24622}