{"stakedao":54.061981852180224,"convex":14.2507015035408,"yearn":23.14037}