{"stakedao":45.902738918266834,"convex":20.1493402362,"yearn":42.05035}