{"stakedao":67.75459753818737,"convex":23.592200222663998,"yearn":36.18087}