{"stakedao":75.97157967845607,"convex":20.797234694495998,"yearn":33.78657}