{"stakedao":56.63155685326167,"convex":10.4285412616176,"yearn":16.02571}