{"stakedao":55.29112200106426,"convex":12.1791343064544,"yearn":15.96825}