{"stakedao":61.272292054395066,"convex":18.9553447435968,"yearn":47.64581}