{"stakedao":38.75949500056894,"convex":16.4238423155424,"yearn":29.43448}