{"stakedao":56.151413502525145,"convex":11.012046095376,"yearn":15.98221}