{"stakedao":42.79507220396695,"convex":13.6999227122784,"yearn":16.6013}