{"stakedao":46.89015233615701,"convex":12.1932066409632,"yearn":24.95035}