{"stakedao":41.327293759643396,"convex":21.5169031240992,"yearn":25.73886}