{"stakedao":58.837340653678325,"convex":16.90532053236,"yearn":36.71018}