{"stakedao":45.57169171552032,"convex":10.6200072353808,"yearn":26.27739}