{"stakedao":42.72156379051229,"convex":15.286067964374402,"yearn":17.84256}