{"stakedao":44.63771717264163,"convex":22.1396362284384,"yearn":47.48105}