{"stakedao":39.477794719904566,"convex":15.692519025504,"yearn":33.08568}