{"stakedao":39.345172448395246,"convex":16.379960211216,"yearn":27.95499}