{"stakedao":41.25523113914551,"convex":19.1346097953168,"yearn":29.03914}