{"stakedao":45.71277655149028,"convex":8.9915203147968,"yearn":27.48784}