{"stakedao":55.5945635452068,"convex":11.383967699467199,"yearn":14.32089}