{"stakedao":55.839363895001995,"convex":10.4277390740784,"yearn":15.80583}