{"stakedao":50.38685557827777,"convex":9.981579915820799,"yearn":17.38586}