{"stakedao":49.068349562441526,"convex":29.3849611683696,"yearn":35.60709}