{"stakedao":63.46135170583469,"convex":19.1242491439392,"yearn":46.115}