{"stakedao":49.63897827581542,"convex":31.2196215322656,"yearn":26.82788}