{"stakedao":51.2231950785757,"convex":25.775830245700803,"yearn":32.96049}