{"stakedao":42.55859750524166,"convex":16.4394085356,"yearn":18.97025}