{"stakedao":55.80526901837081,"convex":10.533436282742398,"yearn":16.22792}