{"stakedao":51.329839585645146,"convex":25.1586333681552,"yearn":32.24317}