{"stakedao":46.03236203178166,"convex":20.088177308956798,"yearn":42.69974}