{"stakedao":41.61849852823051,"convex":17.5221414724032,"yearn":32.48401}