{"stakedao":38.690393625055684,"convex":16.420740157065598,"yearn":29.43448}