{"stakedao":58.19629384640102,"convex":31.078897017192,"yearn":48.42068}