{"stakedao":56.64978273972389,"convex":12.272930002166401,"yearn":23.27761}