{"stakedao":47.98216407670854,"convex":29.22594282468,"yearn":36.57876}