{"stakedao":39.36882339777508,"convex":15.7193987224896,"yearn":26.79239}