{"stakedao":51.392326222073166,"convex":25.6893530811264,"yearn":33.04807}