{"stakedao":49.857237054893965,"convex":22.690182009657597,"yearn":34.56538}