{"stakedao":39.352690687280024,"convex":15.519965307624,"yearn":31.26033}