{"stakedao":37.56826880119291,"convex":24.324366000096,"yearn":29.91007}