{"stakedao":55.66772088514212,"convex":10.6686422879472,"yearn":14.40483}