{"stakedao":48.4664854955407,"convex":29.328404241067197,"yearn":36.42265}