{"stakedao":44.572444129440576,"convex":22.65833990232,"yearn":49.09766}