{"stakedao":49.26126670153561,"convex":22.4573155593264,"yearn":34.56538}