{"stakedao":39.676241412305714,"convex":15.605797611455998,"yearn":34.43876}