{"stakedao":52.83027548424264,"convex":14.6378299371264,"yearn":21.77537}