{"stakedao":44.27485158266657,"convex":19.5604346290752,"yearn":42.86009}