{"stakedao":40.59361254463508,"convex":17.2374360853536,"yearn":31.27181}