{"stakedao":49.43189784484035,"convex":22.340659688423997,"yearn":38.40435}