{"stakedao":66.00241076326918,"convex":19.5537620372112,"yearn":40.68387}