{"stakedao":44.257865512969296,"convex":23.8485820779648,"yearn":35.11476}