{"stakedao":47.49412581654955,"convex":10.188474168024,"yearn":17.59308}