{"stakedao":52.5909982186185,"convex":11.2748787309312,"yearn":17.07744}