{"stakedao":70.1844095502911,"convex":20.587154391748804,"yearn":37.43565}