{"stakedao":40.83316774945175,"convex":17.234107451092804,"yearn":30.86466}