{"stakedao":48.35434729231008,"convex":28.000942379395198,"yearn":27.47339}