{"stakedao":73.70824076339105,"convex":20.3347398062448,"yearn":32.51147}