{"stakedao":39.438220986723024,"convex":16.894004482094402,"yearn":26.44965}