{"stakedao":42.22497266352825,"convex":22.820647668408,"yearn":29.43448}