{"stakedao":51.58761513042847,"convex":25.268370549710397,"yearn":32.04733}