{"stakedao":38.94993303522929,"convex":16.3760942571264,"yearn":27.95499}