{"stakedao":45.52057486385591,"convex":20.953337490835203,"yearn":43.83338}