{"stakedao":43.07344844965033,"convex":26.4816386884512,"yearn":26.35298}