{"stakedao":43.55451131423207,"convex":25.125248087654402,"yearn":27.83589}