{"stakedao":38.96757173968679,"convex":16.058258800963202,"yearn":27.64107}