{"stakedao":49.51669748524802,"convex":21.8555367299424,"yearn":41.02455}