{"stakedao":58.1325857352647,"convex":30.7383232094064,"yearn":40.23569}