{"stakedao":44.28501340467729,"convex":23.866276631126397,"yearn":34.28205}