{"stakedao":41.42219095857964,"convex":13.8504580548768,"yearn":21.46221}