{"stakedao":46.33538328537834,"convex":12.2287038116976,"yearn":24.33917}