{"stakedao":56.373947849630056,"convex":31.1177781489456,"yearn":43.54458}