{"stakedao":42.60983391227074,"convex":20.6923216537008,"yearn":31.61493}