{"stakedao":41.875038932021845,"convex":15.2796861249696,"yearn":19.69298}