{"stakedao":42.2162053605382,"convex":22.9189025765952,"yearn":29.43448}