{"stakedao":48.04516979169587,"convex":17.3953902687984,"yearn":18.85495}