{"stakedao":57.21267365179558,"convex":12.2862000734496,"yearn":23.89716}