{"stakedao":44.961376135429774,"convex":21.752749619208004,"yearn":50.20835}