{"stakedao":39.013554697154774,"convex":16.476559410024002,"yearn":29.43448}