{"stakedao":43.86771823860306,"convex":12.376355013648,"yearn":19.55583}