{"stakedao":52.57258180189983,"convex":17.196567132297602,"yearn":38.04145}