{"stakedao":40.637352641612964,"convex":19.1306058428448,"yearn":28.76108}