{"stakedao":52.473922290207454,"convex":13.713054513969603,"yearn":18.76979}