{"stakedao":62.08901637091105,"convex":19.1141753976288,"yearn":47.32306}