{"stakedao":44.83126906615695,"convex":23.1158371103568,"yearn":37.17687}