{"stakedao":39.32235833564038,"convex":16.0594470995184,"yearn":26.79239}