{"stakedao":53.658341544892664,"convex":10.776333732336,"yearn":23.8381}