{"stakedao":40.03729694747702,"convex":13.151435301547199,"yearn":17.84107}