{"stakedao":46.91023724166857,"convex":14.332109719694397,"yearn":18.12226}