{"stakedao":44.94907987276032,"convex":20.4591516441408,"yearn":47.90914}