{"stakedao":63.56548232157039,"convex":19.0634363009856,"yearn":47.32306}