{"stakedao":52.82230124467563,"convex":27.998071900142403,"yearn":31.24622}