{"stakedao":63.99189112430027,"convex":20.2135623257376,"yearn":37.94986}