{"stakedao":46.253334068852,"convex":12.194347525142401,"yearn":25.17335}