{"stakedao":43.913903351255186,"convex":23.3126901677088,"yearn":28.65533}