{"stakedao":57.793563636739194,"convex":24.3125681428224,"yearn":39.15501}