{"stakedao":41.75594817160632,"convex":20.720820049415998,"yearn":25.85888}