{"stakedao":40.744991634168244,"convex":16.4577754362816,"yearn":33.95578}