{"stakedao":44.92521817377711,"convex":21.6485276141664,"yearn":42.19701}