{"stakedao":41.545853214718655,"convex":18.0727975129392,"yearn":32.79326}