{"stakedao":45.42847910462308,"convex":20.183990356281598,"yearn":42.20166}