{"stakedao":43.247321894277,"convex":25.4696561463888,"yearn":30.73201}