{"stakedao":56.35708188975304,"convex":12.2539029520896,"yearn":25.97828}