{"stakedao":41.430564538598475,"convex":20.7002822641056,"yearn":25.65354}