{"stakedao":57.87118797290016,"convex":24.3125681428224,"yearn":39.15501}