{"stakedao":47.465543423865185,"convex":22.9834086257376,"yearn":50.20835}