{"stakedao":41.36853471838869,"convex":18.1302817279392,"yearn":32.17383}