{"stakedao":52.55266821480336,"convex":25.7407211538288,"yearn":32.99233}