{"stakedao":56.640600682232936,"convex":11.637534796473599,"yearn":14.37743}