{"stakedao":62.85995910633511,"convex":19.133034398668798,"yearn":46.115}