{"stakedao":51.458248864326606,"convex":13.833287418744002,"yearn":27.9006}