{"stakedao":42.66996782770429,"convex":13.265036860392,"yearn":17.3315}