{"stakedao":46.39659361682037,"convex":28.341745321449597,"yearn":30.72553}