{"stakedao":43.384799191008035,"convex":25.1141238803376,"yearn":28.2105}