{"stakedao":45.26142286463009,"convex":10.722497387371199,"yearn":26.23792}