{"stakedao":42.70325964409156,"convex":13.694399137728,"yearn":16.83404}