{"stakedao":54.71854112259146,"convex":10.618080959736,"yearn":15.36831}