{"stakedao":43.461460042417116,"convex":15.2745052395168,"yearn":18.31257}