{"stakedao":50.65017782652531,"convex":10.840599906048002,"yearn":37.23192}