{"stakedao":52.461798128816895,"convex":28.1798663913504,"yearn":29.36596}