{"stakedao":46.31762775524924,"convex":20.2759601648976,"yearn":42.24262}