{"stakedao":41.66431188069322,"convex":18.036015716937598,"yearn":31.53284}