{"stakedao":55.39151868793691,"convex":11.011503398659201,"yearn":15.71723}