{"stakedao":63.822786252434966,"convex":20.2166031782304,"yearn":37.94986}