{"stakedao":42.30068599816247,"convex":20.707730559576,"yearn":30.45468}