{"stakedao":52.14524931008553,"convex":10.995687501782399,"yearn":17.16364}