{"stakedao":41.62784250274566,"convex":18.1584849687696,"yearn":31.30406}