{"stakedao":66.5499556026186,"convex":20.575809637416,"yearn":41.0539}