{"stakedao":49.90276053459249,"convex":17.440276700116797,"yearn":19.63768}