{"stakedao":43.64470875420198,"convex":12.3448151788704,"yearn":19.17771}