{"stakedao":45.353781713350436,"convex":20.4690308322528,"yearn":47.49246}