{"stakedao":49.80558742336002,"convex":17.5182355558944,"yearn":18.31227}