{"stakedao":43.16543325169192,"convex":22.181425036156803,"yearn":28.1515}