{"stakedao":45.7572766098461,"convex":22.9542680435328,"yearn":32.69011}