{"stakedao":55.15651212934616,"convex":11.8233045991584,"yearn":17.49115}