{"stakedao":43.38054458793021,"convex":25.124523030863998,"yearn":26.61217}