{"stakedao":53.51245672880643,"convex":26.904085909387202,"yearn":29.24165}