{"stakedao":56.242599351686046,"convex":11.2206875492016,"yearn":15.66597}