{"stakedao":41.26611296987955,"convex":13.850454084494398,"yearn":21.35799}