{"stakedao":42.55032727197761,"convex":15.2768792002176,"yearn":18.4423}