{"stakedao":44.69646013131424,"convex":23.224102084209598,"yearn":36.37369}