{"stakedao":46.20986355873422,"convex":20.2778539805376,"yearn":41.9347}