{"stakedao":45.48659871257737,"convex":21.814006981003203,"yearn":39.46558}