{"stakedao":42.70063595851154,"convex":22.806648601488,"yearn":29.43448}