{"stakedao":40.59717129361391,"convex":17.2170319496112,"yearn":31.66213}