{"stakedao":43.568447156533885,"convex":26.5434330894048,"yearn":27.34692}