{"stakedao":42.911968538822755,"convex":28.561066101086404,"yearn":26.98464}