{"stakedao":45.84731177020813,"convex":20.527992057888,"yearn":45.14782}