{"stakedao":44.080551512186695,"convex":27.4771639166256,"yearn":25.83112}