{"stakedao":53.28529119342744,"convex":24.974062412817602,"yearn":38.7478}