{"stakedao":47.90628535293142,"convex":23.1093627979392,"yearn":29.97243}