{"stakedao":58.0996001496016,"convex":12.075314719694399,"yearn":14.43118}