{"stakedao":42.42426419790464,"convex":20.6639389541088,"yearn":30.92912}