{"stakedao":44.6527715100529,"convex":22.1268754540944,"yearn":47.39302}