{"stakedao":48.17745918144963,"convex":31.5845910693072,"yearn":28.28523}