{"stakedao":40.29289289530604,"convex":16.1710541356608,"yearn":35.05885}