{"stakedao":45.86946070371647,"convex":20.0898467711856,"yearn":42.99489}