{"stakedao":48.858772692183,"convex":22.9410847908576,"yearn":29.97243}