{"stakedao":42.309849434972556,"convex":13.188836221761601,"yearn":15.59361}