{"stakedao":45.81728472708203,"convex":31.013646551308796,"yearn":40.70773}