{"stakedao":46.77061334022907,"convex":12.185012083896002,"yearn":24.95035}