{"stakedao":42.43242674576475,"convex":22.194674735184,"yearn":26.46865}