{"stakedao":52.161529788837775,"convex":13.705202866752,"yearn":19.88076}