{"stakedao":54.554354247206426,"convex":10.5821014080384,"yearn":16.69544}