{"stakedao":53.79534302300978,"convex":26.794532724624002,"yearn":29.57619}