{"stakedao":48.63392326180851,"convex":31.33613137572,"yearn":27.11123}