{"stakedao":38.81196753492558,"convex":16.4335541326416,"yearn":29.43448}