{"stakedao":40.53269056549791,"convex":16.253169470928,"yearn":34.10925}