{"stakedao":41.98343055446467,"convex":15.5382611892336,"yearn":17.252}