{"stakedao":62.34239184632294,"convex":19.103226136272,"yearn":46.78463}