{"stakedao":46.36189041812676,"convex":21.4954633114272,"yearn":42.19701}