{"stakedao":47.66015152573284,"convex":11.4645840025104,"yearn":34.13108}