{"stakedao":54.06336385852817,"convex":9.7841205883296,"yearn":19.49757}