{"stakedao":67.63231558866923,"convex":20.4605014353984,"yearn":41.70612}