{"stakedao":52.13740301283238,"convex":10.9957750236432,"yearn":17.16364}