{"stakedao":52.516796501481565,"convex":17.5887419976,"yearn":18.44931}