{"stakedao":67.55658035949818,"convex":21.2001551049024,"yearn":31.68482}