{"stakedao":50.85165842616776,"convex":25.4490852167424,"yearn":29.7314}