{"stakedao":53.929575427175536,"convex":10.7628952588128,"yearn":24.39246}