{"stakedao":41.08185300009873,"convex":20.850931539964797,"yearn":26.07552}