{"stakedao":39.36444250659574,"convex":15.698309561755199,"yearn":25.2519}