{"stakedao":42.70257624652503,"convex":25.1015930128944,"yearn":29.16872}