{"stakedao":41.71730663652032,"convex":22.1151463169184,"yearn":26.06025}