{"stakedao":65.03724195347151,"convex":18.9341309210544,"yearn":43.32987}