{"stakedao":39.37756752028959,"convex":16.8989305440528,"yearn":26.37045}