{"stakedao":61.72887563500912,"convex":19.1316514788432,"yearn":49.39413}