{"stakedao":39.5878257119017,"convex":15.4165897445904,"yearn":25.60773}