{"stakedao":44.90122122656738,"convex":22.114144374048003,"yearn":43.28965}