{"stakedao":50.67838227661376,"convex":9.571395455870402,"yearn":17.67508}