{"stakedao":47.57227861497773,"convex":10.1868629874768,"yearn":20.57448}