{"stakedao":42.74267958814551,"convex":13.2467127792912,"yearn":18.08803}