{"stakedao":63.17434054093053,"convex":19.1179233566208,"yearn":46.3131}