{"stakedao":44.86851622872417,"convex":9.013192964064,"yearn":26.27852}