{"stakedao":46.51558203404889,"convex":28.341745321449597,"yearn":30.57968}