{"stakedao":55.40002072777651,"convex":10.179872727177601,"yearn":20.94834}