{"stakedao":52.55945380800111,"convex":28.1152188654048,"yearn":29.95115}