{"stakedao":53.7019749756238,"convex":15.9169404062448,"yearn":23.31172}