{"stakedao":39.546620991302866,"convex":15.684003233279999,"yearn":25.60773}