{"stakedao":43.79780179334716,"convex":14.189235695092801,"yearn":16.74948}