{"stakedao":56.643455695307374,"convex":30.4701664171968,"yearn":41.35087}