{"stakedao":42.64833013498033,"convex":24.8854881389328,"yearn":27.31335}