{"stakedao":44.17234528570688,"convex":19.563454163232002,"yearn":43.76179}