{"stakedao":42.8818018107171,"convex":12.3822249133968,"yearn":20.72892}