{"stakedao":53.81975306119412,"convex":10.774955413612801,"yearn":23.86605}