{"stakedao":40.59998121819444,"convex":19.096791316387197,"yearn":29.20827}