{"stakedao":51.86007132561373,"convex":13.947322329532803,"yearn":26.93436}