{"stakedao":49.28860730281869,"convex":21.822896515824,"yearn":38.38707}