{"stakedao":63.33991369720693,"convex":20.2405094466912,"yearn":46.20537}