{"stakedao":66.83795135635242,"convex":21.200776449249602,"yearn":31.68482}