{"stakedao":55.539806373363035,"convex":11.313933641812799,"yearn":15.45494}