{"stakedao":48.25810642498513,"convex":28.0192620423024,"yearn":27.06173}