{"stakedao":40.56680589880071,"convex":20.2094991202752,"yearn":28.54985}