{"stakedao":52.293561735907424,"convex":14.678826986260798,"yearn":30.95609}