{"stakedao":53.821083103045865,"convex":11.741982037934399,"yearn":16.84658}