{"stakedao":53.33418308372589,"convex":15.939450840887998,"yearn":23.9009}