{"stakedao":52.433706451423106,"convex":15.7712556851856,"yearn":25.98967}