{"stakedao":54.201684274558836,"convex":13.801645505088,"yearn":19.57358}