{"stakedao":63.60325530137277,"convex":17.430087711801605,"yearn":33.85036}