{"stakedao":41.459145081581305,"convex":18.152970258988802,"yearn":31.63067}