{"stakedao":39.94617975151174,"convex":13.1525115905376,"yearn":17.95726}