{"stakedao":79.84227735709399,"convex":24.8291026192512,"yearn":40.37339}