{"stakedao":45.358273550330054,"convex":13.2214738562352,"yearn":25.01082}