{"stakedao":39.2832275746581,"convex":16.3837556192736,"yearn":27.95499}