{"stakedao":44.45372293164377,"convex":19.5845151307824,"yearn":41.17391}