{"stakedao":40.332738911841815,"convex":16.6110315504336,"yearn":33.58414}