{"stakedao":51.394567247914296,"convex":13.8569684129424,"yearn":27.9006}