{"stakedao":42.0736375800174,"convex":13.1899936907232,"yearn":17.11728}