{"stakedao":47.43885146404638,"convex":29.3306035301712,"yearn":34.66654}