{"stakedao":39.27844297588538,"convex":16.062683374296,"yearn":26.79239}