{"stakedao":42.10166279810804,"convex":14.249500445519999,"yearn":17.20916}