{"stakedao":54.70993701667088,"convex":10.599934782672001,"yearn":15.68795}