{"stakedao":48.509852562445765,"convex":11.5877014452864,"yearn":33.74406}