{"stakedao":47.612342394307085,"convex":22.3752071525184,"yearn":38.68167}