{"stakedao":51.523517761831094,"convex":25.474864121265597,"yearn":28.92165}