{"stakedao":42.155584332660524,"convex":22.984367474664,"yearn":29.43448}