{"stakedao":40.65192236421086,"convex":13.179568103568,"yearn":18.0569}