{"stakedao":43.327401027529305,"convex":25.133007911500798,"yearn":28.65302}