{"stakedao":41.38314623780783,"convex":13.272644579803199,"yearn":18.57517}