{"stakedao":41.93092601229593,"convex":17.536761461088,"yearn":33.40068}