{"stakedao":45.325519499230225,"convex":13.2208660345248,"yearn":25.33422}