{"stakedao":42.43821508701461,"convex":23.1847884551376,"yearn":29.43448}