{"stakedao":40.61022398327083,"convex":16.529679802641603,"yearn":33.88357}