{"stakedao":52.86455556694645,"convex":11.2854805790976,"yearn":16.8329}