{"stakedao":52.853592660800444,"convex":14.262987780921602,"yearn":22.07666}