{"stakedao":53.987418169678996,"convex":26.718865290374403,"yearn":27.91048}