{"stakedao":45.931856301157325,"convex":21.573268848633603,"yearn":42.19701}