{"stakedao":56.77921672489744,"convex":30.9942560393712,"yearn":46.17148}