{"stakedao":46.3237994985222,"convex":28.3945333277808,"yearn":29.89899}