{"stakedao":50.063512429789625,"convex":13.6744455284352,"yearn":16.9933}