{"stakedao":52.93765698082343,"convex":24.350074254518397,"yearn":38.45951}