{"stakedao":62.34945586570865,"convex":19.111834798862397,"yearn":46.60806}