{"stakedao":37.542829975705835,"convex":15.364232245656,"yearn":26.42747}