{"stakedao":39.79767480997399,"convex":15.605602873502399,"yearn":34.11051}