{"stakedao":40.107834301426465,"convex":13.1300803869408,"yearn":17.43112}