{"stakedao":42.43849834310088,"convex":13.272026896785599,"yearn":18.72061}