{"stakedao":48.17328441029032,"convex":12.700678112496,"yearn":23.28454}