{"stakedao":49.507753986725405,"convex":11.094345594576001,"yearn":37.58266}