{"stakedao":57.62162048601871,"convex":31.0405157215776,"yearn":47.30092}