{"stakedao":56.73326374415949,"convex":11.6041734454896,"yearn":14.15736}