{"stakedao":52.881138789582096,"convex":27.998037497520002,"yearn":31.11194}