{"stakedao":47.46868133043013,"convex":10.188474168024,"yearn":17.59308}