{"stakedao":55.3291452662813,"convex":10.4267073959136,"yearn":16.1858}