{"stakedao":46.5601326104659,"convex":20.309078250331197,"yearn":44.07425}