{"stakedao":64.43106157810246,"convex":19.0180844361504,"yearn":41.94741}