{"stakedao":45.72303961721311,"convex":8.98042819536,"yearn":29.32494}