{"stakedao":42.60207336169904,"convex":12.204646990372801,"yearn":18.13853}