{"stakedao":42.751508466662834,"convex":13.699928363529601,"yearn":16.78478}