{"stakedao":45.68722203351686,"convex":10.7080202946096,"yearn":27.41637}