{"stakedao":68.98293180071036,"convex":20.1543468474096,"yearn":31.68482}