{"stakedao":43.19508224754311,"convex":19.533439381031997,"yearn":42.53734}