{"stakedao":42.890639214186095,"convex":12.0755711799072,"yearn":22.47568}