{"stakedao":44.873840705746225,"convex":22.1159515098384,"yearn":43.90982}