{"stakedao":45.74588397724567,"convex":31.005503883575997,"yearn":41.73385}