{"stakedao":39.14649984408276,"convex":16.367082252249602,"yearn":26.58961}