{"stakedao":41.50195643810255,"convex":18.0715232567088,"yearn":32.57471}