{"stakedao":44.917877539243904,"convex":20.45809281348,"yearn":47.88817}