{"stakedao":65.22967771536321,"convex":19.5650003449296,"yearn":41.55229}