{"stakedao":43.371119836446,"convex":26.4828282074496,"yearn":26.57672}