{"stakedao":42.46928639845575,"convex":22.9855535940816,"yearn":29.43448}