{"stakedao":43.98938989368546,"convex":23.30374960764,"yearn":31.8377}