{"stakedao":37.542179320262825,"convex":15.3640132691328,"yearn":27.24724}