{"stakedao":47.087450706882265,"convex":28.371782907331202,"yearn":29.55207}