{"stakedao":42.80144175683343,"convex":24.8881443216048,"yearn":27.74592}