{"stakedao":37.56109547875597,"convex":15.3640132691328,"yearn":27.24724}