{"stakedao":52.72478294341724,"convex":17.177217336489598,"yearn":38.10392}