{"stakedao":39.33094768485323,"convex":15.5205627697584,"yearn":31.06116}