{"stakedao":72.89987767530454,"convex":20.3443627012848,"yearn":32.51147}