{"stakedao":39.34591896485725,"convex":16.886558646432,"yearn":26.38992}