{"stakedao":40.83084735392055,"convex":19.1429364377664,"yearn":29.18756}