{"stakedao":54.86841810155053,"convex":10.768912999329599,"yearn":16.10926}