{"stakedao":54.267126089498575,"convex":12.270311486092801,"yearn":26.68355}