{"stakedao":40.968204338085776,"convex":13.726549872129599,"yearn":16.46445}