{"stakedao":54.92354576290912,"convex":10.1802788793216,"yearn":20.83621}