{"stakedao":52.11996136621977,"convex":28.204057202832004,"yearn":29.11779}