{"stakedao":48.921090051927656,"convex":11.0750508669312,"yearn":20.41317}