{"stakedao":38.775376772505396,"convex":18.0930040819488,"yearn":29.43448}