{"stakedao":46.708707544064794,"convex":20.041478456414403,"yearn":43.58995}