{"stakedao":55.509243970424066,"convex":12.0898725383088,"yearn":17.18868}