{"stakedao":44.980834526545294,"convex":21.752749619208004,"yearn":50.20835}