{"stakedao":47.68954329903414,"convex":22.4057848050144,"yearn":37.88503}