{"stakedao":28.93302082929678,"convex":15.7431882194496,"yearn":25.81229}