{"stakedao":40.78691436910084,"convex":17.2309177076832,"yearn":31.43463}