{"stakedao":46.35146957128581,"convex":12.212887385016,"yearn":22.7689}