{"stakedao":42.07908142134877,"convex":16.4388965581008,"yearn":19.00765}