{"stakedao":45.37349433410591,"convex":20.5325235161856,"yearn":43.9494}