{"stakedao":45.00550520540419,"convex":21.7209361402512,"yearn":50.20835}