{"stakedao":41.04401083884284,"convex":19.8355998431664,"yearn":27.07199}