{"stakedao":56.592888699953726,"convex":30.9931603084368,"yearn":46.10815}