{"stakedao":49.11175710323218,"convex":29.3177009825856,"yearn":34.2138}