{"stakedao":54.53019039202474,"convex":15.8072519225808,"yearn":23.96405}