{"stakedao":55.69564151791658,"convex":11.388483383457599,"yearn":14.35602}