{"stakedao":46.97107162526386,"convex":11.165893481145599,"yearn":31.93773}