{"stakedao":47.6028509944689,"convex":31.390656507921598,"yearn":29.17068}