{"stakedao":59.414538721600735,"convex":17.2112598240768,"yearn":35.7727}