{"stakedao":73.07610384001293,"convex":24.5498699171088,"yearn":42.20821}