{"stakedao":40.993687795252015,"convex":15.119486057980799,"yearn":20.22292}