{"stakedao":39.51043736387079,"convex":15.704324955993602,"yearn":33.19875}