{"stakedao":62.99374797248882,"convex":18.6243598035072,"yearn":47.52944}