{"stakedao":40.690032121758804,"convex":18.8614689653664,"yearn":29.24838}