{"stakedao":55.46320146939719,"convex":10.179864098928,"yearn":20.92611}