{"stakedao":40.53734486283627,"convex":17.176322007374402,"yearn":30.40934}