{"stakedao":39.68820979842563,"convex":15.682291506504,"yearn":33.35448}