{"stakedao":46.45645101182221,"convex":13.259594636107199,"yearn":26.29676}