{"stakedao":47.26067061820503,"convex":21.502273791297597,"yearn":42.19701}