{"stakedao":46.9117691289595,"convex":26.0230709404368,"yearn":28.54481}