{"stakedao":48.89398267557625,"convex":21.8319244274592,"yearn":39.6916}