{"stakedao":55.23663889125909,"convex":11.821275030499201,"yearn":17.83603}