{"stakedao":40.68164372502044,"convex":17.200461399408,"yearn":31.05133}