{"stakedao":28.870226560795484,"convex":15.7197987598032,"yearn":23.92986}