{"stakedao":38.82945438870016,"convex":15.962764973644802,"yearn":27.8517}