{"stakedao":42.668145916522775,"convex":12.2046323860512,"yearn":18.13853}