{"stakedao":47.56881816268664,"convex":22.9792034798928,"yearn":39.22985}