{"stakedao":56.904685456113825,"convex":11.0143403204544,"yearn":15.47728}