{"stakedao":55.908026411744885,"convex":13.7141252620848,"yearn":18.45373}