{"stakedao":48.84431207255635,"convex":21.820627390248003,"yearn":39.85806}