{"stakedao":51.30948776707413,"convex":13.759624040529602,"yearn":16.75634}