{"stakedao":43.68987200654577,"convex":14.764014495576,"yearn":18.15976}