{"stakedao":72.05251399447687,"convex":24.424648020287997,"yearn":43.59419}