{"stakedao":47.62754973468507,"convex":29.281763380075198,"yearn":35.51521}