{"stakedao":73.8035911944891,"convex":24.540396442790403,"yearn":42.53465}