{"stakedao":48.25778663729389,"convex":11.5422518472336,"yearn":33.37594}