{"stakedao":43.26355662730215,"convex":19.5329102511024,"yearn":42.48555}