{"stakedao":54.78902737108943,"convex":27.829067928033602,"yearn":28.70393}