{"stakedao":44.344533247952064,"convex":22.6057275294336,"yearn":48.70925}