{"stakedao":53.692678648430785,"convex":9.7656871372272,"yearn":19.61118}