{"stakedao":43.38242470325804,"convex":14.8369696004592,"yearn":17.9578}