{"stakedao":65.74093289098347,"convex":19.6201808015184,"yearn":40.88274}