{"stakedao":62.401348779680994,"convex":20.2764844130544,"yearn":44.05977}