{"stakedao":37.667560404520415,"convex":14.141656146139201,"yearn":26.39745}