{"stakedao":51.038598813498204,"convex":9.592115241744,"yearn":18.08523}