{"stakedao":53.16337760440271,"convex":13.701674568614399,"yearn":33.30373}