{"stakedao":66.51922438442438,"convex":18.3207875661072,"yearn":31.17267}