{"stakedao":45.859822835784236,"convex":30.985365851755205,"yearn":42.27556}