{"stakedao":42.10509195526273,"convex":15.5383319465568,"yearn":17.36443}