{"stakedao":42.56253802032793,"convex":22.1205058065072,"yearn":26.00408}