{"stakedao":42.67735477745936,"convex":24.8874828319296,"yearn":27.55345}