{"stakedao":42.874455312809594,"convex":15.283231935048,"yearn":17.84256}