{"stakedao":45.49106154422199,"convex":20.9520847043136,"yearn":43.29168}