{"stakedao":56.597733819538405,"convex":30.993488396366402,"yearn":46.10815}