{"stakedao":47.37557999935393,"convex":19.805452972430402,"yearn":26.60854}