{"stakedao":54.87246451648643,"convex":10.5822357671664,"yearn":16.80627}