{"stakedao":54.03686618890369,"convex":11.840726898878401,"yearn":27.46399}