{"stakedao":42.57176631314193,"convex":13.219455826598399,"yearn":16.36942}