{"stakedao":39.373542635327,"convex":15.739964682062402,"yearn":24.88447}