{"stakedao":42.88185638957205,"convex":15.277449203956799,"yearn":17.84256}