{"stakedao":54.017364513831794,"convex":11.8865601828288,"yearn":27.21094}