{"stakedao":43.36704684172783,"convex":13.2725197508544,"yearn":16.90584}