{"stakedao":40.896320063402754,"convex":16.7518040632992,"yearn":33.84362}