{"stakedao":54.793248787013994,"convex":10.344209595192,"yearn":15.99873}