{"stakedao":41.503071193417114,"convex":18.0727975129392,"yearn":32.84795}