{"stakedao":65.61076047946997,"convex":19.617384491784,"yearn":40.70872}