{"stakedao":53.46863292321896,"convex":11.389095777887999,"yearn":16.99501}