{"stakedao":50.950767173558255,"convex":17.520209428823996,"yearn":17.30234}