{"stakedao":45.65767931553645,"convex":10.722638019009601,"yearn":26.46029}