{"stakedao":45.7888984890933,"convex":12.101981264856,"yearn":23.47636}