{"stakedao":62.80354222559872,"convex":17.4062992239936,"yearn":34.71791}