{"stakedao":44.105512673721805,"convex":22.5051122462544,"yearn":31.4497}