{"stakedao":41.47635369350155,"convex":20.7009534605616,"yearn":25.62329}