{"stakedao":43.71994499731548,"convex":27.3997253228544,"yearn":26.17004}