{"stakedao":41.677622569925134,"convex":20.693449081468803,"yearn":26.1715}