{"stakedao":44.655819012132596,"convex":22.1396362284384,"yearn":47.48105}