{"stakedao":52.055419315472164,"convex":17.5211338530528,"yearn":18.82763}