{"stakedao":45.282249991261246,"convex":20.4657831603648,"yearn":48.11395}