{"stakedao":38.94628228177624,"convex":16.312574433312,"yearn":27.95499}