{"stakedao":54.30106249589247,"convex":11.8868480875872,"yearn":27.21094}