{"stakedao":39.969030066814994,"convex":16.43413264164,"yearn":19.62973}