{"stakedao":37.585217803023,"convex":24.3205623611424,"yearn":29.9832}