{"stakedao":43.34383678132262,"convex":25.124523030863998,"yearn":26.61217}