{"stakedao":41.4546032983609,"convex":20.6986586678352,"yearn":29.46987}