{"stakedao":41.44297015008579,"convex":20.758912888392,"yearn":27.8876}