{"stakedao":55.83814069835336,"convex":11.3131080135648,"yearn":15.73635}