{"stakedao":38.829772002529175,"convex":18.1186209324288,"yearn":29.43448}