{"stakedao":45.6496306067709,"convex":23.072060213280004,"yearn":37.90028}