{"stakedao":43.519322297712606,"convex":19.5536923615728,"yearn":43.88865}