{"stakedao":66.52746727375964,"convex":19.5749522487504,"yearn":40.68387}