{"stakedao":37.532166955694116,"convex":15.340526571384,"yearn":28.29907}