{"stakedao":43.39329892225855,"convex":14.870798116286402,"yearn":17.838}