{"stakedao":37.50639902384483,"convex":15.365721817079999,"yearn":26.42021}