{"stakedao":45.491755940544834,"convex":20.468238042441598,"yearn":47.22096}