{"stakedao":44.23892238597844,"convex":23.1590460440736,"yearn":35.16683}