{"stakedao":62.17438533692332,"convex":20.533145109667203,"yearn":42.77285}