{"stakedao":42.53768562844692,"convex":13.1899561944192,"yearn":17.11728}