{"stakedao":39.64580660464891,"convex":15.6057461825472,"yearn":34.58548}