{"stakedao":47.68863037108461,"convex":22.399956356184,"yearn":38.50096}