{"stakedao":39.5511071612458,"convex":15.762745960488,"yearn":32.68772}