{"stakedao":42.23836943224663,"convex":13.2594195166992,"yearn":18.28061}