{"stakedao":51.75430836358494,"convex":25.8307417254384,"yearn":35.00147}