{"stakedao":58.90565740394262,"convex":16.9495990568208,"yearn":36.03806}