{"stakedao":50.20621071351029,"convex":22.745635271568,"yearn":34.56538}