{"stakedao":41.52150827837462,"convex":16.436594858990404,"yearn":19.0112}