{"stakedao":64.1866664300627,"convex":12.733212242664,"yearn":46.61339}