{"stakedao":37.48665649486153,"convex":15.3655558620336,"yearn":26.31747}