{"stakedao":42.019480500029886,"convex":13.176691014369599,"yearn":15.95773}