{"stakedao":40.84807940701401,"convex":17.270327253499204,"yearn":32.56325}