{"stakedao":44.60857522751084,"convex":22.6163040478848,"yearn":46.38472}