{"stakedao":56.410674623862846,"convex":30.969932792457602,"yearn":44.5305}