{"stakedao":55.06396036717362,"convex":10.5502239740736,"yearn":14.72806}