{"stakedao":53.412825437221684,"convex":25.493608441641598,"yearn":33.72572}