{"stakedao":46.406281286620604,"convex":12.1952345918256,"yearn":22.37229}