{"stakedao":39.51091316219832,"convex":15.701690848521599,"yearn":32.68432}