{"stakedao":46.16137163610587,"convex":11.3781488565024,"yearn":31.82989}