{"stakedao":37.52525064772906,"convex":14.0540815256112,"yearn":25.34982}