{"stakedao":45.43389685996234,"convex":23.1158203205904,"yearn":37.49388}