{"stakedao":42.29216703961691,"convex":15.2768158443936,"yearn":19.50212}