{"stakedao":40.49689788588662,"convex":16.230705936624,"yearn":34.25503}