{"stakedao":52.785732826497494,"convex":13.579736663692799,"yearn":32.32051}