{"stakedao":41.36634733272832,"convex":18.1287059528592,"yearn":32.22815}