{"stakedao":41.3481637515193,"convex":17.5299059162736,"yearn":33.71108}