{"stakedao":71.62063138229377,"convex":20.2649755958352,"yearn":30.38952}