{"stakedao":41.071054669838915,"convex":21.5190636459984,"yearn":25.91608}