{"stakedao":42.280944927397705,"convex":14.1925397470416,"yearn":17.37512}