{"stakedao":39.70660169052725,"convex":15.682291506504,"yearn":33.39172}