{"stakedao":45.126570178446656,"convex":12.140617519569599,"yearn":23.33808}