{"stakedao":53.96443893486858,"convex":13.845424789439999,"yearn":19.13808}