{"stakedao":54.29627890779629,"convex":10.4384961834336,"yearn":15.63395}