{"stakedao":45.314662331894255,"convex":22.07721641184,"yearn":40.5076}