{"stakedao":61.22458823075263,"convex":18.8311562058096,"yearn":48.43834}