{"stakedao":43.23708113042219,"convex":13.7253000846816,"yearn":17.45311}