{"stakedao":73.43019212732582,"convex":24.4859044202352,"yearn":42.779}