{"stakedao":48.84836234267923,"convex":11.0735433483696,"yearn":20.51352}