{"stakedao":38.71499653832677,"convex":16.4296363270608,"yearn":29.43448}