{"stakedao":41.68615054404796,"convex":20.693449081468803,"yearn":25.23079}