{"stakedao":54.402883662896386,"convex":10.665112346784,"yearn":23.55737}