{"stakedao":51.50851115931222,"convex":22.862680321939198,"yearn":34.56538}