{"stakedao":39.09544706693931,"convex":16.43667349716,"yearn":19.2224}