{"stakedao":55.33462518459771,"convex":10.4267062448496,"yearn":16.14849}