{"stakedao":40.55779587347947,"convex":16.2670289721264,"yearn":34.22394}