{"stakedao":45.89691510129328,"convex":20.525526841464,"yearn":45.14782}