{"stakedao":52.277695018005964,"convex":11.990216047291199,"yearn":24.96854}