{"stakedao":44.21806527795384,"convex":19.5778641883824,"yearn":43.62872}