{"stakedao":47.025334135175584,"convex":26.0285050757376,"yearn":27.76022}