{"stakedao":44.3549525776188,"convex":23.8485860483472,"yearn":35.01063}