{"stakedao":64.45620064837235,"convex":20.2820730022224,"yearn":31.68287}