{"stakedao":46.87401509955602,"convex":28.3744414930464,"yearn":29.88805}