{"stakedao":47.525906579593155,"convex":10.6489960915824,"yearn":20.39831}