{"stakedao":64.94222875582759,"convex":20.5752811350528,"yearn":37.8756}