{"stakedao":52.14662581550149,"convex":25.844713816464,"yearn":35.26829}