{"stakedao":52.208661502162094,"convex":17.0033061577968,"yearn":36.80016}