{"stakedao":47.67912098558333,"convex":29.281275010425603,"yearn":35.35578}