{"stakedao":42.39563413685841,"convex":15.536012212007998,"yearn":17.42087}