{"stakedao":39.11934837227855,"convex":16.366850412192,"yearn":26.67901}