{"stakedao":43.09569473244267,"convex":16.453074377375998,"yearn":18.52433}