{"stakedao":55.25052654617035,"convex":9.8096144894064,"yearn":20.3416}