{"stakedao":39.682986789918104,"convex":14.7179830898592,"yearn":19.76123}