{"stakedao":39.51514088913009,"convex":15.701690848521599,"yearn":32.65109}