{"stakedao":41.43203849075765,"convex":18.1477758540528,"yearn":31.90221}