{"stakedao":40.79515620213387,"convex":19.1445323769648,"yearn":29.28204}