{"stakedao":55.52811974504057,"convex":11.3498377278624,"yearn":22.67426}