{"stakedao":40.54268791034328,"convex":16.2404246128032,"yearn":34.66132}