{"stakedao":41.788769282212066,"convex":20.6962926132096,"yearn":25.59413}