{"stakedao":61.83055326219453,"convex":19.7583778607184,"yearn":40.68866}