{"stakedao":42.842496327984016,"convex":24.8956064676864,"yearn":28.4167}