{"stakedao":49.411398647693126,"convex":13.506208940736,"yearn":17.41451}