{"stakedao":44.42054752276205,"convex":22.605593829408,"yearn":49.32514}