{"stakedao":41.42408423822017,"convex":13.2414096256128,"yearn":18.57517}