{"stakedao":52.27179681479001,"convex":25.840174603464,"yearn":35.3131}