{"stakedao":52.570277336147946,"convex":25.8632744491008,"yearn":32.73031}