{"stakedao":39.23716185443635,"convex":16.2660511952928,"yearn":27.95499}