{"stakedao":43.84326250558854,"convex":12.375340491067199,"yearn":19.63241}