{"stakedao":41.345744012745726,"convex":13.850454084494398,"yearn":21.35799}