{"stakedao":40.54897144250184,"convex":16.253082147744003,"yearn":34.10925}