{"stakedao":62.06242011508856,"convex":19.132112440555197,"yearn":49.05331}