{"stakedao":40.80960823338675,"convex":19.096661113704002,"yearn":28.76108}