{"stakedao":55.25340135581164,"convex":9.7892437124448,"yearn":20.05198}