{"stakedao":45.89974568726962,"convex":21.822896515824,"yearn":39.86212}