{"stakedao":43.4840777312983,"convex":19.5576584708448,"yearn":43.42078}