{"stakedao":61.31185030770544,"convex":18.8451254018304,"yearn":48.29392}