{"stakedao":40.557824993900226,"convex":16.2483782285232,"yearn":34.73443}