{"stakedao":51.00393134644777,"convex":9.5716552305168,"yearn":18.0228}