{"stakedao":63.55661824096386,"convex":17.4206954710656,"yearn":33.85036}