{"stakedao":42.5805351535206,"convex":21.088361593238396,"yearn":32.89201}