{"stakedao":37.54959905158837,"convex":14.071048641014398,"yearn":25.65774}