{"stakedao":43.323754498228524,"convex":19.55837719836,"yearn":43.26488}