{"stakedao":85.8983416793836,"convex":25.8731915403312,"yearn":41.4943}