{"stakedao":46.81886995751911,"convex":26.059827652704,"yearn":28.65674}