{"stakedao":74.7604993264473,"convex":20.243661700104,"yearn":32.11785}