{"stakedao":41.17367609282551,"convex":14.7372728064336,"yearn":20.53964}