{"stakedao":39.63739010661716,"convex":14.7179830898592,"yearn":19.76123}