{"stakedao":39.73039062329992,"convex":15.682285432670401,"yearn":33.23304}