{"stakedao":53.506061217983685,"convex":10.7589919251024,"yearn":24.1445}