{"stakedao":47.71296729749369,"convex":22.4004462080256,"yearn":38.24826}