{"stakedao":40.554022442567124,"convex":20.2092999262848,"yearn":27.70178}