{"stakedao":42.73985937037649,"convex":13.2052696155936,"yearn":16.23722}