{"stakedao":41.56101338178932,"convex":13.8545202669552,"yearn":15.43413}