{"stakedao":41.05869171774604,"convex":14.805735182380799,"yearn":20.96223}