{"stakedao":39.23240646207567,"convex":16.2631136894256,"yearn":27.95499}