{"stakedao":45.57978193998339,"convex":31.052068752268802,"yearn":48.98341}