{"stakedao":37.50536748090751,"convex":14.0704344616464,"yearn":25.50362}