{"stakedao":45.30739828991955,"convex":23.1320840665104,"yearn":31.79993}