{"stakedao":51.959471504273225,"convex":26.692426107158397,"yearn":27.96305}