{"stakedao":38.67481153796526,"convex":16.42301801496,"yearn":29.43448}