{"stakedao":48.32117964730574,"convex":10.9951590372624,"yearn":36.09649}