{"stakedao":39.11296771066387,"convex":17.662294747526403,"yearn":29.43448}