{"stakedao":41.45539746750754,"convex":14.805435811132801,"yearn":21.40366}