{"stakedao":42.61140502546257,"convex":16.45813981584,"yearn":18.08966}