{"stakedao":67.80452797704108,"convex":20.1543468474096,"yearn":31.68482}