{"stakedao":45.9297392350972,"convex":20.115838140047998,"yearn":42.49517}