{"stakedao":55.283635649040356,"convex":10.664636528462403,"yearn":14.51746}