{"stakedao":52.188253367829056,"convex":25.095876643007998,"yearn":34.17282}