{"stakedao":45.467012976854136,"convex":22.9665293002512,"yearn":32.46215}