{"stakedao":46.92679118061997,"convex":13.2338111525568,"yearn":24.46054}