{"stakedao":40.58697934527752,"convex":16.2670289721264,"yearn":34.15121}