{"stakedao":56.64658817643454,"convex":11.602153630915199,"yearn":14.2013}