{"stakedao":67.45860570396135,"convex":20.4583294564704,"yearn":41.85428}