{"stakedao":56.042184809138725,"convex":11.3494530738096,"yearn":22.98336}