{"stakedao":47.32680208499598,"convex":21.5049337803648,"yearn":42.19701}