{"stakedao":43.84067004069794,"convex":14.8008309906384,"yearn":18.58204}