{"stakedao":53.29091287318268,"convex":15.9393978793296,"yearn":23.91394}