{"stakedao":51.66485622426635,"convex":9.6344697958416,"yearn":18.86071}