{"stakedao":54.186053685537985,"convex":12.209870301206397,"yearn":15.57854}