{"stakedao":66.58731883131195,"convex":20.4497131117104,"yearn":42.15011}