{"stakedao":49.68606084068846,"convex":17.439926104944,"yearn":19.57394}