{"stakedao":48.81228226581964,"convex":22.939747532006397,"yearn":29.97243}