{"stakedao":42.79762145693102,"convex":13.1880069826416,"yearn":16.51923}