{"stakedao":44.18187475688932,"convex":19.572328708992,"yearn":43.21068}