{"stakedao":56.00742591905474,"convex":11.4063467803632,"yearn":14.99197}