{"stakedao":42.511804804369085,"convex":21.135313651478402,"yearn":29.26042}