{"stakedao":43.60101330508477,"convex":14.8761502895232,"yearn":18.39024}