{"stakedao":53.91617864280711,"convex":13.930121756275199,"yearn":18.22153}