{"stakedao":46.91333898053986,"convex":32.325018219129596,"yearn":27.40268}