{"stakedao":41.88946430620557,"convex":13.1887031429952,"yearn":14.79755}