{"stakedao":39.041541712930695,"convex":18.035079268032,"yearn":29.43448}