{"stakedao":57.796326423336865,"convex":11.0029677103728,"yearn":17.47709}