{"stakedao":38.79061521239462,"convex":16.4238423155424,"yearn":29.43448}