{"stakedao":53.310584233467964,"convex":24.2438739993504,"yearn":37.61558}