{"stakedao":41.4913749076763,"convex":18.0703949869296,"yearn":32.46516}