{"stakedao":40.65122922581675,"convex":20.8558016949024,"yearn":26.95987}