{"stakedao":44.45407287132378,"convex":22.103029104033602,"yearn":45.63562}