{"stakedao":41.059906277025895,"convex":19.8355998431664,"yearn":27.0557}