{"stakedao":67.45331011379665,"convex":20.0976664535136,"yearn":31.93838}