{"stakedao":65.15906666081247,"convex":18.1816524338976,"yearn":31.87698}