{"stakedao":27.956866888582944,"convex":13.7410983024768,"yearn":25.81229}