{"stakedao":43.86817692902846,"convex":23.307394115937598,"yearn":32.00993}