{"stakedao":55.07483621478548,"convex":11.3462150677056,"yearn":22.58008}