{"stakedao":39.36920834668321,"convex":15.7720409442,"yearn":26.79239}