{"stakedao":55.87138716081809,"convex":11.2165224351552,"yearn":15.33855}