{"stakedao":49.52138885201725,"convex":22.456172950128,"yearn":34.56538}