{"stakedao":43.02640215526701,"convex":12.074296696617601,"yearn":22.47568}