{"stakedao":44.59306780725976,"convex":13.984387586870401,"yearn":19.05445}