{"stakedao":40.909247311378806,"convex":19.8166609772064,"yearn":26.51382}