{"stakedao":55.72004889566115,"convex":12.115062022377598,"yearn":17.18868}