{"stakedao":41.69435131904795,"convex":13.800085182648,"yearn":15.66792}