{"stakedao":50.665064594880675,"convex":12.170575366675202,"yearn":25.27914}