{"stakedao":44.32194155613223,"convex":22.5566757002448,"yearn":30.19823}