{"stakedao":43.011785080753164,"convex":14.812388518363202,"yearn":18.96904}