{"stakedao":49.05947618069292,"convex":29.3841489271536,"yearn":35.65681}