{"stakedao":48.9359531459468,"convex":28.063084969324798,"yearn":0}