{"stakedao":64.41620514929464,"convex":19.29026317212,"yearn":47.04937}