{"stakedao":70.9388180958148,"convex":20.281934779934403,"yearn":30.73782}