{"stakedao":44.664915868213114,"convex":22.6117536553728,"yearn":45.4217}