{"stakedao":43.51917200146747,"convex":25.125468874344,"yearn":27.6995}