{"stakedao":27.946180475142306,"convex":13.7166254046288,"yearn":25.78123}