{"stakedao":48.26193029976196,"convex":12.200620991083198,"yearn":23.13978}