{"stakedao":51.81914237294143,"convex":24.8860461085344,"yearn":38.60185}