{"stakedao":54.03508515960371,"convex":10.6076316196656,"yearn":15.31426}