{"stakedao":64.65358698951599,"convex":20.4240171847104,"yearn":37.94986}