{"stakedao":41.85687723784262,"convex":17.497617101496,"yearn":33.55317}