{"stakedao":49.93344835395143,"convex":17.5182355558944,"yearn":18.31227}