{"stakedao":69.92739347790942,"convex":21.206035004716803,"yearn":33.11321}