{"stakedao":48.79714942123904,"convex":11.072355478704,"yearn":20.51352}