{"stakedao":50.00965382626737,"convex":22.5915176191248,"yearn":34.56538}