{"stakedao":43.3133347586855,"convex":14.7634898185296,"yearn":18.07449}