{"stakedao":47.20386471417294,"convex":21.5023526817552,"yearn":42.19701}