{"stakedao":46.2016202213176,"convex":28.3471748588016,"yearn":30.38493}