{"stakedao":64.63331789179222,"convex":19.0184290205616,"yearn":41.94741}