{"stakedao":55.72076290972174,"convex":12.6159922337184,"yearn":25.49766}