{"stakedao":44.63745220089514,"convex":22.662971777548798,"yearn":46.64756}