{"stakedao":53.61819789579582,"convex":24.3505914890688,"yearn":37.58172}