{"stakedao":50.979943393031455,"convex":12.199549271659201,"yearn":25.22995}