{"stakedao":49.21950286968591,"convex":21.7984484336544,"yearn":40.35825}