{"stakedao":40.962294357639415,"convex":19.816000607059202,"yearn":26.51382}