{"stakedao":65.50844438042881,"convex":20.579500746460802,"yearn":40.88274}