{"stakedao":47.657204984751914,"convex":19.791195906340796,"yearn":25.14195}