{"stakedao":53.29457520246736,"convex":24.35282247816,"yearn":0}