{"stakedao":39.32873940875726,"convex":16.8868526281776,"yearn":26.38992}