{"stakedao":37.657828697629334,"convex":23.7478692886272,"yearn":30.31328}