{"stakedao":47.690682204738415,"convex":29.281275010425603,"yearn":35.2499}