{"stakedao":38.987071422030056,"convex":16.0905327559776,"yearn":27.64107}