{"stakedao":39.01451356851057,"convex":18.056379928104,"yearn":29.43448}