{"stakedao":54.71945511602374,"convex":11.3088287171232,"yearn":21.83932}