{"stakedao":42.96691540950646,"convex":13.2724415541888,"yearn":17.05582}