{"stakedao":54.58382126726722,"convex":11.4177616739136,"yearn":18.32059}