{"stakedao":41.105542286163775,"convex":13.0013404569504,"yearn":16.50892}