{"stakedao":44.94182899610824,"convex":9.0127885464,"yearn":25.81002}