{"stakedao":28.922138733576325,"convex":15.7285311318144,"yearn":23.7548}