{"stakedao":47.315712665286696,"convex":19.811592025632002,"yearn":26.6897}