{"stakedao":43.27469482952512,"convex":14.7634898185296,"yearn":18.04603}