{"stakedao":52.75140826261028,"convex":11.2923292049136,"yearn":16.22588}