{"stakedao":38.57591297864223,"convex":18.062254372190402,"yearn":29.43448}