{"stakedao":42.52508780238182,"convex":20.676072556252798,"yearn":29.8753}