{"stakedao":39.3557261651185,"convex":16.3816845650064,"yearn":27.95499}