{"stakedao":51.80643144242432,"convex":15.973892214724799,"yearn":25.8358}