{"stakedao":45.51543467114095,"convex":23.1133679487792,"yearn":37.67421}