{"stakedao":79.31569987954717,"convex":24.8092243021584,"yearn":40.46509}