{"stakedao":46.149464658007545,"convex":12.2165270714592,"yearn":22.84976}