{"stakedao":58.634467826276286,"convex":17.084353069152,"yearn":35.8699}