{"stakedao":48.1340445993032,"convex":21.1274376363936,"yearn":42.19701}