{"stakedao":43.14439668990854,"convex":26.4825179657424,"yearn":26.48725}