{"stakedao":38.752131932923106,"convex":17.6021653212288,"yearn":29.43448}