{"stakedao":50.77743729662701,"convex":24.904570500000002,"yearn":38.23717}