{"stakedao":51.18447061079911,"convex":25.249984831497603,"yearn":30.84255}