{"stakedao":52.52686664261874,"convex":11.2804207256592,"yearn":17.29319}