{"stakedao":44.645713719956156,"convex":22.1430341662128,"yearn":47.65678}