{"stakedao":78.27245445072725,"convex":21.0014456399136,"yearn":33.63023}