{"stakedao":34.12526495082819,"convex":18.0549695782656,"yearn":29.43448}