{"stakedao":40.419671863916015,"convex":16.54000080696,"yearn":33.6697}