{"stakedao":41.772087551103404,"convex":13.794800641516801,"yearn":16.06681}