{"stakedao":66.34140424860036,"convex":20.481030964583997,"yearn":42.8914}