{"stakedao":53.13686347211804,"convex":13.631735191492801,"yearn":32.8675}