{"stakedao":40.600647173409904,"convex":16.0163703804816,"yearn":34.11487}