{"stakedao":52.78723651987048,"convex":11.2923292049136,"yearn":16.24884}