{"stakedao":45.377375048045565,"convex":20.519740900008,"yearn":45.36287}