{"stakedao":66.61404193725355,"convex":21.3750485227728,"yearn":31.68482}