{"stakedao":47.3850256993328,"convex":8.982104258073601,"yearn":29.66383}