{"stakedao":42.5633778918761,"convex":15.276840373094402,"yearn":18.39044}