{"stakedao":51.00015486548272,"convex":25.4752684790112,"yearn":29.47114}