{"stakedao":75.76946575617579,"convex":20.2883725547424,"yearn":0}