{"stakedao":44.62767369223751,"convex":22.5203948882928,"yearn":30.51509}