{"stakedao":69.51340862949141,"convex":18.4835580504624,"yearn":30.01492}