{"stakedao":40.66601117800867,"convex":19.1066906623104,"yearn":28.76108}