{"stakedao":28.944652059201445,"convex":15.765528649824002,"yearn":25.81229}