{"stakedao":51.74339930248011,"convex":13.8093413550048,"yearn":27.9006}