{"stakedao":53.00167548131212,"convex":14.141337884827198,"yearn":22.4577}