{"stakedao":45.497685240086454,"convex":20.919222981331203,"yearn":41.72775}