{"stakedao":49.40992062808619,"convex":27.799468705166397,"yearn":27.50421}