{"stakedao":41.18471669774081,"convex":17.1925351254,"yearn":29.81134}