{"stakedao":49.93033832191717,"convex":27.7997700001104,"yearn":27.42962}