{"stakedao":44.89830930848936,"convex":22.7004441678,"yearn":47.7863}