{"stakedao":43.14633231353699,"convex":19.5329102511024,"yearn":42.38179}