{"stakedao":52.317332148577336,"convex":17.2094842999728,"yearn":37.78906}