{"stakedao":44.721078582133615,"convex":23.224337982950402,"yearn":36.47906}