{"stakedao":62.95906170155493,"convex":19.1397218912928,"yearn":46.115}