{"stakedao":54.88247469397186,"convex":10.4931715121424,"yearn":16.3419}