{"stakedao":41.625467453819,"convex":13.8021822099648,"yearn":15.90631}