{"stakedao":40.2563067826904,"convex":16.2419823051408,"yearn":34.83943}