{"stakedao":54.59282042025222,"convex":12.2111817541488,"yearn":15.72413}