{"stakedao":41.30793299021617,"convex":14.744311417728,"yearn":20.81928}