{"stakedao":58.046821638895715,"convex":12.092120957347198,"yearn":13.98965}