{"stakedao":44.153336380135045,"convex":23.772064978728,"yearn":33.70896}