{"stakedao":64.63757121630618,"convex":12.642573593836799,"yearn":47.02043}