{"stakedao":46.75651797845675,"convex":32.3470200506256,"yearn":27.22327}