{"stakedao":49.56835134964072,"convex":22.3663707022464,"yearn":38.9193}