{"stakedao":55.46006480816716,"convex":10.6626345254208,"yearn":16.19977}