{"stakedao":56.73307318733515,"convex":30.999095257492797,"yearn":46.48687}