{"stakedao":40.56390102920743,"convex":18.8777289427344,"yearn":29.24838}