{"stakedao":51.02050619159891,"convex":29.4070897146672,"yearn":37.14197}