{"stakedao":52.071848804378405,"convex":25.8274546745472,"yearn":35.17924}