{"stakedao":55.43698062427168,"convex":11.8216031909616,"yearn":17.75457}