{"stakedao":40.62110123062342,"convex":19.1321712993456,"yearn":28.76108}