{"stakedao":39.56239850055225,"convex":15.7111838152416,"yearn":32.45268}