{"stakedao":58.154767618973615,"convex":12.075307141593598,"yearn":14.33754}