{"stakedao":55.30651507380306,"convex":12.269466958319999,"yearn":24.87155}