{"stakedao":48.68531721305311,"convex":31.333042074470402,"yearn":27.29156}