{"stakedao":39.21629749067784,"convex":16.312789187164796,"yearn":27.95499}