{"stakedao":45.809487926706,"convex":22.089691447948802,"yearn":39.22661}