{"stakedao":41.57188107787224,"convex":13.8545202669552,"yearn":15.43413}