{"stakedao":46.34016144657186,"convex":10.6273201468032,"yearn":25.76852}