{"stakedao":53.16468563984995,"convex":11.283270895728002,"yearn":16.69444}