{"stakedao":54.444235319176315,"convex":11.722041752601601,"yearn":16.49704}