{"stakedao":43.38564208331305,"convex":13.699928363529601,"yearn":16.77492}