{"stakedao":55.76697671969896,"convex":10.5323617093104,"yearn":21.69608}