{"stakedao":54.09837133434747,"convex":11.733494126687999,"yearn":27.71632}