{"stakedao":39.482575958719885,"convex":15.524160696230403,"yearn":30.92808}