{"stakedao":38.82292129256892,"convex":15.959483328024,"yearn":27.8517}