{"stakedao":39.405057853374046,"convex":16.8965020292256,"yearn":26.37045}