{"stakedao":47.61216378036475,"convex":22.9789867329648,"yearn":39.15764}