{"stakedao":48.95462464043343,"convex":17.533878591340798,"yearn":18.13044}