{"stakedao":46.24182835844785,"convex":20.2724940210624,"yearn":42.55012}