{"stakedao":52.96031510008443,"convex":24.297518599127997,"yearn":37.39299}