{"stakedao":45.98584826250561,"convex":10.707469858958401,"yearn":27.28296}