{"stakedao":41.04783481594756,"convex":20.8448371070496,"yearn":26.26205}