{"stakedao":49.63608687962848,"convex":11.079931986936,"yearn":37.81676}