{"stakedao":47.7486804666524,"convex":29.2231329292368,"yearn":36.26713}