{"stakedao":44.59965173860074,"convex":13.9174018998912,"yearn":19.24876}