{"stakedao":69.78647660481904,"convex":23.6121917949936,"yearn":36.61276}