{"stakedao":55.878277078854794,"convex":11.6036110198512,"yearn":13.92547}