{"stakedao":39.00154969054734,"convex":16.059234026534398,"yearn":27.64107}