{"stakedao":39.557345207679006,"convex":15.4623626844048,"yearn":25.60773}