{"stakedao":50.64795052842429,"convex":9.9698079874464,"yearn":17.21067}