{"stakedao":57.64427234134257,"convex":24.3456553040544,"yearn":38.89444}