{"stakedao":47.11196720833083,"convex":26.0210550300192,"yearn":28.04044}