{"stakedao":43.29955011874573,"convex":28.563302832883203,"yearn":26.72086}