{"stakedao":64.45369560926555,"convex":18.6607906479792,"yearn":33.06815}