{"stakedao":42.493227081809756,"convex":13.2622546472496,"yearn":17.78072}