{"stakedao":42.36771625292718,"convex":15.330530539238401,"yearn":14.6171}