{"stakedao":56.930960393961186,"convex":12.292915497508801,"yearn":23.63252}