{"stakedao":41.095338478702566,"convex":20.8506622950576,"yearn":26.12188}