{"stakedao":42.43886139012298,"convex":20.707154712216003,"yearn":30.244}