{"stakedao":42.436751925470126,"convex":21.0541505047344,"yearn":33.43736}