{"stakedao":59.39858505001434,"convex":16.906124987337602,"yearn":36.80016}