{"stakedao":49.86540148200409,"convex":13.508283659486402,"yearn":17.29717}