{"stakedao":62.47740793580639,"convex":19.1316514788432,"yearn":49.0982}