{"stakedao":46.41864492885977,"convex":21.5741333796912,"yearn":42.19701}