{"stakedao":39.62751626904706,"convex":14.8623928861248,"yearn":21.61325}