{"stakedao":39.02621745413462,"convex":16.3668773880864,"yearn":26.89144}