{"stakedao":39.263674542639485,"convex":16.3733129175312,"yearn":27.95499}