{"stakedao":62.77340038681103,"convex":19.0307147302944,"yearn":46.8463}