{"stakedao":38.96904416744496,"convex":15.9672427513632,"yearn":27.38954}