{"stakedao":44.003189455059896,"convex":14.190163632432,"yearn":19.41502}