{"stakedao":45.530468409161436,"convex":20.530997091792,"yearn":43.75271}