{"stakedao":39.30829853809156,"convex":16.3816845650064,"yearn":27.95499}