{"stakedao":47.22170903907521,"convex":14.3232734207952,"yearn":17.96013}