{"stakedao":42.170717933294384,"convex":14.2141264953984,"yearn":17.20916}