{"stakedao":42.42937565063315,"convex":13.2274245764448,"yearn":17.36865}