{"stakedao":64.42031580683224,"convex":20.2821787708128,"yearn":31.85461}