{"stakedao":52.22631485135672,"convex":11.2787720393472,"yearn":16.70875}