{"stakedao":48.32538039970922,"convex":31.3446980765088,"yearn":29.83421}