{"stakedao":49.05993866463673,"convex":11.079442680667201,"yearn":37.91737}