{"stakedao":47.673582412814575,"convex":22.980697381209602,"yearn":50.20835}