{"stakedao":43.15310774659215,"convex":25.1198531074512,"yearn":30.92689}