{"stakedao":41.50479492893054,"convex":20.699793680011204,"yearn":29.7156}