{"stakedao":38.88560457483973,"convex":15.9661858380912,"yearn":27.76016}