{"stakedao":42.96751918598902,"convex":13.699928363529601,"yearn":16.70792}