{"stakedao":40.61639588762562,"convex":17.2188299273472,"yearn":31.48174}