{"stakedao":45.54119528547526,"convex":31.083950285913602,"yearn":48.64388}