{"stakedao":42.62873679516687,"convex":24.9295818876624,"yearn":26.63618}