{"stakedao":39.36930763933103,"convex":15.741303388416,"yearn":25.17394}