{"stakedao":46.5814288077661,"convex":8.9912103726816,"yearn":27.73533}