{"stakedao":45.856174204937744,"convex":20.1492932664816,"yearn":42.38874}