{"stakedao":47.53724676298692,"convex":22.8198785621328,"yearn":0}