{"stakedao":41.04227323401574,"convex":21.706621662873598,"yearn":26.46743}