{"stakedao":48.337375707612324,"convex":10.9951590372624,"yearn":36.03631}