{"stakedao":40.94397203474015,"convex":17.240244552215998,"yearn":31.93138}