{"stakedao":47.19799163731585,"convex":14.3232734207952,"yearn":17.96013}