{"stakedao":51.13708928151927,"convex":25.3893229199424,"yearn":29.7314}