{"stakedao":51.38373653231532,"convex":13.7582641167552,"yearn":16.86168}