{"stakedao":43.97991725765775,"convex":22.4978447813616,"yearn":31.13412}