{"stakedao":81.83505630039178,"convex":25.055378897054403,"yearn":41.70076}