{"stakedao":46.551007543770794,"convex":32.3009535138048,"yearn":27.15065}