{"stakedao":51.92089465061625,"convex":13.704136357075202,"yearn":19.88076}