{"stakedao":45.64533422208351,"convex":22.9403416008672,"yearn":32.92284}