{"stakedao":46.36695606279709,"convex":22.173949332748798,"yearn":40.18512}