{"stakedao":61.918087043045716,"convex":19.0084154007888,"yearn":49.05331}