{"stakedao":50.86625160170421,"convex":12.180554760427201,"yearn":25.3607}