{"stakedao":44.23802110330449,"convex":23.1596811791136,"yearn":35.16683}