{"stakedao":56.4604239324415,"convex":12.378816247075198,"yearn":14.14151}