{"stakedao":55.63390047441979,"convex":10.5292593647712,"yearn":16.5157}