{"stakedao":67.31105432336963,"convex":20.0988743863824,"yearn":31.93838}