{"stakedao":43.58007504269976,"convex":12.0753360033408,"yearn":22.72018}