{"stakedao":42.53447915586294,"convex":21.0896557896816,"yearn":30.06267}