{"stakedao":46.732370070321544,"convex":12.2101279345584,"yearn":23.78283}