{"stakedao":57.98452499852476,"convex":12.5194810266576,"yearn":15.34034}