{"stakedao":49.67515749361175,"convex":22.8949564781664,"yearn":32.54496}