{"stakedao":44.454454605956556,"convex":22.5598740750576,"yearn":29.71217}