{"stakedao":42.773626883725875,"convex":13.699928363529601,"yearn":16.68147}