{"stakedao":41.40470737954087,"convex":17.522099743968,"yearn":32.36921}