{"stakedao":40.08306075695594,"convex":13.154563808352,"yearn":17.67366}