{"stakedao":39.36745360898143,"convex":15.7413668356944,"yearn":25.09305}