{"stakedao":42.918292938074885,"convex":28.5888954700224,"yearn":26.53462}