{"stakedao":38.981640743537774,"convex":16.3722573130032,"yearn":27.95499}