{"stakedao":41.11633163098025,"convex":14.8065416304336,"yearn":20.89144}