{"stakedao":64.35846843884595,"convex":12.443395030847999,"yearn":47.09498}