{"stakedao":50.01572287063098,"convex":17.445879202968,"yearn":19.27999}