{"stakedao":47.98427346056103,"convex":11.1658598700768,"yearn":32.36922}