{"stakedao":44.20188062931539,"convex":22.5225897655104,"yearn":30.68399}