{"stakedao":37.57643373688205,"convex":14.0882421123648,"yearn":26.30311}