{"stakedao":42.33815831311421,"convex":13.1915606577984,"yearn":15.59361}