{"stakedao":38.645179696401264,"convex":17.602160439456,"yearn":29.43448}