{"stakedao":46.53005428926365,"convex":11.1658598700768,"yearn":32.34197}