{"stakedao":44.5884515695831,"convex":22.128883704417603,"yearn":44.1989}