{"stakedao":47.817907347404926,"convex":21.1225639904208,"yearn":42.19701}