{"stakedao":49.23836812244517,"convex":22.470159762158396,"yearn":34.56538}