{"stakedao":45.59908821738577,"convex":20.574530278660802,"yearn":45.6528}