{"stakedao":49.89092896101704,"convex":16.8146694047376,"yearn":20.17921}