{"stakedao":51.489501093168876,"convex":25.157924609169598,"yearn":32.24317}