{"stakedao":48.741314717615396,"convex":29.322086091768,"yearn":37.03491}