{"stakedao":53.03266654386169,"convex":11.2837471271712,"yearn":16.78913}