{"stakedao":41.09688424007409,"convex":20.9262064676976,"yearn":0}