{"stakedao":38.932870267981336,"convex":18.1141594367472,"yearn":29.43448}