{"stakedao":71.8614395409991,"convex":20.262138551049603,"yearn":32.51147}