{"stakedao":57.81769924577476,"convex":17.084353069152,"yearn":35.82811}