{"stakedao":40.723378134443976,"convex":18.8782112953152,"yearn":29.24838}