{"stakedao":51.46282375511892,"convex":13.7582637824736,"yearn":16.86168}