{"stakedao":52.240161208897725,"convex":26.718529245912002,"yearn":28.36565}