{"stakedao":41.40150411002027,"convex":14.8057415621136,"yearn":21.31514}