{"stakedao":49.28078596922715,"convex":22.33166249916,"yearn":38.51583}