{"stakedao":48.99847590831994,"convex":23.2888893146352,"yearn":29.97243}