{"stakedao":42.07418825616644,"convex":22.724272772553597,"yearn":25.72797}