{"stakedao":45.61430894245057,"convex":22.9152899228112,"yearn":32.87769}