{"stakedao":41.845438620716884,"convex":20.7011670192,"yearn":25.64753}