{"stakedao":39.518181462920765,"convex":15.417269963496,"yearn":25.60773}