{"stakedao":50.66923829232353,"convex":24.9046347798288,"yearn":38.09102}