{"stakedao":44.252251713609354,"convex":23.8657728277584,"yearn":34.28205}