{"stakedao":43.57240057510996,"convex":19.5542087888016,"yearn":43.9924}