{"stakedao":56.909106020753484,"convex":30.5605060290576,"yearn":40.91213}