{"stakedao":46.879458697293664,"convex":32.391263907561594,"yearn":26.90238}