{"stakedao":49.05412702140552,"convex":21.832522838827202,"yearn":39.5942}