{"stakedao":55.02082380355497,"convex":9.8096204844,"yearn":20.40836}