{"stakedao":44.70698112277212,"convex":22.1277311298432,"yearn":46.86676}