{"stakedao":44.44757676747941,"convex":22.605593829408,"yearn":49.23747}