{"stakedao":45.58098493628202,"convex":13.2217442364384,"yearn":24.75255}