{"stakedao":67.96119748142186,"convex":23.63276335536,"yearn":36.18087}