{"stakedao":28.930713904031435,"convex":15.777748950739202,"yearn":24.21534}