{"stakedao":38.64898975628488,"convex":16.42301801496,"yearn":29.43448}