{"stakedao":39.5263351741325,"convex":15.563738584368,"yearn":26.67058}