{"stakedao":44.902600960467026,"convex":10.7243498277792,"yearn":25.65945}