{"stakedao":42.47284483222977,"convex":14.217723207734402,"yearn":17.30648}