{"stakedao":47.71540787107146,"convex":21.118580760254403,"yearn":42.19701}