{"stakedao":55.4015016223135,"convex":10.1860416670464,"yearn":21.239}