{"stakedao":56.758372970154966,"convex":30.498644380737602,"yearn":41.27774}