{"stakedao":63.02830676370632,"convex":19.1342726281728,"yearn":46.115}