{"stakedao":43.184371760786334,"convex":26.545569101524798,"yearn":26.15351}