{"stakedao":41.22684518713605,"convex":13.850454084494398,"yearn":21.35799}