{"stakedao":41.32070642066144,"convex":13.227320857694401,"yearn":16.14924}