{"stakedao":41.407970614347214,"convex":14.743872953798402,"yearn":20.89596}