{"stakedao":56.2959415318135,"convex":12.2539029520896,"yearn":25.97828}