{"stakedao":40.82978911435654,"convex":17.259121648612798,"yearn":30.80596}