{"stakedao":40.66156240934126,"convex":20.8558016949024,"yearn":26.95987}