{"stakedao":64.22694327634952,"convex":20.224477074096,"yearn":46.61339}