{"stakedao":44.525413053765554,"convex":19.6416903655152,"yearn":43.29967}