{"stakedao":49.38781622014029,"convex":31.275943803345605,"yearn":27.57817}