{"stakedao":38.8927115172227,"convex":16.412758143177598,"yearn":27.95499}