{"stakedao":50.80348544777058,"convex":21.0781656575424,"yearn":42.19701}