{"stakedao":41.85793756267367,"convex":17.498465104536,"yearn":33.55317}