{"stakedao":42.334589901190995,"convex":22.3424785839888,"yearn":25.94319}