{"stakedao":28.927666970338556,"convex":15.777748950739202,"yearn":24.21534}