{"stakedao":57.15026891896095,"convex":31.147206506611198,"yearn":43.10598}