{"stakedao":49.17732487248831,"convex":21.7984484336544,"yearn":40.35825}