{"stakedao":38.72800211788758,"convex":16.408946446776,"yearn":27.95499}