{"stakedao":39.018006276044446,"convex":16.0558255178928,"yearn":27.64107}