{"stakedao":46.50230530933089,"convex":28.3695158063664,"yearn":31.9412}