{"stakedao":52.47946435358609,"convex":26.723416669963203,"yearn":28.18359}