{"stakedao":51.22737951907705,"convex":25.3918816689888,"yearn":29.7314}