{"stakedao":51.36989304635435,"convex":9.6296495970816,"yearn":18.77664}