{"stakedao":50.34019457198599,"convex":22.3041644821296,"yearn":34.56538}