{"stakedao":43.62113482512839,"convex":26.7692224229856,"yearn":26.94773}