{"stakedao":56.17841996287771,"convex":12.376498357382399,"yearn":16.74229}