{"stakedao":50.732023426669585,"convex":25.4490852167424,"yearn":29.64455}