{"stakedao":53.24247139730744,"convex":24.3505914890688,"yearn":37.70068}