{"stakedao":64.6410328355522,"convex":19.0184290205616,"yearn":41.94741}