{"stakedao":64.84977972863015,"convex":18.967498913519997,"yearn":42.51575}