{"stakedao":64.56595525351582,"convex":18.179990174491202,"yearn":31.87698}