{"stakedao":52.36156220753051,"convex":11.931157261886401,"yearn":24.88641}