{"stakedao":49.13025868634074,"convex":22.8937755306528,"yearn":34.12886}