{"stakedao":41.351727663182444,"convex":20.627605063915198,"yearn":24.23434}