{"stakedao":38.99186799332545,"convex":16.0584627884256,"yearn":27.64107}