{"stakedao":44.45213242740206,"convex":22.605593829408,"yearn":49.14922}