{"stakedao":49.01805263997018,"convex":21.8320079694768,"yearn":39.13573}