{"stakedao":38.68074779588341,"convex":17.6017041198432,"yearn":29.43448}