{"stakedao":53.71328988766262,"convex":15.943801897497599,"yearn":23.59212}