{"stakedao":44.639494272381256,"convex":22.1895001411632,"yearn":47.83189}