{"stakedao":57.93044483247044,"convex":12.1959268070256,"yearn":14.86222}