{"stakedao":45.05230547661809,"convex":12.100492005638399,"yearn":23.33808}