{"stakedao":40.77467461275735,"convex":17.234107451092804,"yearn":30.89796}