{"stakedao":39.55036874142544,"convex":15.4623626844048,"yearn":25.60773}