{"stakedao":40.89982854272885,"convex":21.7539609075072,"yearn":27.8876}