{"stakedao":72.59541945422873,"convex":24.4230468240384,"yearn":43.63658}