{"stakedao":80.32811430145065,"convex":21.0949572782592,"yearn":33.63023}