{"stakedao":45.791910267708516,"convex":10.7131976574912,"yearn":26.94908}