{"stakedao":55.48309172990436,"convex":11.404290595320001,"yearn":15.40302}