{"stakedao":44.48676824808509,"convex":12.0916108026288,"yearn":23.33808}