{"stakedao":62.36113328190655,"convex":19.75965627024,"yearn":40.56205}