{"stakedao":48.98057646817266,"convex":22.7247227818128,"yearn":34.56538}