{"stakedao":44.01183666995846,"convex":14.189235695092801,"yearn":19.41502}