{"stakedao":42.64833712270694,"convex":12.199006294272,"yearn":18.5713}