{"stakedao":43.20811516196703,"convex":14.8382038721952,"yearn":17.9578}