{"stakedao":43.0897781934584,"convex":22.3183165491072,"yearn":28.1515}