{"stakedao":44.2785226605702,"convex":19.5603986528064,"yearn":42.90055}