{"stakedao":42.609760050811985,"convex":13.2648300725328,"yearn":17.36604}