{"stakedao":53.353146885424444,"convex":15.9399867289824,"yearn":23.95283}