{"stakedao":39.01418106198163,"convex":15.964108555464001,"yearn":27.27203}