{"stakedao":42.241710208963866,"convex":13.189491331704,"yearn":17.31711}