{"stakedao":44.32725936182681,"convex":19.5603986528064,"yearn":42.90055}