{"stakedao":40.102610779066794,"convex":13.143028459896,"yearn":17.50049}