{"stakedao":42.87522995748321,"convex":13.21611145272,"yearn":16.94724}