{"stakedao":43.26860182003558,"convex":19.5688779421104,"yearn":42.69307}