{"stakedao":45.45717734078914,"convex":22.0220993867616,"yearn":40.75247}