{"stakedao":28.97969055283901,"convex":15.7784931498816,"yearn":24.09579}