{"stakedao":66.79104649739682,"convex":20.4628702115808,"yearn":43.29849}