{"stakedao":40.516243925180376,"convex":16.240165093598403,"yearn":34.51546}