{"stakedao":42.48827493514984,"convex":21.0541505047344,"yearn":33.30111}