{"stakedao":54.51590799226476,"convex":26.8130616825024,"yearn":29.30249}