{"stakedao":62.408240838883884,"convex":19.1122562995776,"yearn":47.32306}