{"stakedao":46.17237142784875,"convex":28.3785449573664,"yearn":28.96081}