{"stakedao":48.34693272687709,"convex":10.9881862447536,"yearn":35.61219}