{"stakedao":43.25936720654129,"convex":14.8382038721952,"yearn":17.9578}