{"stakedao":40.774619896021676,"convex":17.2047794252112,"yearn":31.47977}