{"stakedao":39.213042855015075,"convex":16.0626318791616,"yearn":26.79239}