{"stakedao":41.44236118992792,"convex":20.6869449990672,"yearn":23.74228}