{"stakedao":43.55255115266519,"convex":12.374748011620799,"yearn":20.07543}