{"stakedao":40.71723924019914,"convex":19.094488538745598,"yearn":28.92373}