{"stakedao":53.055538290180145,"convex":26.7235200418176,"yearn":28.13794}