{"stakedao":39.27864748601579,"convex":16.062683374296,"yearn":26.79239}