{"stakedao":55.45440138859627,"convex":11.313933641812799,"yearn":15.45494}