{"stakedao":51.10801522846959,"convex":25.168889941272,"yearn":31.89317}