{"stakedao":56.57292060702601,"convex":30.9464939442816,"yearn":44.05528}