{"stakedao":45.38597633182353,"convex":20.4689821406688,"yearn":47.57023}