{"stakedao":48.10763669762568,"convex":23.153444884655997,"yearn":29.97243}