{"stakedao":54.91327269642408,"convex":10.7685059357952,"yearn":16.07109}