{"stakedao":42.73880133396146,"convex":15.2782194896784,"yearn":17.84256}