{"stakedao":74.76471891204977,"convex":20.2436555852736,"yearn":32.11785}