{"stakedao":56.80335347696627,"convex":30.461582567131202,"yearn":42.00898}