{"stakedao":28.929450655933998,"convex":15.778581362380798,"yearn":24.21534}