{"stakedao":40.71970750549503,"convex":16.688287657987203,"yearn":34.95544}