{"stakedao":41.67423044202395,"convex":15.3413864445744,"yearn":14.94948}