{"stakedao":37.68383071488576,"convex":14.105978532720002,"yearn":25.58358}