{"stakedao":45.72405040158919,"convex":22.041332720121602,"yearn":42.30726}