{"stakedao":78.5012083901716,"convex":24.781860486576,"yearn":40.74141}