{"stakedao":43.407896386101726,"convex":19.532236203792,"yearn":42.01814}