{"stakedao":39.26068677517479,"convex":16.4599394397552,"yearn":26.46188}