{"stakedao":55.702843730510565,"convex":12.173299960392,"yearn":15.57712}