{"stakedao":43.05640920221791,"convex":16.4597343264576,"yearn":18.40543}