{"stakedao":55.2933570853713,"convex":11.405933715528,"yearn":14.68772}