{"stakedao":54.52072083770728,"convex":10.6310161470816,"yearn":23.44511}