{"stakedao":47.65700044007937,"convex":11.0028623328288,"yearn":34.82907}