{"stakedao":45.1344448703919,"convex":9.244272751775998,"yearn":25.44211}