{"stakedao":63.547049356452085,"convex":20.2128279815952,"yearn":37.94986}