{"stakedao":47.585484308059726,"convex":10.1825050875552,"yearn":18.69509}