{"stakedao":47.6477634582508,"convex":22.982205139444797,"yearn":50.20835}