{"stakedao":47.62062724623323,"convex":11.003518013572801,"yearn":34.7378}