{"stakedao":45.588563662595064,"convex":10.72253139264,"yearn":26.46029}