{"stakedao":45.52243112182725,"convex":20.848413929630397,"yearn":43.15665}