{"stakedao":64.81017862431439,"convex":18.5890263077664,"yearn":32.25871}