{"stakedao":81.33031851249746,"convex":26.0560445216112,"yearn":41.16868}