{"stakedao":39.21711342634946,"convex":16.2631136894256,"yearn":27.95499}