{"stakedao":44.36686971232359,"convex":23.222046564575997,"yearn":36.1101}