{"stakedao":52.826882909510054,"convex":26.9841673271808,"yearn":28.45663}