{"stakedao":56.754284279569454,"convex":12.217214073758399,"yearn":17.50321}