{"stakedao":52.809477599710355,"convex":26.7235200418176,"yearn":28.13794}