{"stakedao":51.69219623318632,"convex":12.209375094552,"yearn":25.16539}