{"stakedao":52.854685978866335,"convex":14.262987780921602,"yearn":22.07666}