{"stakedao":39.895961489635624,"convex":13.135795088572802,"yearn":17.82447}