{"stakedao":53.22005734199924,"convex":28.080262940731203,"yearn":30.26272}