{"stakedao":43.06353203656698,"convex":25.4102289826608,"yearn":30.24299}