{"stakedao":52.36463493575379,"convex":25.428417089990397,"yearn":28.62304}