{"stakedao":47.56307067366409,"convex":10.1884428149328,"yearn":17.73421}