{"stakedao":42.7004306918375,"convex":25.3681157735712,"yearn":29.55465}