{"stakedao":42.79688731906913,"convex":16.4598548318208,"yearn":18.50448}