{"stakedao":70.281385203806,"convex":21.208214088705603,"yearn":32.95167}