{"stakedao":43.35279792283497,"convex":12.3448151788704,"yearn":19.09871}