{"stakedao":37.62893115503626,"convex":14.1597002096352,"yearn":24.83439}