{"stakedao":41.16822023805778,"convex":19.123254908467203,"yearn":30.22881}