{"stakedao":54.420174677151444,"convex":11.722041752601601,"yearn":16.52299}