{"stakedao":45.592444152442255,"convex":22.7662035048864,"yearn":30.57688}