{"stakedao":44.664440591563995,"convex":22.1272648763904,"yearn":46.95484}