{"stakedao":44.46460150861566,"convex":22.558266634680002,"yearn":29.99593}