{"stakedao":41.23912377932131,"convex":21.6960154185888,"yearn":26.09645}