{"stakedao":48.52386696831444,"convex":29.3372603603424,"yearn":35.90675}