{"stakedao":56.65576624608293,"convex":12.2730193878048,"yearn":23.25327}