{"stakedao":37.55254794219682,"convex":24.3077997009456,"yearn":29.81854}