{"stakedao":42.95887695024716,"convex":28.587713882328003,"yearn":27.60557}