{"stakedao":53.192528326622984,"convex":25.749027193809603,"yearn":33.12608}