{"stakedao":41.93876069876405,"convex":13.267481657255999,"yearn":18.33758}