{"stakedao":44.12795675950407,"convex":19.5635654821584,"yearn":43.84268}