{"stakedao":55.31369777538181,"convex":10.443547235174401,"yearn":14.00154}