{"stakedao":45.45310481947298,"convex":22.956828555441604,"yearn":32.41659}