{"stakedao":37.56386104329961,"convex":24.315383916575996,"yearn":29.52599}