{"stakedao":65.63217789372516,"convex":20.3851276927632,"yearn":42.42153}