{"stakedao":37.636787253426334,"convex":14.1391054797696,"yearn":26.53698}