{"stakedao":55.08942318573384,"convex":11.821275030499201,"yearn":17.83603}