{"stakedao":64.147583988157,"convex":20.245091539190398,"yearn":46.42777}