{"stakedao":45.62551348411258,"convex":31.052068752268802,"yearn":49.04505}