{"stakedao":48.5177442232889,"convex":12.203837688312,"yearn":22.63036}