{"stakedao":55.625289482550805,"convex":11.3498377278624,"yearn":22.69781}