{"stakedao":41.59480273514609,"convex":18.1584268826112,"yearn":31.46773}