{"stakedao":46.36569465269382,"convex":12.1923487703088,"yearn":22.64986}