{"stakedao":45.65701224857703,"convex":20.859055976735995,"yearn":42.88568}