{"stakedao":45.50804616816875,"convex":10.618243291296,"yearn":26.41206}