{"stakedao":62.01471575422605,"convex":19.738822850697602,"yearn":41.70717}