{"stakedao":44.41971931591055,"convex":19.5853512195216,"yearn":41.25124}