{"stakedao":66.11376587340054,"convex":20.5485435771264,"yearn":42.59459}