{"stakedao":41.728083095819436,"convex":21.541549592937603,"yearn":26.04159}