{"stakedao":37.52366287727606,"convex":24.3312250611744,"yearn":29.41644}