{"stakedao":39.30425242987877,"convex":16.4604662360208,"yearn":26.42038}