{"stakedao":39.60322206752521,"convex":15.693191688384001,"yearn":25.60773}