{"stakedao":43.668437903896866,"convex":15.285692074176,"yearn":15.28706}