{"stakedao":53.008008384980315,"convex":24.2434738611216,"yearn":37.67261}