{"stakedao":40.66645859651405,"convex":19.9834961366016,"yearn":29.44876}