{"stakedao":42.48334911068695,"convex":21.1218565212576,"yearn":29.26042}