{"stakedao":67.23208735321182,"convex":19.6075301445792,"yearn":40.8255}