{"stakedao":55.812887504900914,"convex":11.3128961862528,"yearn":15.45328}