{"stakedao":52.93790044292321,"convex":11.2918711634352,"yearn":16.34077}