{"stakedao":43.37147341436836,"convex":25.133007911500798,"yearn":28.55089}