{"stakedao":39.16613664487346,"convex":16.395036689808002,"yearn":27.42419}