{"stakedao":43.68527062181968,"convex":26.830703113272,"yearn":25.91324}