{"stakedao":38.71653490843717,"convex":18.0627331138992,"yearn":29.43448}