{"stakedao":61.97951331046277,"convex":19.1141753976288,"yearn":47.32306}