{"stakedao":52.835199165156126,"convex":27.998071900142403,"yearn":31.20131}