{"stakedao":45.823065054474874,"convex":23.323565496067197,"yearn":30.45837}