{"stakedao":42.275202053734056,"convex":13.7947412560752,"yearn":16.25377}