{"stakedao":44.40228255670837,"convex":22.6116662659632,"yearn":30.45875}