{"stakedao":49.09513789517671,"convex":29.126180691216,"yearn":34.65958}