{"stakedao":37.6767937620749,"convex":23.5202535097632,"yearn":30.11135}