{"stakedao":48.62586664042993,"convex":11.1610172807568,"yearn":32.42492}