{"stakedao":57.0311221530752,"convex":30.5605060290576,"yearn":40.91213}