{"stakedao":45.88160561264259,"convex":22.0675303218096,"yearn":39.53016}