{"stakedao":45.62657599855892,"convex":22.0406556831984,"yearn":42.12028}