{"stakedao":43.466528931826964,"convex":19.5570415636128,"yearn":42.95325}