{"stakedao":47.15132784253366,"convex":32.325018219129596,"yearn":27.43857}