{"stakedao":55.11047823437306,"convex":10.5333234217056,"yearn":22.3599}