{"stakedao":53.40364289429155,"convex":13.610300153371199,"yearn":32.53125}