{"stakedao":43.640749312679105,"convex":28.771248252499202,"yearn":25.91884}