{"stakedao":40.915859679122434,"convex":17.215310471903997,"yearn":31.84128}