{"stakedao":41.24652792236669,"convex":21.509513952321598,"yearn":25.85871}