{"stakedao":40.61197990386693,"convex":17.2002494396448,"yearn":30.87309}