{"stakedao":39.205092515066006,"convex":16.469686627632,"yearn":26.50087}