{"stakedao":53.55642619612705,"convex":26.735412576470402,"yearn":28.04711}