{"stakedao":39.687527124782115,"convex":14.714512786425601,"yearn":19.76123}