{"stakedao":40.89940510322786,"convex":17.2480431243456,"yearn":30.32493}