{"stakedao":41.09230072665019,"convex":20.9311142419296,"yearn":23.75308}