{"stakedao":42.5230477596347,"convex":21.09433784184,"yearn":29.5983}