{"stakedao":47.67404809918778,"convex":29.2813027305696,"yearn":35.35578}