{"stakedao":46.73826935272132,"convex":14.332126370702401,"yearn":18.24856}