{"stakedao":68.74455477221142,"convex":23.5307666850048,"yearn":36.18087}