{"stakedao":39.36343166561009,"convex":15.5205627697584,"yearn":31.06116}