{"stakedao":39.5191278984491,"convex":15.693177087216,"yearn":25.60773}