{"stakedao":49.90660585643931,"convex":11.0939576418576,"yearn":37.48255}