{"stakedao":43.691450277894575,"convex":19.6145167214736,"yearn":41.53394}