{"stakedao":51.57610019779964,"convex":13.835263256366401,"yearn":27.9006}