{"stakedao":41.55122497807931,"convex":13.8545202669552,"yearn":15.43413}