{"stakedao":41.35524606679806,"convex":20.6934303522384,"yearn":29.08396}