{"stakedao":63.7523546253174,"convex":20.1698570406096,"yearn":38.77827}