{"stakedao":46.490604546933284,"convex":12.2049937886112,"yearn":24.95035}