{"stakedao":51.352228881447616,"convex":25.4720621792016,"yearn":28.97259}