{"stakedao":39.2687695656838,"convex":16.38256284576,"yearn":27.95499}