{"stakedao":27.955543952000568,"convex":13.7410983024768,"yearn":25.81229}