{"stakedao":40.200843964671606,"convex":13.143028459896,"yearn":17.50049}