{"stakedao":43.24831456727465,"convex":19.5329102511024,"yearn":42.28239}