{"stakedao":41.269944895599004,"convex":20.983229386704,"yearn":24.04859}