{"stakedao":54.91736239126485,"convex":10.6449273610128,"yearn":14.82891}