{"stakedao":55.086078039474536,"convex":12.378878921721599,"yearn":16.45086}