{"stakedao":44.71306148566684,"convex":10.6229293863696,"yearn":25.34868}