{"stakedao":56.07614544177581,"convex":10.533673751976,"yearn":16.7339}