{"stakedao":43.2743385072993,"convex":25.1275328677008,"yearn":28.78927}