{"stakedao":52.631689683089974,"convex":11.2804040178864,"yearn":17.05466}