{"stakedao":63.77575223084195,"convex":20.345808081312004,"yearn":37.94986}