{"stakedao":49.95631374265476,"convex":17.474758121519997,"yearn":17.56778}