{"stakedao":41.265938933852084,"convex":21.6960154185888,"yearn":26.17899}