{"stakedao":40.95310579992162,"convex":17.115432998673597,"yearn":30.21915}