{"stakedao":39.018961484290344,"convex":16.3222610342256,"yearn":27.95499}