{"stakedao":41.301927697886846,"convex":21.007105976635202,"yearn":24.61952}