{"stakedao":45.47040715867577,"convex":10.607194278417598,"yearn":27.75412}