{"stakedao":44.11625524330695,"convex":22.4994647604528,"yearn":31.80942}