{"stakedao":78.87058079270147,"convex":21.0426700383792,"yearn":33.63023}