{"stakedao":53.891637436553395,"convex":12.218736991348802,"yearn":15.85826}