{"stakedao":39.766131825573375,"convex":15.605602873502399,"yearn":34.25632}