{"stakedao":51.37505556148819,"convex":12.2093542587168,"yearn":25.16539}