{"stakedao":46.045526851411864,"convex":13.2595282370592,"yearn":26.14641}