{"stakedao":54.64880618545145,"convex":15.8156656895376,"yearn":23.9795}