{"stakedao":56.33006614177069,"convex":31.1177781489456,"yearn":43.54458}