{"stakedao":43.072778923706686,"convex":16.4494377972288,"yearn":18.74906}