{"stakedao":42.2398089585684,"convex":22.74987582288,"yearn":28.96388}