{"stakedao":53.00555087855722,"convex":13.702099314384,"yearn":33.21852}