{"stakedao":51.62442516755591,"convex":13.817429850196799,"yearn":18.04416}