{"stakedao":51.601314613392084,"convex":24.299871279336,"yearn":41.59495}