{"stakedao":56.93846280294583,"convex":11.0143928121264,"yearn":15.52899}