{"stakedao":52.35447488301781,"convex":25.740437020776003,"yearn":32.94763}