{"stakedao":57.012317769730956,"convex":11.6351322736176,"yearn":14.62656}