{"stakedao":42.22078554082891,"convex":22.749832082448,"yearn":28.91759}