{"stakedao":39.98442351899534,"convex":13.0631376583008,"yearn":16.86345}