{"stakedao":44.21790012865455,"convex":23.7714935905584,"yearn":33.86499}