{"stakedao":45.05231429428749,"convex":21.7303606297008,"yearn":50.20835}