{"stakedao":40.30628341282004,"convex":16.1663233225392,"yearn":35.20502}