{"stakedao":41.534009461632806,"convex":14.805435811132801,"yearn":21.40366}