{"stakedao":65.92601979031241,"convex":18.564492788265596,"yearn":42.31411}