{"stakedao":54.338310522107065,"convex":26.8148243209968,"yearn":29.07445}