{"stakedao":63.96125960872238,"convex":20.1219253228368,"yearn":39.28763}