{"stakedao":51.99951234104702,"convex":13.8194064509904,"yearn":27.9006}