{"stakedao":57.01014119334796,"convex":12.2658933871008,"yearn":24.53464}