{"stakedao":45.00664468674317,"convex":20.27249525412,"yearn":42.79677}