{"stakedao":50.03153525264981,"convex":22.6912142617776,"yearn":34.56538}