{"stakedao":47.522688896438716,"convex":22.9855370566032,"yearn":42.39618}