{"stakedao":60.636411729669376,"convex":17.4145847498064,"yearn":35.52699}