{"stakedao":41.46647632916919,"convex":20.6995428142848,"yearn":25.55127}