{"stakedao":43.59342616086531,"convex":26.490100503657597,"yearn":26.6665}