{"stakedao":38.96413406720907,"convex":18.0974058295248,"yearn":29.43448}