{"stakedao":39.16541941095555,"convex":16.389573361632,"yearn":27.95499}