{"stakedao":42.415745635601205,"convex":21.0541505047344,"yearn":33.43736}