{"stakedao":56.42523399149001,"convex":31.0135930126416,"yearn":46.61273}