{"stakedao":42.68909992733238,"convex":24.9366432868704,"yearn":27.03707}