{"stakedao":43.08877408926905,"convex":18.900592116998396,"yearn":28.05114}