{"stakedao":58.87415103577112,"convex":16.9053242473008,"yearn":36.71018}