{"stakedao":47.33656217366949,"convex":21.118580760254403,"yearn":42.19701}