{"stakedao":40.399720082946146,"convex":12.9796861900176,"yearn":16.67119}