{"stakedao":68.99814095799493,"convex":23.521978323979198,"yearn":36.18087}