{"stakedao":55.53809667624003,"convex":11.404290595320001,"yearn":15.37675}