{"stakedao":52.55665556160821,"convex":25.8191834282352,"yearn":32.81947}