{"stakedao":45.047789665787235,"convex":23.1831234489456,"yearn":32.39095}