{"stakedao":37.55605947559278,"convex":15.3404827111152,"yearn":28.14469}