{"stakedao":53.55744882518703,"convex":10.7594389289808,"yearn":24.03404}