{"stakedao":43.92846983616615,"convex":12.3556204626192,"yearn":18.30808}