{"stakedao":38.986924211487285,"convex":15.968765687875202,"yearn":27.80846}