{"stakedao":40.4949321666702,"convex":16.4534845440528,"yearn":18.63893}