{"stakedao":41.291181532357626,"convex":13.734861680044801,"yearn":16.39301}