{"stakedao":62.71151125680665,"convex":19.130033249999997,"yearn":50.20832}