{"stakedao":42.391926919526945,"convex":15.536297016777599,"yearn":17.42087}