{"stakedao":55.850601437543055,"convex":10.4269050225648,"yearn":15.84683}