{"stakedao":51.05918656528327,"convex":29.4070897146672,"yearn":36.99654}