{"stakedao":55.66559109323162,"convex":12.0122018774208,"yearn":15.84199}