{"stakedao":64.18930804940385,"convex":18.611464269528,"yearn":32.0464}