{"stakedao":43.10213179314789,"convex":28.587713882328003,"yearn":26.40563}