{"stakedao":40.795984609728855,"convex":19.152072773323198,"yearn":29.31793}