{"stakedao":65.11417382750008,"convex":19.0167613653456,"yearn":41.94741}