{"stakedao":39.476176169700054,"convex":15.567730956820801,"yearn":30.82348}