{"stakedao":46.734253573726306,"convex":13.2581962731024,"yearn":25.61994}