{"stakedao":43.327124751734345,"convex":14.1765851989872,"yearn":17.07076}