{"stakedao":37.57603925656053,"convex":14.058149966049601,"yearn":25.247}