{"stakedao":40.61442567163708,"convex":16.4659681327248,"yearn":33.86051}