{"stakedao":37.55849210166832,"convex":14.086867836556802,"yearn":26.61149}