{"stakedao":42.38317568982942,"convex":15.538783151030401,"yearn":17.1728}