{"stakedao":48.38015682519048,"convex":12.7004037839856,"yearn":23.21953}