{"stakedao":40.791774178317226,"convex":19.832534017315197,"yearn":27.183}