{"stakedao":55.065567391910086,"convex":10.414810531368,"yearn":15.92623}