{"stakedao":55.124525757842655,"convex":12.283292848449598,"yearn":25.201}