{"stakedao":44.240544883189045,"convex":19.560689868844797,"yearn":42.73854}