{"stakedao":42.56885254250288,"convex":15.703183523088,"yearn":17.11358}