{"stakedao":52.151271810719194,"convex":11.977906594103999,"yearn":24.96854}