{"stakedao":52.27191960426384,"convex":22.8917789928,"yearn":42.19701}