{"stakedao":64.85951959558275,"convex":18.9737979110064,"yearn":42.16513}