{"stakedao":39.510220756540505,"convex":15.6925643017392,"yearn":25.60773}