{"stakedao":52.39084958645592,"convex":10.969006560436801,"yearn":17.57359}