{"stakedao":45.5685762246271,"convex":20.531237096519998,"yearn":43.71334}