{"stakedao":42.467907749113145,"convex":23.0978975571648,"yearn":29.43448}