{"stakedao":45.763489889483,"convex":21.725927667792,"yearn":42.52342}