{"stakedao":66.5579108883177,"convex":19.5550816737456,"yearn":40.68387}