{"stakedao":45.89892000873737,"convex":22.0658163402096,"yearn":39.40664}