{"stakedao":41.02869222613562,"convex":20.6654696295552,"yearn":23.41123}