{"stakedao":46.07809226581156,"convex":28.379903279112,"yearn":29.33141}