{"stakedao":45.8138311808071,"convex":8.990422757928,"yearn":28.47711}