{"stakedao":58.10027665337344,"convex":24.3465414971904,"yearn":37.98396}