{"stakedao":40.59870057105316,"convex":17.218146053419197,"yearn":31.27181}