{"stakedao":46.201664078006694,"convex":21.649355875670402,"yearn":42.19701}