{"stakedao":48.352154061846434,"convex":10.9881862447536,"yearn":35.58235}