{"stakedao":40.48832346567518,"convex":17.2179639456336,"yearn":31.40089}