{"stakedao":54.60738222587769,"convex":10.4424366949344,"yearn":16.1024}