{"stakedao":40.85081325808584,"convex":13.266189930081598,"yearn":15.73979}