{"stakedao":54.68933335243651,"convex":11.3971997982528,"yearn":18.6125}