{"stakedao":41.37016267312818,"convex":14.8057415621136,"yearn":21.35053}