{"stakedao":37.59400883633351,"convex":23.7461921410752,"yearn":30.44229}