{"stakedao":42.379021875677914,"convex":15.536297016777599,"yearn":17.42087}