{"stakedao":45.5896423592238,"convex":20.5699841245872,"yearn":45.90061}