{"stakedao":59.0867986960758,"convex":17.108859215404802,"yearn":35.79244}