{"stakedao":57.665567210129524,"convex":31.124531750486398,"yearn":47.6372}