{"stakedao":27.941960880897167,"convex":13.7165715190656,"yearn":25.68304}