{"stakedao":46.84053962282606,"convex":10.0637962829712,"yearn":19.05409}