{"stakedao":47.52527037138711,"convex":12.1080549786192,"yearn":23.78283}