{"stakedao":46.852877818501824,"convex":32.4129951065664,"yearn":26.86626}