{"stakedao":56.85999106203629,"convex":30.9850074104256,"yearn":45.28759}