{"stakedao":54.9049315974752,"convex":10.5333234217056,"yearn":0}