{"stakedao":49.519344974121914,"convex":29.2946798444976,"yearn":33.75424}