{"stakedao":57.11869673333422,"convex":13.3110806881392,"yearn":17.87042}