{"stakedao":39.68204789967022,"convex":15.805952759217599,"yearn":33.61606}