{"stakedao":46.98756965039351,"convex":10.1845558011024,"yearn":18.25288}