{"stakedao":39.49984469069633,"convex":15.524808634886401,"yearn":30.90194}