{"stakedao":40.297418014687494,"convex":16.241616288863998,"yearn":34.69315}