{"stakedao":41.55728582345099,"convex":18.159261129648,"yearn":31.14057}