{"stakedao":45.807234353987454,"convex":32.300617078296,"yearn":27.07865}