{"stakedao":42.608740533690636,"convex":13.2640798594752,"yearn":17.57438}