{"stakedao":48.2751900529735,"convex":11.0597040964368,"yearn":19.73708}