{"stakedao":41.34089756025397,"convex":20.627605063915198,"yearn":24.26936}