{"stakedao":39.14809636034568,"convex":17.665294357238402,"yearn":29.43448}