{"stakedao":56.60064730393107,"convex":30.993488396366402,"yearn":46.10815}