{"stakedao":47.42819444276623,"convex":22.8406031604,"yearn":39.04287}