{"stakedao":48.294054914332335,"convex":12.2011323977808,"yearn":22.50053}