{"stakedao":41.35175824964371,"convex":18.1302817279392,"yearn":32.17383}