{"stakedao":43.607511936946004,"convex":12.3564898123776,"yearn":18.66985}