{"stakedao":56.39233577829977,"convex":11.2169152759536,"yearn":15.69631}