{"stakedao":41.123131789037004,"convex":21.511335436992,"yearn":26.78605}