{"stakedao":44.54210592324344,"convex":10.646952987671998,"yearn":25.64361}