{"stakedao":44.004466761184844,"convex":14.8064233105152,"yearn":18.63216}