{"stakedao":68.48478566214487,"convex":24.338296463601598,"yearn":35.79054}