{"stakedao":38.717979392164224,"convex":16.4296363270608,"yearn":29.43448}