{"stakedao":43.36137971140408,"convex":16.4454738797088,"yearn":18.82281}