{"stakedao":53.10185015798716,"convex":13.7325415166064,"yearn":27.75712}