{"stakedao":41.78636681275,"convex":20.6967159713952,"yearn":25.56117}