{"stakedao":39.48615679719908,"convex":15.524160696230403,"yearn":30.92808}