{"stakedao":50.77266641623075,"convex":24.9049723664016,"yearn":37.87248}