{"stakedao":39.044891635883914,"convex":18.066796555881602,"yearn":29.43448}