{"stakedao":40.36921190431371,"convex":18.861981296068798,"yearn":29.24838}