{"stakedao":40.90481278022642,"convex":20.914274137766398,"yearn":25.93535}