{"stakedao":53.051466045311,"convex":28.002498980587205,"yearn":30.48555}