{"stakedao":42.404924230380644,"convex":15.536012212007998,"yearn":17.42087}