{"stakedao":46.413693419552985,"convex":28.3945333277808,"yearn":29.75331}