{"stakedao":42.18261729520013,"convex":16.4388965581008,"yearn":19.00882}