{"stakedao":44.101116186015844,"convex":23.775198348384,"yearn":33.15373}