{"stakedao":44.58274344899696,"convex":23.303879431891204,"yearn":31.54218}