{"stakedao":44.07882612777852,"convex":22.498077119688,"yearn":29.98474}