{"stakedao":40.66948510990391,"convex":20.2122636322608,"yearn":27.10218}