{"stakedao":46.833046820471054,"convex":12.208792735008,"yearn":24.17967}