{"stakedao":72.76265260012414,"convex":24.4206098102592,"yearn":43.63658}