{"stakedao":44.543964110673585,"convex":22.611822611990398,"yearn":45.24638}