{"stakedao":65.19276473121862,"convex":20.2450385397888,"yearn":41.55229}