{"stakedao":40.50944462222555,"convex":17.2213094516544,"yearn":30.26706}