{"stakedao":58.91196933554731,"convex":16.919048689272003,"yearn":36.28998}