{"stakedao":40.93782244074397,"convex":17.240244552215998,"yearn":31.9765}