{"stakedao":41.377751425883794,"convex":14.743911389875201,"yearn":20.89596}