{"stakedao":46.56733449348043,"convex":32.323601013364794,"yearn":27.29455}