{"stakedao":58.365948724595135,"convex":17.020103262624,"yearn":36.80016}