{"stakedao":42.556393602697995,"convex":12.3818261659056,"yearn":20.72892}