{"stakedao":28.91648313327149,"convex":15.865171066324802,"yearn":25.81229}