{"stakedao":63.03674639648361,"convex":20.211442765948803,"yearn":37.94986}