{"stakedao":45.321431938103146,"convex":10.719042006772801,"yearn":26.11073}