{"stakedao":55.543499622285495,"convex":11.4018608064384,"yearn":16.29468}