{"stakedao":42.311424611041026,"convex":12.129555359332798,"yearn":21.76753}