{"stakedao":42.521396922251064,"convex":20.6755989486048,"yearn":29.8753}