{"stakedao":64.70611317510674,"convex":18.7415133976368,"yearn":41.84434}