{"stakedao":42.496498414439614,"convex":22.141858999248,"yearn":26.00408}