{"stakedao":41.712975763501895,"convex":13.267481657255999,"yearn":18.33758}