{"stakedao":39.493079816384714,"convex":15.692651278027201,"yearn":33.15188}