{"stakedao":46.07300224990257,"convex":13.261581069825601,"yearn":26.14641}