{"stakedao":42.18058773391615,"convex":14.2188107708448,"yearn":17.37512}