{"stakedao":55.828752162022234,"convex":10.2012477554448,"yearn":21.41821}