{"stakedao":64.55007554175558,"convex":20.4240453873552,"yearn":37.94986}