{"stakedao":52.33943812283904,"convex":14.6788332776928,"yearn":30.95609}