{"stakedao":39.40069088550451,"convex":15.6978640747584,"yearn":25.46695}