{"stakedao":66.32057669433615,"convex":19.5196217123376,"yearn":41.55229}