{"stakedao":54.341982383154615,"convex":10.4409915735024,"yearn":15.83552}