{"stakedao":56.057136710802105,"convex":11.0115098635392,"yearn":15.86148}