{"stakedao":41.036798867482716,"convex":21.518430160291203,"yearn":25.85615}