{"stakedao":44.07582989842051,"convex":27.4771639166256,"yearn":25.83112}