{"stakedao":57.7768339176636,"convex":30.728200118716803,"yearn":40.76613}