{"stakedao":53.372541203192945,"convex":28.1066932749456,"yearn":30.08465}