{"stakedao":41.15608644056803,"convex":14.805202410043199,"yearn":21.12097}