{"stakedao":47.48081161007181,"convex":22.9834086257376,"yearn":50.20835}