{"stakedao":51.591065510200565,"convex":25.6675070374704,"yearn":33.22296}