{"stakedao":64.67034047966376,"convex":20.42290825596,"yearn":37.94986}