{"stakedao":44.22066236109251,"convex":23.300577830289598,"yearn":31.52752}