{"stakedao":65.05759243217756,"convex":18.5890263077664,"yearn":32.25871}