{"stakedao":43.322127459314906,"convex":13.725615536136,"yearn":17.45311}