{"stakedao":47.53262021716926,"convex":11.468770844860801,"yearn":33.98015}