{"stakedao":47.340538380753465,"convex":19.8095459478768,"yearn":26.70599}