{"stakedao":67.2506184824775,"convex":23.5372570114032,"yearn":36.18087}