{"stakedao":64.50774279791224,"convex":19.2875202591408,"yearn":47.07961}