{"stakedao":65.21047198520466,"convex":18.8291137704624,"yearn":41.94741}