{"stakedao":53.98838499175529,"convex":27.83947496256,"yearn":28.92802}