{"stakedao":56.096761949823666,"convex":11.2165574905728,"yearn":15.46442}