{"stakedao":46.71718626104861,"convex":10.068874988630402,"yearn":19.08271}