{"stakedao":46.35437423192987,"convex":21.5732378834352,"yearn":42.19701}