{"stakedao":40.3055992246824,"convex":18.8739813306384,"yearn":27.3362}