{"stakedao":42.471479290794036,"convex":12.381875254843198,"yearn":20.72892}