{"stakedao":42.70573880144681,"convex":25.1016637229136,"yearn":29.1218}