{"stakedao":46.52694771516191,"convex":28.3775903279568,"yearn":30.77893}