{"stakedao":40.135213137837624,"convex":13.152197536128,"yearn":17.84107}