{"stakedao":42.84439547696043,"convex":24.8866344883008,"yearn":27.9867}