{"stakedao":39.1750622212371,"convex":16.389573361632,"yearn":27.95499}