{"stakedao":45.500204849284614,"convex":20.9495630794464,"yearn":43.63016}