{"stakedao":55.34709245498734,"convex":10.1825625934512,"yearn":21.12735}