{"stakedao":45.03117492695948,"convex":23.2461421121088,"yearn":32.22103}