{"stakedao":52.19454875682671,"convex":10.967237731425598,"yearn":17.27751}