{"stakedao":42.45699691236179,"convex":20.692261678536,"yearn":31.4039}