{"stakedao":39.53611879281886,"convex":15.695396102088,"yearn":25.60773}