{"stakedao":40.8642211458343,"convex":13.2640131576816,"yearn":15.49553}