{"stakedao":54.08185756927219,"convex":11.88679809672,"yearn":27.31287}