{"stakedao":63.81463649558608,"convex":18.611464269528,"yearn":31.73299}