{"stakedao":63.908412323646914,"convex":17.339203652976,"yearn":33.25981}