{"stakedao":53.44600255542393,"convex":10.7594239462272,"yearn":23.92214}