{"stakedao":39.087629781973966,"convex":18.0649443109968,"yearn":29.43448}