{"stakedao":55.77326503903812,"convex":10.4282529752736,"yearn":16.32757}