{"stakedao":64.93414489457209,"convex":20.574224105097603,"yearn":37.94986}