{"stakedao":47.333000650504744,"convex":21.118580760254403,"yearn":42.19701}