{"stakedao":44.14921846056082,"convex":22.5204875725968,"yearn":30.90916}