{"stakedao":54.933566972044474,"convex":11.821275030499201,"yearn":17.9444}