{"stakedao":47.51779995387973,"convex":26.007375810672,"yearn":27.26474}