{"stakedao":61.90004728966456,"convex":18.9882143032752,"yearn":49.05331}