{"stakedao":50.68100460712515,"convex":9.5706376079472,"yearn":17.65453}