{"stakedao":44.43905225774515,"convex":19.6180309703232,"yearn":43.33909}