{"stakedao":65.62606838010694,"convex":19.6379467774128,"yearn":39.6711}