{"stakedao":65.19033951584557,"convex":18.9253669878144,"yearn":41.94741}