{"stakedao":56.741921916509376,"convex":11.6041734454896,"yearn":14.13543}