{"stakedao":45.859618310850294,"convex":12.2138008946352,"yearn":24.81695}