{"stakedao":47.08873810107791,"convex":13.0551269971104,"yearn":25.00835}