{"stakedao":48.65942087691808,"convex":28.000942379395198,"yearn":27.43541}