{"stakedao":40.603566892161396,"convex":17.235135319708803,"yearn":31.97865}