{"stakedao":42.162464447470654,"convex":15.5362642351056,"yearn":17.40208}