{"stakedao":51.42412263761041,"convex":22.961516094864,"yearn":34.56538}