{"stakedao":38.92843886834534,"convex":15.966111801023999,"yearn":27.77382}