{"stakedao":47.863632891825034,"convex":10.987344924192,"yearn":35.10435}