{"stakedao":46.133612582530375,"convex":11.379889741464,"yearn":31.52919}