{"stakedao":54.445910499855934,"convex":10.490829563635199,"yearn":16.19102}