{"stakedao":44.72273012952863,"convex":14.328658590148798,"yearn":18.67862}