{"stakedao":47.41354502151318,"convex":26.0294630479632,"yearn":27.60522}