{"stakedao":45.07403563754997,"convex":21.7303606297008,"yearn":50.20835}