{"stakedao":28.977745117418923,"convex":15.8553652877136,"yearn":25.81229}