{"stakedao":42.22157800007191,"convex":23.6089125145728,"yearn":29.43448}