{"stakedao":57.04096659673756,"convex":31.148571782044804,"yearn":43.32515}