{"stakedao":39.524239489537834,"convex":15.690772482984,"yearn":33.25117}