{"stakedao":78.49595343459126,"convex":21.0040274512368,"yearn":33.63023}