{"stakedao":53.757824873988,"convex":14.191473915388801,"yearn":22.97443}