{"stakedao":39.07589626035258,"convex":18.0548786221344,"yearn":29.43448}