{"stakedao":40.79944635185374,"convex":16.5266679191184,"yearn":33.48434}