{"stakedao":46.86062513049051,"convex":26.0599752506448,"yearn":28.82448}