{"stakedao":47.78927178031833,"convex":21.1234706945712,"yearn":42.19701}