{"stakedao":48.7260717065337,"convex":22.8967060134528,"yearn":30.16269}