{"stakedao":52.1711452363385,"convex":10.995687501782399,"yearn":17.16364}