{"stakedao":55.978873219397386,"convex":10.533673751976,"yearn":16.14633}