{"stakedao":42.68673388209466,"convex":16.4582929136592,"yearn":17.87663}