{"stakedao":46.04196267317722,"convex":13.2602163525792,"yearn":26.14641}