{"stakedao":39.883418684981066,"convex":13.059453878222401,"yearn":16.78019}