{"stakedao":42.525021052571944,"convex":14.222750475024,"yearn":17.07076}