{"stakedao":42.741437369968615,"convex":20.6471669298624,"yearn":29.19222}