{"stakedao":51.75478686839634,"convex":11.9944572797808,"yearn":25.08296}