{"stakedao":47.68498943603713,"convex":19.791116000423997,"yearn":26.23811}