{"stakedao":41.18191478346918,"convex":21.511335436992,"yearn":26.74269}