{"stakedao":39.393047717793884,"convex":15.7190327692848,"yearn":26.79239}