{"stakedao":53.958021942431216,"convex":15.939591996024001,"yearn":23.77239}