{"stakedao":44.99618352808114,"convex":21.7209361402512,"yearn":50.20835}