{"stakedao":53.033406026467105,"convex":15.765899598331199,"yearn":23.52132}