{"stakedao":50.96342620057712,"convex":12.1907653004448,"yearn":25.44242}