{"stakedao":48.47974978655567,"convex":13.060329245049601,"yearn":23.82859}