{"stakedao":45.76038161441997,"convex":21.7257199496208,"yearn":42.52342}