{"stakedao":53.852686441299305,"convex":13.846160038665602,"yearn":19.3501}