{"stakedao":53.363746672677664,"convex":27.8311012683984,"yearn":31.55956}