{"stakedao":41.182044122108984,"convex":21.5144048137968,"yearn":26.12616}