{"stakedao":55.16887737608998,"convex":10.6688948913072,"yearn":14.51746}