{"stakedao":44.21350579260654,"convex":19.5753613810464,"yearn":42.9905}