{"stakedao":43.11491779066635,"convex":26.4825179657424,"yearn":26.48725}