{"stakedao":41.69177504000433,"convex":18.0365832766368,"yearn":31.12055}