{"stakedao":40.836235559553884,"convex":17.259690280536,"yearn":30.71563}