{"stakedao":42.6639741325141,"convex":13.247294952772801,"yearn":18.08803}