{"stakedao":43.32321970931581,"convex":19.5565119574896,"yearn":43.05719}