{"stakedao":45.82168132926201,"convex":10.712591671176,"yearn":26.98229}