{"stakedao":65.29670426038531,"convex":18.6060853884528,"yearn":43.244}