{"stakedao":49.86542541012693,"convex":31.279687697347203,"yearn":27.68092}