{"stakedao":40.67170764724169,"convex":18.8782112953152,"yearn":29.24838}