{"stakedao":40.66350328746262,"convex":19.1287553545152,"yearn":28.76108}