{"stakedao":40.9743440410046,"convex":19.836837728928,"yearn":27.04292}