{"stakedao":51.40538067848746,"convex":25.0838304397344,"yearn":33.55873}