{"stakedao":40.8072634233138,"convex":16.5266679191184,"yearn":33.56983}