{"stakedao":66.30041683336893,"convex":20.5486047664272,"yearn":42.59459}