{"stakedao":40.5672295334887,"convex":16.6850583432048,"yearn":33.45558}