{"stakedao":47.04516450815185,"convex":13.2600921764256,"yearn":26.55584}