{"stakedao":43.79079774553234,"convex":12.0748324774896,"yearn":23.09618}