{"stakedao":63.72278816154125,"convex":20.3491054917792,"yearn":37.94986}