{"stakedao":39.45057946748633,"convex":15.7233652007328,"yearn":26.79239}