{"stakedao":41.125127791912874,"convex":14.804559040953599,"yearn":21.03314}