{"stakedao":58.02900996034483,"convex":12.0753074191104,"yearn":14.45528}