{"stakedao":40.94231380909498,"convex":15.1386792775488,"yearn":20.67562}