{"stakedao":47.63690484010491,"convex":22.407070852555197,"yearn":38.13978}