{"stakedao":48.17919546842399,"convex":26.0301028219488,"yearn":27.90882}