{"stakedao":42.26127469294693,"convex":22.1751807031728,"yearn":26.03128}