{"stakedao":39.16461276152419,"convex":16.469778331166403,"yearn":26.50087}