{"stakedao":41.036569198438734,"convex":19.7911959189552,"yearn":0}