{"stakedao":39.10123410631903,"convex":18.0394509523392,"yearn":29.43448}