{"stakedao":46.10804659356478,"convex":21.5249370620112,"yearn":42.19701}