{"stakedao":57.32445715409693,"convex":12.2862000734496,"yearn":23.87069}