{"stakedao":53.236938168490454,"convex":13.6319470944912,"yearn":33.08703}