{"stakedao":70.56695810694299,"convex":24.3437493470544,"yearn":43.81241}