{"stakedao":61.901548560007214,"convex":18.986389390641598,"yearn":49.05331}