{"stakedao":38.77816405682505,"convex":18.058171797316803,"yearn":29.43448}