{"stakedao":55.08621987260438,"convex":12.1743722916144,"yearn":15.8454}