{"stakedao":42.202565398460536,"convex":14.1985550719008,"yearn":17.45834}