{"stakedao":40.990523531822674,"convex":14.747647075056001,"yearn":20.36208}