{"stakedao":39.0114312044743,"convex":16.0594327254096,"yearn":27.64107}