{"stakedao":42.63779609291665,"convex":12.197920746312,"yearn":18.3723}