{"stakedao":52.529982484920026,"convex":17.5729390809408,"yearn":18.5252}