{"stakedao":47.69390053615307,"convex":29.28181050432,"yearn":35.46201}