{"stakedao":39.209826841498206,"convex":16.4699335324368,"yearn":26.52645}