{"stakedao":45.08708070345696,"convex":21.7303606297008,"yearn":50.20835}