{"stakedao":54.88815286344672,"convex":10.4416849460736,"yearn":16.28259}