{"stakedao":42.49267602887227,"convex":23.038880698872,"yearn":29.43448}