{"stakedao":69.69003929426475,"convex":23.595869007374404,"yearn":36.61276}