{"stakedao":52.999380349597104,"convex":9.590165348788801,"yearn":19.31839}