{"stakedao":42.6742196810114,"convex":13.2186163225104,"yearn":16.50897}