{"stakedao":44.89548833903976,"convex":9.0123708426192,"yearn":26.58161}