{"stakedao":45.49150581375088,"convex":20.490991026768,"yearn":49.08411}