{"stakedao":53.375703353936004,"convex":13.6102455519408,"yearn":32.53125}