{"stakedao":55.05349730108506,"convex":12.283384283928001,"yearn":25.12508}