{"stakedao":48.74875261798633,"convex":29.3398411341312,"yearn":36.9038}