{"stakedao":39.99720280081079,"convex":16.434120664267198,"yearn":19.62973}