{"stakedao":50.92453379729949,"convex":24.8887912763376,"yearn":38.45589}