{"stakedao":65.58037733252861,"convex":20.3674413074256,"yearn":42.42153}