{"stakedao":41.32965889676392,"convex":14.7455165911968,"yearn":20.66643}