{"stakedao":43.4343780717179,"convex":19.5347345456304,"yearn":41.70964}