{"stakedao":55.68060776960014,"convex":12.6158181045408,"yearn":25.49766}