{"stakedao":55.66994716420284,"convex":11.405270828808,"yearn":15.40302}