{"stakedao":44.002195428779274,"convex":23.2992717700032,"yearn":31.90661}