{"stakedao":65.69910966223438,"convex":19.613197898567996,"yearn":40.70872}