{"stakedao":63.51952871492783,"convex":20.17772444952,"yearn":38.41514}