{"stakedao":45.98507401926951,"convex":8.99047114992,"yearn":27.60862}