{"stakedao":41.30155269056426,"convex":14.7443217016176,"yearn":20.76778}