{"stakedao":46.347410393764605,"convex":21.5734744160496,"yearn":42.19701}