{"stakedao":48.860342371043316,"convex":29.494991852323203,"yearn":35.00852}