{"stakedao":38.87659170384381,"convex":15.963459781104001,"yearn":27.8517}