{"stakedao":39.27938957044841,"convex":16.264593481536,"yearn":27.95499}