{"stakedao":47.184526046185056,"convex":13.375889246361599,"yearn":25.17158}