{"stakedao":38.919358614334236,"convex":15.963721451064,"yearn":27.8517}