{"stakedao":37.37304371823564,"convex":25.6245463961424,"yearn":29.6012}