{"stakedao":51.75442258179106,"convex":22.962547842408,"yearn":34.56538}