{"stakedao":46.22748558718532,"convex":22.173666224616,"yearn":40.36832}