{"stakedao":38.88602109737656,"convex":17.6643767069424,"yearn":29.43448}