{"stakedao":38.85525045964969,"convex":16.2995139660528,"yearn":27.95499}