{"stakedao":53.613878104745616,"convex":10.7639139472992,"yearn":23.80986}