{"stakedao":41.723952863213526,"convex":17.5197304474416,"yearn":32.79014}