{"stakedao":55.91218321480622,"convex":12.1242196037376,"yearn":15.84199}