{"stakedao":51.21014109030175,"convex":13.8878758626192,"yearn":26.87601}