{"stakedao":40.561308619635945,"convex":16.2404246128032,"yearn":34.58845}