{"stakedao":46.97515543737737,"convex":28.372404021465602,"yearn":29.664}