{"stakedao":54.373949144799596,"convex":11.7224221745232,"yearn":16.47137}