{"stakedao":57.213851166190636,"convex":31.150687702579198,"yearn":42.74029}