{"stakedao":40.674625010553854,"convex":19.130573540519997,"yearn":28.76108}