{"stakedao":45.420453505656475,"convex":9.0125983307088,"yearn":27.15632}