{"stakedao":43.885830346652035,"convex":23.311568895767998,"yearn":32.1475}