{"stakedao":56.13440233969004,"convex":11.387022569712,"yearn":14.63021}