{"stakedao":39.56809365631751,"convex":15.468046042406401,"yearn":25.60773}