{"stakedao":41.00795933075247,"convex":14.747647075056001,"yearn":20.36208}