{"stakedao":44.21580257397888,"convex":12.076035083928,"yearn":23.20009}