{"stakedao":54.79398660761443,"convex":10.414810531368,"yearn":15.96379}