{"stakedao":40.57604784045804,"convex":19.1091995970912,"yearn":28.76108}