{"stakedao":41.12367740148361,"convex":21.706921560772802,"yearn":26.97133}