{"stakedao":52.62741507929539,"convex":11.286046924660798,"yearn":16.52467}