{"stakedao":40.85303161544833,"convex":19.094488538745598,"yearn":29.60422}