{"stakedao":43.54896433085625,"convex":26.6161045941936,"yearn":27.11333}