{"stakedao":48.03213102404892,"convex":22.9976725382928,"yearn":29.97243}