{"stakedao":41.54404308464328,"convex":15.0331918337424,"yearn":14.94948}