{"stakedao":57.14617965716191,"convex":30.3990173159616,"yearn":42.52038}