{"stakedao":44.09701908900931,"convex":22.4989181280432,"yearn":32.14696}