{"stakedao":45.37714391560795,"convex":20.5325101070784,"yearn":43.9494}