{"stakedao":54.06327538163674,"convex":15.914851162012798,"yearn":23.43273}