{"stakedao":39.27677089730515,"convex":18.0394509523392,"yearn":29.43448}