{"stakedao":63.28404611842099,"convex":20.211442765948803,"yearn":37.94986}