{"stakedao":40.99608392195211,"convex":20.9308324898448,"yearn":0}