{"stakedao":28.92306496939039,"convex":15.748139674195198,"yearn":25.81229}