{"stakedao":43.91266033071831,"convex":23.3122251977712,"yearn":28.56599}