{"stakedao":63.207310970825176,"convex":18.6278432732208,"yearn":34.01116}