{"stakedao":47.56070651678521,"convex":22.3752071525184,"yearn":38.68167}