{"stakedao":50.94403519142173,"convex":25.327258154553597,"yearn":30.07901}