{"stakedao":42.81398284795089,"convex":24.888124684137598,"yearn":27.85411}