{"stakedao":53.21305180496591,"convex":26.9705680705152,"yearn":28.6015}