{"stakedao":42.39618761666809,"convex":13.1890958198064,"yearn":16.86146}