{"stakedao":48.52245222921745,"convex":13.036377697199999,"yearn":23.92171}