{"stakedao":45.741177388380464,"convex":22.966153876785597,"yearn":32.59899}