{"stakedao":51.62664151922297,"convex":25.2674775384912,"yearn":32.25556}