{"stakedao":41.15645030409695,"convex":20.926680056424,"yearn":23.45622}