{"stakedao":73.14125890317314,"convex":24.5498699171088,"yearn":42.20821}