{"stakedao":54.52580454771324,"convex":11.342018767708801,"yearn":22.24622}