{"stakedao":43.158065252796796,"convex":25.1212543181568,"yearn":30.96067}