{"stakedao":42.78640256440946,"convex":24.888696226833602,"yearn":27.90247}