{"stakedao":47.72429961071499,"convex":31.42054291968,"yearn":28.46215}