{"stakedao":38.992699626203446,"convex":15.9688008063648,"yearn":27.8517}