{"stakedao":48.96159589845039,"convex":16.8161657343264,"yearn":19.9304}