{"stakedao":55.3288163424438,"convex":10.443574977393599,"yearn":14.09239}