{"stakedao":40.65576371912604,"convex":19.0966632833808,"yearn":29.24838}