{"stakedao":48.71378428684241,"convex":22.499902852257602,"yearn":34.56538}