{"stakedao":37.47838304723606,"convex":15.415250921553598,"yearn":29.29536}