{"stakedao":54.57542003382815,"convex":12.2318238826224,"yearn":16.14068}