{"stakedao":38.971209567965566,"convex":15.968639796163203,"yearn":27.8517}