{"stakedao":49.02247107216509,"convex":29.3809014791712,"yearn":35.70687}