{"stakedao":45.544487323625766,"convex":13.2217038325152,"yearn":24.75255}