{"stakedao":53.98148025494997,"convex":10.5564994425504,"yearn":23.27852}