{"stakedao":65.56706221348927,"convex":20.3683391688816,"yearn":42.42153}