{"stakedao":67.45836196102135,"convex":23.5922325123744,"yearn":36.18087}