{"stakedao":68.18271683065933,"convex":24.2100904980096,"yearn":35.94642}