{"stakedao":54.947285636536684,"convex":11.7201115917216,"yearn":17.03893}