{"stakedao":44.67658929007249,"convex":22.658285367115198,"yearn":48.92309}