{"stakedao":44.208766548045375,"convex":19.5671891672352,"yearn":43.59959}