{"stakedao":39.69278773953994,"convex":15.805952759217599,"yearn":33.61606}