{"stakedao":43.67117385742928,"convex":26.8697035614816,"yearn":26.57502}