{"stakedao":67.00019794876044,"convex":21.200870975256002,"yearn":31.68482}