{"stakedao":67.40781219646962,"convex":19.5686605266192,"yearn":40.02769}