{"stakedao":44.618870481315255,"convex":13.910032450728,"yearn":19.11992}