{"stakedao":40.539863570330986,"convex":16.2641973168432,"yearn":34.40608}