{"stakedao":41.08335247692224,"convex":21.5190023242464,"yearn":25.94615}