{"stakedao":38.924359107994,"convex":17.664686762587202,"yearn":29.43448}