{"stakedao":40.83949448819881,"convex":19.1429364377664,"yearn":29.18756}