{"stakedao":42.249689186784195,"convex":22.8124265075712,"yearn":29.43448}