{"stakedao":45.93602626245273,"convex":22.0675303218096,"yearn":39.49643}