{"stakedao":28.894669623335776,"convex":15.864839815334399,"yearn":25.81229}