{"stakedao":53.426554816023895,"convex":26.9233476125328,"yearn":28.75604}