{"stakedao":54.71854112259146,"convex":10.439527202495999,"yearn":15.36831}