{"stakedao":41.516047259418855,"convex":20.699793680011204,"yearn":29.75045}