{"stakedao":40.84004085947863,"convex":17.259690280536,"yearn":30.71563}