{"stakedao":45.537991450037055,"convex":22.936866664795197,"yearn":33.46545}