{"stakedao":37.539988413073615,"convex":24.449595304723196,"yearn":29.16586}