{"stakedao":48.42146823715117,"convex":11.0815815057984,"yearn":20.35327}