{"stakedao":48.19231753782194,"convex":26.040425986483204,"yearn":27.334}