{"stakedao":40.706292782439284,"convex":19.096791316387197,"yearn":29.12617}