{"stakedao":46.354304231870465,"convex":28.5352022070432,"yearn":32.26691}