{"stakedao":66.61782703975089,"convex":18.431391028967997,"yearn":30.47812}