{"stakedao":46.446362622330206,"convex":28.341711215265597,"yearn":30.87128}