{"stakedao":54.81448644034258,"convex":10.6449273610128,"yearn":14.84751}