{"stakedao":63.158410539721324,"convex":20.1845592468,"yearn":45.30353}