{"stakedao":37.6066065868154,"convex":23.7253174819056,"yearn":30.44229}