{"stakedao":42.14806486410947,"convex":22.918782938472,"yearn":29.43448}