{"stakedao":45.162267936418864,"convex":9.014774790902399,"yearn":25.44211}