{"stakedao":52.73571319768833,"convex":24.344420843102398,"yearn":37.9834}