{"stakedao":38.937147799109994,"convex":15.966170426448002,"yearn":27.77921}