{"stakedao":41.39346375282222,"convex":17.5048104757104,"yearn":33.2516}