{"stakedao":41.17678363439251,"convex":21.706795189713603,"yearn":26.7561}