{"stakedao":43.14147716337099,"convex":13.2611890174272,"yearn":16.81422}