{"stakedao":38.70081644884738,"convex":16.4446140916656,"yearn":29.43448}