{"stakedao":60.71193566143291,"convex":17.4145847498064,"yearn":35.44658}