{"stakedao":57.041161158949706,"convex":12.262539476735999,"yearn":24.45481}