{"stakedao":48.85809136488202,"convex":29.2204725238944,"yearn":36.85089}