{"stakedao":51.75257481384321,"convex":22.5053200117296,"yearn":34.56538}