{"stakedao":40.55692465480624,"convex":20.2055203871424,"yearn":27.70178}