{"stakedao":43.985717224310314,"convex":22.4973129172608,"yearn":31.41562}