{"stakedao":43.104310454778414,"convex":14.8149776712672,"yearn":19.16375}