{"stakedao":47.84128824557582,"convex":31.578937528593602,"yearn":28.19669}