{"stakedao":40.99900200786506,"convex":14.806520466624,"yearn":20.94452}