{"stakedao":39.5929139289822,"convex":15.693191688384001,"yearn":25.60773}