{"stakedao":46.42278075290029,"convex":12.197536073337602,"yearn":23.06925}