{"stakedao":48.68213096554016,"convex":22.937994433152,"yearn":29.97243}