{"stakedao":45.92172762398374,"convex":8.990422757928,"yearn":28.47711}