{"stakedao":53.78401237209716,"convex":10.7627821423344,"yearn":24.36482}