{"stakedao":28.919133252838023,"convex":15.7259470183632,"yearn":23.81013}