{"stakedao":45.768617870288764,"convex":14.330219801903997,"yearn":18.62817}