{"stakedao":64.69390794498095,"convex":19.017461603304,"yearn":41.94741}