{"stakedao":41.7019117438141,"convex":13.8021822099648,"yearn":15.90631}