{"stakedao":49.1131800013827,"convex":31.178741699289603,"yearn":27.09317}