{"stakedao":67.65489024667409,"convex":18.431391028967997,"yearn":30.3992}