{"stakedao":53.45481708540371,"convex":11.389860201067199,"yearn":17.04415}