{"stakedao":52.27668724757979,"convex":15.777574209763198,"yearn":25.95901}