{"stakedao":45.66956781487131,"convex":23.2809250208256,"yearn":32.2306}