{"stakedao":49.34863545492803,"convex":17.472789950299198,"yearn":17.61493}