{"stakedao":39.06256457789844,"convex":16.3668773880864,"yearn":26.89144}