{"stakedao":55.636949462784955,"convex":10.6686422879472,"yearn":14.42124}