{"stakedao":54.67830837448625,"convex":12.2201454364128,"yearn":15.9793}