{"stakedao":40.63927039681667,"convex":19.1180855557296,"yearn":28.76108}