{"stakedao":54.967541437731114,"convex":11.7197203308768,"yearn":17.06437}