{"stakedao":52.667170097491606,"convex":11.3543617247424,"yearn":22.37013}