{"stakedao":62.37209349386942,"convex":17.3731659949728,"yearn":34.80149}