{"stakedao":44.601692030254014,"convex":22.1030937402192,"yearn":45.28326}