{"stakedao":39.540961938315576,"convex":14.715652645684798,"yearn":19.94701}