{"stakedao":47.037831225573576,"convex":10.179174911184,"yearn":18.34132}