{"stakedao":37.6516559038338,"convex":23.747781318955198,"yearn":30.29492}