{"stakedao":43.79439153246558,"convex":12.341226874032,"yearn":19.17771}