{"stakedao":63.853127243072834,"convex":20.1608040263184,"yearn":38.59586}