{"stakedao":61.90553427880824,"convex":19.758150631223998,"yearn":41.24927}