{"stakedao":28.848030070661903,"convex":15.7203959728032,"yearn":23.85737}