{"stakedao":42.23413112541229,"convex":15.5360242871424,"yearn":17.42087}