{"stakedao":66.23967622736305,"convex":20.477447421681603,"yearn":44.68348}