{"stakedao":54.14787965951976,"convex":15.939561973752001,"yearn":23.84956}