{"stakedao":46.488606081061505,"convex":12.2077475089776,"yearn":22.7689}