{"stakedao":50.25527605708196,"convex":22.7460324170304,"yearn":34.56538}