{"stakedao":45.69894005359993,"convex":10.616596862961602,"yearn":24.92745}