{"stakedao":42.37862577456811,"convex":12.38166991764,"yearn":20.72892}