{"stakedao":47.94770909850725,"convex":21.1274376363936,"yearn":42.19701}