{"stakedao":64.62798081992743,"convex":20.4172277141232,"yearn":37.94986}