{"stakedao":47.60431076446531,"convex":22.394101026067197,"yearn":37.92992}