{"stakedao":52.86942753931948,"convex":11.3413310243136,"yearn":22.32753}