{"stakedao":41.2824311153596,"convex":14.805672678028799,"yearn":21.29751}