{"stakedao":43.82287135557778,"convex":14.8006292390784,"yearn":18.29612}