{"stakedao":66.77857827515525,"convex":21.200776449249602,"yearn":31.68482}