{"stakedao":49.678930441496824,"convex":22.8229160434272,"yearn":34.56538}