{"stakedao":54.794854590680345,"convex":11.720211857279999,"yearn":17.01271}