{"stakedao":54.365894350400595,"convex":10.4923904694912,"yearn":16.12528}