{"stakedao":51.63987272750208,"convex":24.3273099235392,"yearn":41.74195}