{"stakedao":57.71031445458306,"convex":31.115513160892796,"yearn":47.97229}