{"stakedao":42.75117522473277,"convex":15.3111833861472,"yearn":14.71452}