{"stakedao":42.36147257344593,"convex":12.3824766211344,"yearn":20.72892}