{"stakedao":40.93898593104306,"convex":20.9142650459376,"yearn":25.7955}