{"stakedao":40.771591000094304,"convex":16.5293875648368,"yearn":33.14225}