{"stakedao":43.548667002230644,"convex":25.1141505471792,"yearn":28.10867}