{"stakedao":64.36622742941422,"convex":20.3658322366368,"yearn":37.94986}