{"stakedao":48.52367143576119,"convex":11.0759599709712,"yearn":20.17465}