{"stakedao":41.24667183110047,"convex":19.1346097953168,"yearn":29.03914}