{"stakedao":41.0887827954433,"convex":19.791195906340796,"yearn":25.17121}