{"stakedao":65.16700571662639,"convex":18.563105778220798,"yearn":32.25871}