{"stakedao":44.41603341993268,"convex":23.30441785548,"yearn":31.37247}