{"stakedao":45.85703912907859,"convex":22.0910838380352,"yearn":39.27158}