{"stakedao":47.85343183591189,"convex":21.123246435768,"yearn":42.19701}