{"stakedao":27.90140650576572,"convex":13.690624120848,"yearn":25.6517}