{"stakedao":46.0312093103255,"convex":22.090155213211197,"yearn":39.18145}