{"stakedao":39.47707729434073,"convex":15.4170214535088,"yearn":25.60773}