{"stakedao":46.819742465890656,"convex":12.1826656257408,"yearn":24.95035}