{"stakedao":46.58491453336484,"convex":13.2574846443408,"yearn":25.88261}