{"stakedao":48.14079445821534,"convex":31.3584454073088,"yearn":29.61268}