{"stakedao":37.584011923635174,"convex":14.1020562616416,"yearn":26.14909}