{"stakedao":52.44681070139765,"convex":14.645851547616,"yearn":30.95609}