{"stakedao":45.81396877801929,"convex":12.2138008946352,"yearn":24.81695}