{"stakedao":51.84580199130177,"convex":15.973919846568,"yearn":25.85138}