{"stakedao":40.36989404785432,"convex":16.2772201206576,"yearn":33.37993}