{"stakedao":37.65701716722829,"convex":14.107391976239999,"yearn":25.84056}