{"stakedao":62.29488132161608,"convex":20.533145109667203,"yearn":42.77285}