{"stakedao":46.49768180187475,"convex":22.0931440502256,"yearn":44.61785}