{"stakedao":52.83012362127337,"convex":17.177217336489598,"yearn":38.10392}