{"stakedao":37.552653510675064,"convex":14.071048641014398,"yearn":25.65774}