{"stakedao":41.22514584942732,"convex":21.6960154942752,"yearn":26.01419}