{"stakedao":55.21861125753619,"convex":12.175644229948801,"yearn":15.8454}