{"stakedao":41.56160462331838,"convex":22.1108363769456,"yearn":25.7502}