{"stakedao":38.82159967736014,"convex":16.3682275325472,"yearn":27.95499}