{"stakedao":38.84302627167085,"convex":16.3749413861136,"yearn":27.95499}