{"stakedao":59.20899834480057,"convex":17.1097016208048,"yearn":35.79244}