{"stakedao":55.59964516819302,"convex":11.389651334985599,"yearn":14.40885}