{"stakedao":41.10553325479617,"convex":20.6661859445664,"yearn":23.44635}