{"stakedao":47.37185462475758,"convex":22.9815088529472,"yearn":38.79658}