{"stakedao":46.46913118302825,"convex":12.204872589456,"yearn":24.95035}