{"stakedao":47.89004061026852,"convex":11.375194488336,"yearn":30.66085}