{"stakedao":42.16491287036395,"convex":22.9843844189568,"yearn":29.43448}