{"stakedao":37.40338931204063,"convex":15.402970604476803,"yearn":28.17031}