{"stakedao":47.589745082658865,"convex":22.394101026067197,"yearn":37.92992}