{"stakedao":49.32061195106428,"convex":17.522855419060797,"yearn":18.22151}