{"stakedao":44.214437841704566,"convex":23.300608322448,"yearn":31.56206}