{"stakedao":37.583460030283604,"convex":15.334576500815999,"yearn":27.42516}