{"stakedao":41.03130282015743,"convex":21.735426638966402,"yearn":27.07713}