{"stakedao":63.88394056294154,"convex":18.611464269528,"yearn":31.73299}