{"stakedao":42.45647508991582,"convex":22.134906115416,"yearn":26.00408}