{"stakedao":43.89944208238603,"convex":12.3553236110976,"yearn":18.66985}