{"stakedao":42.78905151193149,"convex":13.186901652148798,"yearn":16.4056}