{"stakedao":41.162995076732884,"convex":21.041927744011204,"yearn":24.42112}