{"stakedao":67.30066585508928,"convex":23.5372570114032,"yearn":36.18087}