{"stakedao":46.0682277057484,"convex":12.096836910705601,"yearn":23.54478}