{"stakedao":45.57332632498049,"convex":10.6200072353808,"yearn":26.27739}