{"stakedao":42.10239335469685,"convex":20.6486981761104,"yearn":28.582}