{"stakedao":51.590572869157,"convex":17.57123344692,"yearn":18.5252}