{"stakedao":55.44996128509249,"convex":10.182237507748802,"yearn":21.10575}