{"stakedao":45.27696111960845,"convex":23.1158203205904,"yearn":37.53865}