{"stakedao":76.4519960572986,"convex":24.604305837119995,"yearn":41.67961}