{"stakedao":43.383914095431514,"convex":12.374748011620799,"yearn":20.07543}