{"stakedao":28.986486922077432,"convex":15.853334025571199,"yearn":25.81229}