{"stakedao":38.94614203268546,"convex":16.3722573130032,"yearn":27.95499}