{"stakedao":47.76874388469801,"convex":14.322907789257599,"yearn":17.93329}