{"stakedao":42.53498031357835,"convex":22.173799763808,"yearn":25.63563}