{"stakedao":41.72821489239451,"convex":21.541549592937603,"yearn":25.99793}