{"stakedao":45.48789635382575,"convex":20.949431713084802,"yearn":43.63016}