{"stakedao":49.4152203772545,"convex":16.8116329609776,"yearn":19.9304}