{"stakedao":45.78493031351094,"convex":10.723839928502402,"yearn":26.84933}