{"stakedao":41.1526762254893,"convex":12.9972442806,"yearn":16.49222}