{"stakedao":44.696908768645585,"convex":22.1208461777088,"yearn":47.04262}