{"stakedao":49.05159083519504,"convex":29.322316017590403,"yearn":34.02821}