{"stakedao":48.993228455358455,"convex":21.8324532451824,"yearn":39.52458}