{"stakedao":40.50165448220615,"convex":16.4649839761584,"yearn":33.70424}