{"stakedao":51.855045671399054,"convex":26.7113541814992,"yearn":27.60668}