{"stakedao":42.356851477203975,"convex":22.147933122979204,"yearn":26.46865}