{"stakedao":45.710076102758954,"convex":10.7131976574912,"yearn":26.94908}