{"stakedao":45.2594711759056,"convex":8.99119166868,"yearn":27.21706}