{"stakedao":44.86261778770209,"convex":20.4580752920784,"yearn":46.96933}