{"stakedao":44.47579935936344,"convex":13.924568985696,"yearn":19.1856}