{"stakedao":40.53197860123213,"convex":16.2414144080064,"yearn":34.66132}