{"stakedao":45.42568225870984,"convex":20.4689988673632,"yearn":47.7256}