{"stakedao":40.67772558163079,"convex":16.4578178080512,"yearn":33.44769}