{"stakedao":57.02005407445625,"convex":11.0143928121264,"yearn":15.47728}