{"stakedao":43.12049801772828,"convex":16.4408081253552,"yearn":18.91484}