{"stakedao":49.01668896511177,"convex":11.0750508669312,"yearn":20.41317}