{"stakedao":47.0848433880633,"convex":21.524826909916797,"yearn":42.19701}