{"stakedao":55.711764249287846,"convex":11.313933641812799,"yearn":15.45494}