{"stakedao":47.725507563548604,"convex":22.825986246475196,"yearn":38.25379}