{"stakedao":45.39210032215829,"convex":20.469827895192,"yearn":47.76432}