{"stakedao":40.80712392504648,"convex":17.203664173492797,"yearn":31.47977}