{"stakedao":56.92317501727407,"convex":12.484063682999999,"yearn":14.43597}