{"stakedao":42.692598515222755,"convex":24.911424086428802,"yearn":28.46404}