{"stakedao":57.04216670779813,"convex":13.308598161604799,"yearn":17.87042}