{"stakedao":63.74757854184425,"convex":18.618845472158398,"yearn":43.244}