{"stakedao":53.19805125014835,"convex":24.153784644571196,"yearn":38.1862}