{"stakedao":40.506583562283275,"convex":16.2319223022192,"yearn":34.4375}