{"stakedao":46.63493504967012,"convex":11.380907275732799,"yearn":31.93773}