{"stakedao":50.87817773689528,"convex":24.908482080374398,"yearn":38.31007}