{"stakedao":44.409951379214625,"convex":23.2998895413216,"yearn":31.82501}