{"stakedao":39.49244853147176,"convex":15.4170214535088,"yearn":25.60773}