{"stakedao":38.63059179838797,"convex":18.0574712881488,"yearn":29.43448}