{"stakedao":54.06497985341139,"convex":12.353386102329598,"yearn":16.3547}