{"stakedao":46.90455852812866,"convex":26.0210748976992,"yearn":28.32071}