{"stakedao":47.82725484130779,"convex":12.199946887008,"yearn":23.55049}