{"stakedao":42.735423208014765,"convex":13.217861016388799,"yearn":16.50897}