{"stakedao":40.684681016305056,"convex":16.689144103214403,"yearn":34.69908}