{"stakedao":41.671493440902275,"convex":13.800085182648,"yearn":15.66792}