{"stakedao":53.01181177642033,"convex":17.2096650832464,"yearn":37.72533}