{"stakedao":42.30488434488471,"convex":22.8123646812432,"yearn":29.43448}