{"stakedao":44.67320295347597,"convex":22.1896552635936,"yearn":47.91963}