{"stakedao":48.63688806771823,"convex":22.896660948508803,"yearn":30.16269}