{"stakedao":48.463580082071616,"convex":13.0613115315312,"yearn":23.78195}