{"stakedao":52.45936661627676,"convex":15.7702099892688,"yearn":26.0204}