{"stakedao":55.629605345929264,"convex":11.3132806763184,"yearn":15.89131}