{"stakedao":45.789466784256966,"convex":22.7557294437456,"yearn":30.69415}