{"stakedao":46.31647475613549,"convex":12.220193383747201,"yearn":22.96775}