{"stakedao":41.38034277316184,"convex":17.542622801966402,"yearn":33.32833}