{"stakedao":43.70315928931229,"convex":26.830703113272,"yearn":25.95471}