{"stakedao":45.36440505209069,"convex":9.0125983307088,"yearn":27.15632}