{"stakedao":44.5019397157925,"convex":12.0916108026288,"yearn":23.33808}