{"stakedao":28.83916950758637,"convex":15.7197987598032,"yearn":23.92986}