{"stakedao":55.25337535420746,"convex":12.283384283928001,"yearn":25.07441}