{"stakedao":48.30934999547018,"convex":28.0192620423024,"yearn":27.06173}