{"stakedao":51.38880213401417,"convex":25.474864121265597,"yearn":28.8373}