{"stakedao":55.15096161916402,"convex":9.8096144894064,"yearn":20.31924}