{"stakedao":54.91199805924768,"convex":10.582210929412799,"yearn":16.86184}