{"stakedao":43.789265857977455,"convex":12.0717985912992,"yearn":22.72018}