{"stakedao":44.51392041108646,"convex":19.5452478848592,"yearn":43.22405}