{"stakedao":39.27003002292772,"convex":16.466623636867197,"yearn":26.47957}