{"stakedao":44.47262076986656,"convex":23.301414530827202,"yearn":31.71188}