{"stakedao":46.72753889972786,"convex":10.068531987326402,"yearn":19.23866}