{"stakedao":43.31044359835502,"convex":25.127677110211202,"yearn":28.78927}