{"stakedao":38.65002831858636,"convex":17.600788648684798,"yearn":29.43448}