{"stakedao":38.60164281306215,"convex":16.4775229325856,"yearn":29.43448}