{"stakedao":44.794237103987726,"convex":23.299120848168002,"yearn":32.05127}