{"stakedao":64.7989480492511,"convex":19.025303556355198,"yearn":41.94741}