{"stakedao":41.28604384711133,"convex":14.805674175988802,"yearn":21.31514}