{"stakedao":66.28319782138419,"convex":20.354327799768,"yearn":42.42153}