{"stakedao":45.38382653738553,"convex":20.5325101070784,"yearn":43.9494}