{"stakedao":61.5673620267051,"convex":19.1080322447472,"yearn":49.4686}