{"stakedao":47.73828100021737,"convex":29.2230342089424,"yearn":36.08016}