{"stakedao":44.69555132081714,"convex":22.6623451856112,"yearn":47.17474}