{"stakedao":46.45229110949325,"convex":21.494974370976003,"yearn":42.19701}