{"stakedao":41.6204588488452,"convex":18.2607838927632,"yearn":30.86809}