{"stakedao":58.099252160129495,"convex":24.3474289675344,"yearn":38.31489}