{"stakedao":38.67119592508155,"convex":16.447762002571196,"yearn":29.43448}