{"stakedao":54.312140258997005,"convex":15.928404962688,"yearn":23.54027}