{"stakedao":41.14023072968622,"convex":19.8122843165184,"yearn":25.79998}