{"stakedao":27.90178292289036,"convex":13.690624120848,"yearn":25.62312}