{"stakedao":51.79536476122483,"convex":25.309723179859198,"yearn":31.21701}