{"stakedao":45.60739691861167,"convex":12.0944869962048,"yearn":23.54478}