{"stakedao":50.24451941423317,"convex":10.8397574880336,"yearn":37.26578}