{"stakedao":45.834431348794816,"convex":22.955382131572797,"yearn":32.78123}