{"stakedao":54.80135823455034,"convex":10.344209595192,"yearn":15.98386}