{"stakedao":40.549441771041145,"convex":18.8777680000704,"yearn":29.24838}