{"stakedao":47.4059533284576,"convex":22.395258097675203,"yearn":38.75916}