{"stakedao":39.194948891580985,"convex":16.4697844649184,"yearn":26.52645}