{"stakedao":50.75915900386677,"convex":24.9046771042944,"yearn":37.945}