{"stakedao":47.575424801206566,"convex":19.7910609259536,"yearn":25.11269}