{"stakedao":42.381592968805705,"convex":22.3260296775984,"yearn":25.94319}