{"stakedao":48.30080948154376,"convex":13.0928511487104,"yearn":24.01432}