{"stakedao":44.41794381580707,"convex":22.558323424708803,"yearn":30.03651}