{"stakedao":45.68749298268803,"convex":22.0406556831984,"yearn":42.19227}