{"stakedao":39.4879716486158,"convex":15.692945389070399,"yearn":33.21796}