{"stakedao":41.438407292715986,"convex":18.0738055801008,"yearn":31.59139}