{"stakedao":66.38777127414954,"convex":20.4810356508336,"yearn":43.03903}