{"stakedao":73.35128717358768,"convex":20.330753425632,"yearn":32.51147}