{"stakedao":41.50588328564127,"convex":20.6905412730528,"yearn":23.43532}