{"stakedao":38.929546414519784,"convex":16.0901660427552,"yearn":27.75547}