{"stakedao":46.27295097510238,"convex":10.6264889682192,"yearn":25.76852}