{"stakedao":47.65244469361016,"convex":29.281763380075198,"yearn":35.63259}