{"stakedao":51.64574425443928,"convex":13.8912402050928,"yearn":26.87601}