{"stakedao":52.136189412568655,"convex":13.8935732541408,"yearn":27.17947}