{"stakedao":73.39180522292136,"convex":24.4634896689696,"yearn":42.86027}