{"stakedao":40.88609876251198,"convex":17.215051167144,"yearn":31.70567}