{"stakedao":41.378625420098736,"convex":17.536925700576,"yearn":34.24767}