{"stakedao":42.43286940074627,"convex":20.707152756984,"yearn":30.29667}