{"stakedao":47.09863311353322,"convex":8.991961348910399,"yearn":28.12309}