{"stakedao":40.94231380909498,"convex":15.1385874478704,"yearn":20.67562}