{"stakedao":44.79371485871619,"convex":20.495501289720004,"yearn":47.50781}