{"stakedao":44.986044201074165,"convex":23.298640958548802,"yearn":32.10784}