{"stakedao":44.88917473242903,"convex":9.013192964064,"yearn":26.27852}