{"stakedao":44.8176601556635,"convex":23.1158371103568,"yearn":37.22209}