{"stakedao":52.77292680631451,"convex":11.2882391276256,"yearn":16.47863}