{"stakedao":57.00614900730399,"convex":12.484063682999999,"yearn":14.43597}