{"stakedao":41.16649338632679,"convex":14.805672678028799,"yearn":21.24443}