{"stakedao":34.12526495082819,"convex":20.214895964256,"yearn":27.50758}