{"stakedao":83.48168224092305,"convex":21.1209072466608,"yearn":33.63023}