{"stakedao":45.83990937972157,"convex":30.987092819879997,"yearn":42.14053}