{"stakedao":73.70829738204483,"convex":20.2729868120592,"yearn":31.88615}