{"stakedao":39.36891484259347,"convex":16.3855620045072,"yearn":27.95499}