{"stakedao":44.81279432861973,"convex":20.4587600616288,"yearn":47.99303}