{"stakedao":45.49906933301937,"convex":10.623270949632,"yearn":25.34868}