{"stakedao":56.34655869000154,"convex":13.3349374734624,"yearn":18.19451}