{"stakedao":42.93023964250955,"convex":28.589192053488002,"yearn":26.67533}