{"stakedao":40.45041318755223,"convex":16.230811254249602,"yearn":34.29148}