{"stakedao":53.75819652273909,"convex":11.8814802851088,"yearn":27.33768}