{"stakedao":44.78319899524266,"convex":20.495501289720004,"yearn":47.50781}