{"stakedao":47.81898468465575,"convex":21.076557766199997,"yearn":42.19701}