{"stakedao":53.43292413852532,"convex":27.8308412856144,"yearn":31.60417}