{"stakedao":49.36694790757772,"convex":29.3110600150224,"yearn":34.44655}