{"stakedao":39.1033851548802,"convex":16.395036689808002,"yearn":27.21494}