{"stakedao":42.981676515393545,"convex":13.7253085773264,"yearn":17.32212}