{"stakedao":43.36431833196666,"convex":12.34173864024,"yearn":19.05922}