{"stakedao":54.88334400794285,"convex":10.6445879390448,"yearn":14.97578}