{"stakedao":53.926900927196186,"convex":11.731452681571199,"yearn":27.61587}