{"stakedao":43.12641572256409,"convex":25.4634869353104,"yearn":30.76592}