{"stakedao":43.98728839261701,"convex":27.4780807564464,"yearn":25.91379}