{"stakedao":39.253479762213225,"convex":16.467467754672,"yearn":26.47267}