{"stakedao":58.193389880528755,"convex":12.6670426159104,"yearn":15.14929}