{"stakedao":41.65027438187199,"convex":17.5194834511824,"yearn":32.71361}