{"stakedao":56.99757251243537,"convex":12.259219600022398,"yearn":24.26834}