{"stakedao":40.31044367537578,"convex":16.169661591048,"yearn":35.13187}