{"stakedao":40.89973768732249,"convex":17.1156037566528,"yearn":30.18414}