{"stakedao":42.68398558707595,"convex":13.265087226537599,"yearn":17.50509}