{"stakedao":53.98026898738364,"convex":27.83947496256,"yearn":28.92802}