{"stakedao":40.44268685569878,"convex":19.148175135014398,"yearn":28.76108}