{"stakedao":40.15108376867052,"convex":13.142791618228799,"yearn":17.32698}