{"stakedao":47.4131192012117,"convex":11.5406237886192,"yearn":33.52302}