{"stakedao":45.66393371159144,"convex":22.0408225086384,"yearn":41.9619}