{"stakedao":45.90261021747864,"convex":21.6438159402432,"yearn":42.19701}