{"stakedao":45.86737699417466,"convex":8.9904758456304,"yearn":28.41328}