{"stakedao":41.24818340931865,"convex":21.5119162765008,"yearn":26.69918}