{"stakedao":44.65995834970478,"convex":23.224102084209598,"yearn":36.37369}