{"stakedao":43.16398513735396,"convex":25.245994042152,"yearn":27.363}