{"stakedao":44.25848422614617,"convex":19.5604790632992,"yearn":42.81962}