{"stakedao":46.74738862451983,"convex":20.042461830888,"yearn":43.76876}