{"stakedao":66.57133499452745,"convex":19.5221583987984,"yearn":41.55229}