{"stakedao":38.776483535089085,"convex":18.092781500860802,"yearn":29.43448}