{"stakedao":43.35437262101873,"convex":23.661686525227196,"yearn":30.80933}