{"stakedao":40.815742437064806,"convex":17.2372851477504,"yearn":30.94111}