{"stakedao":38.926990219301665,"convex":15.966111801023999,"yearn":27.77382}