{"stakedao":55.36474932167622,"convex":10.443574977393599,"yearn":14.09239}