{"stakedao":44.736298477085185,"convex":22.6994925437712,"yearn":47.26115}