{"stakedao":47.10284239051951,"convex":13.3759116905328,"yearn":25.17158}