{"stakedao":42.65985993460336,"convex":12.07362784644,"yearn":22.29089}