{"stakedao":39.214062592000005,"convex":17.662294747526403,"yearn":29.43448}