{"stakedao":48.241283717643995,"convex":11.4709773683232,"yearn":34.55432}