{"stakedao":45.10601083194345,"convex":23.2812992301552,"yearn":32.33431}