{"stakedao":42.030805556262415,"convex":20.658233401070397,"yearn":28.45137}