{"stakedao":47.694486216772724,"convex":22.4004288348432,"yearn":38.32037}