{"stakedao":40.60325655747668,"convex":17.192502176587197,"yearn":29.59983}