{"stakedao":41.754710173658665,"convex":20.6913563367408,"yearn":25.23079}