{"stakedao":40.657810965395825,"convex":17.2182653856432,"yearn":30.46661}