{"stakedao":42.27667225806195,"convex":22.9189025765952,"yearn":29.43448}