{"stakedao":44.20144784038341,"convex":19.5860563518672,"yearn":43.82425}