{"stakedao":65.29753670135278,"convex":19.6379467774128,"yearn":39.15456}