{"stakedao":39.533308008777446,"convex":15.7459992754176,"yearn":32.38665}