{"stakedao":50.067726846738594,"convex":13.676019209524801,"yearn":17.17808}