{"stakedao":72.31708435172783,"convex":24.3822555914544,"yearn":43.63658}