{"stakedao":65.98072860154531,"convex":20.3678240283216,"yearn":41.55229}