{"stakedao":44.48716664824396,"convex":22.1043846096144,"yearn":46.07597}