{"stakedao":68.07262102601797,"convex":24.228855089726398,"yearn":35.89434}