{"stakedao":41.50858583389668,"convex":18.0716782656096,"yearn":31.91879}