{"stakedao":41.30560101797948,"convex":21.007105976635202,"yearn":24.65439}