{"stakedao":53.97499785232006,"convex":10.441042299158399,"yearn":15.65227}