{"stakedao":62.90496078740007,"convex":20.188579099723203,"yearn":45.54567}