{"stakedao":39.1592519403452,"convex":16.0702497563184,"yearn":26.79239}