{"stakedao":62.91767335828415,"convex":19.1316514788432,"yearn":49.05331}