{"stakedao":47.08621410062683,"convex":13.232144607408,"yearn":26.66259}