{"stakedao":48.14125774154601,"convex":26.036102410344,"yearn":27.56778}