{"stakedao":64.33095522944762,"convex":18.622154563559995,"yearn":47.52944}