{"stakedao":57.104776735360204,"convex":30.398744523254397,"yearn":42.3746}