{"stakedao":51.939848906299574,"convex":9.6341599104912,"yearn":18.94726}