{"stakedao":56.05737575164559,"convex":11.3854387182624,"yearn":14.29266}