{"stakedao":45.42455805701903,"convex":20.4902697479904,"yearn":49.47247}