{"stakedao":45.925914829632035,"convex":20.528166183912,"yearn":45.22681}