{"stakedao":49.22616024678152,"convex":16.823781542721598,"yearn":19.9249}