{"stakedao":54.68323465476389,"convex":12.1725426201984,"yearn":15.68872}