{"stakedao":66.73893135214533,"convex":20.575809637416,"yearn":41.22645}