{"stakedao":62.22059101802251,"convex":19.111834798862397,"yearn":46.60806}