{"stakedao":37.66394942686144,"convex":14.1228080565552,"yearn":26.58349}