{"stakedao":39.24147740193577,"convex":16.3801209439008,"yearn":27.95499}