{"stakedao":28.939999189597366,"convex":15.7423779523872,"yearn":25.81229}