{"stakedao":39.13568651018338,"convex":18.038469924144003,"yearn":29.43448}