{"stakedao":54.17391519563168,"convex":9.798942568248,"yearn":19.81478}