{"stakedao":40.57578683392421,"convex":17.0599998125808,"yearn":30.53492}