{"stakedao":42.882971370098936,"convex":14.812388518363202,"yearn":18.96904}