{"stakedao":57.35957936438292,"convex":12.271894962264,"yearn":24.08257}