{"stakedao":42.68830266348402,"convex":14.7672593103024,"yearn":18.68639}