{"stakedao":49.01367748104822,"convex":29.386755784368,"yearn":35.5572}