{"stakedao":43.595655297921596,"convex":27.4615429879152,"yearn":26.20376}