{"stakedao":52.22874613836687,"convex":26.7438302601984,"yearn":27.91919}