{"stakedao":49.14520690839194,"convex":21.7984484336544,"yearn":40.24692}