{"stakedao":44.69300793650464,"convex":13.97125445436,"yearn":18.94503}