{"stakedao":65.65772235167313,"convex":18.556235815147197,"yearn":30.01492}