{"stakedao":43.34284482633204,"convex":25.120972711137597,"yearn":27.5292}