{"stakedao":57.36427299432837,"convex":12.271894962264,"yearn":24.13574}