{"stakedao":48.14787387044727,"convex":10.987180369344,"yearn":35.34411}