{"stakedao":45.42778145841561,"convex":10.6126092146016,"yearn":24.96123}