{"stakedao":38.68730697192912,"convex":16.421029572398403,"yearn":27.95499}