{"stakedao":54.639694416251075,"convex":10.4424366949344,"yearn":16.08467}