{"stakedao":42.30022304551868,"convex":22.17509745444,"yearn":25.63563}