{"stakedao":42.8867443138396,"convex":24.888696226833602,"yearn":27.9867}