{"stakedao":37.60258506121383,"convex":14.124707681126402,"yearn":25.12166}