{"stakedao":51.591044091134506,"convex":25.084957350312,"yearn":33.29529}