{"stakedao":41.39269844441191,"convex":14.743872953798402,"yearn":20.89596}