{"stakedao":40.25824881378803,"convex":19.1432582468784,"yearn":28.59928}