{"stakedao":44.69222661012766,"convex":23.224102084209598,"yearn":36.42603}