{"stakedao":64.53807302341207,"convex":19.0165032179568,"yearn":41.94741}