{"stakedao":52.330941043772654,"convex":21.2222887726464,"yearn":42.19701}