{"stakedao":39.51171419263865,"convex":15.704324955993602,"yearn":33.19875}