{"stakedao":40.853488388372604,"convex":17.2715781415536,"yearn":32.69883}