{"stakedao":53.65408828287951,"convex":26.794532724624002,"yearn":29.57619}