{"stakedao":49.537254479150974,"convex":31.2800893556112,"yearn":27.60621}