{"stakedao":47.29150991111086,"convex":21.5040071233872,"yearn":42.19701}