{"stakedao":45.47237533165013,"convex":20.953132815887997,"yearn":43.76609}