{"stakedao":42.759371835392926,"convex":22.8098213217648,"yearn":29.43448}