{"stakedao":42.43036913273461,"convex":15.2913970974096,"yearn":15.11985}