{"stakedao":45.41553928784709,"convex":20.4676133205888,"yearn":47.41498}