{"stakedao":46.86022576851292,"convex":13.377831797736,"yearn":25.17158}