{"stakedao":52.80761953618481,"convex":13.686273628732799,"yearn":31.79608}