{"stakedao":39.466989378463076,"convex":15.727368260736002,"yearn":33.06788}