{"stakedao":43.20539222542105,"convex":15.291763842167999,"yearn":15.23154}