{"stakedao":50.918152519348396,"convex":10.9645849893312,"yearn":17.78273}