{"stakedao":54.72650583367387,"convex":10.599934688064,"yearn":15.68795}