{"stakedao":44.84558221685853,"convex":22.1159515098384,"yearn":43.86847}