{"stakedao":41.37815683614837,"convex":17.5305259487232,"yearn":33.94101}