{"stakedao":43.82618612256407,"convex":12.375340491067199,"yearn":19.63241}