{"stakedao":51.9096584972109,"convex":13.8049053057216,"yearn":27.9006}