{"stakedao":40.78954089880588,"convex":13.226059553299201,"yearn":15.94803}