{"stakedao":45.10973770083541,"convex":11.6174277992304,"yearn":25.52931}