{"stakedao":48.826793141805695,"convex":11.0735433483696,"yearn":20.51352}