{"stakedao":42.21196166668923,"convex":23.633808877828802,"yearn":29.43448}