{"stakedao":47.35001145207696,"convex":21.118580760254403,"yearn":42.19701}