{"stakedao":41.41075040736638,"convex":17.5354509479184,"yearn":32.29269}