{"stakedao":48.65683210081051,"convex":31.3419955769136,"yearn":27.29156}