{"stakedao":51.56687793088288,"convex":25.8482628684432,"yearn":34.91313}