{"stakedao":50.85339864103211,"convex":24.9085049975856,"yearn":38.31007}