{"stakedao":65.70487404478695,"convex":19.083031506792,"yearn":32.46626}