{"stakedao":42.62023616028736,"convex":20.6923216537008,"yearn":31.61493}