{"stakedao":42.67063740230277,"convex":24.9282699080688,"yearn":26.63618}