{"stakedao":44.08398747998529,"convex":23.7397533539616,"yearn":32.76091}