{"stakedao":41.14361650486027,"convex":21.706921560772802,"yearn":26.82999}