{"stakedao":41.069124787156596,"convex":19.7937879731712,"yearn":26.00496}