{"stakedao":45.48617165479564,"convex":22.015248140304,"yearn":41.27079}