{"stakedao":41.2739959549074,"convex":21.510698687308796,"yearn":27.12233}