{"stakedao":51.789196095100905,"convex":26.7129124351776,"yearn":27.65195}