{"stakedao":47.900701490618346,"convex":21.076557766199997,"yearn":42.19701}