{"stakedao":45.297562192109815,"convex":10.719013513996801,"yearn":26.11073}