{"stakedao":46.537198699388284,"convex":22.1463703091952,"yearn":44.77588}