{"stakedao":37.48866405219441,"convex":15.340664850436799,"yearn":28.35088}