{"stakedao":43.48769712327634,"convex":19.5576584708448,"yearn":43.36881}