{"stakedao":47.62156196823969,"convex":22.394101026067197,"yearn":37.92992}