{"stakedao":55.786554346983436,"convex":12.2539029520896,"yearn":26.02377}