{"stakedao":54.97386991531287,"convex":9.809716256078401,"yearn":20.386}