{"stakedao":40.81597322978668,"convex":13.6958266273824,"yearn":16.3816}