{"stakedao":41.34946200741195,"convex":17.529397833470398,"yearn":33.71108}