{"stakedao":43.40748118870843,"convex":23.6637820577376,"yearn":30.94068}