{"stakedao":40.442205104068314,"convex":13.155370877664001,"yearn":19.05435}