{"stakedao":44.500788003154135,"convex":22.605539795625603,"yearn":48.35838}