{"stakedao":37.38460496675069,"convex":15.402970604476803,"yearn":28.17031}