{"stakedao":58.27391679432763,"convex":17.020103262624,"yearn":36.80016}