{"stakedao":39.23520333631963,"convex":16.265954054952,"yearn":27.95499}