{"stakedao":42.88646012367266,"convex":28.5888954700224,"yearn":26.53462}