{"stakedao":42.54302289326158,"convex":23.0829921235296,"yearn":29.43448}