{"stakedao":43.10319483644742,"convex":22.3212635157744,"yearn":28.05114}