{"stakedao":44.20940774103684,"convex":19.5753143766384,"yearn":42.70033}