{"stakedao":47.640314983395534,"convex":22.985097242932802,"yearn":39.30239}