{"stakedao":44.14561682978221,"convex":19.563448959792,"yearn":42.6576}