{"stakedao":39.089539286300216,"convex":18.066613006900802,"yearn":29.43448}