{"stakedao":43.871076803860824,"convex":27.4876477003152,"yearn":26.07954}