{"stakedao":50.198755847269325,"convex":9.982646185823999,"yearn":17.25338}