{"stakedao":41.61377442439507,"convex":18.285306343128,"yearn":31.69642}