{"stakedao":45.59603010273295,"convex":22.9363710954768,"yearn":33.41946}