{"stakedao":46.42491616009936,"convex":20.2769598087936,"yearn":44.5045}