{"stakedao":40.610102605000144,"convex":20.211481646683204,"yearn":27.59245}