{"stakedao":46.65491005811673,"convex":20.0416475177568,"yearn":43.90499}