{"stakedao":43.64479431509677,"convex":26.8697035614816,"yearn":26.53348}