{"stakedao":51.36110864264993,"convex":25.0851381682752,"yearn":33.40447}