{"stakedao":45.59222275454437,"convex":22.966153876785597,"yearn":32.59899}