{"stakedao":42.52290913614238,"convex":16.4394085356,"yearn":18.97025}