{"stakedao":53.46001531621877,"convex":13.6225573671744,"yearn":32.60452}