{"stakedao":55.81155777499248,"convex":12.173299960392,"yearn":15.57712}