{"stakedao":28.866445158841294,"convex":15.734014885857599,"yearn":24.22766}