{"stakedao":28.943625655961583,"convex":15.7654752530688,"yearn":25.81229}