{"stakedao":50.74524606544504,"convex":9.972911038392,"yearn":17.18725}