{"stakedao":56.34527396253351,"convex":11.2206875492016,"yearn":15.66597}