{"stakedao":28.86993053513338,"convex":15.7345018206192,"yearn":24.30104}