{"stakedao":52.06615296170921,"convex":10.967237731425598,"yearn":17.27751}