{"stakedao":45.8578013642885,"convex":21.8080908810144,"yearn":43.21496}