{"stakedao":38.60212460082292,"convex":16.448564272104,"yearn":29.43448}