{"stakedao":52.259729960753695,"convex":13.893687420768003,"yearn":27.14212}