{"stakedao":49.37947609880543,"convex":22.4573102045136,"yearn":34.56538}