{"stakedao":40.961798069725305,"convex":21.7539609075072,"yearn":27.8876}