{"stakedao":49.82560862193845,"convex":16.801501216809598,"yearn":20.25703}