{"stakedao":55.31608596232638,"convex":10.2184006052736,"yearn":20.72358}