{"stakedao":42.43886588477385,"convex":23.2714647821664,"yearn":29.43448}