{"stakedao":44.169156383347755,"convex":23.754406203158403,"yearn":32.67261}