{"stakedao":44.32419092411494,"convex":23.233959824688,"yearn":35.42821}