{"stakedao":54.87286370207719,"convex":10.582210929412799,"yearn":16.84329}