{"stakedao":37.38383139136699,"convex":15.414381628560001,"yearn":28.98943}