{"stakedao":42.38265309966777,"convex":13.2187428197136,"yearn":17.23362}