{"stakedao":42.26372342712895,"convex":22.1439020779296,"yearn":26.46865}