{"stakedao":40.74769047098941,"convex":19.094488538745598,"yearn":29.60422}