{"stakedao":41.27966647410921,"convex":20.9977040984976,"yearn":24.70075}