{"stakedao":52.27247864012098,"convex":17.5225267382544,"yearn":18.75216}