{"stakedao":53.84252759795116,"convex":15.9165902273472,"yearn":23.2777}