{"stakedao":28.94000449224359,"convex":15.7259624047776,"yearn":23.79209}