{"stakedao":45.851414140428666,"convex":8.9907453964368,"yearn":28.47711}