{"stakedao":39.46142952139929,"convex":15.4170214535088,"yearn":25.60773}