{"stakedao":40.54191149089189,"convex":16.2641973168432,"yearn":34.47909}