{"stakedao":63.07526301946004,"convex":19.0573156111968,"yearn":47.32306}