{"stakedao":72.08496434570243,"convex":20.343574701792,"yearn":32.51147}