{"stakedao":41.29259401419112,"convex":21.522270595449598,"yearn":26.00616}