{"stakedao":47.6327305962718,"convex":22.980697381209602,"yearn":50.20835}