{"stakedao":64.45318380323947,"convex":17.398215547502403,"yearn":33.91048}