{"stakedao":41.260678439099415,"convex":21.5102214088704,"yearn":27.03967}