{"stakedao":71.54695274666528,"convex":21.2041131819552,"yearn":31.69428}