{"stakedao":62.934392707764616,"convex":20.1891075074784,"yearn":45.54567}