{"stakedao":45.762795749628026,"convex":31.0053641696352,"yearn":41.5986}