{"stakedao":55.27111812805318,"convex":10.5340517960832,"yearn":21.90549}