{"stakedao":56.3003592717976,"convex":31.1177781489456,"yearn":43.54458}