{"stakedao":42.32310775757897,"convex":13.7947965765264,"yearn":16.25377}