{"stakedao":52.9658748896082,"convex":14.386170512678401,"yearn":22.02188}