{"stakedao":58.298149291671436,"convex":24.347542872412802,"yearn":38.09438}