{"stakedao":40.6738670920146,"convex":18.8782112953152,"yearn":29.24838}