{"stakedao":52.483710458932734,"convex":28.1213397191808,"yearn":29.68383}