{"stakedao":45.4991117940693,"convex":10.623270949632,"yearn":25.34868}