{"stakedao":39.366278127417296,"convex":15.520011334416001,"yearn":31.08742}