{"stakedao":45.87889305483253,"convex":21.786819902625602,"yearn":42.99835}