{"stakedao":47.70807236033349,"convex":22.4057848050144,"yearn":37.92103}