{"stakedao":53.27096911763621,"convex":13.7023313972688,"yearn":33.17523}