{"stakedao":52.088707151242915,"convex":15.951166650950398,"yearn":25.92815}