{"stakedao":38.94115490256402,"convex":18.103285590580803,"yearn":29.43448}