{"stakedao":44.07141514354917,"convex":22.5048337739136,"yearn":31.61974}