{"stakedao":40.82400905324125,"convex":17.234107410096,"yearn":30.98349}