{"stakedao":55.28800278712795,"convex":11.8216031909616,"yearn":17.67346}