{"stakedao":49.04503943011483,"convex":29.1262302563472,"yearn":34.75915}