{"stakedao":49.67225126029362,"convex":10.746182273112002,"yearn":36.45994}