{"stakedao":42.5185083383072,"convex":12.131397121651197,"yearn":21.39601}