{"stakedao":40.450634130642456,"convex":13.155288373180799,"yearn":18.94601}