{"stakedao":45.86546899055504,"convex":23.2809250208256,"yearn":32.15237}