{"stakedao":42.91614076182144,"convex":28.584042379214402,"yearn":26.85123}