{"stakedao":46.872432967780064,"convex":12.185012083896002,"yearn":25.03963}