{"stakedao":42.378466038334196,"convex":22.098739384943997,"yearn":26.38004}