{"stakedao":53.13788943730057,"convex":11.283270895728002,"yearn":16.71774}