{"stakedao":47.776357726493515,"convex":22.406858438673602,"yearn":38.07459}