{"stakedao":49.62778976405642,"convex":17.445879202968,"yearn":19.27999}