{"stakedao":45.1737226325629,"convex":9.0125983307088,"yearn":27.15632}