{"stakedao":55.604376000857854,"convex":10.5333373763856,"yearn":16.64579}