{"stakedao":52.16440482929778,"convex":9.6006628285632,"yearn":19.05651}