{"stakedao":49.14535705449231,"convex":22.725094455647998,"yearn":34.56538}