{"stakedao":44.497082259683786,"convex":19.5792675529968,"yearn":43.26452}