{"stakedao":55.65513265391523,"convex":11.389651334985599,"yearn":14.42661}