{"stakedao":47.65390029493426,"convex":22.980765164688002,"yearn":50.20835}