{"stakedao":58.544604992979515,"convex":16.9172042716224,"yearn":36.50029}