{"stakedao":43.42998625682595,"convex":15.313888452772801,"yearn":14.88489}