{"stakedao":39.51574682092194,"convex":15.5079769035312,"yearn":32.98627}