{"stakedao":46.808264229366415,"convex":10.1642897331216,"yearn":19.41303}