{"stakedao":38.82033141129763,"convex":17.6683438316736,"yearn":29.43448}