{"stakedao":45.46619053945656,"convex":11.615930763235202,"yearn":25.43171}