{"stakedao":52.54840302509173,"convex":26.7111019218816,"yearn":28.45672}