{"stakedao":52.200891840260745,"convex":11.381998396103999,"yearn":15.84442}