{"stakedao":42.79900259258486,"convex":15.540100835486399,"yearn":17.64542}