{"stakedao":44.63813068275549,"convex":13.963941839375998,"yearn":19.05445}