{"stakedao":41.211298832051575,"convex":14.7391563034944,"yearn":20.61589}