{"stakedao":57.74524743168645,"convex":12.664118670523198,"yearn":15.00571}