{"stakedao":39.56776136317327,"convex":15.457031523604801,"yearn":25.60773}