{"stakedao":45.428966338647655,"convex":20.4926875752672,"yearn":49.55024}