{"stakedao":55.38630789777784,"convex":11.827514879064001,"yearn":17.64748}