{"stakedao":45.23137930225195,"convex":23.111076536711998,"yearn":31.95632}