{"stakedao":41.04043987694329,"convex":14.7892153136832,"yearn":14.72824}