{"stakedao":45.39325142415689,"convex":22.0622781681504,"yearn":39.94606}