{"stakedao":42.07189383015988,"convex":22.9189025765952,"yearn":29.43448}