{"stakedao":42.883454319628655,"convex":13.699928363529601,"yearn":16.70792}