{"stakedao":53.42117773940515,"convex":10.7594389289808,"yearn":23.97804}