{"stakedao":40.50993864876583,"convex":15.1122362122512,"yearn":20.37911}