{"stakedao":44.139623152307784,"convex":19.5860605524624,"yearn":42.48763}