{"stakedao":42.24082316047767,"convex":15.369297226848001,"yearn":19.31749}