{"stakedao":56.73417409667614,"convex":30.461930765568,"yearn":41.9361}