{"stakedao":49.37420496630212,"convex":22.9543733548512,"yearn":32.70731}