{"stakedao":53.75880749477777,"convex":15.7825172853936,"yearn":23.91461}