{"stakedao":55.3466603643088,"convex":12.363020410248,"yearn":16.45086}