{"stakedao":42.83783187592337,"convex":15.2869791434832,"yearn":17.84256}