{"stakedao":46.07819998755052,"convex":21.5742839609376,"yearn":42.19701}