{"stakedao":54.75874479273774,"convex":10.414810531368,"yearn":16.00154}