{"stakedao":40.53805773540189,"convex":16.4587999873104,"yearn":33.61884}