{"stakedao":48.263182980102854,"convex":27.999403368983998,"yearn":27.2486}