{"stakedao":46.3423045113102,"convex":28.341711215265597,"yearn":30.72553}