{"stakedao":47.876289731401975,"convex":21.118580760254403,"yearn":42.19701}