{"stakedao":39.04977644761916,"convex":18.0974058295248,"yearn":29.43448}