{"stakedao":40.55977594947586,"convex":16.2670289721264,"yearn":34.18755}