{"stakedao":47.160649568002924,"convex":26.0240301741024,"yearn":29.27242}