{"stakedao":49.210190634953136,"convex":29.152356009566397,"yearn":34.26068}