{"stakedao":40.8930746915019,"convex":19.094488538745598,"yearn":29.60422}