{"stakedao":51.181296327512115,"convex":25.775142767208003,"yearn":32.96049}