{"stakedao":47.36284027880735,"convex":12.1978040599584,"yearn":23.28525}