{"stakedao":50.935089695802475,"convex":25.3800027515808,"yearn":29.9915}