{"stakedao":55.18454038344092,"convex":12.2549869579392,"yearn":25.76754}