{"stakedao":57.870806187284224,"convex":31.105126129651197,"yearn":48.19655}