{"stakedao":47.517764029535165,"convex":11.3898152464992,"yearn":30.22967}