{"stakedao":28.93746612437174,"convex":15.7461560282592,"yearn":23.9791}