{"stakedao":57.02408928812619,"convex":31.1471785688688,"yearn":43.03236}