{"stakedao":40.421159071187475,"convex":18.878047664472,"yearn":29.24838}