{"stakedao":48.833419343007996,"convex":29.491780355380797,"yearn":35.05889}