{"stakedao":41.62698843060132,"convex":13.1760602533728,"yearn":15.81671}