{"stakedao":40.64990973366296,"convex":19.1163908583936,"yearn":28.76108}