{"stakedao":52.536724859393914,"convex":17.588244769488,"yearn":18.37349}