{"stakedao":44.3128278701889,"convex":14.190068204496,"yearn":19.41502}