{"stakedao":42.528776446681306,"convex":13.1779518804144,"yearn":15.95773}