{"stakedao":37.31719832158472,"convex":26.239157447832,"yearn":29.44219}