{"stakedao":38.77136816849465,"convex":16.4343132924624,"yearn":29.43448}