{"stakedao":44.29911027089766,"convex":23.1590460440736,"yearn":35.21891}