{"stakedao":48.96580762128917,"convex":29.127201013267204,"yearn":34.85873}