{"stakedao":38.67767700320569,"convex":16.421547775104,"yearn":27.95499}