{"stakedao":45.53366557765092,"convex":31.090096958212797,"yearn":41.12082}