{"stakedao":49.84794360571985,"convex":9.129085897132798,"yearn":17.34652}