{"stakedao":40.711968571592124,"convex":16.4567849094432,"yearn":34.08425}