{"stakedao":48.222432506928264,"convex":11.4640246737072,"yearn":34.19127}