{"stakedao":50.34951334529659,"convex":22.5609040692,"yearn":29.97243}