{"stakedao":43.04605762534687,"convex":13.2724415541888,"yearn":17.05582}