{"stakedao":47.55141120989824,"convex":10.188524281881602,"yearn":17.5363}