{"stakedao":28.93036690642556,"convex":15.855348693470399,"yearn":25.81229}