{"stakedao":43.443462801117235,"convex":23.661212520225597,"yearn":31.35492}