{"stakedao":42.17357601264935,"convex":15.5377943019072,"yearn":17.36443}