{"stakedao":45.564679298390274,"convex":14.300107904591998,"yearn":18.47641}