{"stakedao":43.99689727308436,"convex":22.502378437718402,"yearn":31.13412}