{"stakedao":39.00192637767525,"convex":16.0589133684864,"yearn":27.64107}