{"stakedao":45.48615906301958,"convex":20.919222981331203,"yearn":41.72775}