{"stakedao":47.413149038219665,"convex":29.2872970461456,"yearn":34.9844}