{"stakedao":55.408844281757126,"convex":10.53384346296,"yearn":21.99785}