{"stakedao":44.15934643932937,"convex":23.771661475608,"yearn":33.76103}