{"stakedao":44.401724753730434,"convex":19.614383175974403,"yearn":43.50078}