{"stakedao":45.68717246570953,"convex":14.3465880991248,"yearn":18.47641}