{"stakedao":37.65726179771936,"convex":14.107421178576,"yearn":25.73795}