{"stakedao":40.38955872508578,"convex":13.1993057953296,"yearn":18.3922}