{"stakedao":56.384563118579436,"convex":12.2171644424016,"yearn":17.36239}