{"stakedao":38.74964633037292,"convex":16.422774093460802,"yearn":29.43448}