{"stakedao":53.34971986936177,"convex":15.7730279673888,"yearn":23.56751}