{"stakedao":50.352953194173935,"convex":22.6281740847552,"yearn":29.97243}