{"stakedao":47.65317913901946,"convex":13.0476056894928,"yearn":24.07348}