{"stakedao":48.62590200713139,"convex":11.160118577289602,"yearn":33.08115}