{"stakedao":41.4481283875216,"convex":20.6986586678352,"yearn":29.50479}