{"stakedao":42.469742935092384,"convex":13.1893330272912,"yearn":17.05909}