{"stakedao":44.0948280131328,"convex":22.5051122462544,"yearn":31.56294}