{"stakedao":55.73542074166221,"convex":9.7770697694496,"yearn":20.23013}