{"stakedao":46.181951961202174,"convex":28.3919117558688,"yearn":30.14221}