{"stakedao":40.75842963354731,"convex":19.1511807334128,"yearn":29.34961}