{"stakedao":49.03153885599775,"convex":21.7984484336544,"yearn":40.19153}