{"stakedao":45.82446302385121,"convex":8.9776162595376,"yearn":29.49486}