{"stakedao":56.92024624966325,"convex":12.267894658507199,"yearn":23.47424}