{"stakedao":63.87490490536763,"convex":20.176718492116798,"yearn":38.59586}