{"stakedao":44.37828277294993,"convex":23.223300990969598,"yearn":36.26833}