{"stakedao":70.99803275119443,"convex":24.343254622900798,"yearn":43.81241}