{"stakedao":44.963067640046816,"convex":22.118771859465603,"yearn":43.70346}