{"stakedao":41.70408850776052,"convex":13.8021822099648,"yearn":15.9858}