{"stakedao":70.8998741796911,"convex":21.204080293060805,"yearn":31.69428}