{"stakedao":38.83669304443908,"convex":16.3682275325472,"yearn":27.95499}