{"stakedao":41.374355914135855,"convex":14.7460904391744,"yearn":21.05012}