{"stakedao":76.56113529495414,"convex":24.604305837119995,"yearn":41.67961}