{"stakedao":39.68972526041083,"convex":15.7459519588032,"yearn":33.45724}