{"stakedao":47.38082117917356,"convex":29.327934436660797,"yearn":34.77261}