{"stakedao":47.933980922787725,"convex":26.0305723961424,"yearn":27.66518}