{"stakedao":39.49003192759085,"convex":15.7213940367456,"yearn":32.88599}