{"stakedao":39.51671367228891,"convex":15.494949372470401,"yearn":33.01948}