{"stakedao":42.721247126698245,"convex":15.2867160954,"yearn":19.89198}