{"stakedao":55.36758023034844,"convex":10.443547235174401,"yearn":14.01997}