{"stakedao":41.1007256553515,"convex":20.673023327798397,"yearn":23.27149}