{"stakedao":41.43324034792964,"convex":20.6986586678352,"yearn":29.50479}