{"stakedao":47.30299333750464,"convex":12.1978049114304,"yearn":23.28525}