{"stakedao":63.579513979620856,"convex":19.0579512697344,"yearn":47.32306}