{"stakedao":42.71457312605006,"convex":13.2647753260368,"yearn":17.47067}