{"stakedao":55.38124329768303,"convex":12.1791343064544,"yearn":15.96825}