{"stakedao":41.678980818804234,"convex":13.2636809353824,"yearn":18.50913}