{"stakedao":54.9452067248796,"convex":11.7201095576496,"yearn":17.03893}