{"stakedao":42.38299887315999,"convex":13.2722742336336,"yearn":18.81692}