{"stakedao":37.41825870241363,"convex":15.4158578255664,"yearn":29.4017}