{"stakedao":41.60998369280108,"convex":18.1995889754016,"yearn":31.53284}