{"stakedao":63.73049697585745,"convex":18.6481320345072,"yearn":33.90634}