{"stakedao":42.57088762597753,"convex":21.1218565212576,"yearn":29.13377}