{"stakedao":73.68228073815413,"convex":20.3135128331904,"yearn":32.51147}