{"stakedao":52.6072184730684,"convex":11.286046924660798,"yearn":16.52467}