{"stakedao":47.400506216259565,"convex":29.3372071496496,"yearn":34.61332}