{"stakedao":45.920214192421,"convex":23.3166935683008,"yearn":30.34804}