{"stakedao":61.456634059611446,"convex":19.758150631223998,"yearn":41.33554}