{"stakedao":45.62124921321189,"convex":22.014740221488,"yearn":41.65935}