{"stakedao":41.311503342751244,"convex":17.5305259487232,"yearn":33.82611}