{"stakedao":41.293523012170695,"convex":20.6979563043504,"yearn":29.22461}