{"stakedao":53.54127756415741,"convex":10.7639139472992,"yearn":23.72564}