{"stakedao":57.61644819357249,"convex":11.033620834824,"yearn":17.18927}