{"stakedao":56.7321604542701,"convex":12.272930002166401,"yearn":23.27761}