{"stakedao":44.17651540252385,"convex":19.563635025345597,"yearn":43.80257}