{"stakedao":42.6068355873072,"convex":23.097977078342396,"yearn":29.43448}