{"stakedao":52.51628361291341,"convex":15.7702099892688,"yearn":26.0204}