{"stakedao":51.32674527930938,"convex":25.317048207412803,"yearn":30.24929}