{"stakedao":41.734248436510036,"convex":20.759522384664,"yearn":27.8876}