{"stakedao":39.36605010266279,"convex":15.520011334416001,"yearn":31.08742}