{"stakedao":85.1941882876454,"convex":25.8943025586672,"yearn":41.64514}