{"stakedao":49.01989149096741,"convex":29.322146353910398,"yearn":33.94124}