{"stakedao":40.88885054696011,"convex":16.753679171784,"yearn":34.05334}