{"stakedao":55.34150529220906,"convex":10.4267062448496,"yearn":16.14849}