{"stakedao":42.523686907041096,"convex":20.676072556252798,"yearn":29.8223}