{"stakedao":42.13368804499006,"convex":15.5377943019072,"yearn":17.36443}