{"stakedao":44.4573760697177,"convex":22.5598740750576,"yearn":29.78636}