{"stakedao":52.97821074201775,"convex":27.0133263926352,"yearn":28.3312}