{"stakedao":67.43939847726156,"convex":24.314751099431998,"yearn":35.22035}