{"stakedao":42.59068725323079,"convex":13.2190464262464,"yearn":16.36942}