{"stakedao":46.44023987020309,"convex":21.6075892882176,"yearn":42.19701}