{"stakedao":42.379503955754245,"convex":16.4406396316608,"yearn":17.77981}