{"stakedao":56.444229218502166,"convex":30.969172065297602,"yearn":44.59385}