{"stakedao":41.331181236683264,"convex":17.5297081130208,"yearn":33.51971}