{"stakedao":42.22002607508288,"convex":22.816542485376,"yearn":29.43448}