{"stakedao":45.5003456563273,"convex":20.491096420079998,"yearn":49.04529}