{"stakedao":41.31142959497646,"convex":14.7462962872608,"yearn":21.20383}