{"stakedao":41.451805231774145,"convex":20.6905412730528,"yearn":23.53182}