{"stakedao":37.56320525496735,"convex":24.3240605644752,"yearn":29.91007}