{"stakedao":39.03854946394712,"convex":17.6652416038176,"yearn":29.43448}