{"stakedao":45.71896571252607,"convex":31.0057249004784,"yearn":41.8016}