{"stakedao":41.03484524481776,"convex":19.848359201544,"yearn":27.34803}