{"stakedao":41.45445124161076,"convex":20.689124455180803,"yearn":25.45488}