{"stakedao":53.225750666040156,"convex":11.283270895728002,"yearn":16.76374}