{"stakedao":56.54283917404295,"convex":30.9844822130352,"yearn":45.16114}