{"stakedao":51.17051898434037,"convex":25.208840556547198,"yearn":31.368}