{"stakedao":38.67890320352323,"convex":17.6017041198432,"yearn":29.43448}