{"stakedao":52.981540162895016,"convex":11.282708230415999,"yearn":16.67136}