{"stakedao":39.329621727146346,"convex":15.5199111003936,"yearn":31.06116}