{"stakedao":42.93767540391275,"convex":24.8903643330144,"yearn":28.2271}