{"stakedao":44.04662826047769,"convex":12.355659917308799,"yearn":18.30808}