{"stakedao":46.412544902235474,"convex":28.3730190270768,"yearn":30.66727}