{"stakedao":46.67901755711145,"convex":22.1487963579072,"yearn":44.87289}