{"stakedao":47.564824486492526,"convex":19.7911615888656,"yearn":25.11269}