{"stakedao":45.76193226761197,"convex":10.723520699035198,"yearn":26.65088}