{"stakedao":49.96477779956696,"convex":31.279687697347203,"yearn":27.71823}