{"stakedao":39.0383797741062,"convex":18.035079268032,"yearn":29.43448}