{"stakedao":39.363140976789474,"convex":16.0591901252688,"yearn":26.79239}