{"stakedao":40.75955250586959,"convex":19.835728844328,"yearn":27.23146}