{"stakedao":52.50089377214533,"convex":17.5830882739776,"yearn":18.2975}