{"stakedao":39.691683024155196,"convex":15.682285432670401,"yearn":33.27041}