{"stakedao":50.516181261327006,"convex":13.7460120559344,"yearn":16.9933}