{"stakedao":62.9116260026374,"convex":19.1268668211552,"yearn":46.19452}