{"stakedao":43.78680961405069,"convex":23.308362993312002,"yearn":32.07883}