{"stakedao":54.47809499942488,"convex":10.5983869295664,"yearn":15.6052}