{"stakedao":53.27185145536614,"convex":13.588249466304,"yearn":32.53125}