{"stakedao":47.38692323888816,"convex":11.375643021710399,"yearn":30.51504}