{"stakedao":45.23820997848067,"convex":8.9912874340512,"yearn":27.21706}