{"stakedao":58.30568398054132,"convex":17.020103262624,"yearn":36.80016}