{"stakedao":42.48067301256202,"convex":23.034905113032003,"yearn":29.43448}