{"stakedao":47.52088385768551,"convex":22.4064819240624,"yearn":38.50774}