{"stakedao":41.21772502007297,"convex":13.227320857694401,"yearn":16.04098}