{"stakedao":48.968063618764376,"convex":29.319882750288002,"yearn":34.07199}