{"stakedao":52.63972211715363,"convex":11.2838088620448,"yearn":17.08614}