{"stakedao":55.97258145993795,"convex":10.4285412616176,"yearn":16.02571}