{"stakedao":41.25243668123635,"convex":21.5168014078848,"yearn":25.68019}