{"stakedao":45.690482715834506,"convex":31.083950285913602,"yearn":48.58924}