{"stakedao":52.01595432447772,"convex":10.9682216451648,"yearn":17.46408}