{"stakedao":54.852374543143846,"convex":10.6449273610128,"yearn":14.82891}