{"stakedao":39.537729639335225,"convex":15.6034906805232,"yearn":26.63392}