{"stakedao":42.9236785830254,"convex":28.5631464174768,"yearn":26.46144}