{"stakedao":48.81036845676582,"convex":22.908135486096,"yearn":29.97243}