{"stakedao":51.58948412337226,"convex":24.2999248842288,"yearn":41.44948}