{"stakedao":37.64906574653056,"convex":24.334951720752,"yearn":30.09305}