{"stakedao":49.92273013854512,"convex":17.440276700116797,"yearn":19.63768}