{"stakedao":57.53640185731043,"convex":12.285461197584,"yearn":23.97672}