{"stakedao":48.661414763789196,"convex":17.4438634565376,"yearn":19.19699}