{"stakedao":52.75483938343342,"convex":11.286046924660798,"yearn":16.52467}