{"stakedao":49.159109632170185,"convex":11.158619570294398,"yearn":32.75127}