{"stakedao":58.27500943396422,"convex":11.038701082593601,"yearn":17.04776}