{"stakedao":46.83451996811804,"convex":31.9168528484256,"yearn":27.57691}