{"stakedao":45.375645867656665,"convex":10.719013513996801,"yearn":26.11073}