{"stakedao":42.499503854720736,"convex":16.4391256955232,"yearn":18.97025}