{"stakedao":38.69772986748528,"convex":16.4777744637216,"yearn":29.43448}