{"stakedao":42.536313005056215,"convex":21.0922754158224,"yearn":33.1646}