{"stakedao":39.35739551685223,"convex":15.698309561755199,"yearn":25.2519}