{"stakedao":42.31310666519183,"convex":20.707730559576,"yearn":30.40218}