{"stakedao":45.70112348938121,"convex":22.0408225086384,"yearn":42.0051}