{"stakedao":41.05886829245556,"convex":14.8065416304336,"yearn":20.89144}