{"stakedao":54.10011053605575,"convex":12.208920701788799,"yearn":15.57854}