{"stakedao":27.869638776661102,"convex":13.6857683431728,"yearn":23.66499}