{"stakedao":41.46700921414497,"convex":13.269350874816002,"yearn":15.16769}