{"stakedao":52.98777621689281,"convex":15.500362113748801,"yearn":38.31004}