{"stakedao":39.56917195933294,"convex":15.6931255447776,"yearn":25.60773}