{"stakedao":54.761363897289705,"convex":10.414810531368,"yearn":16.00154}