{"stakedao":42.435392656007,"convex":22.1739861131856,"yearn":25.63563}