{"stakedao":64.0403488138549,"convex":18.491628500755198,"yearn":30.01492}