{"stakedao":38.92567648346683,"convex":15.966111801023999,"yearn":27.77382}