{"stakedao":50.82153433385983,"convex":13.882269023568,"yearn":27.06791}