{"stakedao":42.3064150874344,"convex":20.643218707809602,"yearn":29.08746}