{"stakedao":52.45361038262303,"convex":15.774849780033598,"yearn":25.97421}