{"stakedao":39.77718925318893,"convex":15.5447435780208,"yearn":33.92796}