{"stakedao":41.15638963004754,"convex":13.2271605097488,"yearn":15.98674}