{"stakedao":49.60725376993825,"convex":10.836900275976,"yearn":36.92729}