{"stakedao":52.81923335756714,"convex":11.2787720393472,"yearn":16.73193}