{"stakedao":43.08685316241503,"convex":15.8027752927728,"yearn":16.8176}