{"stakedao":47.410167374718014,"convex":22.9815088529472,"yearn":38.68826}