{"stakedao":47.12701049384605,"convex":26.024551782696,"yearn":27.92827}