{"stakedao":48.47470382779329,"convex":22.6160170355952,"yearn":34.56538}