{"stakedao":27.90208815295903,"convex":13.6855249041744,"yearn":23.66499}