{"stakedao":47.649508125545495,"convex":21.1234359734352,"yearn":42.19701}