{"stakedao":58.70458976020372,"convex":24.342492246408,"yearn":38.63405}