{"stakedao":47.57385068794826,"convex":13.035073620528,"yearn":24.8862}