{"stakedao":43.40722756382942,"convex":19.533923474399998,"yearn":42.06203}