{"stakedao":40.83506951583664,"convex":17.2451166024672,"yearn":32.3374}