{"stakedao":50.97369976035562,"convex":24.8887912763376,"yearn":38.45589}