{"stakedao":50.563864562789526,"convex":14.704001333049598,"yearn":17.84209}