{"stakedao":57.87373710792453,"convex":11.0326777759728,"yearn":17.41956}