{"stakedao":46.48716099718035,"convex":20.3087833477344,"yearn":44.2582}