{"stakedao":42.19208857866771,"convex":22.9801348672704,"yearn":29.43448}