{"stakedao":67.9240085799754,"convex":23.4836498227824,"yearn":36.18087}