{"stakedao":44.379741685592045,"convex":22.6116662659632,"yearn":30.40244}