{"stakedao":56.60253617038898,"convex":30.984042509740796,"yearn":44.97154}