{"stakedao":39.19850275519573,"convex":16.4699335324368,"yearn":26.52069}