{"stakedao":52.71797801872171,"convex":28.1202372048528,"yearn":29.50557}