{"stakedao":44.803835644433406,"convex":21.7529287878384,"yearn":50.20835}