{"stakedao":45.68443456279265,"convex":8.9803714747104,"yearn":29.32494}