{"stakedao":40.7986584564212,"convex":4.9563265246416,"yearn":19.8536}