{"stakedao":54.74481353930817,"convex":11.720338799140798,"yearn":16.90957}