{"stakedao":44.253788006265154,"convex":19.5707917578816,"yearn":43.43116}