{"stakedao":44.00359585684781,"convex":14.797568641896,"yearn":18.63216}