{"stakedao":53.24757561182104,"convex":14.8263793670016,"yearn":30.95609}