{"stakedao":41.86512235567262,"convex":17.497617101496,"yearn":33.55317}