{"stakedao":50.914832053399664,"convex":9.5717573062416,"yearn":17.87838}