{"stakedao":48.11016817633413,"convex":26.0326962826704,"yearn":27.61648}