{"stakedao":44.94032459784766,"convex":9.024222065112,"yearn":25.59096}