{"stakedao":65.6245528644568,"convex":18.5648906243664,"yearn":42.23405}