{"stakedao":41.13237227796431,"convex":20.999149213622402,"yearn":25.25831}