{"stakedao":42.19049491654084,"convex":13.2627509355888,"yearn":18.05011}