{"stakedao":40.976190502861876,"convex":20.9090551315968,"yearn":25.72408}