{"stakedao":49.640587672402425,"convex":11.1553332920352,"yearn":32.99185}