{"stakedao":50.403909192228106,"convex":9.5706376079472,"yearn":17.61438}