{"stakedao":42.460732679943476,"convex":12.381875254843198,"yearn":20.72892}