{"stakedao":39.50626910726416,"convex":15.762745960488,"yearn":32.68772}