{"stakedao":43.116878276842144,"convex":22.3183165491072,"yearn":28.1515}