{"stakedao":54.81091142500968,"convex":10.768819346870401,"yearn":16.03995}