{"stakedao":42.932552824831824,"convex":15.2740942339824,"yearn":18.19592}