{"stakedao":40.890795189003995,"convex":17.2473612624144,"yearn":32.51811}