{"stakedao":55.4930577890307,"convex":11.404290595320001,"yearn":15.27175}