{"stakedao":39.91612141329608,"convex":13.204687079448,"yearn":18.55874}