{"stakedao":46.78408212366638,"convex":20.2885362865008,"yearn":44.75161}