{"stakedao":48.62350030686284,"convex":31.341833976988802,"yearn":27.3231}