{"stakedao":54.04352112486191,"convex":12.26658165084,"yearn":26.98369}