{"stakedao":51.0315968750667,"convex":25.772110120382397,"yearn":32.69774}