{"stakedao":48.4283638612517,"convex":26.0395469867088,"yearn":27.47039}