{"stakedao":40.65493608807269,"convex":19.0966632833808,"yearn":29.24838}