{"stakedao":47.86783495336122,"convex":14.313546661939199,"yearn":17.47551}