{"stakedao":46.11266860927525,"convex":13.261581069825601,"yearn":26.14641}