{"stakedao":40.610845994923174,"convex":15.120191275473601,"yearn":20.43484}