{"stakedao":53.09639681335871,"convex":24.3505914890688,"yearn":37.70068}