{"stakedao":48.32665568726162,"convex":11.0750881550976,"yearn":20.41317}