{"stakedao":56.48010021835039,"convex":11.406316666636801,"yearn":15.04277}