{"stakedao":57.43148765592432,"convex":11.0330649213696,"yearn":16.85373}