{"stakedao":63.397085082471754,"convex":18.6296400683568,"yearn":47.43397}