{"stakedao":55.20911133125288,"convex":12.2632914179664,"yearn":24.79571}