{"stakedao":39.34695638483959,"convex":16.8867276383952,"yearn":26.38045}