{"stakedao":51.51460945954511,"convex":25.1009433460656,"yearn":34.52436}