{"stakedao":42.45431496132999,"convex":20.6654793647184,"yearn":30.66518}