{"stakedao":39.32635232137115,"convex":16.8843250177776,"yearn":26.40047}