{"stakedao":54.59099784121754,"convex":12.2667980004144,"yearn":26.54528}