{"stakedao":47.91087253692118,"convex":11.0596512042576,"yearn":19.94891}