{"stakedao":65.69102577553149,"convex":20.5021075739904,"yearn":44.4226}