{"stakedao":51.18233274052316,"convex":17.520452457854397,"yearn":17.23487}