{"stakedao":54.20114256912166,"convex":10.4409915703488,"yearn":15.87112}