{"stakedao":65.55719572018359,"convex":20.3552903194848,"yearn":42.42153}