{"stakedao":56.54830969404,"convex":30.9829085981712,"yearn":45.72923}