{"stakedao":54.52140137059902,"convex":10.3433133925296,"yearn":15.80331}