{"stakedao":38.792026609029215,"convex":17.9675333566272,"yearn":29.43448}