{"stakedao":38.866429165491816,"convex":18.0648233893584,"yearn":29.43448}