{"stakedao":42.35913301090385,"convex":15.2839265091408,"yearn":19.78139}