{"stakedao":64.99509745944972,"convex":18.9737979110064,"yearn":42.39734}