{"stakedao":44.59459075433395,"convex":10.623146224752002,"yearn":25.34868}