{"stakedao":46.464128111184834,"convex":13.2266019788064,"yearn":24.47655}