{"stakedao":47.72997221561893,"convex":29.281275010425603,"yearn":35.30275}