{"stakedao":43.00509582610342,"convex":15.802088744592002,"yearn":16.77944}