{"stakedao":38.966348107691914,"convex":16.3722573130032,"yearn":27.95499}