{"stakedao":41.983726144521796,"convex":13.794800641516801,"yearn":16.11992}