{"stakedao":39.12847978642046,"convex":16.4411344882656,"yearn":19.2224}