{"stakedao":67.42398412481366,"convex":21.208529224800003,"yearn":31.68482}