{"stakedao":37.669417701286136,"convex":14.107176544363199,"yearn":25.89212}