{"stakedao":57.474918998080355,"convex":12.285461197584,"yearn":23.97672}