{"stakedao":43.578570978949486,"convex":12.3448151788704,"yearn":19.09871}