{"stakedao":41.111612356555234,"convex":20.9990763717696,"yearn":25.16533}