{"stakedao":42.68752075272728,"convex":24.910285296239998,"yearn":27.07314}