{"stakedao":41.16997906697366,"convex":21.706795189713603,"yearn":26.7561}