{"stakedao":45.29076729066509,"convex":23.1158203205904,"yearn":37.35791}