{"stakedao":47.60918729092127,"convex":22.394101026067197,"yearn":37.92992}