{"stakedao":42.58342390504183,"convex":22.194674735184,"yearn":26.46865}