{"stakedao":45.78724674127371,"convex":22.042407615220803,"yearn":42.35065}