{"stakedao":50.5283599612459,"convex":13.74398214984,"yearn":16.9933}