{"stakedao":57.154706152696846,"convex":12.267894658507199,"yearn":23.44973}