{"stakedao":57.80090257106294,"convex":12.664118670523198,"yearn":14.99376}