{"stakedao":49.92496686334098,"convex":16.7720018684544,"yearn":19.65905}