{"stakedao":41.921184077776935,"convex":20.6489988151056,"yearn":28.79933}