{"stakedao":65.54246410893616,"convex":20.3552903194848,"yearn":42.42153}