{"stakedao":45.886791648956915,"convex":20.5177253459472,"yearn":44.79322}