{"stakedao":51.49992386873856,"convex":25.086042560836802,"yearn":33.11901}