{"stakedao":53.766109388180276,"convex":15.916926379031999,"yearn":23.36012}