{"stakedao":40.302501505223006,"convex":16.169661591048,"yearn":35.13187}