{"stakedao":61.0786270759915,"convex":18.831998727892802,"yearn":48.50995}