{"stakedao":46.70503123739431,"convex":12.197536073337602,"yearn":23.06925}