{"stakedao":51.31947771031818,"convex":14.7277115800416,"yearn":17.93551}