{"stakedao":44.260384248453065,"convex":19.5865198743024,"yearn":41.32698}