{"stakedao":48.40676876280915,"convex":12.7056632035392,"yearn":23.18782}