{"stakedao":40.619149361950726,"convex":20.207335113648,"yearn":28.43643}