{"stakedao":42.973941550331894,"convex":28.5631464174768,"yearn":26.4981}