{"stakedao":39.714008850596116,"convex":15.682291506504,"yearn":33.39172}