{"stakedao":68.20889950883776,"convex":23.639776267968,"yearn":36.61276}