{"stakedao":51.08562453009003,"convex":25.1689613356224,"yearn":31.89317}