{"stakedao":56.14204020134285,"convex":12.2730193878048,"yearn":23.17927}