{"stakedao":45.55730674836055,"convex":21.814006981003203,"yearn":39.56443}