{"stakedao":62.8102276222947,"convex":20.0045324146176,"yearn":39.99857}