{"stakedao":46.213955067034505,"convex":22.1902802976528,"yearn":40.4582}