{"stakedao":62.82593843848531,"convex":20.2766236192656,"yearn":43.8301}