{"stakedao":41.00569490929904,"convex":15.133378640443201,"yearn":20.67562}