{"stakedao":66.80953252968575,"convex":20.5841024417376,"yearn":42.87534}