{"stakedao":55.39048671527012,"convex":10.2250719703872,"yearn":20.67848}