{"stakedao":57.788023051856456,"convex":12.5194810266576,"yearn":15.31653}