{"stakedao":39.387763246724084,"convex":15.6978352445472,"yearn":25.46695}