{"stakedao":47.67144035022241,"convex":22.4004280022928,"yearn":38.21202}