{"stakedao":44.59790341255558,"convex":22.6572110648928,"yearn":46.9859}