{"stakedao":61.781626919667346,"convex":19.749054740587198,"yearn":41.63692}