{"stakedao":46.65476641030815,"convex":28.3782969866448,"yearn":30.88967}