{"stakedao":41.35925023115127,"convex":14.743911389875201,"yearn":20.89596}