{"stakedao":52.78997790714119,"convex":11.2952364551424,"yearn":16.97133}