{"stakedao":44.16801718333824,"convex":12.3404430089088,"yearn":19.21193}