{"stakedao":40.32436422589256,"convex":16.241616288863998,"yearn":34.69315}