{"stakedao":50.91690712499053,"convex":12.2093518083696,"yearn":25.21356}