{"stakedao":54.02930859057959,"convex":11.3956826265216,"yearn":16.80375}