{"stakedao":52.256206912399534,"convex":13.8975544565424,"yearn":27.25061}