{"stakedao":42.613231621053636,"convex":20.6875091528784,"yearn":29.40174}