{"stakedao":43.27216937668966,"convex":23.6613550314096,"yearn":31.21671}