{"stakedao":43.344240382549614,"convex":25.1219278608912,"yearn":27.35936}