{"stakedao":46.81850690203219,"convex":20.2885362865008,"yearn":44.75161}