{"stakedao":57.72135439175975,"convex":24.344672727441598,"yearn":38.94687}