{"stakedao":42.36421093729254,"convex":13.2722742336336,"yearn":18.81692}