{"stakedao":39.37569137589037,"convex":15.7720409442,"yearn":26.79239}