{"stakedao":39.443991366492945,"convex":16.478842651113602,"yearn":29.43448}