{"stakedao":45.85562991861873,"convex":12.2138008946352,"yearn":24.86092}