{"stakedao":51.4284960198388,"convex":25.158018236399997,"yearn":32.4172}