{"stakedao":40.822154425096784,"convex":16.5267625838832,"yearn":33.4416}