{"stakedao":52.48767913029107,"convex":17.523108769824,"yearn":18.82763}