{"stakedao":63.874607007420394,"convex":20.345778178876802,"yearn":37.94986}