{"stakedao":42.562932605877236,"convex":22.9885625857536,"yearn":29.43448}