{"stakedao":47.2539553560962,"convex":28.3767670428336,"yearn":29.49629}