{"stakedao":51.20186544263911,"convex":24.8856396410304,"yearn":38.52887}