{"stakedao":50.83399030986874,"convex":24.88136639004,"yearn":38.38271}