{"stakedao":54.772496318579734,"convex":10.6449273610128,"yearn":14.88408}