{"stakedao":42.236288973302194,"convex":22.74987582288,"yearn":29.01033}