{"stakedao":43.29243748474409,"convex":23.661138521001597,"yearn":30.97517}