{"stakedao":40.868177242785954,"convex":16.5267316186848,"yearn":33.35626}