{"stakedao":40.652473274843366,"convex":13.7474673855696,"yearn":16.40924}