{"stakedao":42.47641765614011,"convex":23.042866338388798,"yearn":29.43448}