{"stakedao":46.489637667233495,"convex":28.399131434260802,"yearn":31.98738}