{"stakedao":46.0265802557406,"convex":21.574586198808,"yearn":42.19701}