{"stakedao":53.3100382518703,"convex":13.5880243244928,"yearn":32.53125}