{"stakedao":63.651493832334396,"convex":20.212050527740804,"yearn":37.94986}