{"stakedao":40.98949747469542,"convex":19.8360382818672,"yearn":27.25461}