{"stakedao":46.349728401769255,"convex":28.5352022070432,"yearn":32.31275}