{"stakedao":53.27315500976863,"convex":13.5882135499536,"yearn":32.53125}