{"stakedao":58.04842723981788,"convex":31.0787535536208,"yearn":48.42068}