{"stakedao":62.01186167922443,"convex":18.986389390641598,"yearn":49.05331}