{"stakedao":43.310573350923214,"convex":27.7524174598992,"yearn":27.15918}