{"stakedao":40.23590439288065,"convex":13.1553326213424,"yearn":17.60429}