{"stakedao":48.98932548154341,"convex":16.823781542721598,"yearn":19.85088}