{"stakedao":47.54889794517465,"convex":10.1884673120976,"yearn":17.73421}