{"stakedao":63.620760432811025,"convex":20.209216787928,"yearn":38.12459}