{"stakedao":42.72037016342779,"convex":15.540101289604799,"yearn":17.64542}