{"stakedao":54.66677926575366,"convex":12.2289093791136,"yearn":16.14068}