{"stakedao":39.09258829298365,"convex":18.039452349384,"yearn":29.43448}