{"stakedao":42.08862237281877,"convex":22.9802095886688,"yearn":29.43448}