{"stakedao":43.620716405615255,"convex":26.866749051403204,"yearn":26.36793}