{"stakedao":42.71673344425447,"convex":22.8078249384384,"yearn":29.43448}