{"stakedao":48.676048648470996,"convex":12.2031540256752,"yearn":22.76239}