{"stakedao":45.74685434939349,"convex":23.3509525789104,"yearn":32.42697}