{"stakedao":46.83868528830787,"convex":26.020460882318403,"yearn":28.65674}