{"stakedao":54.85803511654808,"convex":10.4416849460736,"yearn":16.26409}