{"stakedao":51.91146891842282,"convex":15.973919846568,"yearn":25.86683}