{"stakedao":61.48126244646095,"convex":17.412939163483202,"yearn":35.28576}