{"stakedao":39.26969823732401,"convex":16.4599394397552,"yearn":26.46188}