{"stakedao":41.078146626378654,"convex":20.926599302188798,"yearn":0}