{"stakedao":38.703402484014305,"convex":16.4446140916656,"yearn":29.43448}