{"stakedao":43.60112333480868,"convex":26.8697035614816,"yearn":26.45083}