{"stakedao":63.98847789350441,"convex":12.6308336051232,"yearn":46.87159}