{"stakedao":54.29558313481522,"convex":10.5983869295664,"yearn":15.6385}