{"stakedao":55.79536815120186,"convex":11.3494530738096,"yearn":22.98336}