{"stakedao":52.04880464209833,"convex":9.6006628285632,"yearn":19.10009}