{"stakedao":52.22411635408166,"convex":25.844713816464,"yearn":35.26829}