{"stakedao":57.15058281308742,"convex":12.274620205622401,"yearn":23.42473}