{"stakedao":43.02186480439187,"convex":13.7254130529408,"yearn":17.32212}