{"stakedao":43.39008259142607,"convex":28.563302832883203,"yearn":26.77341}