{"stakedao":63.77116186663697,"convex":17.339098707475202,"yearn":33.42356}