{"stakedao":40.65474958936958,"convex":19.1163908583936,"yearn":28.76108}