{"stakedao":57.44094591332492,"convex":12.271911092928,"yearn":24.18875}