{"stakedao":55.20641234065213,"convex":10.5333234217056,"yearn":22.26936}