{"stakedao":62.94991170587995,"convex":18.6243598035072,"yearn":47.52944}