{"stakedao":43.36765317497482,"convex":26.489939537606404,"yearn":26.62169}