{"stakedao":28.957293447117227,"convex":15.746382850939199,"yearn":23.9791}