{"stakedao":46.09663617048401,"convex":21.573268848633603,"yearn":42.19701}