{"stakedao":40.82700937624875,"convex":19.834674542236804,"yearn":26.89661}