{"stakedao":42.95634102113512,"convex":13.246631208273602,"yearn":18.14802}