{"stakedao":52.31885271733658,"convex":10.9648550983248,"yearn":17.67401}