{"stakedao":54.088752171025874,"convex":15.9144481003968,"yearn":23.45296}