{"stakedao":42.31384844971705,"convex":22.143839191992,"yearn":26.46865}