{"stakedao":53.74556076184366,"convex":26.819783814268796,"yearn":28.87189}