{"stakedao":41.367172712494664,"convex":20.6843999145696,"yearn":24.02304}