{"stakedao":45.30201187366348,"convex":22.9388241106224,"yearn":33.73926}