{"stakedao":41.28475429550309,"convex":20.758912888392,"yearn":27.8876}