{"stakedao":40.917057826739004,"convex":13.226056052803202,"yearn":15.9539}