{"stakedao":52.18030878179428,"convex":22.8484110861072,"yearn":34.56538}