{"stakedao":51.84162644140876,"convex":12.024032784422399,"yearn":25.00084}