{"stakedao":58.62827615620328,"convex":17.073977658926403,"yearn":35.79244}