{"stakedao":41.631530958614306,"convex":22.1145795203904,"yearn":26.06025}