{"stakedao":37.577328509655096,"convex":15.3367096683888,"yearn":27.7847}