{"stakedao":42.58122108199685,"convex":21.092255034105598,"yearn":33.07374}