{"stakedao":45.839109193997366,"convex":20.5237892961648,"yearn":45.06897}