{"stakedao":53.25543040318228,"convex":28.1034853888752,"yearn":30.17365}