{"stakedao":48.79590395308917,"convex":22.907325143347197,"yearn":29.97243}