{"stakedao":65.72953751466534,"convex":19.5850712965248,"yearn":41.55229}