{"stakedao":38.94729159416675,"convex":15.968786101128002,"yearn":27.8517}