{"stakedao":42.19809443924958,"convex":22.7503341324144,"yearn":26.32832}