{"stakedao":38.6258358415624,"convex":17.6008389675264,"yearn":29.43448}