{"stakedao":45.93803145527733,"convex":21.8080908810144,"yearn":43.28711}