{"stakedao":52.53551583908168,"convex":11.2925844509904,"yearn":16.15684}