{"stakedao":44.34472003982752,"convex":23.223300990969598,"yearn":36.16278}