{"stakedao":50.8382597720197,"convex":9.571539988511999,"yearn":17.75598}