{"stakedao":42.784543096859515,"convex":12.38166991764,"yearn":20.72892}