{"stakedao":43.4154251573766,"convex":14.7634898185296,"yearn":18.07449}