{"stakedao":42.35709182651986,"convex":13.274636822452802,"yearn":18.93848}