{"stakedao":45.69227365786037,"convex":10.7080202946096,"yearn":27.41637}