{"stakedao":55.12359963220342,"convex":9.8085813542784,"yearn":20.61107}