{"stakedao":40.630283823905906,"convex":19.106473697784004,"yearn":28.76108}