{"stakedao":45.5790755655353,"convex":22.9665293002512,"yearn":32.50786}