{"stakedao":49.116632936868896,"convex":11.1576149279424,"yearn":32.87126}