{"stakedao":50.719492794293494,"convex":12.1907653004448,"yearn":25.44242}