{"stakedao":50.04892011174901,"convex":10.8386248442112,"yearn":37.1302}