{"stakedao":55.024460426542404,"convex":10.6449273610128,"yearn":14.82891}