{"stakedao":41.388086186825916,"convex":20.627605063915198,"yearn":24.19908}