{"stakedao":45.63965363389852,"convex":20.487769100870402,"yearn":46.14847}