{"stakedao":38.719862082728625,"convex":16.3978096376736,"yearn":27.95499}