{"stakedao":28.83682037818086,"convex":15.7237246133712,"yearn":24.15503}