{"stakedao":37.507727779417436,"convex":24.4494051867936,"yearn":29.06934}