{"stakedao":43.944520361471604,"convex":23.3127425931552,"yearn":28.72386}