{"stakedao":42.29068174698644,"convex":20.707730559576,"yearn":30.40218}