{"stakedao":47.16493527401276,"convex":31.3978818470256,"yearn":27.84275}