{"stakedao":38.95317436773001,"convex":15.9689158465392,"yearn":27.80288}