{"stakedao":52.67482417709053,"convex":13.6839844399536,"yearn":31.79608}