{"stakedao":54.769419810075746,"convex":10.4398137669744,"yearn":15.50568}