{"stakedao":51.40732711672202,"convex":25.100986733294405,"yearn":34.52436}