{"stakedao":47.88555123049734,"convex":29.22594282468,"yearn":36.57876}