{"stakedao":43.29295737707486,"convex":14.1771183623712,"yearn":16.74948}