{"stakedao":54.45560930192231,"convex":10.490728106016,"yearn":16.21078}