{"stakedao":41.23383158985059,"convex":20.758652000524798,"yearn":27.8876}