{"stakedao":63.3213111842489,"convex":20.211442765948803,"yearn":37.94986}