{"stakedao":43.10989960605245,"convex":19.5329102511024,"yearn":42.28239}