{"stakedao":45.2812552906786,"convex":13.221416391336,"yearn":25.01082}