{"stakedao":38.62254857699185,"convex":16.448553083131202,"yearn":29.43448}