{"stakedao":45.222165304408044,"convex":10.6070341007664,"yearn":27.85558}