{"stakedao":43.544449182309776,"convex":14.209703949830399,"yearn":19.41502}