{"stakedao":43.52346204030406,"convex":14.178089797315199,"yearn":16.74948}