{"stakedao":75.86947279280844,"convex":20.6960440811472,"yearn":34.36921}