{"stakedao":48.02923759574368,"convex":17.410060308268797,"yearn":18.6743}