{"stakedao":49.15517523980116,"convex":11.1603280646304,"yearn":32.99185}