{"stakedao":56.37112919295173,"convex":11.015215267852803,"yearn":16.14366}