{"stakedao":43.257075713209524,"convex":25.1274854375568,"yearn":28.78927}