{"stakedao":41.55280057299885,"convex":13.227320857694401,"yearn":16.14924}