{"stakedao":51.80469673545039,"convex":15.973919846568,"yearn":25.85138}