{"stakedao":39.44223492189267,"convex":15.6978694737216,"yearn":25.60773}