{"stakedao":46.36115480775033,"convex":8.991850550328,"yearn":28.31706}