{"stakedao":42.116939123576884,"convex":22.811965854912,"yearn":29.43448}