{"stakedao":48.544083414656626,"convex":17.4438634565376,"yearn":19.13481}