{"stakedao":40.021866899143774,"convex":16.434600402513603,"yearn":19.60308}