{"stakedao":47.20971210451329,"convex":8.9776162595376,"yearn":29.49486}