{"stakedao":45.653718390063034,"convex":22.6698869064816,"yearn":30.86467}