{"stakedao":63.958688838294854,"convex":17.3346513714576,"yearn":33.58869}