{"stakedao":41.40303706554837,"convex":13.8545202669552,"yearn":15.38247}