{"stakedao":39.28872123325756,"convex":16.0592003429328,"yearn":26.79239}