{"stakedao":37.56071034663578,"convex":14.087217889310399,"yearn":26.50852}