{"stakedao":54.30131000874245,"convex":11.3454789922368,"yearn":22.00219}