{"stakedao":53.05497454267578,"convex":15.775371353937599,"yearn":23.64928}