{"stakedao":38.73616131260555,"convex":16.4217427684992,"yearn":27.95499}