{"stakedao":47.38527102471814,"convex":21.0953673282528,"yearn":42.19701}