{"stakedao":72.89322744985927,"convex":20.2651932257712,"yearn":32.92595}