{"stakedao":55.51791909568762,"convex":12.2544540689184,"yearn":25.84127}