{"stakedao":39.41894893593363,"convex":16.478842651113602,"yearn":29.43448}