{"stakedao":46.9772973376993,"convex":20.2885362865008,"yearn":44.8119}