{"stakedao":41.74139840734439,"convex":21.5180097917184,"yearn":26.58333}