{"stakedao":46.03612358957267,"convex":21.574586198808,"yearn":42.19701}