{"stakedao":39.34723027188749,"convex":15.519965307624,"yearn":31.26033}