{"stakedao":55.45303324982248,"convex":10.1815328232144,"yearn":20.99333}