{"stakedao":54.817542582611246,"convex":11.7409325734656,"yearn":16.80679}