{"stakedao":40.7184365335205,"convex":17.201052519652798,"yearn":31.12111}