{"stakedao":43.26623988059862,"convex":15.2745052395168,"yearn":18.36512}