{"stakedao":42.231680798685304,"convex":13.1899561944192,"yearn":17.11728}