{"stakedao":45.37072046811188,"convex":20.4689821406688,"yearn":47.57023}