{"stakedao":49.12721623003407,"convex":28.011516046992,"yearn":0}