{"stakedao":44.54115776823466,"convex":22.1272112967264,"yearn":46.51588}