{"stakedao":39.456961695629126,"convex":16.8934050868032,"yearn":26.51287}