{"stakedao":47.48732186263805,"convex":22.826545846488003,"yearn":39.18721}