{"stakedao":44.49532820155866,"convex":23.30441785548,"yearn":31.25877}