{"stakedao":54.525418972586436,"convex":10.4923904694912,"yearn":16.07742}