{"stakedao":43.16947871087709,"convex":18.9024269855472,"yearn":0}