{"stakedao":47.82868593385034,"convex":11.374974956779202,"yearn":30.97966}