{"stakedao":55.03187863210638,"convex":10.5336268831728,"yearn":22.06578}