{"stakedao":52.45291655922955,"convex":17.5230939447504,"yearn":18.82763}