{"stakedao":63.992727692546964,"convex":20.1219253228368,"yearn":39.14209}