{"stakedao":52.67007669633679,"convex":17.1767295155664,"yearn":38.23033}