{"stakedao":46.199714639212765,"convex":22.173666224616,"yearn":40.36832}