{"stakedao":58.98558797464966,"convex":16.957290646224003,"yearn":36.1636}