{"stakedao":40.77991484934366,"convex":19.982552380804798,"yearn":29.28887}