{"stakedao":45.11103950392497,"convex":23.281118295508797,"yearn":32.39095}