{"stakedao":50.689879963292,"convex":12.1712169539808,"yearn":25.31183}