{"stakedao":43.741558660448106,"convex":14.8773748481712,"yearn":18.39024}