{"stakedao":58.08951705177659,"convex":11.023060743475202,"yearn":16.90917}