{"stakedao":50.3997368537839,"convex":10.840599906048002,"yearn":37.26578}