{"stakedao":51.34262964502333,"convex":13.8314989617264,"yearn":27.9006}