{"stakedao":37.55515770922176,"convex":24.3078541951536,"yearn":29.80024}