{"stakedao":67.03710415678052,"convex":20.589656694508797,"yearn":41.22645}