{"stakedao":49.27191997628513,"convex":11.079012674692802,"yearn":37.71637}