{"stakedao":64.330733315814,"convex":18.622154563559995,"yearn":47.52944}