{"stakedao":53.33081137463607,"convex":16.5900028725936,"yearn":38.31004}