{"stakedao":56.314915876383864,"convex":11.6036110198512,"yearn":13.92236}