{"stakedao":40.95332843434349,"convex":13.2257141300304,"yearn":15.9539}