{"stakedao":45.60616237563933,"convex":22.0151978151552,"yearn":41.54436}