{"stakedao":47.98203133177212,"convex":10.853327220696,"yearn":30.03169}