{"stakedao":43.12363691952649,"convex":15.3012207663936,"yearn":15.0918}