{"stakedao":58.04011757004549,"convex":12.074748989083199,"yearn":14.59894}