{"stakedao":40.74008632741024,"convex":16.6894022726784,"yearn":34.61323}