{"stakedao":53.77290534008408,"convex":10.7627817449808,"yearn":24.33745}