{"stakedao":43.84063509722732,"convex":12.375340491067199,"yearn":19.7472}