{"stakedao":48.032429209826596,"convex":8.9892908741232,"yearn":29.83336}