{"stakedao":70.97418488397116,"convex":20.287796928134398,"yearn":30.99496}