{"stakedao":38.99266374727945,"convex":16.312574433312,"yearn":27.95499}