{"stakedao":54.96066768852053,"convex":10.440978861340799,"yearn":16.41125}