{"stakedao":42.505904294874,"convex":21.0247932229056,"yearn":28.88328}