{"stakedao":39.65310832016006,"convex":15.605797611455998,"yearn":34.43876}