{"stakedao":40.77464614079077,"convex":20.855585165572798,"yearn":27.10647}