{"stakedao":51.33151652400594,"convex":9.601314192028799,"yearn":18.14801}