{"stakedao":52.770595385633044,"convex":11.2804207256592,"yearn":17.33892}