{"stakedao":62.09847440015455,"convex":19.006837276276798,"yearn":49.05331}