{"stakedao":44.50854405122815,"convex":19.576245082838398,"yearn":43.3862}