{"stakedao":55.789654856374824,"convex":12.2539006562688,"yearn":26.06967}