{"stakedao":54.28057877155386,"convex":11.7948640562352,"yearn":18.21527}