{"stakedao":54.41757186561303,"convex":11.399905719503998,"yearn":18.49083}