{"stakedao":43.54459047660979,"convex":12.074296696617601,"yearn":22.47568}