{"stakedao":57.971046127985765,"convex":11.0258282356128,"yearn":16.96442}