{"stakedao":43.06765455164334,"convex":22.3183165491072,"yearn":28.1515}