{"stakedao":41.529064039818635,"convex":20.699793680011204,"yearn":29.64528}