{"stakedao":57.76659454766621,"convex":31.124531750486398,"yearn":47.69298}