{"stakedao":46.48519632002845,"convex":21.608960782550398,"yearn":42.19701}