{"stakedao":39.1728406490918,"convex":16.366850412192,"yearn":26.67901}