{"stakedao":40.52360004379648,"convex":16.2795100505328,"yearn":34.88065}