{"stakedao":42.93132266675296,"convex":15.89568043392,"yearn":16.66658}