{"stakedao":67.21934402244335,"convex":23.6410252638624,"yearn":36.18087}