{"stakedao":56.192870157537115,"convex":12.217214073758399,"yearn":17.44681}