{"stakedao":39.23109893176807,"convex":16.062743611209598,"yearn":26.79239}