{"stakedao":52.11659635631716,"convex":10.969006560436801,"yearn":17.56707}