{"stakedao":66.94387906228557,"convex":20.7386481007728,"yearn":42.87534}