{"stakedao":38.86074210423768,"convex":17.6013060093792,"yearn":29.43448}