{"stakedao":39.05789169384215,"convex":18.066796555881602,"yearn":29.43448}