{"stakedao":52.19593307405479,"convex":17.193250055980798,"yearn":37.47294}