{"stakedao":44.539815471875784,"convex":9.2456884532736,"yearn":26.46296}