{"stakedao":40.8038776031929,"convex":4.858413422544,"yearn":19.97703}