{"stakedao":52.084038617291284,"convex":22.8162882547584,"yearn":34.56538}