{"stakedao":45.353058493322756,"convex":10.722497387371199,"yearn":26.23792}