{"stakedao":39.27358406035066,"convex":18.0394509523392,"yearn":29.43448}