{"stakedao":43.376999835056345,"convex":26.5449603904992,"yearn":25.99913}