{"stakedao":47.56668433986066,"convex":22.9819516183872,"yearn":50.20835}