{"stakedao":48.79707206699237,"convex":11.0735433483696,"yearn":20.51352}