{"stakedao":54.54347187250217,"convex":12.2111817541488,"yearn":15.79777}