{"stakedao":38.86123544484916,"convex":15.9673055426928,"yearn":27.44016}