{"stakedao":43.307489737426394,"convex":23.6612688340608,"yearn":31.32029}