{"stakedao":43.182888749842256,"convex":19.5329102511024,"yearn":42.32982}