{"stakedao":54.40994494962076,"convex":11.720228700657598,"yearn":16.7033}