{"stakedao":40.64211030530943,"convex":18.8769539297664,"yearn":29.24838}