{"stakedao":54.819051348474126,"convex":11.720493344462401,"yearn":16.8323}