{"stakedao":42.1140269737764,"convex":15.345060606172801,"yearn":14.94948}