{"stakedao":50.73848251229951,"convex":12.1912080028128,"yearn":25.3607}