{"stakedao":64.03797250917755,"convex":17.3331727808688,"yearn":33.85036}