{"stakedao":42.497106961317805,"convex":21.0334596152976,"yearn":29.39748}