{"stakedao":41.72901191193409,"convex":21.541549592937603,"yearn":26.04159}