{"stakedao":53.17558997062955,"convex":13.5880243244928,"yearn":32.53125}