{"stakedao":37.52030613003776,"convex":15.365322309571198,"yearn":26.54261}