{"stakedao":47.60789635646715,"convex":21.095251392456,"yearn":42.1963}