{"stakedao":48.136906500259286,"convex":11.4711608353104,"yearn":34.40154}