{"stakedao":47.520921528825525,"convex":10.1864979078192,"yearn":17.81989}