{"stakedao":42.63389915811058,"convex":24.8860565627184,"yearn":27.37329}