{"stakedao":46.41118218898865,"convex":28.342542280319996,"yearn":31.24333}