{"stakedao":65.8354830895118,"convex":19.597760521992,"yearn":41.55229}