{"stakedao":45.75936964063948,"convex":8.986306710744,"yearn":29.10361}