{"stakedao":44.933571286268986,"convex":22.11897204684,"yearn":43.47423}