{"stakedao":54.120561060262276,"convex":11.7334455360192,"yearn":27.8172}