{"stakedao":59.408917179534164,"convex":17.048125600344,"yearn":35.79244}