{"stakedao":40.521646055617225,"convex":16.6843486980576,"yearn":33.49853}