{"stakedao":51.36797190559515,"convex":25.3170991822032,"yearn":30.1432}