{"stakedao":64.5315282649937,"convex":20.4240453873552,"yearn":37.94986}