{"stakedao":43.73769522771957,"convex":12.0717985912992,"yearn":22.72018}