{"stakedao":41.39138854913975,"convex":14.743911389875201,"yearn":20.89596}