{"stakedao":67.16642224147034,"convex":23.6413109547936,"yearn":36.18087}