{"stakedao":43.30771263356273,"convex":26.489939537606404,"yearn":26.62169}