{"stakedao":42.53591631867978,"convex":15.2831431864368,"yearn":19.89198}