{"stakedao":46.422974672579976,"convex":21.6075892882176,"yearn":42.19701}