{"stakedao":42.74494853068404,"convex":13.2472813639104,"yearn":17.89337}