{"stakedao":48.21912306757886,"convex":10.8498539812608,"yearn":29.86194}