{"stakedao":50.8964296159611,"convex":9.5717573062416,"yearn":17.85777}