{"stakedao":47.489816775488364,"convex":11.466690121656,"yearn":33.98015}