{"stakedao":41.252068395420984,"convex":20.664888247627196,"yearn":23.3154}