{"stakedao":42.60848101096489,"convex":24.8863577315184,"yearn":27.42134}