{"stakedao":47.90352437653692,"convex":11.374952622984,"yearn":30.97966}