{"stakedao":44.7507916323325,"convex":21.7529287878384,"yearn":50.20835}