{"stakedao":45.692795608549616,"convex":22.9403416008672,"yearn":32.92284}