{"stakedao":46.46952127593033,"convex":21.6581559113232,"yearn":42.19701}