{"stakedao":46.13764873950622,"convex":28.385262790775997,"yearn":29.65644}