{"stakedao":48.26303359452477,"convex":11.157759996696,"yearn":33.19874}