{"stakedao":40.47091644090377,"convex":17.2216246476672,"yearn":30.26706}