{"stakedao":57.290219560865125,"convex":13.3105026490272,"yearn":17.87042}