{"stakedao":52.692559046353,"convex":11.2787720393472,"yearn":16.6858}