{"stakedao":52.579403331533285,"convex":11.2925844509904,"yearn":16.13395}