{"stakedao":48.51000041631359,"convex":11.160118577289602,"yearn":33.08115}