{"stakedao":39.35901794846984,"convex":16.9090704024336,"yearn":27.27203}