{"stakedao":56.36336983938693,"convex":12.2539029520896,"yearn":25.95948}