{"stakedao":63.63314659668191,"convex":18.6480271331568,"yearn":33.80222}