{"stakedao":40.52904608851627,"convex":16.2641973168432,"yearn":34.44263}