{"stakedao":55.2001437747543,"convex":10.5337879469856,"yearn":0}