{"stakedao":51.18142204414354,"convex":9.5977849131216,"yearn":18.44056}