{"stakedao":41.11037904961328,"convex":20.999149213622402,"yearn":25.30481}