{"stakedao":48.43484676747254,"convex":10.98731474424,"yearn":35.37354}