{"stakedao":47.2453153610841,"convex":13.2314428588752,"yearn":26.66259}