{"stakedao":63.447182640605746,"convex":18.629960612875198,"yearn":47.43397}