{"stakedao":62.39732319457593,"convex":19.144619271259202,"yearn":45.98501}