{"stakedao":40.38834873493499,"convex":15.5445952957488,"yearn":33.56309}