{"stakedao":39.14947354250587,"convex":18.039452349384,"yearn":29.43448}