{"stakedao":53.395201892677534,"convex":24.1588703259936,"yearn":38.1862}