{"stakedao":40.563091119267696,"convex":17.1925351254,"yearn":29.74138}