{"stakedao":38.82247304421174,"convex":17.9675333566272,"yearn":29.43448}