{"stakedao":37.549961910367514,"convex":24.3143417369232,"yearn":29.59902}