{"stakedao":39.93592228985652,"convex":13.0631376583008,"yearn":16.89112}