{"stakedao":48.20804666580873,"convex":17.395571796321597,"yearn":18.85495}