{"stakedao":41.44220144078326,"convex":13.2703421648256,"yearn":15.05502}