{"stakedao":63.03078360878811,"convex":18.627763714199997,"yearn":34.12611}