{"stakedao":38.72778882084904,"convex":16.4228560776,"yearn":27.95499}