{"stakedao":72.75588979828072,"convex":21.0951886768128,"yearn":33.63023}