{"stakedao":40.66116614662256,"convex":16.6874503456512,"yearn":33.32729}