{"stakedao":49.25381526874106,"convex":22.954782559679998,"yearn":32.82949}