{"stakedao":53.626141602763155,"convex":10.762553285582399,"yearn":24.22707}