{"stakedao":66.59430852861576,"convex":21.3756836546592,"yearn":31.68482}