{"stakedao":51.42236255522201,"convex":29.360194112174398,"yearn":37.50719}