{"stakedao":44.651183255111725,"convex":23.30441785548,"yearn":31.25877}