{"stakedao":45.457794977765204,"convex":20.492380373630397,"yearn":49.58907}