{"stakedao":64.94508797135359,"convex":18.9737979110064,"yearn":42.32002}