{"stakedao":42.087810819374994,"convex":22.9189025765952,"yearn":29.43448}