{"stakedao":39.521681271142356,"convex":15.695396102088,"yearn":25.60773}