{"stakedao":44.29447257653842,"convex":19.57796933256,"yearn":43.75019}