{"stakedao":47.89801418970406,"convex":31.469761375632004,"yearn":28.41818}