{"stakedao":48.37207283313812,"convex":17.3998845366912,"yearn":18.9459}