{"stakedao":71.31904463304383,"convex":21.201927617318397,"yearn":33.27395}