{"stakedao":42.4049566388026,"convex":22.0987817882496,"yearn":25.94319}