{"stakedao":43.865287791810246,"convex":23.3074722684528,"yearn":31.97545}