{"stakedao":47.54929516306675,"convex":22.9792034798928,"yearn":39.26601}