{"stakedao":45.47095314694094,"convex":20.4689988673632,"yearn":47.68689}