{"stakedao":46.71730621283612,"convex":32.303305553832004,"yearn":27.22254}