{"stakedao":58.54442218816482,"convex":17.175304674936,"yearn":35.95419}