{"stakedao":49.171671448767384,"convex":21.787343854343998,"yearn":40.6359}