{"stakedao":66.41524517842709,"convex":20.152185802012802,"yearn":31.68482}