{"stakedao":45.94854053141383,"convex":20.5176656451456,"yearn":44.83226}