{"stakedao":40.72850778216518,"convex":17.199167896756798,"yearn":30.80123}