{"stakedao":44.60433803597925,"convex":22.1030175208608,"yearn":45.37106}