{"stakedao":28.94041429926012,"convex":15.778581362380798,"yearn":24.15544}