{"stakedao":60.07201590238648,"convex":17.2511443872,"yearn":35.61017}