{"stakedao":69.6053758965297,"convex":23.595869007374404,"yearn":36.61276}