{"stakedao":45.65188405603213,"convex":22.0147127630928,"yearn":41.65935}