{"stakedao":51.55443836184682,"convex":12.0240731599632,"yearn":25.01732}