{"stakedao":42.726252068795134,"convex":12.2167670131152,"yearn":18.04039}