{"stakedao":50.27413851658376,"convex":22.6577893373712,"yearn":29.97243}