{"stakedao":38.99695156618398,"convex":16.475937466492798,"yearn":29.43448}