{"stakedao":45.48709266243395,"convex":22.938690259224003,"yearn":33.42076}