{"stakedao":48.74026277360822,"convex":22.906908246888,"yearn":29.97243}