{"stakedao":66.58495278835989,"convex":18.431391028967997,"yearn":30.47812}