{"stakedao":41.381308707380256,"convex":20.6258228100288,"yearn":24.09367}