{"stakedao":46.15624356473785,"convex":28.3939251339456,"yearn":30.09361}