{"stakedao":43.17539014328797,"convex":25.1107947415008,"yearn":30.92689}