{"stakedao":40.69213034257114,"convex":4.956274045584,"yearn":19.8536}