{"stakedao":42.799376392614604,"convex":15.286067964374402,"yearn":17.82081}