{"stakedao":34.12526495082819,"convex":20.2102508344464,"yearn":27.42659}