{"stakedao":42.59056416068664,"convex":24.8863577315184,"yearn":27.42134}