{"stakedao":41.18735423822669,"convex":21.6960154185888,"yearn":26.2614}