{"stakedao":46.026201919573005,"convex":21.574586198808,"yearn":42.19701}