{"stakedao":45.549319994983605,"convex":12.0944869962048,"yearn":23.47636}