{"stakedao":49.083483454570455,"convex":22.499902852257602,"yearn":34.56538}