{"stakedao":46.60389939700009,"convex":8.9920624690944,"yearn":27.929}