{"stakedao":38.96644080663876,"convex":16.476559410024002,"yearn":29.43448}