{"stakedao":52.11697856840257,"convex":28.177909894756798,"yearn":29.18873}