{"stakedao":40.595160140870014,"convex":20.2061906627472,"yearn":28.44863}