{"stakedao":46.64470159202448,"convex":11.1658558145472,"yearn":32.34197}