{"stakedao":55.058334409590366,"convex":9.8085813542784,"yearn":20.56587}