{"stakedao":29.130469198302546,"convex":15.889111327439998,"yearn":25.81229}