{"stakedao":45.12927453746465,"convex":22.060004923972798,"yearn":40.1044}