{"stakedao":41.090557863690904,"convex":21.7293535306944,"yearn":27.8876}