{"stakedao":48.57297226566095,"convex":17.476960999420797,"yearn":18.6743}