{"stakedao":49.100843479818764,"convex":28.0105253214768,"yearn":26.98703}