{"stakedao":50.68461620833569,"convex":9.5706376079472,"yearn":17.67508}