{"stakedao":56.414248988340276,"convex":10.4285412616176,"yearn":16.02571}