{"stakedao":48.13251550340039,"convex":11.4679155853872,"yearn":34.19127}