{"stakedao":54.950994968361144,"convex":10.6626345254208,"yearn":16.16283}