{"stakedao":45.37168555910425,"convex":11.6155765414224,"yearn":25.43171}