{"stakedao":49.452039954373014,"convex":22.8949564781664,"yearn":32.54496}