{"stakedao":59.785288249496844,"convex":17.2511443872,"yearn":35.61017}