{"stakedao":65.27306710577419,"convex":18.938549322792,"yearn":42.94224}