{"stakedao":54.02082964615987,"convex":15.939561973752001,"yearn":23.82389}