{"stakedao":58.1804925622601,"convex":12.092120957347198,"yearn":13.96653}