{"stakedao":53.46404339108962,"convex":26.715061027007998,"yearn":27.68248}