{"stakedao":52.165916039790694,"convex":14.7645709987536,"yearn":30.95609}