{"stakedao":45.30290910189267,"convex":20.465555577667203,"yearn":48.15289}