{"stakedao":56.19780024656414,"convex":11.408261785041601,"yearn":14.6622}