{"stakedao":41.430331379012976,"convex":20.686936947926398,"yearn":23.81256}