{"stakedao":65.65355587500136,"convex":20.5222423986,"yearn":44.33679}