{"stakedao":58.18928621018203,"convex":12.075234810624,"yearn":14.33754}