{"stakedao":46.417105738254996,"convex":28.3464196535952,"yearn":30.53091}