{"stakedao":38.731796899828566,"convex":16.421029572398403,"yearn":27.95499}