{"stakedao":68.29896774218119,"convex":18.460679193345598,"yearn":30.15909}