{"stakedao":47.911013197562255,"convex":22.826139867792,"yearn":38.4342}