{"stakedao":51.60364685076496,"convex":11.999768673816,"yearn":25.09922}