{"stakedao":52.12344753726059,"convex":13.8935732541408,"yearn":27.17947}