{"stakedao":42.66733991228328,"convex":21.0861767791584,"yearn":32.6659}