{"stakedao":56.01351878102314,"convex":10.4285412616176,"yearn":15.96715}