{"stakedao":49.05827097187119,"convex":29.1482141943168,"yearn":34.41005}