{"stakedao":43.22013371324974,"convex":25.1212543181568,"yearn":30.96067}