{"stakedao":39.47617688014171,"convex":15.6327144673104,"yearn":26.7522}