{"stakedao":51.21329339424801,"convex":12.190763335751999,"yearn":25.47518}