{"stakedao":52.552481897600295,"convex":25.775609622998402,"yearn":32.90322}