{"stakedao":52.257011324410314,"convex":25.0960019134608,"yearn":34.17282}