{"stakedao":47.61174264970876,"convex":31.344635569003202,"yearn":29.30312}