{"stakedao":44.99234343642627,"convex":13.996647676756801,"yearn":18.94503}