{"stakedao":42.74898170599809,"convex":22.8072325252176,"yearn":29.43448}