{"stakedao":57.95685194386593,"convex":12.075414865416,"yearn":14.36092}