{"stakedao":53.453250874076225,"convex":27.8311012683984,"yearn":31.55956}