{"stakedao":34.12526495082819,"convex":18.0648576343008,"yearn":29.43448}