{"stakedao":47.602454950549856,"convex":22.9855370566032,"yearn":40.75739}